model_type,current_condition,selected_debate_id,pro_count,anti_count,convergence_rate,confidence_threshold,repulsion_threshold,repulsion_strength,use_distinct_agents,convergence_rate_sd,confidence_threshold_sd,repulsion_threshold_sd,repulsion_strength_sd,seed,convergence_cycle,speaking_mode,initial_variance,mae,opinion_variance,polarization_index,num_clusters,initial_num_clusters,neutral_zone_width,mean_net_repulsion_abs,homophily_strength
clustering,heterogeneous,46,2,2,0.4,0.5,0.0,0.2,true,0.2,0.2,0.1,0.05,7139002048363152400.0,20,true,0.0,0.08070224743138235,0.00002264395321353,0.00001534137168693,2,2,-0.5,0.25,1.0
clustering,heterogeneous,41,1,2,0.3,0.4,0.5,0.1,true,0.0,0.3,0.1,0.05,7139002048363152400.0,25,true,0.0,0.08938926070407445,0.00000360474343644,0.00000208096373615,1,2,0.09999999999999998,0.0,0.3
clustering,heterogeneous,41,1,2,0.3,0.4,0.5,0.1,true,0.0,0.3,0.1,0.05,4477927936947039200.0,25,true,0.0,0.09288236570520518,0.00000360474343644,0.00000208096373615,1,2,0.09999999999999998,0.0,0.3
clustering,heterogeneous,41,1,2,0.3,0.4,0.5,0.1,true,0.0,0.3,0.1,0.05,4692690466958798800.0,25,true,0.0,0.1132911022688382,0.00000360474343644,0.00000208096373615,1,2,0.09999999999999998,0.0,0.3
clustering,heterogeneous,41,1,2,0.3,0.4,0.5,0.1,true,0.0,0.3,0.1,0.05,5702577027890589700.0,25,true,0.0,0.08989095169823114,0.00000360474343644,0.00000208096373615,1,2,0.09999999999999998,0.0,0.3
clustering,heterogeneous,41,1,2,0.3,0.4,0.5,0.1,true,0.0,0.3,0.1,0.05,7043372089166577700.0,25,true,0.0,0.10835821387509899,0.00000360474343644,0.00000208096373615,1,2,0.09999999999999998,0.0,0.3
clustering,heterogeneous,41,1,2,0.3,0.4,0.5,0.1,true,0.0,0.3,0.1,0.05,7128893484183252000.0,25,true,0.0,0.0997087802790481,0.00000360474343644,0.00000208096373615,1,2,0.09999999999999998,0.0,0.3
clustering,heterogeneous,41,1,2,0.3,0.4,0.5,0.1,true,0.0,0.3,0.1,0.05,1841142524168585220.0,25,true,0.0,0.08056910276437573,0.00000360474343644,0.00000208096373615,1,2,0.09999999999999998,0.0,0.3
clustering,heterogeneous,41,1,2,0.3,0.4,0.5,0.1,true,0.0,0.3,0.1,0.05,7240713591891685400.0,25,true,0.0,0.08127247016263665,0.00000360474343644,0.00000208096373615,1,2,0.09999999999999998,0.0,0.3
clustering,heterogeneous,41,1,2,0.3,0.4,0.5,0.1,true,0.0,0.3,0.1,0.05,8803618445054126100.0,25,true,0.0,0.08870887689958944,0.00000360474343644,0.00000208096373615,1,2,0.09999999999999998,0.0,0.3
clustering,heterogeneous,41,1,2,0.3,0.4,0.5,0.1,true,0.0,0.3,0.1,0.05,4398895106259038200.0,25,true,0.0,0.07991859030952315,0.00000360474343644,0.00000208096373615,1,2,0.09999999999999998,0.0,0.3
clustering,heterogeneous,41,1,2,0.3,0.4,0.5,0.1,true,0.0,0.3,0.1,0.05,6905470370856337400.0,25,true,0.0,0.09780669500353922,0.00000360474343644,0.00000208096373615,1,2,0.09999999999999998,0.0,0.3
clustering,heterogeneous,41,1,2,0.3,0.4,0.5,0.1,true,0.0,0.3,0.1,0.05,8636175130330607600.0,25,true,0.0,0.09584893013378586,0.00000360474343644,0.00000208096373615,1,2,0.09999999999999998,0.0,0.3
clustering,heterogeneous,41,1,2,0.3,0.4,0.5,0.1,true,0.0,0.3,0.1,0.05,4286360386944651300.0,25,true,0.0,0.09328416465829525,0.00000360474343644,0.00000208096373615,1,2,0.09999999999999998,0.0,0.3
clustering,heterogeneous,41,1,2,0.3,0.4,0.5,0.1,true,0.0,0.3,0.1,0.05,109591146466576384.0,25,true,0.0,0.08510742044991283,0.00000360474343644,0.00000208096373615,2,2,0.09999999999999998,0.0,0.3
clustering,heterogeneous,41,1,2,0.3,0.4,0.5,0.1,true,0.0,0.3,0.1,0.05,4342572612484808700.0,25,true,0.0,0.09440312177112442,0.00000360474343644,0.00000208096373615,1,2,0.09999999999999998,0.0,0.3
clustering,heterogeneous,46,2,2,0.4,0.5,0.0,0.2,true,0.2,0.2,0.1,0.05,7240713591891685400.0,30,true,0.0,0.08455185684766392,0.00000295738759018,0.00000279302231684,2,2,-0.5,0.0,1.0
clustering,homogeneous,50,0,6,0.4,0.2,0.0,0.3,true,0.1,0.0,0.1,0.05,7139002048363152400.0,15,true,0.0,0.07131692637362237,0.00000488720502884,0.00000292038606546,1,3,-0.2,0.0,0.3
clustering,heterogeneous,46,2,2,0.4,0.5,0.0,0.2,true,0.2,0.2,0.1,0.05,4692690466958798800.0,25,true,0.0,0.06548049940219841,0.00000152590161485,0.0000010161348011,1,2,-0.5,0.0,1.0
clustering,heterogeneous,46,2,2,0.4,0.5,0.0,0.2,true,0.2,0.2,0.1,0.05,6905470370856337400.0,25,true,0.0,0.06748344975734716,0.00000350767228256,0.00000230495334959,1,2,-0.5,0.0,1.0
clustering,heterogeneous,46,2,2,0.4,0.5,0.0,0.2,true,0.2,0.2,0.1,0.05,4286360386944651300.0,20,true,0.0,0.06649424084096173,0.00001108873669449,0.00000568110670697,1,2,-0.5,0.0,1.0
clustering,heterogeneous,46,2,2,0.4,0.5,0.0,0.2,true,0.2,0.2,0.1,0.05,109591146466576384.0,25,true,0.0,0.08803180892602719,0.00001398484737851,0.00001318611561532,1,2,-0.5,0.0,1.0
clustering,homogeneous,50,0,6,0.4,0.2,0.0,0.3,true,0.1,0.0,0.1,0.05,7240713591891685400.0,20,true,0.0,0.08037989119007698,0.00000342471952599,0.0000030168072217,1,3,-0.2,0.0,0.3
clustering,heterogeneous,46,2,2,0.4,0.5,0.0,0.2,true,0.2,0.2,0.1,0.05,8636175130330607600.0,25,true,0.0,0.08748764503182568,0.00000883370972207,0.00000713581257625,1,2,-0.5,0.0,1.0
clustering,heterogeneous,46,2,2,0.4,0.5,0.0,0.2,true,0.2,0.2,0.1,0.05,7043372089166577700.0,25,true,0.0,0.0802755669875341,0.000007953710357,0.00000619969080368,1,2,-0.5,0.0,1.0
clustering,heterogeneous,46,2,2,0.4,0.5,0.0,0.2,true,0.2,0.2,0.1,0.05,5702577027890589700.0,25,true,0.0,0.08320644782627634,0.00000598518446579,0.00000423051271273,2,2,-0.5,0.0,1.0
clustering,heterogeneous,46,2,2,0.4,0.5,0.0,0.2,true,0.2,0.2,0.1,0.05,4342572612484808700.0,25,true,0.0,0.06584422381945287,0.00000319843148363,0.00000213307674666,1,2,-0.5,0.0,1.0
clustering,homogeneous,50,0,6,0.4,0.2,0.0,0.3,true,0.1,0.0,0.1,0.05,4692690466958798800.0,20,true,0.0,0.07481891334358158,0.00000139921540165,0.00000091543022232,1,3,-0.2,0.0,0.3
clustering,heterogeneous,46,2,2,0.4,0.5,0.0,0.2,true,0.2,0.2,0.1,0.05,4477927936947039200.0,25,true,0.0,0.07362325607127534,0.00000845756222476,0.00000758088018386,1,2,-0.5,0.0,1.0
clustering,heterogeneous,46,2,2,0.4,0.5,0.0,0.2,true,0.2,0.2,0.1,0.05,4398895106259038200.0,25,true,0.0,0.08364359924926434,0.00000636763481449,0.00000423174827582,2,2,-0.5,0.0,1.0
clustering,homogeneous,50,0,6,0.4,0.2,0.0,0.3,true,0.1,0.0,0.1,0.05,8636175130330607600.0,20,true,0.0,0.08054093536654616,0.00000319309501429,0.00000300966296424,1,3,-0.2,0.0,0.3
clustering,heterogeneous,46,2,2,0.4,0.5,0.0,0.2,true,0.2,0.2,0.1,0.05,8803618445054126100.0,30,true,0.0,0.09450333846785619,0.00000396907391808,0.00000329265745698,1,2,-0.5,0.0,1.0
clustering,heterogeneous,46,2,2,0.4,0.5,0.0,0.2,true,0.2,0.2,0.1,0.05,1841142524168585220.0,30,true,0.0,0.07910905129930826,0.00000104980414784,0.00000058234419025,1,2,-0.5,0.0,1.0
clustering,heterogeneous,46,2,2,0.4,0.5,0.0,0.2,true,0.2,0.2,0.1,0.05,7128893484183252000.0,30,true,0.0,0.08542692038630123,0.00000301628894079,0.00000259119111098,1,2,-0.5,0.0,1.0
clustering,homogeneous,50,0,6,0.4,0.2,0.0,0.3,true,0.1,0.0,0.1,0.05,8803618445054126100.0,15,true,0.0,0.08513016361434812,0.00002166392600089,0.00002349216858411,1,3,-0.2,1.0,0.3
clustering,homogeneous,50,0,6,0.4,0.2,0.0,0.3,true,0.1,0.0,0.1,0.05,6905470370856337400.0,20,true,0.0,0.07312924013993012,0.00000102566393269,0.00000081244902903,1,3,-0.2,0.0,0.3
clustering,homogeneous,50,0,6,0.4,0.2,0.0,0.3,true,0.1,0.0,0.1,0.05,4286360386944651300.0,15,true,0.0,0.07542205987403063,0.00000766239885164,0.00000448476123008,1,3,-0.2,0.0,0.3
clustering,homogeneous,50,0,6,0.4,0.2,0.0,0.3,true,0.1,0.0,0.1,0.05,5702577027890589700.0,20,true,0.0,0.07721962881183708,0.00000251250950063,0.0000023695239791,1,3,-0.2,0.0,0.3
clustering,homogeneous,50,0,6,0.4,0.2,0.0,0.3,true,0.1,0.0,0.1,0.05,109591146466576384.0,15,true,0.0,0.07533452584892979,0.00000677857237903,0.00000444547482213,1,3,-0.2,0.0,0.3
clustering,homogeneous,50,0,6,0.4,0.2,0.0,0.3,true,0.1,0.0,0.1,0.05,4342572612484808700.0,20,true,0.0,0.07256777857577457,0.0000025578235382,0.00000202534254695,1,3,-0.2,0.0,0.3
clustering,homogeneous,50,0,6,0.4,0.2,0.0,0.3,true,0.1,0.0,0.1,0.05,1841142524168585220.0,20,true,0.0,0.07754387684753418,0.00000271016261162,0.000002799808836,1,3,-0.2,0.0,0.3
clustering,heterogeneous,1,3,3,0.1,0.3,0.2,0.1,true,0.0,0.3,0.1,0.05,7128893484183252000.0,65,true,0.0,0.16609550169470078,0.00013443219407303,0.00009935335011163,1,3,-0.09999999999999998,0.0,0.5
clustering,homogeneous,50,0,6,0.4,0.2,0.0,0.3,true,0.1,0.0,0.1,0.05,4398895106259038200.0,20,true,0.0,0.07212392138883215,0.00000174077830646,0.00000144996045244,1,3,-0.2,0.0,0.3
clustering,homogeneous,50,0,6,0.4,0.2,0.0,0.3,true,0.1,0.0,0.1,0.05,7128893484183252000.0,20,true,0.0,0.0813147165536256,0.00000297864276063,0.00000220353578294,1,3,-0.2,0.0,0.3
clustering,homogeneous,50,0,6,0.4,0.2,0.0,0.3,true,0.1,0.0,0.1,0.05,7043372089166577700.0,20,true,0.0,0.10082459850738583,0.00001176529259898,0.00001444022542418,1,3,-0.2,0.0,0.3
clustering,homogeneous,50,0,6,0.4,0.2,0.0,0.3,true,0.1,0.0,0.1,0.05,4477927936947039200.0,20,true,0.0,0.07034061080037309,0.00000097531455031,0.00000067897818265,1,3,-0.2,0.0,0.3
clustering,heterogeneous,1,3,3,0.1,0.3,0.2,0.1,true,0.0,0.3,0.1,0.05,7240713591891685400.0,75,true,0.0,0.16955097255859353,0.00006357645393909,0.00005386584412118,1,3,-0.09999999999999998,0.0,0.5
clustering,heterogeneous,1,3,3,0.1,0.3,0.2,0.1,true,0.0,0.3,0.1,0.05,1841142524168585220.0,75,true,0.0,0.1703789009712119,0.00004041517060114,0.00002481841799777,1,3,-0.09999999999999998,0.0,0.5
clustering,heterogeneous,1,3,3,0.1,0.3,0.2,0.1,true,0.0,0.3,0.1,0.05,4286360386944651300.0,75,true,0.0,0.16975869129708596,0.0000568452242665,0.00004402886253156,1,3,-0.09999999999999998,0.0,0.5
clustering,heterogeneous,1,3,3,0.1,0.3,0.2,0.1,true,0.0,0.3,0.1,0.05,109591146466576384.0,80,true,0.0,0.17080669507849425,0.00004267162772995,0.00003737484682765,1,3,-0.09999999999999998,0.0,0.5
clustering,heterogeneous,1,3,3,0.1,0.3,0.2,0.1,true,0.0,0.3,0.1,0.05,8803618445054126100.0,80,true,0.0,0.17006901996281795,0.00005400360336865,0.0000397474394531,2,3,-0.09999999999999998,0.0,0.5
clustering,heterogeneous,1,3,3,0.1,0.3,0.2,0.1,true,0.0,0.3,0.1,0.05,5702577027890589700.0,80,true,0.0,0.1713485573224862,0.00002953032572784,0.00002259107104887,1,3,-0.09999999999999998,0.0,0.5
clustering,heterogeneous,1,3,3,0.1,0.3,0.2,0.1,true,0.0,0.3,0.1,0.05,4692690466958798800.0,80,true,0.0,0.1707715226976679,0.0000405438634173,0.00003429979680543,1,3,-0.09999999999999998,0.0,0.5
clustering,heterogeneous,1,3,3,0.1,0.3,0.2,0.1,true,0.0,0.3,0.1,0.05,7139002048363152400.0,80,true,0.0,0.17050127489745126,0.0000512583105149,0.00004651989008825,1,3,-0.09999999999999998,0.0,0.5
clustering,heterogeneous,1,3,3,0.1,0.3,0.2,0.1,true,0.0,0.3,0.1,0.05,8636175130330607600.0,80,true,0.0,0.17120639901504045,0.00003679899319271,0.00003216212179948,1,3,-0.09999999999999998,0.0,0.5
clustering,heterogeneous,1,3,3,0.1,0.3,0.2,0.1,true,0.0,0.3,0.1,0.05,4342572612484808700.0,85,true,0.0,0.17192726868858674,0.00002724302310445,0.0000244112693993,1,3,-0.09999999999999998,0.0,0.5
clustering,heterogeneous,1,3,3,0.1,0.3,0.2,0.1,true,0.0,0.3,0.1,0.05,6905470370856337400.0,80,true,0.0,0.17092103724694366,0.00003384775523061,0.00002496378037564,1,3,-0.09999999999999998,0.0,0.5
clustering,heterogeneous,1,3,3,0.1,0.3,0.2,0.1,true,0.0,0.3,0.1,0.05,7043372089166577700.0,85,true,0.0,0.17172086130013484,0.00002722410284391,0.00002209847064772,1,3,-0.09999999999999998,0.0,0.5
clustering,heterogeneous,19,2,2,0.1,0.6,0.6,0.3,true,0.05,0.3,0.1,0.05,7139002048363152400.0,40,true,0.0,0.14032356088273784,0.00036118866431188,0.00016228489504357,1,3,0.0,0.0,1.0
clustering,heterogeneous,1,3,3,0.1,0.3,0.2,0.1,true,0.0,0.3,0.1,0.05,4477927936947039200.0,85,true,0.0,0.17153539749476596,0.00003437202771286,0.00003230660179666,1,3,-0.09999999999999998,0.0,0.5
clustering,heterogeneous,19,2,2,0.1,0.6,0.6,0.3,true,0.05,0.3,0.1,0.05,8636175130330607600.0,40,true,0.0,0.1409517697832005,0.0003365492079698,0.00015130089037901,1,3,0.0,0.0,1.0
clustering,heterogeneous,19,2,2,0.1,0.6,0.6,0.3,true,0.05,0.3,0.1,0.05,6905470370856337400.0,40,true,0.0,0.13780131384258318,0.0005030036732252,0.00023377390387237,2,3,0.0,0.0,1.0
clustering,heterogeneous,1,3,3,0.1,0.3,0.2,0.1,true,0.0,0.3,0.1,0.05,4398895106259038200.0,90,true,0.0,0.17054456023719058,0.00007150438013356,0.00008454830404215,1,3,-0.09999999999999998,0.0,0.5
clustering,heterogeneous,19,2,2,0.1,0.6,0.6,0.3,true,0.05,0.3,0.1,0.05,7240713591891685400.0,50,true,0.0,0.14631210391624394,0.00017535945977471,0.00008137969889521,1,3,0.0,0.0,1.0
clustering,heterogeneous,20,2,3,0.1,0.4,0.5,0.1,true,0.05,0.2,0.1,0.05,7240713591891685400.0,30,true,0.0,0.11550302452283467,0.00327216415268266,0.00391343403003756,2,3,0.09999999999999998,0.0,0.7
clustering,heterogeneous,19,2,2,0.1,0.6,0.6,0.3,true,0.05,0.3,0.1,0.05,4692690466958798800.0,50,true,0.0,0.1453373875061854,0.00021237745883025,0.00010410941316247,2,3,0.0,0.0,1.0
clustering,heterogeneous,19,2,2,0.1,0.6,0.6,0.3,true,0.05,0.3,0.1,0.05,4398895106259038200.0,40,true,0.0,0.1441547397366452,0.00022482490030133,0.00011980708614007,1,3,0.0,0.0,1.0
clustering,homogeneous,50,0,6,0.5,0.6,0.8,0.1,true,0.0,0.1,0.1,0.05,7139002048363152400.0,15,true,0.0,0.0659384316223386,0.00000080512261929,0.00000049728979286,1,3,0.20000000000000007,0.0,0.0
clustering,homogeneous,50,0,6,0.5,0.6,0.8,0.1,true,0.0,0.1,0.1,0.05,4692690466958798800.0,15,true,0.0,0.08138497702294646,0.00000080512261929,0.00000049728979286,1,3,0.20000000000000007,0.0,0.0
clustering,homogeneous,50,0,6,0.5,0.6,0.8,0.1,true,0.0,0.1,0.1,0.05,7240713591891685400.0,15,true,0.0,0.07915580697307524,0.00000080512261929,0.00000049728979286,1,3,0.20000000000000007,0.0,0.0
clustering,homogeneous,50,0,6,0.5,0.6,0.8,0.1,true,0.0,0.1,0.1,0.05,8636175130330607600.0,15,true,0.0,0.08072778305884427,0.00000080512261929,0.00000049728979286,1,3,0.20000000000000007,0.0,0.0
clustering,homogeneous,50,0,6,0.5,0.6,0.8,0.1,true,0.0,0.1,0.1,0.05,6905470370856337400.0,15,true,0.0,0.07623151341577328,0.00000080512261929,0.00000049728979286,1,3,0.20000000000000007,0.0,0.0
clustering,heterogeneous,19,2,2,0.1,0.6,0.6,0.3,true,0.05,0.3,0.1,0.05,7128893484183252000.0,45,true,0.0,0.1432832151181463,0.00026318475474129,0.00011860562659389,1,3,0.0,0.0,1.0
clustering,heterogeneous,19,2,2,0.1,0.6,0.6,0.3,true,0.05,0.3,0.1,0.05,7043372089166577700.0,50,true,0.0,0.14621052190392103,0.00018488703866795,0.00008822378101578,1,3,0.0,0.0,1.0
clustering,heterogeneous,19,2,2,0.1,0.6,0.6,0.3,true,0.05,0.3,0.1,0.05,4342572612484808700.0,50,true,0.0,0.1440927919317606,0.00024949376235674,0.00012757764648499,2,3,0.0,0.0,1.0
clustering,heterogeneous,19,2,2,0.1,0.6,0.6,0.3,true,0.05,0.3,0.1,0.05,109591146466576384.0,45,true,0.0,0.14427095731116557,0.00022746555619348,0.0001011438271231,1,3,0.0,0.0,1.0
clustering,homogeneous,50,0,6,0.5,0.6,0.8,0.1,true,0.0,0.1,0.1,0.05,5702577027890589700.0,15,true,0.0,0.07359388704275323,0.00000080512261929,0.00000049728979286,1,3,0.20000000000000007,0.0,0.0
clustering,heterogeneous,19,2,2,0.1,0.6,0.6,0.3,true,0.05,0.3,0.1,0.05,8803618445054126100.0,50,true,0.0,0.14745659400830113,0.00013501847443426,0.00006028423108994,1,3,0.0,0.0,1.0
clustering,homogeneous,50,0,6,0.5,0.6,0.8,0.1,true,0.0,0.1,0.1,0.05,1841142524168585220.0,15,true,0.0,0.07471432703140979,0.00000080512261929,0.00000049728979286,1,3,0.20000000000000007,0.0,0.0
clustering,homogeneous,50,0,6,0.5,0.6,0.8,0.1,true,0.0,0.1,0.1,0.05,4398895106259038200.0,15,true,0.0,0.06383860256975792,0.00000080512261929,0.00000049728979286,1,3,0.20000000000000007,0.0,0.0
clustering,homogeneous,50,0,6,0.5,0.6,0.8,0.1,true,0.0,0.1,0.1,0.05,8803618445054126100.0,15,true,0.0,0.08834801538735815,0.00000080512261929,0.00000049728979286,1,3,0.20000000000000007,0.0,0.0
clustering,heterogeneous,20,2,3,0.1,0.4,0.5,0.1,true,0.05,0.2,0.1,0.05,4477927936947039200.0,35,true,0.0,0.1219746683286019,0.00269207779489465,0.00340919286144918,2,3,0.09999999999999998,0.0,0.7
clustering,heterogeneous,20,2,3,0.1,0.4,0.5,0.1,true,0.05,0.2,0.1,0.05,4398895106259038200.0,40,true,0.0,0.13018482385491476,0.00222610938648667,0.00275756121032043,2,3,0.09999999999999998,0.0,0.7
clustering,homogeneous,50,0,6,0.5,0.6,0.8,0.1,true,0.0,0.1,0.1,0.05,4342572612484808700.0,15,true,0.0,0.06055625402389259,0.00000080512261929,0.00000049728979286,1,3,0.20000000000000007,0.0,0.0
clustering,homogeneous,50,0,6,0.5,0.6,0.8,0.1,true,0.0,0.1,0.1,0.05,7043372089166577700.0,15,true,0.0,0.10538945437871948,0.00000080512261929,0.00000049728979286,1,3,0.20000000000000007,0.0,0.0
clustering,heterogeneous,20,2,3,0.1,0.4,0.5,0.1,true,0.05,0.2,0.1,0.05,7139002048363152400.0,50,true,0.0,0.13624211517785387,0.00170948783896899,0.00195246770511731,3,3,0.09999999999999998,0.0,0.7
clustering,heterogeneous,20,2,3,0.1,0.4,0.5,0.1,true,0.05,0.2,0.1,0.05,4692690466958798800.0,50,true,0.0,0.12941325319032138,0.00189544119919525,0.00225784239523448,2,3,0.09999999999999998,0.0,0.7
clustering,homogeneous,50,0,6,0.5,0.6,0.8,0.1,true,0.0,0.1,0.1,0.05,109591146466576384.0,15,true,0.0,0.07149565231201792,0.00000080512261929,0.00000049728979286,1,3,0.20000000000000007,0.0,0.0
clustering,heterogeneous,19,2,2,0.1,0.6,0.6,0.3,true,0.05,0.3,0.1,0.05,1841142524168585220.0,60,true,0.0,0.1486309258164974,0.00013001934848441,0.00007792345350965,2,3,0.0,0.0,1.0
clustering,heterogeneous,19,2,2,0.1,0.6,0.6,0.3,true,0.05,0.3,0.1,0.05,4286360386944651300.0,55,true,0.0,0.14675699857865382,0.00018146159052798,0.00010171751306627,2,3,0.0,0.0,1.0
clustering,heterogeneous,19,2,2,0.1,0.6,0.6,0.3,true,0.05,0.3,0.1,0.05,4477927936947039200.0,55,true,0.0,0.1490292208078329,0.00010336172562457,0.00004824561186416,1,3,0.0,0.0,1.0
clustering,heterogeneous,19,2,2,0.1,0.6,0.6,0.3,true,0.05,0.3,0.1,0.05,5702577027890589700.0,70,true,0.0,0.15245400400771603,0.00004837467708951,0.00003121273666548,1,3,0.0,0.0,1.0
clustering,homogeneous,50,0,6,0.5,0.6,0.8,0.1,true,0.0,0.1,0.1,0.05,7128893484183252000.0,15,true,0.0,0.08600852978032218,0.00000080512261929,0.00000049728979286,1,3,0.20000000000000007,0.0,0.0
clustering,heterogeneous,20,2,3,0.1,0.4,0.5,0.1,true,0.05,0.2,0.1,0.05,4342572612484808700.0,40,true,0.0,0.12398847255853722,0.00241688324978184,0.00293459846622769,2,3,0.09999999999999998,0.0,0.7
clustering,homogeneous,50,0,6,0.5,0.6,0.8,0.1,true,0.0,0.1,0.1,0.05,4286360386944651300.0,15,true,0.0,0.0719938357598252,0.00000080512261929,0.00000049728979286,1,3,0.20000000000000007,0.0,0.0
clustering,homogeneous,50,0,6,0.5,0.6,0.8,0.1,true,0.0,0.1,0.1,0.05,4477927936947039200.0,15,true,0.0,0.07350773047186021,0.00000080512261929,0.00000049728979286,1,3,0.20000000000000007,0.0,0.0
clustering,heterogeneous,20,2,3,0.1,0.4,0.5,0.1,true,0.05,0.2,0.1,0.05,4286360386944651300.0,40,true,0.0,0.11839191428147275,0.00270033836346344,0.00327762952870099,2,3,0.09999999999999998,0.0,0.7
clustering,heterogeneous,20,2,3,0.1,0.4,0.5,0.1,true,0.05,0.2,0.1,0.05,8803618445054126100.0,50,true,0.0,0.12729734555367464,0.00195730101581178,0.00237550957607818,2,3,0.09999999999999998,0.0,0.7
clustering,heterogeneous,20,2,3,0.1,0.4,0.5,0.1,true,0.05,0.2,0.1,0.05,7128893484183252000.0,50,true,0.0,0.1278842291598917,0.00192568262629208,0.00234153563124953,2,3,0.09999999999999998,0.0,0.7
clustering,heterogeneous,20,2,3,0.1,0.4,0.5,0.1,true,0.05,0.2,0.1,0.05,7043372089166577700.0,55,true,0.0,0.13268382558495886,0.00165393628817892,0.00182732736694478,2,3,0.09999999999999998,0.0,0.7
clustering,heterogeneous,55,2,2,0.5,0.4,0.2,0.2,true,0.1,0.0,0.1,0.05,7240713591891685400.0,20,true,0.0,0.1802586885591959,0.00000084946692618,0.00000057126221499,1,4,-0.2,0.0,0.5
clustering,heterogeneous,55,2,2,0.5,0.4,0.2,0.2,true,0.1,0.0,0.1,0.05,7139002048363152400.0,20,true,0.0,0.18008997080017242,0.00000111409458925,0.00000087834057467,1,4,-0.2,0.0,0.5
clustering,heterogeneous,20,2,3,0.1,0.4,0.5,0.1,true,0.05,0.2,0.1,0.05,8636175130330607600.0,65,true,0.0,0.1378857277905737,0.00132251522789736,0.00144150095189132,2,3,0.09999999999999998,0.0,0.7
clustering,heterogeneous,55,2,2,0.5,0.4,0.2,0.2,true,0.1,0.0,0.1,0.05,8636175130330607600.0,20,true,0.0,0.18027962969160227,0.00000083989210919,0.0000005360357561,1,4,-0.2,0.0,0.5
clustering,heterogeneous,20,2,3,0.1,0.4,0.5,0.1,true,0.05,0.2,0.1,0.05,1841142524168585220.0,65,true,0.0,0.13020273456412595,0.00150767925188088,0.00183223057543673,2,3,0.09999999999999998,0.0,0.7
clustering,heterogeneous,55,2,2,0.5,0.4,0.2,0.2,true,0.1,0.0,0.1,0.05,5702577027890589700.0,20,true,0.0,0.18016880347731862,0.00000096939679642,0.00000077940026547,1,4,-0.2,0.0,0.5
clustering,heterogeneous,55,2,2,0.5,0.4,0.2,0.2,true,0.1,0.0,0.1,0.05,4692690466958798800.0,25,true,0.0,0.18060262300963323,0.00000019037363967,0.00000016348501748,1,4,-0.2,0.0,0.5
clustering,heterogeneous,55,2,2,0.5,0.4,0.2,0.2,true,0.1,0.0,0.1,0.05,1841142524168585220.0,20,true,0.0,0.18017037108995926,0.00000092652631932,0.00000072602787009,1,4,-0.2,0.0,0.5
clustering,heterogeneous,20,2,3,0.1,0.4,0.5,0.1,true,0.05,0.2,0.1,0.05,5702577027890589700.0,70,true,0.0,0.14135163069398363,0.00117037668278355,0.00117315413019115,2,3,0.09999999999999998,0.0,0.7
clustering,heterogeneous,55,2,2,0.5,0.4,0.2,0.2,true,0.1,0.0,0.1,0.05,4398895106259038200.0,20,true,0.0,0.18024643641927884,0.00000075722340281,0.00000048377688472,1,4,-0.2,0.0,0.5
clustering,heterogeneous,55,2,2,0.5,0.4,0.2,0.2,true,0.1,0.0,0.1,0.05,6905470370856337400.0,25,true,0.0,0.18054611006615215,0.00000026723330042,0.00000024946848003,1,4,-0.2,0.0,0.5
clustering,heterogeneous,55,2,2,0.5,0.4,0.2,0.2,true,0.1,0.0,0.1,0.05,8803618445054126100.0,20,true,0.0,0.18034092234872917,0.00000071171396706,0.00000041289552041,1,4,-0.2,0.0,0.5
clustering,heterogeneous,55,2,2,0.5,0.4,0.2,0.2,true,0.1,0.0,0.1,0.05,7043372089166577700.0,20,true,0.0,0.18001778649837583,0.00000150431431827,0.00000130328389346,1,4,-0.2,0.0,0.5
clustering,heterogeneous,20,2,3,0.1,0.4,0.5,0.1,true,0.05,0.2,0.1,0.05,6905470370856337400.0,80,true,0.0,0.14646180474006676,0.00091606005525268,0.00096628677899718,1,3,0.09999999999999998,0.0,0.7
clustering,heterogeneous,55,2,2,0.5,0.4,0.2,0.2,true,0.1,0.0,0.1,0.05,4342572612484808700.0,25,true,0.0,0.18062369028667336,0.00000013511873248,0.00000009194076177,2,4,-0.2,0.0,0.5
clustering,heterogeneous,55,2,2,0.5,0.4,0.2,0.2,true,0.1,0.0,0.1,0.05,109591146466576384.0,20,true,0.0,0.18026681067150857,0.00000074576309161,0.00000054316218488,1,4,-0.2,0.0,0.5
clustering,heterogeneous,55,2,2,0.5,0.4,0.2,0.2,true,0.1,0.0,0.1,0.05,4286360386944651300.0,20,true,0.0,0.180147220959865,0.00000116049126927,0.00000089868079584,1,4,-0.2,0.0,0.5
clustering,heterogeneous,55,2,2,0.5,0.4,0.2,0.2,true,0.1,0.0,0.1,0.05,7128893484183252000.0,25,true,0.0,0.18065144261120258,0.00000017946667513,0.00000012267676931,1,4,-0.2,0.0,0.5
clustering,heterogeneous,55,2,2,0.5,0.4,0.2,0.2,true,0.1,0.0,0.1,0.05,4477927936947039200.0,25,true,0.0,0.1805872911324179,0.00000017232826795,0.00000017314016682,1,4,-0.2,0.0,0.5
clustering,homogeneous,43,0,5,0.3,0.4,0.8,0.1,true,0.05,0.1,0.1,0.05,1841142524168585220.0,20,true,0.0,0.04285891745835889,0.00002037984170878,0.00001537312334037,1,3,0.4,0.0,0.3
clustering,homogeneous,43,0,5,0.3,0.4,0.8,0.1,true,0.05,0.1,0.1,0.05,7139002048363152400.0,25,true,0.0,0.04316683457405531,0.00000820967704306,0.00000731520952911,1,3,0.4,0.0,0.3
clustering,homogeneous,43,0,5,0.3,0.4,0.8,0.1,true,0.05,0.1,0.1,0.05,8636175130330607600.0,25,true,0.0,0.04404162689522582,0.00000937252837537,0.00000958337707979,1,3,0.4,0.0,0.3
clustering,homogeneous,43,0,5,0.3,0.4,0.8,0.1,true,0.05,0.1,0.1,0.05,5702577027890589700.0,25,true,0.0,0.04395751414008815,0.0000081306308598,0.00000672040283274,1,3,0.4,0.0,0.3
clustering,homogeneous,43,0,5,0.3,0.4,0.8,0.1,true,0.05,0.1,0.1,0.05,6905470370856337400.0,25,true,0.0,0.04390731626228585,0.0000071416335977,0.00000606265815685,1,3,0.4,0.0,0.3
clustering,homogeneous,43,0,5,0.3,0.4,0.8,0.1,true,0.05,0.1,0.1,0.05,4398895106259038200.0,25,true,0.0,0.04520004540341122,0.0000072847015674,0.00000651150436331,1,3,0.4,0.0,0.3
clustering,homogeneous,43,0,5,0.3,0.4,0.8,0.1,true,0.05,0.1,0.1,0.05,8803618445054126100.0,25,true,0.0,0.04475845012196379,0.000009888846832,0.00001022664434169,1,3,0.4,0.0,0.3
clustering,heterogeneous,20,2,3,0.1,0.4,0.5,0.1,true,0.05,0.2,0.1,0.05,109591146466576384.0,90,true,0.0,0.1607831518215735,0.00062165466188862,0.00057309757287466,1,3,0.09999999999999998,0.0,0.7
clustering,homogeneous,43,0,5,0.3,0.4,0.8,0.1,true,0.05,0.1,0.1,0.05,7240713591891685400.0,30,true,0.0,0.04472396304020617,0.00000338044662358,0.00000355674508558,1,3,0.4,0.0,0.3
clustering,homogeneous,43,0,5,0.3,0.4,0.8,0.1,true,0.05,0.1,0.1,0.05,4692690466958798800.0,30,true,0.0,0.04371478722005112,0.00000277061586543,0.00000278352071205,1,3,0.4,0.0,0.3
clustering,homogeneous,43,0,5,0.3,0.4,0.8,0.1,true,0.05,0.1,0.1,0.05,109591146466576384.0,20,true,0.0,0.04211747154478637,0.00002054294022088,0.00001524136551376,1,3,0.4,0.0,0.3
clustering,heterogeneous,15,3,3,0.1,0.2,0.8,0.1,true,0.0,0.2,0.1,0.05,1841142524168585220.0,60,true,0.0,0.08530960420057614,0.00006888427187751,0.00006535127684422,1,4,0.6000000000000001,0.0,0.3
clustering,heterogeneous,15,3,3,0.1,0.2,0.8,0.1,true,0.0,0.2,0.1,0.05,6905470370856337400.0,65,true,0.0,0.08648397104397502,0.00003507086782482,0.00002472207173288,1,4,0.6000000000000001,0.0,0.3
clustering,homogeneous,43,0,5,0.3,0.4,0.8,0.1,true,0.05,0.1,0.1,0.05,4342572612484808700.0,25,true,0.0,0.04634753191077055,0.00000686765631249,0.00000566971751562,1,3,0.4,0.0,0.3
clustering,heterogeneous,15,3,3,0.1,0.2,0.8,0.1,true,0.0,0.2,0.1,0.05,7240713591891685400.0,70,true,0.0,0.08993296048616967,0.00004358097908067,0.00004410274673175,1,4,0.6000000000000001,0.0,0.3
clustering,homogeneous,43,0,5,0.3,0.4,0.8,0.1,true,0.05,0.1,0.1,0.05,7043372089166577700.0,25,true,0.0,0.04290938748584457,0.00000830616036243,0.00000734219691065,1,3,0.4,0.0,0.3
clustering,heterogeneous,15,3,3,0.1,0.2,0.8,0.1,true,0.0,0.2,0.1,0.05,7139002048363152400.0,70,true,0.0,0.08389861969770836,0.00002696039616792,0.000025587968914,1,4,0.6000000000000001,0.0,0.3
clustering,heterogeneous,15,3,3,0.1,0.2,0.8,0.1,true,0.0,0.2,0.1,0.05,4286360386944651300.0,60,true,0.0,0.08348010205056468,0.00006332594633054,0.00005897527615769,1,4,0.6000000000000001,0.0,0.3
clustering,heterogeneous,15,3,3,0.1,0.2,0.8,0.1,true,0.0,0.2,0.1,0.05,4692690466958798800.0,70,true,0.0,0.08251496177730167,0.00007352203081546,0.00007995437881444,1,4,0.6000000000000001,0.0,0.3
clustering,heterogeneous,15,3,3,0.1,0.2,0.8,0.1,true,0.0,0.2,0.1,0.05,5702577027890589700.0,70,true,0.0,0.08382131302141876,0.00002967589403939,0.00002841760543212,1,4,0.6000000000000001,0.0,0.3
clustering,heterogeneous,15,3,3,0.1,0.2,0.8,0.1,true,0.0,0.2,0.1,0.05,7043372089166577700.0,65,true,0.0,0.08256653544620775,0.00005421543389197,0.00005136388518227,1,4,0.6000000000000001,0.0,0.3
clustering,homogeneous,43,0,5,0.3,0.4,0.8,0.1,true,0.05,0.1,0.1,0.05,4477927936947039200.0,25,true,0.0,0.04608637991996407,0.00000690203550567,0.00000621450537969,1,3,0.4,0.0,0.3
clustering,homogeneous,43,0,5,0.3,0.4,0.8,0.1,true,0.05,0.1,0.1,0.05,4286360386944651300.0,20,true,0.0,0.04280399846591491,0.00002099312180493,0.00001614518068603,1,3,0.4,0.0,0.3
clustering,heterogeneous,15,3,3,0.1,0.2,0.8,0.1,true,0.0,0.2,0.1,0.05,8636175130330607600.0,75,true,0.0,0.08427059390538112,0.00002344791286289,0.00002455125698096,1,4,0.6000000000000001,0.0,0.3
clustering,homogeneous,43,0,5,0.3,0.4,0.8,0.1,true,0.05,0.1,0.1,0.05,7128893484183252000.0,30,true,0.0,0.04568651359329553,0.00000308895833846,0.00000279125446924,1,3,0.4,0.0,0.3
clustering,heterogeneous,15,3,3,0.1,0.2,0.8,0.1,true,0.0,0.2,0.1,0.05,109591146466576384.0,70,true,0.0,0.08328522435686231,0.00003641461203653,0.00003340700169722,1,4,0.6000000000000001,0.0,0.3
clustering,heterogeneous,15,3,3,0.1,0.2,0.8,0.1,true,0.0,0.2,0.1,0.05,4342572612484808700.0,70,true,0.0,0.08418519742959991,0.00003089026940359,0.00002857809761046,1,4,0.6000000000000001,0.0,0.3
clustering,homogeneous,53,0,4,0.3,0.8,0.2,0.1,true,0.05,0.0,0.1,0.05,4692690466958798800.0,15,true,0.0,0.0623055567592896,0.00000329751534552,0.00000163569150435,1,1,-0.6000000000000001,0.0,0.3
clustering,homogeneous,53,0,4,0.3,0.8,0.2,0.1,true,0.05,0.0,0.1,0.05,7139002048363152400.0,15,true,0.0,0.06587356614048409,0.00000310344381158,0.00000177392423269,1,1,-0.6000000000000001,0.0,0.3
clustering,homogeneous,53,0,4,0.3,0.8,0.2,0.1,true,0.05,0.0,0.1,0.05,7240713591891685400.0,15,true,0.0,0.06704662997814108,0.00000309388587201,0.00000176459992457,1,1,-0.6000000000000001,0.0,0.3
clustering,homogeneous,31,0,4,0.2,0.3,0.6,0.3,true,0.0,0.1,0.1,0.05,7240713591891685400.0,30,true,0.0,0.05116368220380953,0.00001122985196374,0.00001018661148261,1,3,0.3,0.0,0.3
clustering,homogeneous,53,0,4,0.3,0.8,0.2,0.1,true,0.05,0.0,0.1,0.05,8636175130330607600.0,15,true,0.0,0.06642534045413723,0.00000310013649726,0.00000176067413106,1,1,-0.6000000000000001,0.0,0.3
clustering,homogeneous,53,0,4,0.3,0.8,0.2,0.1,true,0.05,0.0,0.1,0.05,6905470370856337400.0,15,true,0.0,0.06277906242397532,0.00000326727823555,0.0000016457595975,1,1,-0.6000000000000001,0.0,0.3
clustering,homogeneous,31,0,4,0.2,0.3,0.6,0.3,true,0.0,0.1,0.1,0.05,7139002048363152400.0,30,true,0.0,0.05183712441097403,0.00001122985196374,0.00001018661148261,1,3,0.3,0.0,0.3
clustering,homogeneous,53,0,4,0.3,0.8,0.2,0.1,true,0.05,0.0,0.1,0.05,5702577027890589700.0,15,true,0.0,0.0666425467016663,0.00000304768692998,0.00000185203794916,1,1,-0.6000000000000001,0.0,0.3
clustering,homogeneous,31,0,4,0.2,0.3,0.6,0.3,true,0.0,0.1,0.1,0.05,4692690466958798800.0,30,true,0.0,0.04659687673534195,0.00001122985196374,0.00001018661148261,1,3,0.3,0.0,0.3
clustering,homogeneous,53,0,4,0.3,0.8,0.2,0.1,true,0.05,0.0,0.1,0.05,1841142524168585220.0,15,true,0.0,0.06715357616264217,0.00000307485848479,0.00000179315784478,1,1,-0.6000000000000001,0.0,0.3
clustering,heterogeneous,15,3,3,0.1,0.2,0.8,0.1,true,0.0,0.2,0.1,0.05,7128893484183252000.0,80,true,0.0,0.08657589948390147,0.0000435067857988,0.00004576497931847,1,4,0.6000000000000001,0.0,0.3
clustering,homogeneous,31,0,4,0.2,0.3,0.6,0.3,true,0.0,0.1,0.1,0.05,6905470370856337400.0,30,true,0.0,0.04422322422343572,0.00001122985196374,0.00001018661148261,1,3,0.3,0.0,0.3
clustering,homogeneous,53,0,4,0.3,0.8,0.2,0.1,true,0.05,0.0,0.1,0.05,4398895106259038200.0,15,true,0.0,0.06995266367997924,0.00000294497386962,0.00000191322824647,1,1,-0.6000000000000001,0.0,0.3
clustering,homogeneous,31,0,4,0.2,0.3,0.6,0.3,true,0.0,0.1,0.1,0.05,8636175130330607600.0,30,true,0.0,0.0490949545694872,0.00001122985196374,0.00001018661148261,1,3,0.3,0.0,0.3
clustering,heterogeneous,15,3,3,0.1,0.2,0.8,0.1,true,0.0,0.2,0.1,0.05,4477927936947039200.0,80,true,0.0,0.0844583173023094,0.00002303011359655,0.00002417714322373,1,4,0.6000000000000001,0.0,0.3
clustering,homogeneous,31,0,4,0.2,0.3,0.6,0.3,true,0.0,0.1,0.1,0.05,5702577027890589700.0,30,true,0.0,0.04980828398907944,0.00001122985196374,0.00001018661148261,1,3,0.3,0.0,0.3
clustering,homogeneous,31,0,4,0.2,0.3,0.6,0.3,true,0.0,0.1,0.1,0.05,1841142524168585220.0,30,true,0.0,0.04990114660880977,0.00001122985196374,0.00001018661148261,1,3,0.3,0.0,0.3
clustering,homogeneous,53,0,4,0.3,0.8,0.2,0.1,true,0.05,0.0,0.1,0.05,8803618445054126100.0,15,true,0.0,0.06809273627642438,0.00000300109712136,0.0000019500009309,1,1,-0.6000000000000001,0.0,0.3
clustering,homogeneous,53,0,4,0.3,0.8,0.2,0.1,true,0.05,0.0,0.1,0.05,4342572612484808700.0,15,true,0.0,0.06386780375188379,0.00000314807198991,0.00000173124485934,1,1,-0.6000000000000001,0.0,0.3
clustering,homogeneous,31,0,4,0.2,0.3,0.6,0.3,true,0.0,0.1,0.1,0.05,4398895106259038200.0,30,true,0.0,0.06857709186897767,0.00001122985196374,0.00001018661148261,2,3,0.3,0.0,0.3
clustering,homogeneous,31,0,4,0.2,0.3,0.6,0.3,true,0.0,0.1,0.1,0.05,4342572612484808700.0,30,true,0.0,0.04951177989813775,0.00001122985196374,0.00001018661148261,1,3,0.3,0.0,0.3
clustering,homogeneous,31,0,4,0.2,0.3,0.6,0.3,true,0.0,0.1,0.1,0.05,8803618445054126100.0,30,true,0.0,0.05013184491881477,0.00001122985196374,0.00001018661148261,1,3,0.3,0.0,0.3
clustering,homogeneous,31,0,4,0.2,0.3,0.6,0.3,true,0.0,0.1,0.1,0.05,7043372089166577700.0,30,true,0.0,0.04422322422343569,0.00001122985196374,0.00001018661148261,1,3,0.3,0.0,0.3
clustering,homogeneous,53,0,4,0.3,0.8,0.2,0.1,true,0.05,0.0,0.1,0.05,109591146466576384.0,15,true,0.0,0.06845613552499422,0.00000298617436823,0.0000019620730946,1,1,-0.6000000000000001,0.0,0.3
clustering,homogeneous,31,0,4,0.2,0.3,0.6,0.3,true,0.0,0.1,0.1,0.05,109591146466576384.0,30,true,0.0,0.05373298974358323,0.00001122985196374,0.00001018661148261,1,3,0.3,0.0,0.3
clustering,homogeneous,53,0,4,0.3,0.8,0.2,0.1,true,0.05,0.0,0.1,0.05,7043372089166577700.0,15,true,0.0,0.061843037005799,0.00000335347731897,0.00000166393225822,1,1,-0.6000000000000001,0.0,0.3
clustering,homogeneous,31,0,4,0.2,0.3,0.6,0.3,true,0.0,0.1,0.1,0.05,7128893484183252000.0,30,true,0.0,0.04422322422343569,0.00001122985196374,0.00001018661148261,1,3,0.3,0.0,0.3
clustering,homogeneous,53,0,4,0.3,0.8,0.2,0.1,true,0.05,0.0,0.1,0.05,7128893484183252000.0,15,true,0.0,0.06591561192765581,0.00000298364578505,0.00000204246104194,1,1,-0.6000000000000001,0.0,0.3
clustering,homogeneous,31,0,4,0.2,0.3,0.6,0.3,true,0.0,0.1,0.1,0.05,4477927936947039200.0,30,true,0.0,0.05664164673986821,0.00001122985196374,0.00001018661148261,1,3,0.3,0.0,0.3
clustering,homogeneous,31,0,4,0.2,0.3,0.6,0.3,true,0.0,0.1,0.1,0.05,4286360386944651300.0,30,true,0.0,0.04422322422343569,0.00001122985196374,0.00001018661148261,1,3,0.3,0.0,0.3
clustering,homogeneous,53,0,4,0.3,0.8,0.2,0.1,true,0.05,0.0,0.1,0.05,4477927936947039200.0,15,true,0.0,0.0655713806588447,0.00000306897432568,0.00000180784783719,1,1,-0.6000000000000001,0.0,0.3
clustering,homogeneous,53,0,4,0.3,0.8,0.2,0.1,true,0.05,0.0,0.1,0.05,4286360386944651300.0,15,true,0.0,0.06412610251115242,0.00000316064484239,0.00000172890276543,1,1,-0.6000000000000001,0.0,0.3
clustering,heterogeneous,15,3,3,0.1,0.2,0.8,0.1,true,0.0,0.2,0.1,0.05,8803618445054126100.0,95,true,0.0,0.08829966624374182,0.00005225018868464,0.00005613506057414,1,4,0.6000000000000001,0.0,0.3
clustering,heterogeneous,15,3,3,0.1,0.2,0.8,0.1,true,0.0,0.2,0.1,0.05,4398895106259038200.0,100,true,0.0,0.08357673469119543,0.00025566323943917,0.00031171686598908,1,4,0.6000000000000001,0.0,0.3
clustering,homogeneous,35,0,6,0.5,0.2,0.8,0.2,true,0.1,0.3,0.1,0.05,7240713591891685400.0,20,true,0.0,0.07456600659159142,0.0000018651663781,0.0000024539218483,1,4,0.6000000000000001,0.0,0.0
clustering,homogeneous,35,0,6,0.5,0.2,0.8,0.2,true,0.1,0.3,0.1,0.05,4692690466958798800.0,20,true,0.0,0.07674329022257932,0.00000353963766085,0.00000510957351542,1,4,0.6000000000000001,0.0,0.0
clustering,homogeneous,35,0,6,0.5,0.2,0.8,0.2,true,0.1,0.3,0.1,0.05,6905470370856337400.0,20,true,0.0,0.10144163561367227,0.00000548726925506,0.00000739801226703,1,4,0.6000000000000001,0.0,0.0
clustering,homogeneous,35,0,6,0.5,0.2,0.8,0.2,true,0.1,0.3,0.1,0.05,7128893484183252000.0,15,true,0.0,0.07073736131174618,0.00000822734129836,0.00000926919132502,1,4,0.6000000000000001,0.0,0.0
clustering,homogeneous,35,0,6,0.5,0.2,0.8,0.2,true,0.1,0.3,0.1,0.05,4398895106259038200.0,20,true,0.0,0.07162316228458207,0.00000208040748853,0.00000266694436154,1,4,0.6000000000000001,0.0,0.0
clustering,homogeneous,35,0,6,0.5,0.2,0.8,0.2,true,0.1,0.3,0.1,0.05,5702577027890589700.0,20,true,0.0,0.07127302225897657,0.00000547963018279,0.00000751454500181,1,4,0.6000000000000001,0.0,0.0
clustering,homogeneous,35,0,6,0.5,0.2,0.8,0.2,true,0.1,0.3,0.1,0.05,4342572612484808700.0,20,true,0.0,0.08504333370903346,0.00000297570972263,0.00000359482909746,1,4,0.6000000000000001,0.0,0.0
clustering,homogeneous,35,0,6,0.5,0.2,0.8,0.2,true,0.1,0.3,0.1,0.05,7043372089166577700.0,20,true,0.0,0.0715618476454185,0.00000222386587922,0.00000290034759745,1,4,0.6000000000000001,0.0,0.0
clustering,homogeneous,35,0,6,0.5,0.2,0.8,0.2,true,0.1,0.3,0.1,0.05,7139002048363152400.0,25,true,0.0,0.0795199605839393,0.00000085179374162,0.00000071369229898,1,4,0.6000000000000001,0.0,0.0
clustering,homogeneous,11,0,5,0.1,0.7,0.5,0.3,true,0.2,0.1,0.1,0.05,7139002048363152400.0,15,true,0.0,0.06339990723802158,0.00143426423753433,0.0013352150546367,2,3,-0.19999999999999996,0.0,0.5
clustering,homogeneous,35,0,6,0.5,0.2,0.8,0.2,true,0.1,0.3,0.1,0.05,109591146466576384.0,20,true,0.0,0.07703041377137407,0.00000172526973158,0.00000211364929263,1,4,0.6000000000000001,0.0,0.0
clustering,homogeneous,35,0,6,0.5,0.2,0.8,0.2,true,0.1,0.3,0.1,0.05,8636175130330607600.0,25,true,0.0,0.07991147170101381,0.00000274936377159,0.00000289684749797,1,4,0.6000000000000001,0.0,0.0
clustering,homogeneous,35,0,6,0.5,0.2,0.8,0.2,true,0.1,0.3,0.1,0.05,4477927936947039200.0,20,true,0.0,0.08005546461719514,0.00000446970726773,0.00000628100037559,1,4,0.6000000000000001,0.0,0.0
clustering,homogeneous,35,0,6,0.5,0.2,0.8,0.2,true,0.1,0.3,0.1,0.05,4286360386944651300.0,20,true,0.0,0.08439331513705291,0.00000538389056035,0.00000701712152769,1,4,0.6000000000000001,0.0,0.0
clustering,heterogeneous,18,2,2,0.2,0.3,0.0,0.3,true,0.0,0.2,0.1,0.05,7240713591891685400.0,40,true,0.0,0.09097727911996917,0.00002818345973204,0.00001814087396796,1,3,-0.3,0.25,0.5
clustering,heterogeneous,18,2,2,0.2,0.3,0.0,0.3,true,0.0,0.2,0.1,0.05,4692690466958798800.0,40,true,0.0,0.09660799847301796,0.00001708161458627,0.00000981159744077,1,3,-0.3,0.25,0.5
clustering,homogeneous,35,0,6,0.5,0.2,0.8,0.2,true,0.1,0.3,0.1,0.05,1841142524168585220.0,30,true,0.0,0.07779355159404755,0.00000075907810899,0.00000114121865943,1,4,0.6000000000000001,0.0,0.0
clustering,homogeneous,11,0,5,0.1,0.7,0.5,0.3,true,0.2,0.1,0.1,0.05,4692690466958798800.0,15,true,0.0,0.0614259736775527,0.00160527746993001,0.00183961416563843,2,3,-0.19999999999999996,0.0,0.5
clustering,homogeneous,11,0,5,0.1,0.7,0.5,0.3,true,0.2,0.1,0.1,0.05,6905470370856337400.0,15,true,0.0,0.06155133107925258,0.00168844907484481,0.0019568426535336,2,3,-0.19999999999999996,0.0,0.5
clustering,heterogeneous,18,2,2,0.2,0.3,0.0,0.3,true,0.0,0.2,0.1,0.05,4342572612484808700.0,40,true,0.0,0.10467647422910245,0.00000966684372885,0.00000472455356385,1,3,-0.3,0.0,0.5
clustering,heterogeneous,18,2,2,0.2,0.3,0.0,0.3,true,0.0,0.2,0.1,0.05,7139002048363152400.0,45,true,0.0,0.09335200156687312,0.00000643156890039,0.00000421700485823,1,3,-0.3,0.0,0.5
clustering,heterogeneous,18,2,2,0.2,0.3,0.0,0.3,true,0.0,0.2,0.1,0.05,7043372089166577700.0,40,true,0.0,0.09279644607611812,0.00000986173859639,0.00000621694035782,1,3,-0.3,0.0,0.5
clustering,heterogeneous,18,2,2,0.2,0.3,0.0,0.3,true,0.0,0.2,0.1,0.05,4286360386944651300.0,40,true,0.0,0.09802457737161938,0.00002410941761703,0.00001190227061256,1,3,-0.3,0.25,0.5
clustering,heterogeneous,18,2,2,0.2,0.3,0.0,0.3,true,0.0,0.2,0.1,0.05,8636175130330607600.0,45,true,0.0,0.09332558073861524,0.00000645567505059,0.0000041407794079,1,3,-0.3,0.0,0.5
clustering,heterogeneous,18,2,2,0.2,0.3,0.0,0.3,true,0.0,0.2,0.1,0.05,7128893484183252000.0,40,true,0.0,0.09241067878410017,0.0000122823958146,0.00000738128898254,1,3,-0.3,0.0,0.5
clustering,heterogeneous,18,2,2,0.2,0.3,0.0,0.3,true,0.0,0.2,0.1,0.05,5702577027890589700.0,45,true,0.0,0.09275759691725227,0.00001124023843535,0.00000694044151606,1,3,-0.3,0.0,0.5
clustering,heterogeneous,18,2,2,0.2,0.3,0.0,0.3,true,0.0,0.2,0.1,0.05,6905470370856337400.0,45,true,0.0,0.12128642990622915,0.00000699799541603,0.00000353115945196,1,3,-0.3,0.0,0.5
clustering,homogeneous,11,0,5,0.1,0.7,0.5,0.3,true,0.2,0.1,0.1,0.05,4398895106259038200.0,15,true,0.0,0.06190537723128554,0.00152646230659034,0.0017686582358595,2,3,-0.19999999999999996,0.0,0.5
clustering,heterogeneous,18,2,2,0.2,0.3,0.0,0.3,true,0.0,0.2,0.1,0.05,1841142524168585220.0,45,true,0.0,0.1161384900328361,0.00001090670421459,0.00000524845206372,1,3,-0.3,0.0,0.5
clustering,homogeneous,11,0,5,0.1,0.7,0.5,0.3,true,0.2,0.1,0.1,0.05,4342572612484808700.0,15,true,0.0,0.06312798522862292,0.001584684995326,0.00183562155644177,2,3,-0.19999999999999996,0.0,0.5
clustering,heterogeneous,18,2,2,0.2,0.3,0.0,0.3,true,0.0,0.2,0.1,0.05,8803618445054126100.0,45,true,0.0,0.09327653381992801,0.00000794994559964,0.00000607701503039,1,3,-0.3,0.0,0.5
clustering,homogeneous,11,0,5,0.1,0.7,0.5,0.3,true,0.2,0.1,0.1,0.05,109591146466576384.0,15,true,0.0,0.06421326745557732,0.00145320914278196,0.0013681174809378,2,3,-0.19999999999999996,0.0,0.5
clustering,heterogeneous,18,2,2,0.2,0.3,0.0,0.3,true,0.0,0.2,0.1,0.05,4477927936947039200.0,45,true,0.0,0.0926516091383924,0.00001204698464285,0.00000843818626643,1,3,-0.3,0.0,0.5
clustering,homogeneous,11,0,5,0.1,0.7,0.5,0.3,true,0.2,0.1,0.1,0.05,1841142524168585220.0,20,true,0.0,0.06172646480126202,0.00151646312796233,0.00177704215099526,2,3,-0.19999999999999996,0.0,0.5
clustering,homogeneous,35,0,6,0.5,0.2,0.8,0.2,true,0.1,0.3,0.1,0.05,8803618445054126100.0,40,true,0.0,0.07493679438409524,0.000001461253691,0.00000190795052728,1,4,0.6000000000000001,0.0,0.0
clustering,heterogeneous,18,2,2,0.2,0.3,0.0,0.3,true,0.0,0.2,0.1,0.05,109591146466576384.0,50,true,0.0,0.0932890034422188,0.00000742294755975,0.00000475268161906,1,3,-0.3,0.0,0.5
clustering,homogeneous,11,0,5,0.1,0.7,0.5,0.3,true,0.2,0.1,0.1,0.05,5702577027890589700.0,25,true,0.0,0.05942255263687495,0.00133476673805471,0.001450039934225,2,3,-0.19999999999999996,0.0,0.5
clustering,heterogeneous,18,2,2,0.2,0.3,0.0,0.3,true,0.0,0.2,0.1,0.05,4398895106259038200.0,55,true,0.0,0.09238915932273625,0.00001902290744097,0.00001783409370998,2,3,-0.3,0.25,0.5
clustering,homogeneous,11,0,5,0.1,0.7,0.5,0.3,true,0.2,0.1,0.1,0.05,7043372089166577700.0,25,true,0.0,0.06045676969830398,0.0013122075199955,0.00138689995050646,2,3,-0.19999999999999996,0.0,0.5
clustering,homogeneous,11,0,5,0.1,0.7,0.5,0.3,true,0.2,0.1,0.1,0.05,8636175130330607600.0,30,true,0.0,0.05918997589739376,0.00119957601963929,0.0011185598543596,2,3,-0.19999999999999996,0.0,0.5
clustering,homogeneous,11,0,5,0.1,0.7,0.5,0.3,true,0.2,0.1,0.1,0.05,7240713591891685400.0,40,true,0.0,0.05718501536251094,0.00105332072894227,0.00085332713978092,2,3,-0.19999999999999996,0.0,0.5
clustering,homogeneous,11,0,5,0.1,0.7,0.5,0.3,true,0.2,0.1,0.1,0.05,7128893484183252000.0,30,true,0.0,0.05851671000388164,0.00123485454207633,0.00126732214063272,2,3,-0.19999999999999996,0.0,0.5
clustering,homogeneous,11,0,5,0.1,0.7,0.5,0.3,true,0.2,0.1,0.1,0.05,4477927936947039200.0,35,true,0.0,0.06111151550797343,0.00113601686706497,0.00075762672049592,2,3,-0.19999999999999996,0.0,0.5
clustering,heterogeneous,47,2,2,0.5,0.2,0.5,0.3,true,0.05,0.3,0.1,0.05,4692690466958798800.0,25,true,0.0,0.1307330379711549,0.00000023993840891,0.00000012834999644,1,3,0.3,0.0,0.7
clustering,homogeneous,11,0,5,0.1,0.7,0.5,0.3,true,0.2,0.1,0.1,0.05,8803618445054126100.0,50,true,0.0,0.05681914035909071,0.00094764546714355,0.00064018039494909,2,3,-0.19999999999999996,0.0,0.5
clustering,homogeneous,11,0,5,0.1,0.7,0.5,0.3,true,0.2,0.1,0.1,0.05,4286360386944651300.0,45,true,0.0,0.05996334404129794,0.00102406155568375,0.00079877753019085,2,3,-0.19999999999999996,0.0,0.5
clustering,heterogeneous,47,2,2,0.5,0.2,0.5,0.3,true,0.05,0.3,0.1,0.05,7139002048363152400.0,35,true,0.0,0.11769772439250295,0.00000103770782388,0.00000053910155684,1,3,0.3,0.0,0.7
clustering,heterogeneous,47,2,2,0.5,0.2,0.5,0.3,true,0.05,0.3,0.1,0.05,6905470370856337400.0,35,true,0.0,0.11702971076342394,0.00000027323418926,0.00000027326141908,1,3,0.3,0.0,0.7
clustering,heterogeneous,47,2,2,0.5,0.2,0.5,0.3,true,0.05,0.3,0.1,0.05,8636175130330607600.0,40,true,0.0,0.14553219501175416,0.0000010763075567,0.00000051479484811,1,3,0.3,0.0,0.7
clustering,homogeneous,50,0,6,0.4,0.4,0.5,0.1,true,0.05,0.2,0.1,0.05,7139002048363152400.0,15,true,0.0,0.06870669583001336,0.00000401035487387,0.00000244999810505,1,3,0.09999999999999998,0.0,0.7
clustering,heterogeneous,47,2,2,0.5,0.2,0.5,0.3,true,0.05,0.3,0.1,0.05,5702577027890589700.0,40,true,0.0,0.15324787102789483,0.00000064040605635,0.00000030013909791,1,3,0.3,0.0,0.7
clustering,heterogeneous,47,2,2,0.5,0.2,0.5,0.3,true,0.05,0.3,0.1,0.05,7240713591891685400.0,45,true,0.0,0.1522410987209978,0.00000147288447269,0.00000137206549439,1,3,0.3,0.0,0.7
clustering,homogeneous,31,0,4,0.1,0.2,0.8,0.3,true,0.1,0.0,0.1,0.05,7240713591891685400.0,55,true,0.0,0.07131076221814704,0.00145942787950075,0.00139545301692569,2,3,0.6000000000000001,0.0,0.0
clustering,homogeneous,31,0,4,0.1,0.2,0.8,0.3,true,0.1,0.0,0.1,0.05,4342572612484808700.0,50,true,0.0,0.06509653663559621,0.00176478257423134,0.00190191979021924,2,3,0.6000000000000001,0.0,0.0
clustering,homogeneous,31,0,4,0.1,0.2,0.8,0.3,true,0.1,0.0,0.1,0.05,8803618445054126100.0,50,true,0.0,0.07232277771423848,0.00155520601905485,0.00158554786977702,2,3,0.6000000000000001,0.0,0.0
clustering,heterogeneous,47,2,2,0.5,0.2,0.5,0.3,true,0.05,0.3,0.1,0.05,8803618445054126100.0,40,true,0.0,0.12294512685524611,0.00000187716575171,0.00000112504196186,1,3,0.3,0.0,0.7
clustering,heterogeneous,47,2,2,0.5,0.2,0.5,0.3,true,0.05,0.3,0.1,0.05,1841142524168585220.0,45,true,0.0,0.13044256835232754,0.00000107345665477,0.00000062547889865,1,3,0.3,0.0,0.7
clustering,heterogeneous,47,2,2,0.5,0.2,0.5,0.3,true,0.05,0.3,0.1,0.05,4342572612484808700.0,40,true,0.0,0.11741693284119128,0.00000023168891665,0.000000186397858,1,3,0.3,0.0,0.7
clustering,heterogeneous,47,2,2,0.5,0.2,0.5,0.3,true,0.05,0.3,0.1,0.05,7043372089166577700.0,40,true,0.0,0.14618289584927482,0.00000004056010476,0.00000001948752529,1,3,0.3,0.0,0.7
clustering,heterogeneous,47,2,2,0.5,0.2,0.5,0.3,true,0.05,0.3,0.1,0.05,4286360386944651300.0,30,true,0.0,0.10765521131572597,0.0000004922403759,0.00000042958191663,1,3,0.3,0.0,0.7
clustering,heterogeneous,47,2,2,0.5,0.2,0.5,0.3,true,0.05,0.3,0.1,0.05,7128893484183252000.0,40,true,0.0,0.14696358046950253,0.00000323623871036,0.00000147406197201,1,3,0.3,0.0,0.7
clustering,homogeneous,50,0,6,0.4,0.4,0.5,0.1,true,0.05,0.2,0.1,0.05,4692690466958798800.0,20,true,0.0,0.08099463707184346,0.00000048447063197,0.00000031992031725,1,3,0.09999999999999998,0.0,0.7
clustering,homogeneous,50,0,6,0.4,0.4,0.5,0.1,true,0.05,0.2,0.1,0.05,7240713591891685400.0,20,true,0.0,0.08021995898333743,0.00000054031643176,0.00000035606600745,1,3,0.09999999999999998,0.0,0.7
clustering,homogeneous,31,0,4,0.1,0.2,0.8,0.3,true,0.1,0.0,0.1,0.05,4286360386944651300.0,55,true,0.0,0.06311535966195395,0.00170856029381763,0.00170853930533203,2,3,0.6000000000000001,0.0,0.0
clustering,homogeneous,31,0,4,0.1,0.2,0.8,0.3,true,0.1,0.0,0.1,0.05,4477927936947039200.0,55,true,0.0,0.06881296253658953,0.00154359032604952,0.00162822684592506,2,3,0.6000000000000001,0.0,0.0
clustering,heterogeneous,47,2,2,0.5,0.2,0.5,0.3,true,0.05,0.3,0.1,0.05,109591146466576384.0,45,true,0.0,0.12264381634578836,0.00000005882692262,0.0000000463855415,1,3,0.3,0.0,0.7
clustering,homogeneous,50,0,6,0.4,0.4,0.5,0.1,true,0.05,0.2,0.1,0.05,8636175130330607600.0,20,true,0.0,0.08034845080505142,0.00000050283604369,0.00000032179938036,1,3,0.09999999999999998,0.0,0.7
clustering,homogeneous,31,0,4,0.1,0.2,0.8,0.3,true,0.1,0.0,0.1,0.05,8636175130330607600.0,65,true,0.0,0.08704782906182014,0.00087941261642576,0.00075917789923278,1,3,0.6000000000000001,0.0,0.0
clustering,homogeneous,50,0,6,0.4,0.4,0.5,0.1,true,0.05,0.2,0.1,0.05,6905470370856337400.0,20,true,0.0,0.0776307609784394,0.00000049045778957,0.00000034253017765,1,3,0.09999999999999998,0.0,0.7
clustering,heterogeneous,47,2,2,0.5,0.2,0.5,0.3,true,0.05,0.3,0.1,0.05,4398895106259038200.0,55,true,0.0,0.15340249381323331,0.00000144378783368,0.00000080752325463,1,3,0.3,0.0,0.7
clustering,homogeneous,31,0,4,0.1,0.2,0.8,0.3,true,0.1,0.0,0.1,0.05,7139002048363152400.0,75,true,0.0,0.0881866730815707,0.00070783550863126,0.00061414398584813,1,3,0.6000000000000001,0.0,0.0
clustering,homogeneous,50,0,6,0.4,0.4,0.5,0.1,true,0.05,0.2,0.1,0.05,1841142524168585220.0,20,true,0.0,0.07623944517579419,0.000000461514319,0.00000027617409786,1,3,0.09999999999999998,0.0,0.7
clustering,homogeneous,50,0,6,0.4,0.4,0.5,0.1,true,0.05,0.2,0.1,0.05,5702577027890589700.0,20,true,0.0,0.07583846054495419,0.0000004725716885,0.00000031009307779,1,3,0.09999999999999998,0.0,0.7
clustering,homogeneous,50,0,6,0.4,0.4,0.5,0.1,true,0.05,0.2,0.1,0.05,7043372089166577700.0,15,true,0.0,0.10247840338088827,0.00000528801121104,0.00000319862045317,1,3,0.09999999999999998,0.0,0.7
clustering,homogeneous,50,0,6,0.4,0.4,0.5,0.1,true,0.05,0.2,0.1,0.05,109591146466576384.0,15,true,0.0,0.07318606395957947,0.00000390329769059,0.00000262996505121,1,3,0.09999999999999998,0.0,0.7
clustering,homogeneous,50,0,6,0.4,0.4,0.5,0.1,true,0.05,0.2,0.1,0.05,4398895106259038200.0,20,true,0.0,0.06855844534050066,0.00000043574362703,0.00000030835285417,1,3,0.09999999999999998,0.0,0.7
clustering,heterogeneous,13,2,2,0.1,0.3,0.8,0.2,true,0.1,0.0,0.1,0.05,7139002048363152400.0,15,true,0.0,0.06261215265024322,0.02762168778958956,0.02232251608370854,2,2,0.5,0.0,1.0
clustering,homogeneous,50,0,6,0.4,0.4,0.5,0.1,true,0.05,0.2,0.1,0.05,8803618445054126100.0,20,true,0.0,0.08737675841726279,0.00000065380174819,0.00000038785478202,1,3,0.09999999999999998,0.0,0.7
clustering,homogeneous,50,0,6,0.4,0.4,0.5,0.1,true,0.05,0.2,0.1,0.05,4286360386944651300.0,15,true,0.0,0.07415573354482759,0.00000425839418962,0.00000283243606053,1,3,0.09999999999999998,0.0,0.7
clustering,heterogeneous,13,2,2,0.1,0.3,0.8,0.2,true,0.1,0.0,0.1,0.05,7240713591891685400.0,15,true,0.0,0.06260991022470636,0.02757937500888165,0.02228671887039623,2,2,0.5,0.0,1.0
clustering,homogeneous,50,0,6,0.4,0.4,0.5,0.1,true,0.05,0.2,0.1,0.05,4342572612484808700.0,20,true,0.0,0.06604992253975736,0.00000040416662878,0.00000028358282524,1,3,0.09999999999999998,0.0,0.7
clustering,heterogeneous,13,2,2,0.1,0.3,0.8,0.2,true,0.1,0.0,0.1,0.05,4692690466958798800.0,15,true,0.0,0.06307385838114099,0.02756483051498266,0.02236513636055694,2,2,0.5,0.0,1.0
clustering,homogeneous,31,0,4,0.1,0.2,0.8,0.3,true,0.1,0.0,0.1,0.05,7043372089166577700.0,70,true,0.0,0.07396232570503358,0.0011654614198137,0.00098070442300546,2,3,0.6000000000000001,0.0,0.0
clustering,heterogeneous,47,2,2,0.5,0.2,0.5,0.3,true,0.05,0.3,0.1,0.05,4477927936947039200.0,55,true,0.0,0.14490270601556698,0.00000042741253232,0.00000026431130467,1,3,0.3,0.0,0.7
clustering,homogeneous,50,0,6,0.4,0.4,0.5,0.1,true,0.05,0.2,0.1,0.05,7128893484183252000.0,20,true,0.0,0.08492324647910139,0.00000056394458731,0.00000033423073242,1,3,0.09999999999999998,0.0,0.7
clustering,heterogeneous,13,2,2,0.1,0.3,0.8,0.2,true,0.1,0.0,0.1,0.05,5702577027890589700.0,15,true,0.0,0.06249521364118865,0.0276502684149306,0.02233169795986598,2,2,0.5,0.0,1.0
clustering,heterogeneous,13,2,2,0.1,0.3,0.8,0.2,true,0.1,0.0,0.1,0.05,8636175130330607600.0,15,true,0.0,0.06261659824145399,0.0277599652551781,0.02246174674816672,2,2,0.5,0.0,1.0
clustering,heterogeneous,13,2,2,0.1,0.3,0.8,0.2,true,0.1,0.0,0.1,0.05,6905470370856337400.0,15,true,0.0,0.06268449451355126,0.02755970622193876,0.02226352150074051,2,2,0.5,0.0,1.0
clustering,homogeneous,50,0,6,0.4,0.4,0.5,0.1,true,0.05,0.2,0.1,0.05,4477927936947039200.0,20,true,0.0,0.07499316097002483,0.00000045981199684,0.00000030850749009,1,3,0.09999999999999998,0.0,0.7
clustering,heterogeneous,13,2,2,0.1,0.3,0.8,0.2,true,0.1,0.0,0.1,0.05,1841142524168585220.0,15,true,0.0,0.06271716283271206,0.02736536015441268,0.0221105323600669,2,2,0.5,0.0,1.0
clustering,heterogeneous,13,2,2,0.1,0.3,0.8,0.2,true,0.1,0.0,0.1,0.05,8803618445054126100.0,15,true,0.0,0.06237010984807145,0.02773244845615442,0.02238495616438027,2,2,0.5,0.0,1.0
clustering,heterogeneous,13,2,2,0.1,0.3,0.8,0.2,true,0.1,0.0,0.1,0.05,4342572612484808700.0,15,true,0.0,0.06271791881819166,0.02737709767275767,0.02210748894589791,2,2,0.5,0.0,1.0
clustering,heterogeneous,13,2,2,0.1,0.3,0.8,0.2,true,0.1,0.0,0.1,0.05,7043372089166577700.0,15,true,0.0,0.0627921670601379,0.02799125264730218,0.02269817497792369,2,2,0.5,0.0,1.0
clustering,heterogeneous,13,2,2,0.1,0.3,0.8,0.2,true,0.1,0.0,0.1,0.05,4398895106259038200.0,20,true,0.0,0.062980411986713,0.02726552535734264,0.02215000215561477,2,2,0.5,0.0,1.0
clustering,heterogeneous,13,2,2,0.1,0.3,0.8,0.2,true,0.1,0.0,0.1,0.05,109591146466576384.0,15,true,0.0,0.06236067135533974,0.02750028957963643,0.02216462208274464,2,2,0.5,0.0,1.0
clustering,heterogeneous,13,2,2,0.1,0.3,0.8,0.2,true,0.1,0.0,0.1,0.05,7128893484183252000.0,15,true,0.0,0.06212944848453841,0.02778596242057161,0.02238620470175464,2,2,0.5,0.0,1.0
clustering,heterogeneous,13,2,2,0.1,0.3,0.8,0.2,true,0.1,0.0,0.1,0.05,4477927936947039200.0,15,true,0.0,0.06283409133872381,0.02734897578774531,0.02212152344547925,2,2,0.5,0.0,1.0
clustering,homogeneous,31,0,4,0.1,0.2,0.8,0.3,true,0.1,0.0,0.1,0.05,7128893484183252000.0,80,true,0.0,0.0823373117092072,0.00074193903234469,0.00073555376752733,1,3,0.6000000000000001,0.0,0.0
clustering,heterogeneous,13,2,2,0.1,0.3,0.8,0.2,true,0.1,0.0,0.1,0.05,4286360386944651300.0,15,true,0.0,0.06258215792682334,0.027528584635795,0.02222576769787813,2,2,0.5,0.0,1.0
clustering,homogeneous,31,0,4,0.1,0.2,0.8,0.3,true,0.1,0.0,0.1,0.05,5702577027890589700.0,85,true,0.0,0.09591105281399502,0.00047338823818225,0.00029827156586477,1,3,0.6000000000000001,0.0,0.0
clustering,homogeneous,31,0,4,0.1,0.2,0.8,0.3,true,0.1,0.0,0.1,0.05,6905470370856337400.0,85,true,0.0,0.09386135460222834,0.00047902003117478,0.00032021438155196,1,3,0.6000000000000001,0.0,0.0
clustering,homogeneous,31,0,4,0.1,0.2,0.8,0.3,true,0.1,0.0,0.1,0.05,4398895106259038200.0,85,true,0.0,0.10656371341292538,0.00032060656506736,0.00025761232326137,1,3,0.6000000000000001,0.0,0.0
clustering,heterogeneous,3,2,2,0.4,0.3,0.2,0.1,true,0.2,0.3,0.1,0.05,7139002048363152400.0,20,true,0.0,0.11760090374157549,0.00003008574207333,0.00003303822697181,2,3,-0.09999999999999998,0.0,0.3
clustering,homogeneous,31,0,4,0.1,0.2,0.8,0.3,true,0.1,0.0,0.1,0.05,1841142524168585220.0,90,true,0.0,0.09127468505959575,0.00047890792971498,0.00042094800233607,1,3,0.6000000000000001,0.0,0.0
clustering,heterogeneous,3,2,2,0.4,0.3,0.2,0.1,true,0.2,0.3,0.1,0.05,109591146466576384.0,20,true,0.0,0.12310313704164083,0.00001695685084903,0.00001349137292166,2,3,-0.09999999999999998,0.0,0.3
clustering,heterogeneous,3,2,2,0.4,0.3,0.2,0.1,true,0.2,0.3,0.1,0.05,8636175130330607600.0,25,true,0.0,0.12344036180266633,0.0000059307869232,0.00000582098383309,2,3,-0.09999999999999998,0.0,0.3
clustering,homogeneous,31,0,4,0.1,0.2,0.8,0.3,true,0.1,0.0,0.1,0.05,4692690466958798800.0,100,true,0.0,0.07947523661976523,0.00066810574267101,0.00076636050173474,1,3,0.6000000000000001,0.0,0.0
clustering,heterogeneous,3,2,2,0.4,0.3,0.2,0.1,true,0.2,0.3,0.1,0.05,6905470370856337400.0,25,true,0.0,0.09730888652017526,0.00002114271820644,0.00002121974835887,1,3,-0.09999999999999998,0.0,0.3
clustering,heterogeneous,3,2,2,0.4,0.3,0.2,0.1,true,0.2,0.3,0.1,0.05,5702577027890589700.0,25,true,0.0,0.12013820842026636,0.00000760886005295,0.00000792304985755,1,3,-0.09999999999999998,0.0,0.3
clustering,heterogeneous,3,2,2,0.4,0.3,0.2,0.1,true,0.2,0.3,0.1,0.05,4398895106259038200.0,25,true,0.0,0.14062884512775384,0.00000156213873419,0.00000135107754548,1,3,-0.09999999999999998,0.0,0.3
clustering,heterogeneous,3,2,2,0.4,0.3,0.2,0.1,true,0.2,0.3,0.1,0.05,4342572612484808700.0,25,true,0.0,0.1085664782987704,0.00001088194173225,0.00000863626010693,1,3,-0.09999999999999998,0.0,0.3
clustering,heterogeneous,3,2,2,0.4,0.3,0.2,0.1,true,0.2,0.3,0.1,0.05,7240713591891685400.0,30,true,0.0,0.12409163731846533,0.00000299157630606,0.0000034571684648,2,3,-0.09999999999999998,0.0,0.3
clustering,heterogeneous,3,2,2,0.4,0.3,0.2,0.1,true,0.2,0.3,0.1,0.05,7043372089166577700.0,25,true,0.0,0.10578413327401824,0.00001797638178811,0.0000184079489794,1,3,-0.09999999999999998,0.0,0.3
clustering,heterogeneous,3,2,2,0.4,0.3,0.2,0.1,true,0.2,0.3,0.1,0.05,4692690466958798800.0,30,true,0.0,0.10444763793046889,0.00000418304100524,0.0000039828476473,1,3,-0.09999999999999998,0.0,0.3
clustering,heterogeneous,3,2,2,0.4,0.3,0.2,0.1,true,0.2,0.3,0.1,0.05,4477927936947039200.0,25,true,0.0,0.11697467009853164,0.00000946120130432,0.00001137127355913,1,3,-0.09999999999999998,0.0,0.3
clustering,heterogeneous,3,2,2,0.4,0.3,0.2,0.1,true,0.2,0.3,0.1,0.05,4286360386944651300.0,25,true,0.0,0.09749119736612731,0.00001420022394949,0.00001474798168415,1,3,-0.09999999999999998,0.0,0.3
clustering,homogeneous,48,0,6,0.3,0.4,0.8,0.3,true,0.0,0.2,0.1,0.05,7139002048363152400.0,25,true,0.0,0.07871602778880842,0.00000180186281626,0.0000010348470511,1,3,0.4,0.0,0.5
clustering,homogeneous,48,0,6,0.3,0.4,0.8,0.3,true,0.0,0.2,0.1,0.05,7240713591891685400.0,25,true,0.0,0.07842945631123675,0.00000180186281626,0.0000010348470511,1,3,0.4,0.0,0.5
clustering,homogeneous,48,0,6,0.3,0.4,0.8,0.3,true,0.0,0.2,0.1,0.05,4692690466958798800.0,25,true,0.0,0.04367294470022023,0.00000180186281626,0.0000010348470511,1,3,0.4,0.0,0.5
clustering,heterogeneous,3,2,2,0.4,0.3,0.2,0.1,true,0.2,0.3,0.1,0.05,8803618445054126100.0,30,true,0.0,0.12926449762427294,0.00000147955244173,0.00000142902826997,1,3,-0.09999999999999998,0.0,0.3
clustering,homogeneous,31,0,4,0.1,0.2,0.8,0.3,true,0.1,0.0,0.1,0.05,109591146466576384.0,100,true,0.0,0.10209791826468458,0.00025904623903698,0.0001626962605057,1,3,0.6000000000000001,0.0,0.0
clustering,homogeneous,48,0,6,0.3,0.4,0.8,0.3,true,0.0,0.2,0.1,0.05,8636175130330607600.0,25,true,0.0,0.0627492931762635,0.00000180186281626,0.0000010348470511,1,3,0.4,0.0,0.5
clustering,heterogeneous,3,2,2,0.4,0.3,0.2,0.1,true,0.2,0.3,0.1,0.05,7128893484183252000.0,30,true,0.0,0.1113359983182277,0.00000406743040782,0.0000043608502215,1,3,-0.09999999999999998,0.0,0.3
clustering,homogeneous,48,0,6,0.3,0.4,0.8,0.3,true,0.0,0.2,0.1,0.05,6905470370856337400.0,25,true,0.0,0.0705335001586784,0.00000180186281626,0.0000010348470511,1,3,0.4,0.0,0.5
clustering,heterogeneous,3,2,2,0.4,0.3,0.2,0.1,true,0.2,0.3,0.1,0.05,1841142524168585220.0,35,true,0.0,0.12366891184796781,0.00000051487808731,0.00000037205536746,1,3,-0.09999999999999998,0.0,0.3
clustering,homogeneous,48,0,6,0.3,0.4,0.8,0.3,true,0.0,0.2,0.1,0.05,5702577027890589700.0,25,true,0.0,0.07369146848492703,0.00000180186281626,0.0000010348470511,1,3,0.4,0.0,0.5
clustering,homogeneous,48,0,6,0.3,0.4,0.8,0.3,true,0.0,0.2,0.1,0.05,1841142524168585220.0,25,true,0.0,0.05894796869370078,0.00000180186281626,0.0000010348470511,1,3,0.4,0.0,0.5
clustering,homogeneous,48,0,6,0.3,0.4,0.8,0.3,true,0.0,0.2,0.1,0.05,4398895106259038200.0,25,true,0.0,0.08496603190328773,0.00000180186281626,0.0000010348470511,1,3,0.4,0.0,0.5
clustering,homogeneous,48,0,6,0.3,0.4,0.8,0.3,true,0.0,0.2,0.1,0.05,8803618445054126100.0,25,true,0.0,0.05916267011099072,0.00000180186281626,0.0000010348470511,1,3,0.4,0.0,0.5
clustering,homogeneous,48,0,6,0.3,0.4,0.8,0.3,true,0.0,0.2,0.1,0.05,4342572612484808700.0,25,true,0.0,0.06788537488800196,0.00000180186281626,0.0000010348470511,1,3,0.4,0.0,0.5
clustering,homogeneous,48,0,6,0.3,0.4,0.8,0.3,true,0.0,0.2,0.1,0.05,7043372089166577700.0,25,true,0.0,0.05296410061087423,0.00000180186281626,0.0000010348470511,1,3,0.4,0.0,0.5
clustering,homogeneous,48,0,6,0.3,0.4,0.8,0.3,true,0.0,0.2,0.1,0.05,109591146466576384.0,25,true,0.0,0.06219145090834885,0.00000180186281626,0.0000010348470511,1,3,0.4,0.0,0.5
clustering,homogeneous,48,0,6,0.3,0.4,0.8,0.3,true,0.0,0.2,0.1,0.05,7128893484183252000.0,25,true,0.0,0.0459057807407507,0.00000180186281626,0.0000010348470511,1,3,0.4,0.0,0.5
clustering,homogeneous,48,0,6,0.3,0.4,0.8,0.3,true,0.0,0.2,0.1,0.05,4477927936947039200.0,25,true,0.0,0.07660518860344938,0.00000180186281626,0.0000010348470511,1,3,0.4,0.0,0.5
clustering,homogeneous,48,0,6,0.3,0.4,0.8,0.3,true,0.0,0.2,0.1,0.05,4286360386944651300.0,25,true,0.0,0.05796923892085783,0.00000180186281626,0.0000010348470511,1,3,0.4,0.0,0.5
clustering,heterogeneous,10,2,2,0.3,0.4,0.6,0.3,true,0.1,0.0,0.1,0.05,7139002048363152400.0,25,true,0.0,0.11593511428935768,0.0000163307554099,0.00001309472964619,1,3,0.19999999999999996,0.0,0.5
clustering,heterogeneous,10,2,2,0.3,0.4,0.6,0.3,true,0.1,0.0,0.1,0.05,8636175130330607600.0,25,true,0.0,0.11922699040943299,0.00001403131775349,0.0000111897101884,1,3,0.19999999999999996,0.0,0.5
clustering,heterogeneous,10,2,2,0.3,0.4,0.6,0.3,true,0.1,0.0,0.1,0.05,5702577027890589700.0,25,true,0.0,0.11460976785980648,0.00001787180005607,0.00001400391841284,1,3,0.19999999999999996,0.0,0.5
clustering,heterogeneous,10,2,2,0.3,0.4,0.6,0.3,true,0.1,0.0,0.1,0.05,4398895106259038200.0,25,true,0.0,0.1569864203949646,0.00000793027864894,0.00000559289471512,1,3,0.19999999999999996,0.0,0.5
clustering,heterogeneous,10,2,2,0.3,0.4,0.6,0.3,true,0.1,0.0,0.1,0.05,7240713591891685400.0,30,true,0.0,0.11778777289175182,0.00000584917006353,0.0000053994746506,1,3,0.19999999999999996,0.0,0.5
clustering,heterogeneous,10,2,2,0.3,0.4,0.6,0.3,true,0.1,0.0,0.1,0.05,4342572612484808700.0,25,true,0.0,0.1058006988489735,0.00002126696912542,0.00001684526128882,1,3,0.19999999999999996,0.0,0.5
clustering,heterogeneous,10,2,2,0.3,0.4,0.6,0.3,true,0.1,0.0,0.1,0.05,109591146466576384.0,25,true,0.0,0.1198675099511538,0.00001761031199075,0.00001334969302052,1,3,0.19999999999999996,0.0,0.5
clustering,heterogeneous,10,2,2,0.3,0.4,0.6,0.3,true,0.1,0.0,0.1,0.05,4692690466958798800.0,30,true,0.0,0.10711359863794911,0.00000724126064722,0.00000634919082137,1,3,0.19999999999999996,0.0,0.5
clustering,heterogeneous,10,2,2,0.3,0.4,0.6,0.3,true,0.1,0.0,0.1,0.05,4477927936947039200.0,25,true,0.0,0.1130405729450267,0.00001630005488787,0.0000125234938791,1,3,0.19999999999999996,0.0,0.5
clustering,heterogeneous,10,2,2,0.3,0.4,0.6,0.3,true,0.1,0.0,0.1,0.05,6905470370856337400.0,30,true,0.0,0.10710029544655636,0.00000875392052172,0.0000068267892038,1,3,0.19999999999999996,0.0,0.5
clustering,heterogeneous,10,2,2,0.3,0.4,0.6,0.3,true,0.1,0.0,0.1,0.05,4286360386944651300.0,25,true,0.0,0.10526920600235765,0.00002829332165745,0.00002556334898436,1,3,0.19999999999999996,0.0,0.5
clustering,homogeneous,50,0,6,0.5,0.2,0.5,0.2,true,0.2,0.0,0.1,0.05,7139002048363152400.0,15,true,0.0,0.07392368460525454,0.0000081924166971,0.00000720314051739,1,3,0.3,0.0,0.5
clustering,heterogeneous,51,3,3,0.3,0.4,0.8,0.1,true,0.05,0.3,0.1,0.05,7240713591891685400.0,25,true,0.0,0.11468331239357288,0.000012418337449,0.00001164381297908,1,4,0.4,0.0,0.5
clustering,heterogeneous,10,2,2,0.3,0.4,0.6,0.3,true,0.1,0.0,0.1,0.05,8803618445054126100.0,30,true,0.0,0.128973046156376,0.000003888926488,0.00000324197266738,1,3,0.19999999999999996,0.0,0.5
clustering,heterogeneous,51,3,3,0.3,0.4,0.8,0.1,true,0.05,0.3,0.1,0.05,8636175130330607600.0,25,true,0.0,0.11751508918894409,0.00001179510003632,0.00001108160189964,1,4,0.4,0.0,0.5
clustering,heterogeneous,10,2,2,0.3,0.4,0.6,0.3,true,0.1,0.0,0.1,0.05,7128893484183252000.0,30,true,0.0,0.10706067623505483,0.00000688150579342,0.0000064950610189,1,3,0.19999999999999996,0.0,0.5
clustering,heterogeneous,51,3,3,0.3,0.4,0.8,0.1,true,0.05,0.3,0.1,0.05,4398895106259038200.0,25,true,0.0,0.13502513951558326,0.00000840883311799,0.00000721845968732,1,4,0.4,0.0,0.5
clustering,heterogeneous,10,2,2,0.3,0.4,0.6,0.3,true,0.1,0.0,0.1,0.05,1841142524168585220.0,35,true,0.0,0.110183628199464,0.00000208420300642,0.00000165339458654,1,3,0.19999999999999996,0.0,0.5
clustering,heterogeneous,51,3,3,0.3,0.4,0.8,0.1,true,0.05,0.3,0.1,0.05,7139002048363152400.0,30,true,0.0,0.11707051437086276,0.00000377984428576,0.00000372721410669,1,4,0.4,0.0,0.5
clustering,heterogeneous,51,3,3,0.3,0.4,0.8,0.1,true,0.05,0.3,0.1,0.05,4692690466958798800.0,30,true,0.0,0.10626637009870188,0.00000516435848075,0.00000570619762837,1,4,0.4,0.0,0.5
clustering,heterogeneous,51,3,3,0.3,0.4,0.8,0.1,true,0.05,0.3,0.1,0.05,4342572612484808700.0,25,true,0.0,0.11148764040991406,0.00001287428343484,0.00001236997933556,1,4,0.4,0.0,0.5
clustering,heterogeneous,10,2,2,0.3,0.4,0.6,0.3,true,0.1,0.0,0.1,0.05,7043372089166577700.0,35,true,0.0,0.10772646641390896,0.0000029779102796,0.00000305159116798,1,3,0.19999999999999996,0.0,0.5
clustering,heterogeneous,51,3,3,0.3,0.4,0.8,0.1,true,0.05,0.3,0.1,0.05,7128893484183252000.0,25,true,0.0,0.11115551453420584,0.00001528150224888,0.00001580292218599,1,4,0.4,0.0,0.5
clustering,heterogeneous,51,3,3,0.3,0.4,0.8,0.1,true,0.05,0.3,0.1,0.05,109591146466576384.0,25,true,0.0,0.11926090828917775,0.00001352928027944,0.00001372800906498,1,4,0.4,0.0,0.5
clustering,homogeneous,50,0,6,0.5,0.2,0.5,0.2,true,0.2,0.0,0.1,0.05,7240713591891685400.0,20,true,0.0,0.07690793676276127,0.00003347578862966,0.00003649755129688,1,3,0.3,0.0,0.5
clustering,heterogeneous,51,3,3,0.3,0.4,0.8,0.1,true,0.05,0.3,0.1,0.05,6905470370856337400.0,30,true,0.0,0.1061952123068826,0.00000592379471897,0.00000638576229592,1,4,0.4,0.0,0.5
clustering,heterogeneous,51,3,3,0.3,0.4,0.8,0.1,true,0.05,0.3,0.1,0.05,4286360386944651300.0,25,true,0.0,0.10502183148850353,0.00001570903323001,0.00001579938764336,1,4,0.4,0.0,0.5
clustering,heterogeneous,51,3,3,0.3,0.4,0.8,0.1,true,0.05,0.3,0.1,0.05,4477927936947039200.0,25,true,0.0,0.11172166644577071,0.00001277455866788,0.0000123162935817,1,4,0.4,0.0,0.5
clustering,heterogeneous,51,3,3,0.3,0.4,0.8,0.1,true,0.05,0.3,0.1,0.05,5702577027890589700.0,30,true,0.0,0.11272044319235064,0.00000601017448231,0.000006994467507,1,4,0.4,0.0,0.5
clustering,homogeneous,50,0,6,0.5,0.2,0.5,0.2,true,0.2,0.0,0.1,0.05,4692690466958798800.0,20,true,0.0,0.0746887001236577,0.0000057671459667,0.00000566951090276,1,3,0.3,0.0,0.5
clustering,heterogeneous,51,3,3,0.3,0.4,0.8,0.1,true,0.05,0.3,0.1,0.05,1841142524168585220.0,30,true,0.0,0.11200464560663237,0.00000703180577689,0.00000824798732579,1,4,0.4,0.0,0.5
clustering,homogeneous,50,0,6,0.5,0.2,0.5,0.2,true,0.2,0.0,0.1,0.05,6905470370856337400.0,15,true,0.0,0.07672154295222162,0.0000380238464779,0.00004412221679418,1,3,0.3,0.0,0.5
clustering,heterogeneous,51,3,3,0.3,0.4,0.8,0.1,true,0.05,0.3,0.1,0.05,8803618445054126100.0,30,true,0.0,0.11980624562379154,0.00000463517626863,0.00000523892387294,1,4,0.4,0.0,0.5
clustering,heterogeneous,51,3,3,0.3,0.4,0.8,0.1,true,0.05,0.3,0.1,0.05,7043372089166577700.0,30,true,0.0,0.10629096225050294,0.00000507879752733,0.00000538947397139,1,4,0.4,0.0,0.5
clustering,homogeneous,50,0,6,0.5,0.2,0.5,0.2,true,0.2,0.0,0.1,0.05,1841142524168585220.0,15,true,0.0,0.07671912368707716,0.00004032777012259,0.00005207744731524,1,3,0.3,0.0,0.5
clustering,homogeneous,50,0,6,0.5,0.2,0.5,0.2,true,0.2,0.0,0.1,0.05,8803618445054126100.0,15,true,0.0,0.08031519075930502,0.0001500764643003,0.00022660081713556,1,3,0.3,0.0,0.5
clustering,homogeneous,50,0,6,0.5,0.2,0.5,0.2,true,0.2,0.0,0.1,0.05,109591146466576384.0,15,true,0.0,0.07637531144514571,0.00003338912955356,0.00004173544298946,1,3,0.3,0.0,0.5
clustering,homogeneous,50,0,6,0.5,0.2,0.5,0.2,true,0.2,0.0,0.1,0.05,4342572612484808700.0,15,true,0.0,0.07421666258329176,0.00001684531295725,0.00001891194355547,1,3,0.3,0.0,0.5
clustering,homogeneous,50,0,6,0.5,0.2,0.5,0.2,true,0.2,0.0,0.1,0.05,5702577027890589700.0,20,true,0.0,0.07639357070902651,0.00002903940428098,0.00004056060994072,1,3,0.3,0.0,0.5
clustering,homogeneous,50,0,6,0.5,0.2,0.5,0.2,true,0.2,0.0,0.1,0.05,4398895106259038200.0,20,true,0.0,0.07422140393121723,0.00000926480158726,0.00001222096471981,1,3,0.3,0.0,0.5
clustering,homogeneous,50,0,6,0.5,0.2,0.5,0.2,true,0.2,0.0,0.1,0.05,7128893484183252000.0,20,true,0.0,0.07688685090855714,0.00003106462996616,0.00002887461728036,1,3,0.3,0.0,0.5
clustering,homogeneous,50,0,6,0.5,0.2,0.5,0.2,true,0.2,0.0,0.1,0.05,4477927936947039200.0,20,true,0.0,0.07344794646312948,0.00000256546894026,0.00000244195167066,1,3,0.3,0.0,0.5
clustering,homogeneous,50,0,6,0.5,0.2,0.5,0.2,true,0.2,0.0,0.1,0.05,4286360386944651300.0,20,true,0.0,0.07550462220445824,0.00001494886028666,0.00001821647115424,1,3,0.3,0.0,0.5
clustering,homogeneous,43,0,5,0.2,0.4,0.6,0.1,true,0.0,0.3,0.1,0.05,7139002048363152400.0,20,true,0.0,0.04130488178111154,0.00002876626697456,0.00001570725425078,1,3,0.19999999999999996,0.0,1.0
clustering,homogeneous,50,0,6,0.5,0.2,0.5,0.2,true,0.2,0.0,0.1,0.05,8636175130330607600.0,30,true,0.0,0.07639461549531291,0.00001159338466559,0.00001390071324125,1,3,0.3,0.0,0.5
clustering,homogeneous,43,0,5,0.2,0.4,0.6,0.1,true,0.0,0.3,0.1,0.05,1841142524168585220.0,20,true,0.0,0.04087930204382346,0.00002876626697456,0.00001570725425079,1,3,0.19999999999999996,0.0,1.0
clustering,homogeneous,43,0,5,0.2,0.4,0.6,0.1,true,0.0,0.3,0.1,0.05,4286360386944651300.0,20,true,0.0,0.04018924862991265,0.00002876626697456,0.00001570725425078,1,3,0.19999999999999996,0.0,1.0
clustering,homogeneous,43,0,5,0.2,0.4,0.6,0.1,true,0.0,0.3,0.1,0.05,8636175130330607600.0,25,true,0.0,0.04342491725277872,0.00001003017709619,0.00000547678091042,1,3,0.19999999999999996,0.0,1.0
clustering,homogeneous,43,0,5,0.2,0.4,0.6,0.1,true,0.0,0.3,0.1,0.05,5702577027890589700.0,25,true,0.0,0.04365393982646025,0.00001003017709619,0.00000547678091042,1,3,0.19999999999999996,0.0,1.0
clustering,homogeneous,43,0,5,0.2,0.4,0.6,0.1,true,0.0,0.3,0.1,0.05,6905470370856337400.0,25,true,0.0,0.04252579318791662,0.00001003017709619,0.00000547678091042,1,3,0.19999999999999996,0.0,1.0
clustering,homogeneous,43,0,5,0.2,0.4,0.6,0.1,true,0.0,0.3,0.1,0.05,4398895106259038200.0,25,true,0.0,0.04281368917710356,0.00001003017709619,0.00000547678091042,1,3,0.19999999999999996,0.0,1.0
clustering,homogeneous,43,0,5,0.2,0.4,0.6,0.1,true,0.0,0.3,0.1,0.05,7240713591891685400.0,30,true,0.0,0.04442667842386448,0.00000349730650383,0.00000190963542461,1,3,0.19999999999999996,0.0,1.0
clustering,homogeneous,43,0,5,0.2,0.4,0.6,0.1,true,0.0,0.3,0.1,0.05,4342572612484808700.0,25,true,0.0,0.04417959842672673,0.00001003017709619,0.00000547678091042,1,3,0.19999999999999996,0.0,1.0
clustering,homogeneous,43,0,5,0.2,0.4,0.6,0.1,true,0.0,0.3,0.1,0.05,7043372089166577700.0,25,true,0.0,0.04229542143029682,0.00001003017709619,0.00000547678091042,1,3,0.19999999999999996,0.0,1.0
clustering,homogeneous,43,0,5,0.2,0.4,0.6,0.1,true,0.0,0.3,0.1,0.05,4692690466958798800.0,30,true,0.0,0.04253039361492451,0.00000349730650383,0.00000190963542461,1,3,0.19999999999999996,0.0,1.0
clustering,homogeneous,50,0,6,0.5,0.2,0.5,0.2,true,0.2,0.0,0.1,0.05,7043372089166577700.0,35,true,0.0,0.08190704363858888,0.00003609037208604,0.00004544669180382,1,3,0.3,0.0,0.5
clustering,homogeneous,43,0,5,0.2,0.4,0.6,0.1,true,0.0,0.3,0.1,0.05,4477927936947039200.0,25,true,0.0,0.04394320759385151,0.00001003017709619,0.00000547678091042,1,3,0.19999999999999996,0.0,1.0
clustering,homogeneous,43,0,5,0.2,0.4,0.6,0.1,true,0.0,0.3,0.1,0.05,8803618445054126100.0,30,true,0.0,0.04516669616138933,0.00000349730650383,0.00000190963542461,1,3,0.19999999999999996,0.0,1.0
clustering,homogeneous,43,0,5,0.2,0.4,0.6,0.1,true,0.0,0.3,0.1,0.05,109591146466576384.0,30,true,0.0,0.04294812470037853,0.00000349730650383,0.00000190963542461,1,3,0.19999999999999996,0.0,1.0
clustering,homogeneous,43,0,5,0.2,0.4,0.6,0.1,true,0.0,0.3,0.1,0.05,7128893484183252000.0,30,true,0.0,0.04531327676488802,0.00000349730650383,0.00000190963542461,1,3,0.19999999999999996,0.0,1.0
clustering,heterogeneous,41,1,2,0.3,0.4,0.5,0.1,true,0.0,0.3,0.1,0.05,4286360386944651300.0,15,false,0.0,0.0914255475506011,0.00000000173130848,0.00000000058269646,1,2,0.09999999999999998,0.0,0.3
clustering,heterogeneous,41,1,2,0.3,0.4,0.5,0.1,true,0.0,0.3,0.1,0.05,109591146466576384.0,15,false,0.0,0.0914255475506011,0.00000000173130848,0.00000000058269646,1,2,0.09999999999999998,0.0,0.3
clustering,heterogeneous,41,1,2,0.3,0.4,0.5,0.1,true,0.0,0.3,0.1,0.05,4477927936947039200.0,15,false,0.0,0.0914255475506011,0.00000000173130848,0.00000000058269646,1,2,0.09999999999999998,0.0,0.3
clustering,heterogeneous,41,1,2,0.3,0.4,0.5,0.1,true,0.0,0.3,0.1,0.05,5702577027890589700.0,15,false,0.0,0.0914255475506011,0.00000000173130848,0.00000000058269646,1,2,0.09999999999999998,0.0,0.3
clustering,heterogeneous,46,2,2,0.4,0.5,0.0,0.2,true,0.2,0.2,0.1,0.05,7240713591891685400.0,15,false,0.0,0.08276262281828783,0.00000024429533401,0.00000021363118464,1,2,-0.5,0.0,1.0
clustering,heterogeneous,41,1,2,0.3,0.4,0.5,0.1,true,0.0,0.3,0.1,0.05,1841142524168585220.0,15,false,0.0,0.0914255475506011,0.00000000173130848,0.00000000058269646,1,2,0.09999999999999998,0.0,0.3
clustering,heterogeneous,41,1,2,0.3,0.4,0.5,0.1,true,0.0,0.3,0.1,0.05,7240713591891685400.0,15,false,0.0,0.0914255475506011,0.00000000173130848,0.00000000058269646,1,2,0.09999999999999998,0.0,0.3
clustering,heterogeneous,41,1,2,0.3,0.4,0.5,0.1,true,0.0,0.3,0.1,0.05,7043372089166577700.0,15,false,0.0,0.0914255475506011,0.00000000173130848,0.00000000058269646,1,2,0.09999999999999998,0.0,0.3
clustering,heterogeneous,41,1,2,0.3,0.4,0.5,0.1,true,0.0,0.3,0.1,0.05,4398895106259038200.0,15,false,0.0,0.0914255475506011,0.00000000173130848,0.00000000058269646,1,2,0.09999999999999998,0.0,0.3
clustering,heterogeneous,41,1,2,0.3,0.4,0.5,0.1,true,0.0,0.3,0.1,0.05,8803618445054126100.0,15,false,0.0,0.0914255475506011,0.00000000173130848,0.00000000058269646,1,2,0.09999999999999998,0.0,0.3
clustering,heterogeneous,41,1,2,0.3,0.4,0.5,0.1,true,0.0,0.3,0.1,0.05,4692690466958798800.0,15,false,0.0,0.0914255475506011,0.00000000173130848,0.00000000058269646,1,2,0.09999999999999998,0.0,0.3
clustering,heterogeneous,41,1,2,0.3,0.4,0.5,0.1,true,0.0,0.3,0.1,0.05,8636175130330607600.0,15,false,0.0,0.0914255475506011,0.00000000173130848,0.00000000058269646,1,2,0.09999999999999998,0.0,0.3
clustering,heterogeneous,41,1,2,0.3,0.4,0.5,0.1,true,0.0,0.3,0.1,0.05,6905470370856337400.0,15,false,0.0,0.0914255475506011,0.00000000173130848,0.00000000058269646,1,2,0.09999999999999998,0.0,0.3
clustering,heterogeneous,41,1,2,0.3,0.4,0.5,0.1,true,0.0,0.3,0.1,0.05,7128893484183252000.0,15,false,0.0,0.0914255475506011,0.00000000173130848,0.00000000058269646,1,2,0.09999999999999998,0.0,0.3
clustering,heterogeneous,41,1,2,0.3,0.4,0.5,0.1,true,0.0,0.3,0.1,0.05,7139002048363152400.0,15,false,0.0,0.0914255475506011,0.00000000173130848,0.00000000058269646,1,2,0.09999999999999998,0.0,0.3
clustering,heterogeneous,46,2,2,0.4,0.5,0.0,0.2,true,0.2,0.2,0.1,0.05,7139002048363152400.0,15,false,0.0,0.08276262281828783,0.00000024429533401,0.00000021363118464,1,2,-0.5,0.0,1.0
clustering,heterogeneous,41,1,2,0.3,0.4,0.5,0.1,true,0.0,0.3,0.1,0.05,4342572612484808700.0,15,false,0.0,0.0914255475506011,0.00000000173130848,0.00000000058269646,1,2,0.09999999999999998,0.0,0.3
clustering,heterogeneous,46,2,2,0.4,0.5,0.0,0.2,true,0.2,0.2,0.1,0.05,5702577027890589700.0,15,false,0.0,0.08276262281828783,0.00000024429533401,0.00000021363118464,1,2,-0.5,0.0,1.0
clustering,heterogeneous,46,2,2,0.4,0.5,0.0,0.2,true,0.2,0.2,0.1,0.05,7128893484183252000.0,15,false,0.0,0.08276262281828783,0.00000024429533401,0.00000021363118464,1,2,-0.5,0.0,1.0
clustering,heterogeneous,46,2,2,0.4,0.5,0.0,0.2,true,0.2,0.2,0.1,0.05,1841142524168585220.0,15,false,0.0,0.08276262281828783,0.00000024429533401,0.00000021363118464,1,2,-0.5,0.0,1.0
clustering,heterogeneous,46,2,2,0.4,0.5,0.0,0.2,true,0.2,0.2,0.1,0.05,4692690466958798800.0,15,false,0.0,0.08276262281828783,0.00000024429533401,0.00000021363118464,1,2,-0.5,0.0,1.0
clustering,heterogeneous,46,2,2,0.4,0.5,0.0,0.2,true,0.2,0.2,0.1,0.05,4342572612484808700.0,15,false,0.0,0.08276262281828783,0.00000024429533401,0.00000021363118464,1,2,-0.5,0.0,1.0
clustering,heterogeneous,46,2,2,0.4,0.5,0.0,0.2,true,0.2,0.2,0.1,0.05,6905470370856337400.0,15,false,0.0,0.08276262281828783,0.00000024429533401,0.00000021363118464,1,2,-0.5,0.0,1.0
clustering,heterogeneous,46,2,2,0.4,0.5,0.0,0.2,true,0.2,0.2,0.1,0.05,8803618445054126100.0,15,false,0.0,0.08276262281828783,0.00000024429533401,0.00000021363118464,1,2,-0.5,0.0,1.0
clustering,heterogeneous,46,2,2,0.4,0.5,0.0,0.2,true,0.2,0.2,0.1,0.05,109591146466576384.0,15,false,0.0,0.08276262281828783,0.00000024429533401,0.00000021363118464,1,2,-0.5,0.0,1.0
clustering,heterogeneous,46,2,2,0.4,0.5,0.0,0.2,true,0.2,0.2,0.1,0.05,4477927936947039200.0,15,false,0.0,0.08276262281828783,0.00000024429533401,0.00000021363118464,1,2,-0.5,0.0,1.0
clustering,heterogeneous,46,2,2,0.4,0.5,0.0,0.2,true,0.2,0.2,0.1,0.05,8636175130330607600.0,15,false,0.0,0.08276262281828783,0.00000024429533401,0.00000021363118464,1,2,-0.5,0.0,1.0
clustering,heterogeneous,46,2,2,0.4,0.5,0.0,0.2,true,0.2,0.2,0.1,0.05,7043372089166577700.0,15,false,0.0,0.08276262281828783,0.00000024429533401,0.00000021363118464,1,2,-0.5,0.0,1.0
clustering,heterogeneous,46,2,2,0.4,0.5,0.0,0.2,true,0.2,0.2,0.1,0.05,4398895106259038200.0,15,false,0.0,0.08276262281828783,0.00000024429533401,0.00000021363118464,1,2,-0.5,0.0,1.0
clustering,heterogeneous,46,2,2,0.4,0.5,0.0,0.2,true,0.2,0.2,0.1,0.05,4286360386944651300.0,15,false,0.0,0.08276262281828783,0.00000024429533401,0.00000021363118464,1,2,-0.5,0.0,1.0
clustering,homogeneous,50,0,6,0.4,0.2,0.0,0.3,true,0.1,0.0,0.1,0.05,8636175130330607600.0,15,false,0.0,0.0774669126610879,0.00000004566547032,0.00000005313218956,1,3,-0.2,0.0,0.3
clustering,homogeneous,50,0,6,0.4,0.2,0.0,0.3,true,0.1,0.0,0.1,0.05,7240713591891685400.0,15,false,0.0,0.0774669126610879,0.00000004566547032,0.00000005313218956,1,3,-0.2,0.0,0.3
clustering,homogeneous,50,0,6,0.4,0.2,0.0,0.3,true,0.1,0.0,0.1,0.05,4692690466958798800.0,15,false,0.0,0.0774669126610879,0.00000004566547032,0.00000005313218956,1,3,-0.2,0.0,0.3
clustering,homogeneous,50,0,6,0.4,0.2,0.0,0.3,true,0.1,0.0,0.1,0.05,7139002048363152400.0,15,false,0.0,0.0774669126610879,0.00000004566547032,0.00000005313218956,1,3,-0.2,0.0,0.3
clustering,heterogeneous,1,3,3,0.1,0.3,0.2,0.1,true,0.0,0.3,0.1,0.05,6905470370856337400.0,35,false,0.0,0.16939084760437065,0.00004455271590332,0.00003333251680817,1,3,-0.09999999999999998,0.0,0.5
clustering,heterogeneous,1,3,3,0.1,0.3,0.2,0.1,true,0.0,0.3,0.1,0.05,8803618445054126100.0,35,false,0.0,0.16939084760437065,0.00004455271590332,0.00003333251680817,1,3,-0.09999999999999998,0.0,0.5
clustering,heterogeneous,1,3,3,0.1,0.3,0.2,0.1,true,0.0,0.3,0.1,0.05,4342572612484808700.0,35,false,0.0,0.16939084760437065,0.00004455271590332,0.00003333251680817,1,3,-0.09999999999999998,0.0,0.5
clustering,heterogeneous,1,3,3,0.1,0.3,0.2,0.1,true,0.0,0.3,0.1,0.05,7139002048363152400.0,35,false,0.0,0.16939084760437065,0.00004455271590332,0.00003333251680817,1,3,-0.09999999999999998,0.0,0.5
clustering,heterogeneous,1,3,3,0.1,0.3,0.2,0.1,true,0.0,0.3,0.1,0.05,7043372089166577700.0,35,false,0.0,0.16939084760437065,0.00004455271590332,0.00003333251680817,1,3,-0.09999999999999998,0.0,0.5
clustering,heterogeneous,1,3,3,0.1,0.3,0.2,0.1,true,0.0,0.3,0.1,0.05,4477927936947039200.0,35,false,0.0,0.16939084760437065,0.00004455271590332,0.00003333251680817,1,3,-0.09999999999999998,0.0,0.5
clustering,heterogeneous,1,3,3,0.1,0.3,0.2,0.1,true,0.0,0.3,0.1,0.05,5702577027890589700.0,35,false,0.0,0.16939084760437065,0.00004455271590332,0.00003333251680817,1,3,-0.09999999999999998,0.0,0.5
clustering,heterogeneous,1,3,3,0.1,0.3,0.2,0.1,true,0.0,0.3,0.1,0.05,7240713591891685400.0,35,false,0.0,0.16939084760437065,0.00004455271590332,0.00003333251680817,1,3,-0.09999999999999998,0.0,0.5
clustering,heterogeneous,1,3,3,0.1,0.3,0.2,0.1,true,0.0,0.3,0.1,0.05,4398895106259038200.0,35,false,0.0,0.16939084760437065,0.00004455271590332,0.00003333251680817,1,3,-0.09999999999999998,0.0,0.5
clustering,heterogeneous,1,3,3,0.1,0.3,0.2,0.1,true,0.0,0.3,0.1,0.05,8636175130330607600.0,35,false,0.0,0.16939084760437065,0.00004455271590332,0.00003333251680817,1,3,-0.09999999999999998,0.0,0.5
clustering,heterogeneous,1,3,3,0.1,0.3,0.2,0.1,true,0.0,0.3,0.1,0.05,109591146466576384.0,35,false,0.0,0.16939084760437065,0.00004455271590332,0.00003333251680817,1,3,-0.09999999999999998,0.0,0.5
clustering,heterogeneous,1,3,3,0.1,0.3,0.2,0.1,true,0.0,0.3,0.1,0.05,1841142524168585220.0,35,false,0.0,0.16939084760437065,0.00004455271590332,0.00003333251680817,1,3,-0.09999999999999998,0.0,0.5
clustering,heterogeneous,1,3,3,0.1,0.3,0.2,0.1,true,0.0,0.3,0.1,0.05,7128893484183252000.0,35,false,0.0,0.16939084760437065,0.00004455271590332,0.00003333251680817,1,3,-0.09999999999999998,0.0,0.5
clustering,heterogeneous,1,3,3,0.1,0.3,0.2,0.1,true,0.0,0.3,0.1,0.05,4286360386944651300.0,35,false,0.0,0.16939084760437065,0.00004455271590332,0.00003333251680817,1,3,-0.09999999999999998,0.0,0.5
clustering,heterogeneous,1,3,3,0.1,0.3,0.2,0.1,true,0.0,0.3,0.1,0.05,4692690466958798800.0,35,false,0.0,0.16939084760437065,0.00004455271590332,0.00003333251680817,1,3,-0.09999999999999998,0.0,0.5
clustering,homogeneous,50,0,6,0.4,0.2,0.0,0.3,true,0.1,0.0,0.1,0.05,6905470370856337400.0,15,false,0.0,0.0774669126610879,0.00000004566547032,0.00000005313218956,1,3,-0.2,0.0,0.3
clustering,homogeneous,50,0,6,0.4,0.2,0.0,0.3,true,0.1,0.0,0.1,0.05,7043372089166577700.0,15,false,0.0,0.0774669126610879,0.00000004566547032,0.00000005313218956,1,3,-0.2,0.0,0.3
clustering,homogeneous,50,0,6,0.4,0.2,0.0,0.3,true,0.1,0.0,0.1,0.05,4342572612484808700.0,15,false,0.0,0.0774669126610879,0.00000004566547032,0.00000005313218956,1,3,-0.2,0.0,0.3
clustering,homogeneous,50,0,6,0.4,0.2,0.0,0.3,true,0.1,0.0,0.1,0.05,1841142524168585220.0,15,false,0.0,0.0774669126610879,0.00000004566547032,0.00000005313218956,1,3,-0.2,0.0,0.3
clustering,homogeneous,50,0,6,0.4,0.2,0.0,0.3,true,0.1,0.0,0.1,0.05,4398895106259038200.0,15,false,0.0,0.0774669126610879,0.00000004566547032,0.00000005313218956,1,3,-0.2,0.0,0.3
clustering,homogeneous,50,0,6,0.4,0.2,0.0,0.3,true,0.1,0.0,0.1,0.05,8803618445054126100.0,15,false,0.0,0.0774669126610879,0.00000004566547032,0.00000005313218956,1,3,-0.2,0.0,0.3
clustering,homogeneous,50,0,6,0.4,0.2,0.0,0.3,true,0.1,0.0,0.1,0.05,5702577027890589700.0,15,false,0.0,0.0774669126610879,0.00000004566547032,0.00000005313218956,1,3,-0.2,0.0,0.3
clustering,homogeneous,50,0,6,0.4,0.2,0.0,0.3,true,0.1,0.0,0.1,0.05,109591146466576384.0,15,false,0.0,0.0774669126610879,0.00000004566547032,0.00000005313218956,1,3,-0.2,0.0,0.3
clustering,homogeneous,50,0,6,0.4,0.2,0.0,0.3,true,0.1,0.0,0.1,0.05,7128893484183252000.0,15,false,0.0,0.0774669126610879,0.00000004566547032,0.00000005313218956,1,3,-0.2,0.0,0.3
clustering,homogeneous,50,0,6,0.4,0.2,0.0,0.3,true,0.1,0.0,0.1,0.05,4286360386944651300.0,15,false,0.0,0.0774669126610879,0.00000004566547032,0.00000005313218956,1,3,-0.2,0.0,0.3
clustering,homogeneous,50,0,6,0.4,0.2,0.0,0.3,true,0.1,0.0,0.1,0.05,4477927936947039200.0,15,false,0.0,0.0774669126610879,0.00000004566547032,0.00000005313218956,1,3,-0.2,0.0,0.3
clustering,heterogeneous,19,2,2,0.1,0.6,0.6,0.3,true,0.05,0.3,0.1,0.05,8636175130330607600.0,30,false,0.0,0.15420325102657562,0.00002483326580067,0.00001855080398447,1,3,0.0,0.0,1.0
clustering,heterogeneous,19,2,2,0.1,0.6,0.6,0.3,true,0.05,0.3,0.1,0.05,7240713591891685400.0,30,false,0.0,0.15420325102657562,0.00002483326580067,0.00001855080398447,1,3,0.0,0.0,1.0
clustering,heterogeneous,19,2,2,0.1,0.6,0.6,0.3,true,0.05,0.3,0.1,0.05,7139002048363152400.0,30,false,0.0,0.15420325102657562,0.00002483326580067,0.00001855080398447,1,3,0.0,0.0,1.0
clustering,homogeneous,50,0,6,0.5,0.6,0.8,0.1,true,0.0,0.1,0.1,0.05,7240713591891685400.0,15,false,0.0,0.0734460267064217,0.00000000177713486,0.00000000113551089,1,3,0.20000000000000007,0.0,0.0
clustering,heterogeneous,19,2,2,0.1,0.6,0.6,0.3,true,0.05,0.3,0.1,0.05,6905470370856337400.0,30,false,0.0,0.15420325102657562,0.00002483326580067,0.00001855080398447,1,3,0.0,0.0,1.0
clustering,heterogeneous,19,2,2,0.1,0.6,0.6,0.3,true,0.05,0.3,0.1,0.05,4692690466958798800.0,30,false,0.0,0.15420325102657562,0.00002483326580067,0.00001855080398447,1,3,0.0,0.0,1.0
clustering,homogeneous,50,0,6,0.5,0.6,0.8,0.1,true,0.0,0.1,0.1,0.05,7139002048363152400.0,15,false,0.0,0.0734460267064217,0.00000000177713486,0.00000000113551089,1,3,0.20000000000000007,0.0,0.0
clustering,heterogeneous,19,2,2,0.1,0.6,0.6,0.3,true,0.05,0.3,0.1,0.05,5702577027890589700.0,30,false,0.0,0.15420325102657562,0.00002483326580067,0.00001855080398447,1,3,0.0,0.0,1.0
clustering,heterogeneous,19,2,2,0.1,0.6,0.6,0.3,true,0.05,0.3,0.1,0.05,4398895106259038200.0,30,false,0.0,0.15420325102657562,0.00002483326580067,0.00001855080398447,1,3,0.0,0.0,1.0
clustering,heterogeneous,19,2,2,0.1,0.6,0.6,0.3,true,0.05,0.3,0.1,0.05,1841142524168585220.0,30,false,0.0,0.15420325102657562,0.00002483326580067,0.00001855080398447,1,3,0.0,0.0,1.0
clustering,heterogeneous,19,2,2,0.1,0.6,0.6,0.3,true,0.05,0.3,0.1,0.05,7128893484183252000.0,30,false,0.0,0.15420325102657562,0.00002483326580067,0.00001855080398447,1,3,0.0,0.0,1.0
clustering,heterogeneous,19,2,2,0.1,0.6,0.6,0.3,true,0.05,0.3,0.1,0.05,4342572612484808700.0,30,false,0.0,0.15420325102657562,0.00002483326580067,0.00001855080398447,1,3,0.0,0.0,1.0
clustering,heterogeneous,19,2,2,0.1,0.6,0.6,0.3,true,0.05,0.3,0.1,0.05,7043372089166577700.0,30,false,0.0,0.15420325102657562,0.00002483326580067,0.00001855080398447,1,3,0.0,0.0,1.0
clustering,heterogeneous,19,2,2,0.1,0.6,0.6,0.3,true,0.05,0.3,0.1,0.05,109591146466576384.0,30,false,0.0,0.15420325102657562,0.00002483326580067,0.00001855080398447,1,3,0.0,0.0,1.0
clustering,heterogeneous,19,2,2,0.1,0.6,0.6,0.3,true,0.05,0.3,0.1,0.05,8803618445054126100.0,30,false,0.0,0.15420325102657562,0.00002483326580067,0.00001855080398447,1,3,0.0,0.0,1.0
clustering,heterogeneous,19,2,2,0.1,0.6,0.6,0.3,true,0.05,0.3,0.1,0.05,4286360386944651300.0,30,false,0.0,0.15420325102657562,0.00002483326580067,0.00001855080398447,1,3,0.0,0.0,1.0
clustering,heterogeneous,19,2,2,0.1,0.6,0.6,0.3,true,0.05,0.3,0.1,0.05,4477927936947039200.0,30,false,0.0,0.15420325102657562,0.00002483326580067,0.00001855080398447,1,3,0.0,0.0,1.0
clustering,homogeneous,50,0,6,0.5,0.6,0.8,0.1,true,0.0,0.1,0.1,0.05,4692690466958798800.0,15,false,0.0,0.0734460267064217,0.00000000177713486,0.00000000113551089,1,3,0.20000000000000007,0.0,0.0
clustering,homogeneous,50,0,6,0.5,0.6,0.8,0.1,true,0.0,0.1,0.1,0.05,6905470370856337400.0,15,false,0.0,0.0734460267064217,0.00000000177713486,0.00000000113551089,1,3,0.20000000000000007,0.0,0.0
clustering,homogeneous,50,0,6,0.5,0.6,0.8,0.1,true,0.0,0.1,0.1,0.05,8636175130330607600.0,15,false,0.0,0.0734460267064217,0.00000000177713486,0.00000000113551089,1,3,0.20000000000000007,0.0,0.0
clustering,homogeneous,50,0,6,0.5,0.6,0.8,0.1,true,0.0,0.1,0.1,0.05,4398895106259038200.0,15,false,0.0,0.0734460267064217,0.00000000177713486,0.00000000113551089,1,3,0.20000000000000007,0.0,0.0
clustering,homogeneous,50,0,6,0.5,0.6,0.8,0.1,true,0.0,0.1,0.1,0.05,5702577027890589700.0,15,false,0.0,0.0734460267064217,0.00000000177713486,0.00000000113551089,1,3,0.20000000000000007,0.0,0.0
clustering,homogeneous,50,0,6,0.5,0.6,0.8,0.1,true,0.0,0.1,0.1,0.05,7043372089166577700.0,15,false,0.0,0.0734460267064217,0.00000000177713486,0.00000000113551089,1,3,0.20000000000000007,0.0,0.0
clustering,homogeneous,50,0,6,0.5,0.6,0.8,0.1,true,0.0,0.1,0.1,0.05,1841142524168585220.0,15,false,0.0,0.0734460267064217,0.00000000177713486,0.00000000113551089,1,3,0.20000000000000007,0.0,0.0
clustering,homogeneous,50,0,6,0.5,0.6,0.8,0.1,true,0.0,0.1,0.1,0.05,8803618445054126100.0,15,false,0.0,0.0734460267064217,0.00000000177713486,0.00000000113551089,1,3,0.20000000000000007,0.0,0.0
clustering,homogeneous,50,0,6,0.5,0.6,0.8,0.1,true,0.0,0.1,0.1,0.05,4342572612484808700.0,15,false,0.0,0.0734460267064217,0.00000000177713486,0.00000000113551089,1,3,0.20000000000000007,0.0,0.0
clustering,homogeneous,50,0,6,0.5,0.6,0.8,0.1,true,0.0,0.1,0.1,0.05,109591146466576384.0,15,false,0.0,0.0734460267064217,0.00000000177713486,0.00000000113551089,1,3,0.20000000000000007,0.0,0.0
clustering,homogeneous,50,0,6,0.5,0.6,0.8,0.1,true,0.0,0.1,0.1,0.05,7128893484183252000.0,15,false,0.0,0.0734460267064217,0.00000000177713486,0.00000000113551089,1,3,0.20000000000000007,0.0,0.0
clustering,homogeneous,50,0,6,0.5,0.6,0.8,0.1,true,0.0,0.1,0.1,0.05,4286360386944651300.0,15,false,0.0,0.0734460267064217,0.00000000177713486,0.00000000113551089,1,3,0.20000000000000007,0.0,0.0
clustering,homogeneous,50,0,6,0.5,0.6,0.8,0.1,true,0.0,0.1,0.1,0.05,4477927936947039200.0,15,false,0.0,0.0734460267064217,0.00000000177713486,0.00000000113551089,1,3,0.20000000000000007,0.0,0.0
clustering,heterogeneous,20,2,3,0.1,0.4,0.5,0.1,true,0.05,0.2,0.1,0.05,4692690466958798800.0,50,false,0.0,0.15830527759034535,0.00037660837997331,0.00035906294188119,1,3,0.09999999999999998,0.0,0.7
clustering,heterogeneous,20,2,3,0.1,0.4,0.5,0.1,true,0.05,0.2,0.1,0.05,5702577027890589700.0,50,false,0.0,0.15830527759034535,0.00037660837997331,0.00035906294188119,1,3,0.09999999999999998,0.0,0.7
clustering,heterogeneous,20,2,3,0.1,0.4,0.5,0.1,true,0.05,0.2,0.1,0.05,7139002048363152400.0,50,false,0.0,0.15830527759034535,0.00037660837997331,0.00035906294188119,1,3,0.09999999999999998,0.0,0.7
clustering,heterogeneous,20,2,3,0.1,0.4,0.5,0.1,true,0.05,0.2,0.1,0.05,7240713591891685400.0,50,false,0.0,0.15830527759034535,0.00037660837997331,0.00035906294188119,1,3,0.09999999999999998,0.0,0.7
clustering,heterogeneous,20,2,3,0.1,0.4,0.5,0.1,true,0.05,0.2,0.1,0.05,8636175130330607600.0,50,false,0.0,0.15830527759034535,0.00037660837997331,0.00035906294188119,1,3,0.09999999999999998,0.0,0.7
clustering,heterogeneous,20,2,3,0.1,0.4,0.5,0.1,true,0.05,0.2,0.1,0.05,6905470370856337400.0,50,false,0.0,0.15830527759034535,0.00037660837997331,0.00035906294188119,1,3,0.09999999999999998,0.0,0.7
clustering,heterogeneous,20,2,3,0.1,0.4,0.5,0.1,true,0.05,0.2,0.1,0.05,1841142524168585220.0,50,false,0.0,0.15830527759034535,0.00037660837997331,0.00035906294188119,1,3,0.09999999999999998,0.0,0.7
clustering,heterogeneous,20,2,3,0.1,0.4,0.5,0.1,true,0.05,0.2,0.1,0.05,7043372089166577700.0,50,false,0.0,0.15830527759034535,0.00037660837997331,0.00035906294188119,1,3,0.09999999999999998,0.0,0.7
clustering,heterogeneous,20,2,3,0.1,0.4,0.5,0.1,true,0.05,0.2,0.1,0.05,4398895106259038200.0,50,false,0.0,0.15830527759034535,0.00037660837997331,0.00035906294188119,1,3,0.09999999999999998,0.0,0.7
clustering,heterogeneous,20,2,3,0.1,0.4,0.5,0.1,true,0.05,0.2,0.1,0.05,109591146466576384.0,50,false,0.0,0.15830527759034535,0.00037660837997331,0.00035906294188119,1,3,0.09999999999999998,0.0,0.7
clustering,heterogeneous,20,2,3,0.1,0.4,0.5,0.1,true,0.05,0.2,0.1,0.05,4477927936947039200.0,50,false,0.0,0.15830527759034535,0.00037660837997331,0.00035906294188119,1,3,0.09999999999999998,0.0,0.7
clustering,heterogeneous,20,2,3,0.1,0.4,0.5,0.1,true,0.05,0.2,0.1,0.05,4342572612484808700.0,50,false,0.0,0.15830527759034535,0.00037660837997331,0.00035906294188119,1,3,0.09999999999999998,0.0,0.7
clustering,heterogeneous,20,2,3,0.1,0.4,0.5,0.1,true,0.05,0.2,0.1,0.05,8803618445054126100.0,50,false,0.0,0.15830527759034535,0.00037660837997331,0.00035906294188119,1,3,0.09999999999999998,0.0,0.7
clustering,heterogeneous,20,2,3,0.1,0.4,0.5,0.1,true,0.05,0.2,0.1,0.05,7128893484183252000.0,50,false,0.0,0.15830527759034535,0.00037660837997331,0.00035906294188119,1,3,0.09999999999999998,0.0,0.7
clustering,heterogeneous,20,2,3,0.1,0.4,0.5,0.1,true,0.05,0.2,0.1,0.05,4286360386944651300.0,50,false,0.0,0.15830527759034535,0.00037660837997331,0.00035906294188119,1,3,0.09999999999999998,0.0,0.7
clustering,heterogeneous,55,2,2,0.5,0.4,0.2,0.2,true,0.1,0.0,0.1,0.05,7139002048363152400.0,15,false,0.0,0.1808433946320258,0.00000000000543064,0.00000000000327377,1,4,-0.2,0.0,0.5
clustering,heterogeneous,55,2,2,0.5,0.4,0.2,0.2,true,0.1,0.0,0.1,0.05,7240713591891685400.0,15,false,0.0,0.1808433946320258,0.00000000000543064,0.00000000000327377,1,4,-0.2,0.0,0.5
clustering,heterogeneous,15,3,3,0.1,0.2,0.8,0.1,true,0.0,0.2,0.1,0.05,4692690466958798800.0,35,false,0.0,0.08618765344494349,0.00001008186295419,0.00000667529391577,1,4,0.6000000000000001,0.0,0.3
clustering,heterogeneous,15,3,3,0.1,0.2,0.8,0.1,true,0.0,0.2,0.1,0.05,7240713591891685400.0,35,false,0.0,0.08618765344494349,0.00001008186295419,0.00000667529391577,1,4,0.6000000000000001,0.0,0.3
clustering,heterogeneous,55,2,2,0.5,0.4,0.2,0.2,true,0.1,0.0,0.1,0.05,4692690466958798800.0,15,false,0.0,0.1808433946320258,0.00000000000543064,0.00000000000327377,1,4,-0.2,0.0,0.5
clustering,heterogeneous,15,3,3,0.1,0.2,0.8,0.1,true,0.0,0.2,0.1,0.05,7139002048363152400.0,35,false,0.0,0.08618765344494349,0.00001008186295419,0.00000667529391577,1,4,0.6000000000000001,0.0,0.3
clustering,heterogeneous,55,2,2,0.5,0.4,0.2,0.2,true,0.1,0.0,0.1,0.05,8636175130330607600.0,15,false,0.0,0.1808433946320258,0.00000000000543064,0.00000000000327377,1,4,-0.2,0.0,0.5
clustering,heterogeneous,55,2,2,0.5,0.4,0.2,0.2,true,0.1,0.0,0.1,0.05,6905470370856337400.0,15,false,0.0,0.1808433946320258,0.00000000000543064,0.00000000000327377,1,4,-0.2,0.0,0.5
clustering,heterogeneous,55,2,2,0.5,0.4,0.2,0.2,true,0.1,0.0,0.1,0.05,5702577027890589700.0,15,false,0.0,0.1808433946320258,0.00000000000543064,0.00000000000327377,1,4,-0.2,0.0,0.5
clustering,heterogeneous,15,3,3,0.1,0.2,0.8,0.1,true,0.0,0.2,0.1,0.05,8636175130330607600.0,35,false,0.0,0.08618765344494349,0.00001008186295419,0.00000667529391577,1,4,0.6000000000000001,0.0,0.3
clustering,heterogeneous,55,2,2,0.5,0.4,0.2,0.2,true,0.1,0.0,0.1,0.05,1841142524168585220.0,15,false,0.0,0.1808433946320258,0.00000000000543064,0.00000000000327377,1,4,-0.2,0.0,0.5
clustering,heterogeneous,55,2,2,0.5,0.4,0.2,0.2,true,0.1,0.0,0.1,0.05,4398895106259038200.0,15,false,0.0,0.1808433946320258,0.00000000000543064,0.00000000000327377,1,4,-0.2,0.0,0.5
clustering,heterogeneous,55,2,2,0.5,0.4,0.2,0.2,true,0.1,0.0,0.1,0.05,8803618445054126100.0,15,false,0.0,0.1808433946320258,0.00000000000543064,0.00000000000327377,1,4,-0.2,0.0,0.5
clustering,heterogeneous,55,2,2,0.5,0.4,0.2,0.2,true,0.1,0.0,0.1,0.05,109591146466576384.0,15,false,0.0,0.1808433946320258,0.00000000000543064,0.00000000000327377,1,4,-0.2,0.0,0.5
clustering,heterogeneous,55,2,2,0.5,0.4,0.2,0.2,true,0.1,0.0,0.1,0.05,4342572612484808700.0,15,false,0.0,0.1808433946320258,0.00000000000543064,0.00000000000327377,1,4,-0.2,0.0,0.5
clustering,heterogeneous,55,2,2,0.5,0.4,0.2,0.2,true,0.1,0.0,0.1,0.05,7128893484183252000.0,15,false,0.0,0.1808433946320258,0.00000000000543064,0.00000000000327377,1,4,-0.2,0.0,0.5
clustering,heterogeneous,55,2,2,0.5,0.4,0.2,0.2,true,0.1,0.0,0.1,0.05,7043372089166577700.0,15,false,0.0,0.1808433946320258,0.00000000000543064,0.00000000000327377,1,4,-0.2,0.0,0.5
clustering,heterogeneous,55,2,2,0.5,0.4,0.2,0.2,true,0.1,0.0,0.1,0.05,4477927936947039200.0,15,false,0.0,0.1808433946320258,0.00000000000543064,0.00000000000327377,1,4,-0.2,0.0,0.5
clustering,heterogeneous,55,2,2,0.5,0.4,0.2,0.2,true,0.1,0.0,0.1,0.05,4286360386944651300.0,15,false,0.0,0.1808433946320258,0.00000000000543064,0.00000000000327377,1,4,-0.2,0.0,0.5
clustering,heterogeneous,15,3,3,0.1,0.2,0.8,0.1,true,0.0,0.2,0.1,0.05,6905470370856337400.0,35,false,0.0,0.08618765344494349,0.00001008186295419,0.00000667529391577,1,4,0.6000000000000001,0.0,0.3
clustering,heterogeneous,15,3,3,0.1,0.2,0.8,0.1,true,0.0,0.2,0.1,0.05,5702577027890589700.0,35,false,0.0,0.08618765344494349,0.00001008186295419,0.00000667529391577,1,4,0.6000000000000001,0.0,0.3
clustering,homogeneous,43,0,5,0.3,0.4,0.8,0.1,true,0.05,0.1,0.1,0.05,7139002048363152400.0,15,false,0.0,0.04540259227787877,0.0000005589205013,0.00000035141276729,1,3,0.4,0.0,0.3
clustering,homogeneous,43,0,5,0.3,0.4,0.8,0.1,true,0.05,0.1,0.1,0.05,7240713591891685400.0,15,false,0.0,0.04540259227787877,0.0000005589205013,0.00000035141276729,1,3,0.4,0.0,0.3
clustering,homogeneous,43,0,5,0.3,0.4,0.8,0.1,true,0.05,0.1,0.1,0.05,4692690466958798800.0,15,false,0.0,0.04540259227787877,0.0000005589205013,0.00000035141276729,1,3,0.4,0.0,0.3
clustering,homogeneous,43,0,5,0.3,0.4,0.8,0.1,true,0.05,0.1,0.1,0.05,8636175130330607600.0,15,false,0.0,0.04540259227787877,0.0000005589205013,0.00000035141276729,1,3,0.4,0.0,0.3
clustering,heterogeneous,15,3,3,0.1,0.2,0.8,0.1,true,0.0,0.2,0.1,0.05,1841142524168585220.0,35,false,0.0,0.08618765344494349,0.00001008186295419,0.00000667529391577,1,4,0.6000000000000001,0.0,0.3
clustering,heterogeneous,15,3,3,0.1,0.2,0.8,0.1,true,0.0,0.2,0.1,0.05,4398895106259038200.0,35,false,0.0,0.08618765344494349,0.00001008186295419,0.00000667529391577,1,4,0.6000000000000001,0.0,0.3
clustering,heterogeneous,15,3,3,0.1,0.2,0.8,0.1,true,0.0,0.2,0.1,0.05,7043372089166577700.0,35,false,0.0,0.08618765344494349,0.00001008186295419,0.00000667529391577,1,4,0.6000000000000001,0.0,0.3
clustering,heterogeneous,15,3,3,0.1,0.2,0.8,0.1,true,0.0,0.2,0.1,0.05,4342572612484808700.0,35,false,0.0,0.08618765344494349,0.00001008186295419,0.00000667529391577,1,4,0.6000000000000001,0.0,0.3
clustering,heterogeneous,15,3,3,0.1,0.2,0.8,0.1,true,0.0,0.2,0.1,0.05,8803618445054126100.0,35,false,0.0,0.08618765344494349,0.00001008186295419,0.00000667529391577,1,4,0.6000000000000001,0.0,0.3
clustering,heterogeneous,15,3,3,0.1,0.2,0.8,0.1,true,0.0,0.2,0.1,0.05,109591146466576384.0,35,false,0.0,0.08618765344494349,0.00001008186295419,0.00000667529391577,1,4,0.6000000000000001,0.0,0.3
clustering,heterogeneous,15,3,3,0.1,0.2,0.8,0.1,true,0.0,0.2,0.1,0.05,7128893484183252000.0,35,false,0.0,0.08618765344494349,0.00001008186295419,0.00000667529391577,1,4,0.6000000000000001,0.0,0.3
clustering,heterogeneous,15,3,3,0.1,0.2,0.8,0.1,true,0.0,0.2,0.1,0.05,4477927936947039200.0,35,false,0.0,0.08618765344494349,0.00001008186295419,0.00000667529391577,1,4,0.6000000000000001,0.0,0.3
clustering,heterogeneous,15,3,3,0.1,0.2,0.8,0.1,true,0.0,0.2,0.1,0.05,4286360386944651300.0,35,false,0.0,0.08618765344494349,0.00001008186295419,0.00000667529391577,1,4,0.6000000000000001,0.0,0.3
clustering,homogeneous,43,0,5,0.3,0.4,0.8,0.1,true,0.05,0.1,0.1,0.05,5702577027890589700.0,15,false,0.0,0.04540259227787877,0.0000005589205013,0.00000035141276729,1,3,0.4,0.0,0.3
clustering,homogeneous,43,0,5,0.3,0.4,0.8,0.1,true,0.05,0.1,0.1,0.05,6905470370856337400.0,15,false,0.0,0.04540259227787877,0.0000005589205013,0.00000035141276729,1,3,0.4,0.0,0.3
clustering,homogeneous,43,0,5,0.3,0.4,0.8,0.1,true,0.05,0.1,0.1,0.05,4398895106259038200.0,15,false,0.0,0.04540259227787877,0.0000005589205013,0.00000035141276729,1,3,0.4,0.0,0.3
clustering,homogeneous,43,0,5,0.3,0.4,0.8,0.1,true,0.05,0.1,0.1,0.05,1841142524168585220.0,15,false,0.0,0.04540259227787877,0.0000005589205013,0.00000035141276729,1,3,0.4,0.0,0.3
clustering,homogeneous,43,0,5,0.3,0.4,0.8,0.1,true,0.05,0.1,0.1,0.05,109591146466576384.0,15,false,0.0,0.04540259227787877,0.0000005589205013,0.00000035141276729,1,3,0.4,0.0,0.3
clustering,homogeneous,43,0,5,0.3,0.4,0.8,0.1,true,0.05,0.1,0.1,0.05,8803618445054126100.0,15,false,0.0,0.04540259227787877,0.0000005589205013,0.00000035141276729,1,3,0.4,0.0,0.3
clustering,homogeneous,43,0,5,0.3,0.4,0.8,0.1,true,0.05,0.1,0.1,0.05,7043372089166577700.0,15,false,0.0,0.04540259227787877,0.0000005589205013,0.00000035141276729,1,3,0.4,0.0,0.3
clustering,homogeneous,43,0,5,0.3,0.4,0.8,0.1,true,0.05,0.1,0.1,0.05,4342572612484808700.0,15,false,0.0,0.04540259227787877,0.0000005589205013,0.00000035141276729,1,3,0.4,0.0,0.3
clustering,homogeneous,43,0,5,0.3,0.4,0.8,0.1,true,0.05,0.1,0.1,0.05,7128893484183252000.0,15,false,0.0,0.04540259227787877,0.0000005589205013,0.00000035141276729,1,3,0.4,0.0,0.3
clustering,homogeneous,43,0,5,0.3,0.4,0.8,0.1,true,0.05,0.1,0.1,0.05,4477927936947039200.0,15,false,0.0,0.04540259227787877,0.0000005589205013,0.00000035141276729,1,3,0.4,0.0,0.3
clustering,homogeneous,43,0,5,0.3,0.4,0.8,0.1,true,0.05,0.1,0.1,0.05,4286360386944651300.0,15,false,0.0,0.04540259227787877,0.0000005589205013,0.00000035141276729,1,3,0.4,0.0,0.3
clustering,homogeneous,31,0,4,0.2,0.3,0.6,0.3,true,0.0,0.1,0.1,0.05,7240713591891685400.0,15,false,0.0,0.05328782103500128,0.00000105852366454,0.00000071867068487,1,3,0.3,0.0,0.3
clustering,homogeneous,31,0,4,0.2,0.3,0.6,0.3,true,0.0,0.1,0.1,0.05,7139002048363152400.0,15,false,0.0,0.05328782103500128,0.00000105852366454,0.00000071867068487,1,3,0.3,0.0,0.3
clustering,homogeneous,31,0,4,0.2,0.3,0.6,0.3,true,0.0,0.1,0.1,0.05,4692690466958798800.0,15,false,0.0,0.05328782103500128,0.00000105852366454,0.00000071867068487,1,3,0.3,0.0,0.3
clustering,homogeneous,31,0,4,0.2,0.3,0.6,0.3,true,0.0,0.1,0.1,0.05,8636175130330607600.0,15,false,0.0,0.05328782103500128,0.00000105852366454,0.00000071867068487,1,3,0.3,0.0,0.3
clustering,homogeneous,31,0,4,0.2,0.3,0.6,0.3,true,0.0,0.1,0.1,0.05,1841142524168585220.0,15,false,0.0,0.05328782103500128,0.00000105852366454,0.00000071867068487,1,3,0.3,0.0,0.3
clustering,homogeneous,31,0,4,0.2,0.3,0.6,0.3,true,0.0,0.1,0.1,0.05,5702577027890589700.0,15,false,0.0,0.05328782103500128,0.00000105852366454,0.00000071867068487,1,3,0.3,0.0,0.3
clustering,homogeneous,31,0,4,0.2,0.3,0.6,0.3,true,0.0,0.1,0.1,0.05,6905470370856337400.0,15,false,0.0,0.05328782103500128,0.00000105852366454,0.00000071867068487,1,3,0.3,0.0,0.3
clustering,homogeneous,31,0,4,0.2,0.3,0.6,0.3,true,0.0,0.1,0.1,0.05,4398895106259038200.0,15,false,0.0,0.05328782103500128,0.00000105852366454,0.00000071867068487,1,3,0.3,0.0,0.3
clustering,homogeneous,31,0,4,0.2,0.3,0.6,0.3,true,0.0,0.1,0.1,0.05,4342572612484808700.0,15,false,0.0,0.05328782103500128,0.00000105852366454,0.00000071867068487,1,3,0.3,0.0,0.3
clustering,homogeneous,31,0,4,0.2,0.3,0.6,0.3,true,0.0,0.1,0.1,0.05,8803618445054126100.0,15,false,0.0,0.05328782103500128,0.00000105852366454,0.00000071867068487,1,3,0.3,0.0,0.3
clustering,homogeneous,31,0,4,0.2,0.3,0.6,0.3,true,0.0,0.1,0.1,0.05,7043372089166577700.0,15,false,0.0,0.05328782103500128,0.00000105852366454,0.00000071867068487,1,3,0.3,0.0,0.3
clustering,homogeneous,31,0,4,0.2,0.3,0.6,0.3,true,0.0,0.1,0.1,0.05,7128893484183252000.0,15,false,0.0,0.05328782103500128,0.00000105852366454,0.00000071867068487,1,3,0.3,0.0,0.3
clustering,homogeneous,31,0,4,0.2,0.3,0.6,0.3,true,0.0,0.1,0.1,0.05,109591146466576384.0,15,false,0.0,0.05328782103500128,0.00000105852366454,0.00000071867068487,1,3,0.3,0.0,0.3
clustering,homogeneous,31,0,4,0.2,0.3,0.6,0.3,true,0.0,0.1,0.1,0.05,4286360386944651300.0,15,false,0.0,0.05328782103500128,0.00000105852366454,0.00000071867068487,1,3,0.3,0.0,0.3
clustering,homogeneous,31,0,4,0.2,0.3,0.6,0.3,true,0.0,0.1,0.1,0.05,4477927936947039200.0,15,false,0.0,0.05328782103500128,0.00000105852366454,0.00000071867068487,1,3,0.3,0.0,0.3
clustering,homogeneous,53,0,4,0.3,0.8,0.2,0.1,true,0.05,0.0,0.1,0.05,7139002048363152400.0,15,false,0.0,0.06711495798015929,0.00000000050797621,0.00000000023944067,1,1,-0.6000000000000001,0.0,0.3
clustering,homogeneous,53,0,4,0.3,0.8,0.2,0.1,true,0.05,0.0,0.1,0.05,7240713591891685400.0,15,false,0.0,0.06711495798015929,0.00000000050797621,0.00000000023944067,1,1,-0.6000000000000001,0.0,0.3
clustering,homogeneous,53,0,4,0.3,0.8,0.2,0.1,true,0.05,0.0,0.1,0.05,4692690466958798800.0,15,false,0.0,0.06711495798015929,0.00000000050797621,0.00000000023944067,1,1,-0.6000000000000001,0.0,0.3
clustering,homogeneous,53,0,4,0.3,0.8,0.2,0.1,true,0.05,0.0,0.1,0.05,8636175130330607600.0,15,false,0.0,0.06711495798015929,0.00000000050797621,0.00000000023944067,1,1,-0.6000000000000001,0.0,0.3
clustering,homogeneous,53,0,4,0.3,0.8,0.2,0.1,true,0.05,0.0,0.1,0.05,6905470370856337400.0,15,false,0.0,0.06711495798015929,0.00000000050797621,0.00000000023944067,1,1,-0.6000000000000001,0.0,0.3
clustering,homogeneous,53,0,4,0.3,0.8,0.2,0.1,true,0.05,0.0,0.1,0.05,5702577027890589700.0,15,false,0.0,0.06711495798015929,0.00000000050797621,0.00000000023944067,1,1,-0.6000000000000001,0.0,0.3
clustering,homogeneous,53,0,4,0.3,0.8,0.2,0.1,true,0.05,0.0,0.1,0.05,1841142524168585220.0,15,false,0.0,0.06711495798015929,0.00000000050797621,0.00000000023944067,1,1,-0.6000000000000001,0.0,0.3
clustering,homogeneous,53,0,4,0.3,0.8,0.2,0.1,true,0.05,0.0,0.1,0.05,4398895106259038200.0,15,false,0.0,0.06711495798015929,0.00000000050797621,0.00000000023944067,1,1,-0.6000000000000001,0.0,0.3
clustering,homogeneous,53,0,4,0.3,0.8,0.2,0.1,true,0.05,0.0,0.1,0.05,8803618445054126100.0,15,false,0.0,0.06711495798015929,0.00000000050797621,0.00000000023944067,1,1,-0.6000000000000001,0.0,0.3
clustering,homogeneous,53,0,4,0.3,0.8,0.2,0.1,true,0.05,0.0,0.1,0.05,7128893484183252000.0,15,false,0.0,0.06711495798015929,0.00000000050797621,0.00000000023944067,1,1,-0.6000000000000001,0.0,0.3
clustering,homogeneous,53,0,4,0.3,0.8,0.2,0.1,true,0.05,0.0,0.1,0.05,4342572612484808700.0,15,false,0.0,0.06711495798015929,0.00000000050797621,0.00000000023944067,1,1,-0.6000000000000001,0.0,0.3
clustering,homogeneous,53,0,4,0.3,0.8,0.2,0.1,true,0.05,0.0,0.1,0.05,109591146466576384.0,15,false,0.0,0.06711495798015929,0.00000000050797621,0.00000000023944067,1,1,-0.6000000000000001,0.0,0.3
clustering,homogeneous,53,0,4,0.3,0.8,0.2,0.1,true,0.05,0.0,0.1,0.05,7043372089166577700.0,15,false,0.0,0.06711495798015929,0.00000000050797621,0.00000000023944067,1,1,-0.6000000000000001,0.0,0.3
clustering,homogeneous,53,0,4,0.3,0.8,0.2,0.1,true,0.05,0.0,0.1,0.05,4477927936947039200.0,15,false,0.0,0.06711495798015929,0.00000000050797621,0.00000000023944067,1,1,-0.6000000000000001,0.0,0.3
clustering,homogeneous,53,0,4,0.3,0.8,0.2,0.1,true,0.05,0.0,0.1,0.05,4286360386944651300.0,15,false,0.0,0.06711495798015929,0.00000000050797621,0.00000000023944067,1,1,-0.6000000000000001,0.0,0.3
clustering,heterogeneous,18,2,2,0.2,0.3,0.0,0.3,true,0.0,0.2,0.1,0.05,7139002048363152400.0,20,false,0.0,0.09495173484655872,0.00000032818870939,0.00000015478947513,1,3,-0.3,0.0,0.5
clustering,heterogeneous,18,2,2,0.2,0.3,0.0,0.3,true,0.0,0.2,0.1,0.05,4692690466958798800.0,20,false,0.0,0.09495173484655872,0.00000032818870939,0.00000015478947513,1,3,-0.3,0.0,0.5
clustering,heterogeneous,18,2,2,0.2,0.3,0.0,0.3,true,0.0,0.2,0.1,0.05,7240713591891685400.0,20,false,0.0,0.09495173484655872,0.00000032818870939,0.00000015478947513,1,3,-0.3,0.0,0.5
clustering,heterogeneous,18,2,2,0.2,0.3,0.0,0.3,true,0.0,0.2,0.1,0.05,8636175130330607600.0,20,false,0.0,0.09495173484655872,0.00000032818870939,0.00000015478947513,1,3,-0.3,0.0,0.5
clustering,heterogeneous,18,2,2,0.2,0.3,0.0,0.3,true,0.0,0.2,0.1,0.05,5702577027890589700.0,20,false,0.0,0.09495173484655872,0.00000032818870939,0.00000015478947513,1,3,-0.3,0.0,0.5
clustering,homogeneous,35,0,6,0.5,0.2,0.8,0.2,true,0.1,0.3,0.1,0.05,7240713591891685400.0,15,false,0.0,0.07356019938075573,0.00000001234256033,0.00000000790627095,1,4,0.6000000000000001,0.0,0.0
clustering,heterogeneous,18,2,2,0.2,0.3,0.0,0.3,true,0.0,0.2,0.1,0.05,1841142524168585220.0,20,false,0.0,0.09495173484655872,0.00000032818870939,0.00000015478947513,1,3,-0.3,0.0,0.5
clustering,homogeneous,35,0,6,0.5,0.2,0.8,0.2,true,0.1,0.3,0.1,0.05,4692690466958798800.0,15,false,0.0,0.07356019938075573,0.00000001234256033,0.00000000790627095,1,4,0.6000000000000001,0.0,0.0
clustering,homogeneous,35,0,6,0.5,0.2,0.8,0.2,true,0.1,0.3,0.1,0.05,7139002048363152400.0,15,false,0.0,0.07356019938075573,0.00000001234256033,0.00000000790627095,1,4,0.6000000000000001,0.0,0.0
clustering,heterogeneous,18,2,2,0.2,0.3,0.0,0.3,true,0.0,0.2,0.1,0.05,8803618445054126100.0,20,false,0.0,0.09495173484655872,0.00000032818870939,0.00000015478947513,1,3,-0.3,0.0,0.5
clustering,heterogeneous,18,2,2,0.2,0.3,0.0,0.3,true,0.0,0.2,0.1,0.05,6905470370856337400.0,20,false,0.0,0.09495173484655872,0.00000032818870939,0.00000015478947513,1,3,-0.3,0.0,0.5
clustering,heterogeneous,18,2,2,0.2,0.3,0.0,0.3,true,0.0,0.2,0.1,0.05,4398895106259038200.0,20,false,0.0,0.09495173484655872,0.00000032818870939,0.00000015478947513,1,3,-0.3,0.0,0.5
clustering,homogeneous,35,0,6,0.5,0.2,0.8,0.2,true,0.1,0.3,0.1,0.05,8636175130330607600.0,15,false,0.0,0.07356019938075573,0.00000001234256033,0.00000000790627095,1,4,0.6000000000000001,0.0,0.0
clustering,homogeneous,35,0,6,0.5,0.2,0.8,0.2,true,0.1,0.3,0.1,0.05,6905470370856337400.0,15,false,0.0,0.07356019938075573,0.00000001234256033,0.00000000790627095,1,4,0.6000000000000001,0.0,0.0
clustering,heterogeneous,18,2,2,0.2,0.3,0.0,0.3,true,0.0,0.2,0.1,0.05,4342572612484808700.0,20,false,0.0,0.09495173484655872,0.00000032818870939,0.00000015478947513,1,3,-0.3,0.0,0.5
clustering,homogeneous,35,0,6,0.5,0.2,0.8,0.2,true,0.1,0.3,0.1,0.05,5702577027890589700.0,15,false,0.0,0.07356019938075573,0.00000001234256033,0.00000000790627095,1,4,0.6000000000000001,0.0,0.0
clustering,heterogeneous,18,2,2,0.2,0.3,0.0,0.3,true,0.0,0.2,0.1,0.05,109591146466576384.0,20,false,0.0,0.09495173484655872,0.00000032818870939,0.00000015478947513,1,3,-0.3,0.0,0.5
clustering,homogeneous,35,0,6,0.5,0.2,0.8,0.2,true,0.1,0.3,0.1,0.05,1841142524168585220.0,15,false,0.0,0.07356019938075573,0.00000001234256033,0.00000000790627095,1,4,0.6000000000000001,0.0,0.0
clustering,homogeneous,35,0,6,0.5,0.2,0.8,0.2,true,0.1,0.3,0.1,0.05,4398895106259038200.0,15,false,0.0,0.07356019938075573,0.00000001234256033,0.00000000790627095,1,4,0.6000000000000001,0.0,0.0
clustering,homogeneous,35,0,6,0.5,0.2,0.8,0.2,true,0.1,0.3,0.1,0.05,8803618445054126100.0,15,false,0.0,0.07356019938075573,0.00000001234256033,0.00000000790627095,1,4,0.6000000000000001,0.0,0.0
clustering,heterogeneous,18,2,2,0.2,0.3,0.0,0.3,true,0.0,0.2,0.1,0.05,7043372089166577700.0,20,false,0.0,0.09495173484655872,0.00000032818870939,0.00000015478947513,1,3,-0.3,0.0,0.5
clustering,homogeneous,35,0,6,0.5,0.2,0.8,0.2,true,0.1,0.3,0.1,0.05,4342572612484808700.0,15,false,0.0,0.07356019938075573,0.00000001234256033,0.00000000790627095,1,4,0.6000000000000001,0.0,0.0
clustering,heterogeneous,18,2,2,0.2,0.3,0.0,0.3,true,0.0,0.2,0.1,0.05,4477927936947039200.0,20,false,0.0,0.09495173484655872,0.00000032818870939,0.00000015478947513,1,3,-0.3,0.0,0.5
clustering,homogeneous,35,0,6,0.5,0.2,0.8,0.2,true,0.1,0.3,0.1,0.05,109591146466576384.0,15,false,0.0,0.07356019938075573,0.00000001234256033,0.00000000790627095,1,4,0.6000000000000001,0.0,0.0
clustering,heterogeneous,18,2,2,0.2,0.3,0.0,0.3,true,0.0,0.2,0.1,0.05,7128893484183252000.0,20,false,0.0,0.09495173484655872,0.00000032818870939,0.00000015478947513,1,3,-0.3,0.0,0.5
clustering,homogeneous,35,0,6,0.5,0.2,0.8,0.2,true,0.1,0.3,0.1,0.05,4286360386944651300.0,15,false,0.0,0.07356019938075573,0.00000001234256033,0.00000000790627095,1,4,0.6000000000000001,0.0,0.0
clustering,homogeneous,35,0,6,0.5,0.2,0.8,0.2,true,0.1,0.3,0.1,0.05,7128893484183252000.0,15,false,0.0,0.07356019938075573,0.00000001234256033,0.00000000790627095,1,4,0.6000000000000001,0.0,0.0
clustering,homogeneous,35,0,6,0.5,0.2,0.8,0.2,true,0.1,0.3,0.1,0.05,7043372089166577700.0,15,false,0.0,0.07356019938075573,0.00000001234256033,0.00000000790627095,1,4,0.6000000000000001,0.0,0.0
clustering,homogeneous,35,0,6,0.5,0.2,0.8,0.2,true,0.1,0.3,0.1,0.05,4477927936947039200.0,15,false,0.0,0.07356019938075573,0.00000001234256033,0.00000000790627095,1,4,0.6000000000000001,0.0,0.0
clustering,heterogeneous,18,2,2,0.2,0.3,0.0,0.3,true,0.0,0.2,0.1,0.05,4286360386944651300.0,20,false,0.0,0.09495173484655872,0.00000032818870939,0.00000015478947513,1,3,-0.3,0.0,0.5
clustering,homogeneous,11,0,5,0.1,0.7,0.5,0.3,true,0.2,0.1,0.1,0.05,7139002048363152400.0,15,false,0.0,0.06106558284836758,0.00116509386332863,0.0009627956884186,2,3,-0.19999999999999996,0.0,0.5
clustering,homogeneous,11,0,5,0.1,0.7,0.5,0.3,true,0.2,0.1,0.1,0.05,7240713591891685400.0,15,false,0.0,0.06106558284836758,0.00116509386332863,0.0009627956884186,2,3,-0.19999999999999996,0.0,0.5
clustering,homogeneous,11,0,5,0.1,0.7,0.5,0.3,true,0.2,0.1,0.1,0.05,4692690466958798800.0,15,false,0.0,0.06106558284836758,0.00116509386332863,0.0009627956884186,2,3,-0.19999999999999996,0.0,0.5
clustering,homogeneous,11,0,5,0.1,0.7,0.5,0.3,true,0.2,0.1,0.1,0.05,8636175130330607600.0,15,false,0.0,0.06106558284836758,0.00116509386332863,0.0009627956884186,2,3,-0.19999999999999996,0.0,0.5
clustering,homogeneous,11,0,5,0.1,0.7,0.5,0.3,true,0.2,0.1,0.1,0.05,6905470370856337400.0,15,false,0.0,0.06106558284836758,0.00116509386332863,0.0009627956884186,2,3,-0.19999999999999996,0.0,0.5
clustering,homogeneous,11,0,5,0.1,0.7,0.5,0.3,true,0.2,0.1,0.1,0.05,5702577027890589700.0,15,false,0.0,0.06106558284836758,0.00116509386332863,0.0009627956884186,2,3,-0.19999999999999996,0.0,0.5
clustering,homogeneous,11,0,5,0.1,0.7,0.5,0.3,true,0.2,0.1,0.1,0.05,4342572612484808700.0,15,false,0.0,0.06106558284836758,0.00116509386332863,0.0009627956884186,2,3,-0.19999999999999996,0.0,0.5
clustering,homogeneous,11,0,5,0.1,0.7,0.5,0.3,true,0.2,0.1,0.1,0.05,8803618445054126100.0,15,false,0.0,0.06106558284836758,0.00116509386332863,0.0009627956884186,2,3,-0.19999999999999996,0.0,0.5
clustering,homogeneous,11,0,5,0.1,0.7,0.5,0.3,true,0.2,0.1,0.1,0.05,4398895106259038200.0,15,false,0.0,0.06106558284836758,0.00116509386332863,0.0009627956884186,2,3,-0.19999999999999996,0.0,0.5
clustering,homogeneous,11,0,5,0.1,0.7,0.5,0.3,true,0.2,0.1,0.1,0.05,7043372089166577700.0,15,false,0.0,0.06106558284836758,0.00116509386332863,0.0009627956884186,2,3,-0.19999999999999996,0.0,0.5
clustering,homogeneous,11,0,5,0.1,0.7,0.5,0.3,true,0.2,0.1,0.1,0.05,1841142524168585220.0,15,false,0.0,0.06106558284836758,0.00116509386332863,0.0009627956884186,2,3,-0.19999999999999996,0.0,0.5
clustering,homogeneous,11,0,5,0.1,0.7,0.5,0.3,true,0.2,0.1,0.1,0.05,7128893484183252000.0,15,false,0.0,0.06106558284836758,0.00116509386332863,0.0009627956884186,2,3,-0.19999999999999996,0.0,0.5
clustering,homogeneous,11,0,5,0.1,0.7,0.5,0.3,true,0.2,0.1,0.1,0.05,109591146466576384.0,15,false,0.0,0.06106558284836758,0.00116509386332863,0.0009627956884186,2,3,-0.19999999999999996,0.0,0.5
clustering,homogeneous,11,0,5,0.1,0.7,0.5,0.3,true,0.2,0.1,0.1,0.05,4477927936947039200.0,15,false,0.0,0.06106558284836758,0.00116509386332863,0.0009627956884186,2,3,-0.19999999999999996,0.0,0.5
clustering,homogeneous,11,0,5,0.1,0.7,0.5,0.3,true,0.2,0.1,0.1,0.05,4286360386944651300.0,15,false,0.0,0.06106558284836758,0.00116509386332863,0.0009627956884186,2,3,-0.19999999999999996,0.0,0.5
clustering,heterogeneous,47,2,2,0.5,0.2,0.5,0.3,true,0.05,0.3,0.1,0.05,4692690466958798800.0,15,false,0.0,0.14315605368955645,0.00000000095086732,0.00000000063079772,1,3,0.3,0.0,0.7
clustering,heterogeneous,47,2,2,0.5,0.2,0.5,0.3,true,0.05,0.3,0.1,0.05,7139002048363152400.0,15,false,0.0,0.14315605368955645,0.00000000095086732,0.00000000063079772,1,3,0.3,0.0,0.7
clustering,heterogeneous,47,2,2,0.5,0.2,0.5,0.3,true,0.05,0.3,0.1,0.05,7240713591891685400.0,15,false,0.0,0.14315605368955645,0.00000000095086732,0.00000000063079772,1,3,0.3,0.0,0.7
clustering,heterogeneous,47,2,2,0.5,0.2,0.5,0.3,true,0.05,0.3,0.1,0.05,8636175130330607600.0,15,false,0.0,0.14315605368955645,0.00000000095086732,0.00000000063079772,1,3,0.3,0.0,0.7
clustering,heterogeneous,47,2,2,0.5,0.2,0.5,0.3,true,0.05,0.3,0.1,0.05,6905470370856337400.0,15,false,0.0,0.14315605368955645,0.00000000095086732,0.00000000063079772,1,3,0.3,0.0,0.7
clustering,heterogeneous,47,2,2,0.5,0.2,0.5,0.3,true,0.05,0.3,0.1,0.05,5702577027890589700.0,15,false,0.0,0.14315605368955645,0.00000000095086732,0.00000000063079772,1,3,0.3,0.0,0.7
clustering,heterogeneous,47,2,2,0.5,0.2,0.5,0.3,true,0.05,0.3,0.1,0.05,1841142524168585220.0,15,false,0.0,0.14315605368955645,0.00000000095086732,0.00000000063079772,1,3,0.3,0.0,0.7
clustering,heterogeneous,47,2,2,0.5,0.2,0.5,0.3,true,0.05,0.3,0.1,0.05,8803618445054126100.0,15,false,0.0,0.14315605368955645,0.00000000095086732,0.00000000063079772,1,3,0.3,0.0,0.7
clustering,heterogeneous,47,2,2,0.5,0.2,0.5,0.3,true,0.05,0.3,0.1,0.05,4342572612484808700.0,15,false,0.0,0.14315605368955645,0.00000000095086732,0.00000000063079772,1,3,0.3,0.0,0.7
clustering,homogeneous,50,0,6,0.4,0.4,0.5,0.1,true,0.05,0.2,0.1,0.05,7139002048363152400.0,15,false,0.0,0.07559376792817794,0.00000000028445196,0.00000000029223766,1,3,0.09999999999999998,0.0,0.7
clustering,heterogeneous,47,2,2,0.5,0.2,0.5,0.3,true,0.05,0.3,0.1,0.05,7043372089166577700.0,15,false,0.0,0.14315605368955645,0.00000000095086732,0.00000000063079772,1,3,0.3,0.0,0.7
clustering,heterogeneous,47,2,2,0.5,0.2,0.5,0.3,true,0.05,0.3,0.1,0.05,4398895106259038200.0,15,false,0.0,0.14315605368955645,0.00000000095086732,0.00000000063079772,1,3,0.3,0.0,0.7
clustering,heterogeneous,47,2,2,0.5,0.2,0.5,0.3,true,0.05,0.3,0.1,0.05,7128893484183252000.0,15,false,0.0,0.14315605368955645,0.00000000095086732,0.00000000063079772,1,3,0.3,0.0,0.7
clustering,heterogeneous,47,2,2,0.5,0.2,0.5,0.3,true,0.05,0.3,0.1,0.05,109591146466576384.0,15,false,0.0,0.14315605368955645,0.00000000095086732,0.00000000063079772,1,3,0.3,0.0,0.7
clustering,heterogeneous,47,2,2,0.5,0.2,0.5,0.3,true,0.05,0.3,0.1,0.05,4286360386944651300.0,15,false,0.0,0.14315605368955645,0.00000000095086732,0.00000000063079772,1,3,0.3,0.0,0.7
clustering,heterogeneous,47,2,2,0.5,0.2,0.5,0.3,true,0.05,0.3,0.1,0.05,4477927936947039200.0,15,false,0.0,0.14315605368955645,0.00000000095086732,0.00000000063079772,1,3,0.3,0.0,0.7
clustering,homogeneous,50,0,6,0.4,0.4,0.5,0.1,true,0.05,0.2,0.1,0.05,7240713591891685400.0,15,false,0.0,0.07559376792817794,0.00000000028445196,0.00000000029223766,1,3,0.09999999999999998,0.0,0.7
clustering,homogeneous,50,0,6,0.4,0.4,0.5,0.1,true,0.05,0.2,0.1,0.05,4692690466958798800.0,15,false,0.0,0.07559376792817794,0.00000000028445196,0.00000000029223766,1,3,0.09999999999999998,0.0,0.7
clustering,homogeneous,50,0,6,0.4,0.4,0.5,0.1,true,0.05,0.2,0.1,0.05,8636175130330607600.0,15,false,0.0,0.07559376792817794,0.00000000028445196,0.00000000029223766,1,3,0.09999999999999998,0.0,0.7
clustering,homogeneous,50,0,6,0.4,0.4,0.5,0.1,true,0.05,0.2,0.1,0.05,6905470370856337400.0,15,false,0.0,0.07559376792817794,0.00000000028445196,0.00000000029223766,1,3,0.09999999999999998,0.0,0.7
clustering,homogeneous,50,0,6,0.4,0.4,0.5,0.1,true,0.05,0.2,0.1,0.05,5702577027890589700.0,15,false,0.0,0.07559376792817794,0.00000000028445196,0.00000000029223766,1,3,0.09999999999999998,0.0,0.7
clustering,homogeneous,50,0,6,0.4,0.4,0.5,0.1,true,0.05,0.2,0.1,0.05,1841142524168585220.0,15,false,0.0,0.07559376792817794,0.00000000028445196,0.00000000029223766,1,3,0.09999999999999998,0.0,0.7
clustering,homogeneous,50,0,6,0.4,0.4,0.5,0.1,true,0.05,0.2,0.1,0.05,4398895106259038200.0,15,false,0.0,0.07559376792817794,0.00000000028445196,0.00000000029223766,1,3,0.09999999999999998,0.0,0.7
clustering,heterogeneous,13,2,2,0.1,0.3,0.8,0.2,true,0.1,0.0,0.1,0.05,7139002048363152400.0,15,false,0.0,0.06707150258752181,0.02668396215581242,0.02301477059488973,2,2,0.5,0.0,1.0
clustering,homogeneous,50,0,6,0.4,0.4,0.5,0.1,true,0.05,0.2,0.1,0.05,8803618445054126100.0,15,false,0.0,0.07559376792817794,0.00000000028445196,0.00000000029223766,1,3,0.09999999999999998,0.0,0.7
clustering,heterogeneous,13,2,2,0.1,0.3,0.8,0.2,true,0.1,0.0,0.1,0.05,4692690466958798800.0,15,false,0.0,0.06707150258752181,0.02668396215581242,0.02301477059488973,2,2,0.5,0.0,1.0
clustering,homogeneous,50,0,6,0.4,0.4,0.5,0.1,true,0.05,0.2,0.1,0.05,109591146466576384.0,15,false,0.0,0.07559376792817794,0.00000000028445196,0.00000000029223766,1,3,0.09999999999999998,0.0,0.7
clustering,homogeneous,50,0,6,0.4,0.4,0.5,0.1,true,0.05,0.2,0.1,0.05,4286360386944651300.0,15,false,0.0,0.07559376792817794,0.00000000028445196,0.00000000029223766,1,3,0.09999999999999998,0.0,0.7
clustering,heterogeneous,13,2,2,0.1,0.3,0.8,0.2,true,0.1,0.0,0.1,0.05,8636175130330607600.0,15,false,0.0,0.06707150258752181,0.02668396215581242,0.02301477059488973,2,2,0.5,0.0,1.0
clustering,homogeneous,50,0,6,0.4,0.4,0.5,0.1,true,0.05,0.2,0.1,0.05,7043372089166577700.0,15,false,0.0,0.07559376792817794,0.00000000028445196,0.00000000029223766,1,3,0.09999999999999998,0.0,0.7
clustering,heterogeneous,13,2,2,0.1,0.3,0.8,0.2,true,0.1,0.0,0.1,0.05,7240713591891685400.0,15,false,0.0,0.06707150258752181,0.02668396215581242,0.02301477059488973,2,2,0.5,0.0,1.0
clustering,homogeneous,50,0,6,0.4,0.4,0.5,0.1,true,0.05,0.2,0.1,0.05,7128893484183252000.0,15,false,0.0,0.07559376792817794,0.00000000028445196,0.00000000029223766,1,3,0.09999999999999998,0.0,0.7
clustering,homogeneous,50,0,6,0.4,0.4,0.5,0.1,true,0.05,0.2,0.1,0.05,4342572612484808700.0,15,false,0.0,0.07559376792817794,0.00000000028445196,0.00000000029223766,1,3,0.09999999999999998,0.0,0.7
clustering,homogeneous,50,0,6,0.4,0.4,0.5,0.1,true,0.05,0.2,0.1,0.05,4477927936947039200.0,15,false,0.0,0.07559376792817794,0.00000000028445196,0.00000000029223766,1,3,0.09999999999999998,0.0,0.7
clustering,heterogeneous,13,2,2,0.1,0.3,0.8,0.2,true,0.1,0.0,0.1,0.05,6905470370856337400.0,15,false,0.0,0.06707150258752181,0.02668396215581242,0.02301477059488973,2,2,0.5,0.0,1.0
clustering,heterogeneous,13,2,2,0.1,0.3,0.8,0.2,true,0.1,0.0,0.1,0.05,5702577027890589700.0,15,false,0.0,0.06707150258752181,0.02668396215581242,0.02301477059488973,2,2,0.5,0.0,1.0
clustering,heterogeneous,13,2,2,0.1,0.3,0.8,0.2,true,0.1,0.0,0.1,0.05,1841142524168585220.0,15,false,0.0,0.06707150258752181,0.02668396215581242,0.02301477059488973,2,2,0.5,0.0,1.0
clustering,heterogeneous,13,2,2,0.1,0.3,0.8,0.2,true,0.1,0.0,0.1,0.05,4398895106259038200.0,15,false,0.0,0.06707150258752181,0.02668396215581242,0.02301477059488973,2,2,0.5,0.0,1.0
clustering,homogeneous,31,0,4,0.1,0.2,0.8,0.3,true,0.1,0.0,0.1,0.05,7139002048363152400.0,50,false,0.0,0.1054091339013422,0.00010392940232031,0.00007653634102409,1,3,0.6000000000000001,0.0,0.0
clustering,homogeneous,31,0,4,0.1,0.2,0.8,0.3,true,0.1,0.0,0.1,0.05,4692690466958798800.0,50,false,0.0,0.1054091339013422,0.00010392940232031,0.00007653634102409,1,3,0.6000000000000001,0.0,0.0
clustering,homogeneous,31,0,4,0.1,0.2,0.8,0.3,true,0.1,0.0,0.1,0.05,7240713591891685400.0,50,false,0.0,0.1054091339013422,0.00010392940232031,0.00007653634102409,1,3,0.6000000000000001,0.0,0.0
clustering,homogeneous,31,0,4,0.1,0.2,0.8,0.3,true,0.1,0.0,0.1,0.05,8636175130330607600.0,50,false,0.0,0.1054091339013422,0.00010392940232031,0.00007653634102409,1,3,0.6000000000000001,0.0,0.0
clustering,homogeneous,31,0,4,0.1,0.2,0.8,0.3,true,0.1,0.0,0.1,0.05,6905470370856337400.0,50,false,0.0,0.1054091339013422,0.00010392940232031,0.00007653634102409,1,3,0.6000000000000001,0.0,0.0
clustering,homogeneous,31,0,4,0.1,0.2,0.8,0.3,true,0.1,0.0,0.1,0.05,4398895106259038200.0,50,false,0.0,0.1054091339013422,0.00010392940232031,0.00007653634102409,1,3,0.6000000000000001,0.0,0.0
clustering,homogeneous,31,0,4,0.1,0.2,0.8,0.3,true,0.1,0.0,0.1,0.05,1841142524168585220.0,50,false,0.0,0.1054091339013422,0.00010392940232031,0.00007653634102409,1,3,0.6000000000000001,0.0,0.0
clustering,homogeneous,31,0,4,0.1,0.2,0.8,0.3,true,0.1,0.0,0.1,0.05,5702577027890589700.0,50,false,0.0,0.1054091339013422,0.00010392940232031,0.00007653634102409,1,3,0.6000000000000001,0.0,0.0
clustering,homogeneous,31,0,4,0.1,0.2,0.8,0.3,true,0.1,0.0,0.1,0.05,4286360386944651300.0,50,false,0.0,0.1054091339013422,0.00010392940232031,0.00007653634102409,1,3,0.6000000000000001,0.0,0.0
clustering,homogeneous,31,0,4,0.1,0.2,0.8,0.3,true,0.1,0.0,0.1,0.05,7128893484183252000.0,50,false,0.0,0.1054091339013422,0.00010392940232031,0.00007653634102409,1,3,0.6000000000000001,0.0,0.0
clustering,homogeneous,31,0,4,0.1,0.2,0.8,0.3,true,0.1,0.0,0.1,0.05,109591146466576384.0,50,false,0.0,0.1054091339013422,0.00010392940232031,0.00007653634102409,1,3,0.6000000000000001,0.0,0.0
clustering,homogeneous,31,0,4,0.1,0.2,0.8,0.3,true,0.1,0.0,0.1,0.05,4342572612484808700.0,50,false,0.0,0.1054091339013422,0.00010392940232031,0.00007653634102409,1,3,0.6000000000000001,0.0,0.0
clustering,homogeneous,31,0,4,0.1,0.2,0.8,0.3,true,0.1,0.0,0.1,0.05,4477927936947039200.0,50,false,0.0,0.1054091339013422,0.00010392940232031,0.00007653634102409,1,3,0.6000000000000001,0.0,0.0
clustering,homogeneous,31,0,4,0.1,0.2,0.8,0.3,true,0.1,0.0,0.1,0.05,7043372089166577700.0,50,false,0.0,0.1054091339013422,0.00010392940232031,0.00007653634102409,1,3,0.6000000000000001,0.0,0.0
clustering,homogeneous,31,0,4,0.1,0.2,0.8,0.3,true,0.1,0.0,0.1,0.05,8803618445054126100.0,50,false,0.0,0.1054091339013422,0.00010392940232031,0.00007653634102409,1,3,0.6000000000000001,0.0,0.0
clustering,heterogeneous,13,2,2,0.1,0.3,0.8,0.2,true,0.1,0.0,0.1,0.05,8803618445054126100.0,15,false,0.0,0.06707150258752181,0.02668396215581242,0.02301477059488973,2,2,0.5,0.0,1.0
clustering,heterogeneous,13,2,2,0.1,0.3,0.8,0.2,true,0.1,0.0,0.1,0.05,7043372089166577700.0,15,false,0.0,0.06707150258752181,0.02668396215581242,0.02301477059488973,2,2,0.5,0.0,1.0
clustering,heterogeneous,13,2,2,0.1,0.3,0.8,0.2,true,0.1,0.0,0.1,0.05,7128893484183252000.0,15,false,0.0,0.06707150258752181,0.02668396215581242,0.02301477059488973,2,2,0.5,0.0,1.0
clustering,heterogeneous,13,2,2,0.1,0.3,0.8,0.2,true,0.1,0.0,0.1,0.05,4342572612484808700.0,15,false,0.0,0.06707150258752181,0.02668396215581242,0.02301477059488973,2,2,0.5,0.0,1.0
clustering,heterogeneous,13,2,2,0.1,0.3,0.8,0.2,true,0.1,0.0,0.1,0.05,4286360386944651300.0,15,false,0.0,0.06707150258752181,0.02668396215581242,0.02301477059488973,2,2,0.5,0.0,1.0
clustering,heterogeneous,13,2,2,0.1,0.3,0.8,0.2,true,0.1,0.0,0.1,0.05,4477927936947039200.0,15,false,0.0,0.06707150258752181,0.02668396215581242,0.02301477059488973,2,2,0.5,0.0,1.0
clustering,heterogeneous,13,2,2,0.1,0.3,0.8,0.2,true,0.1,0.0,0.1,0.05,109591146466576384.0,15,false,0.0,0.06707150258752181,0.02668396215581242,0.02301477059488973,2,2,0.5,0.0,1.0
clustering,heterogeneous,3,2,2,0.4,0.3,0.2,0.1,true,0.2,0.3,0.1,0.05,7139002048363152400.0,15,false,0.0,0.12639473777858706,0.00000015335144145,0.00000014036620393,1,3,-0.09999999999999998,0.0,0.3
clustering,heterogeneous,3,2,2,0.4,0.3,0.2,0.1,true,0.2,0.3,0.1,0.05,4692690466958798800.0,15,false,0.0,0.12639473777858706,0.00000015335144145,0.00000014036620393,1,3,-0.09999999999999998,0.0,0.3
clustering,heterogeneous,3,2,2,0.4,0.3,0.2,0.1,true,0.2,0.3,0.1,0.05,6905470370856337400.0,15,false,0.0,0.12639473777858706,0.00000015335144145,0.00000014036620393,1,3,-0.09999999999999998,0.0,0.3
clustering,heterogeneous,3,2,2,0.4,0.3,0.2,0.1,true,0.2,0.3,0.1,0.05,5702577027890589700.0,15,false,0.0,0.12639473777858706,0.00000015335144145,0.00000014036620393,1,3,-0.09999999999999998,0.0,0.3
clustering,heterogeneous,3,2,2,0.4,0.3,0.2,0.1,true,0.2,0.3,0.1,0.05,7240713591891685400.0,15,false,0.0,0.12639473777858706,0.00000015335144145,0.00000014036620393,1,3,-0.09999999999999998,0.0,0.3
clustering,heterogeneous,3,2,2,0.4,0.3,0.2,0.1,true,0.2,0.3,0.1,0.05,1841142524168585220.0,15,false,0.0,0.12639473777858706,0.00000015335144145,0.00000014036620393,1,3,-0.09999999999999998,0.0,0.3
clustering,heterogeneous,3,2,2,0.4,0.3,0.2,0.1,true,0.2,0.3,0.1,0.05,8636175130330607600.0,15,false,0.0,0.12639473777858706,0.00000015335144145,0.00000014036620393,1,3,-0.09999999999999998,0.0,0.3
clustering,heterogeneous,3,2,2,0.4,0.3,0.2,0.1,true,0.2,0.3,0.1,0.05,4398895106259038200.0,15,false,0.0,0.12639473777858706,0.00000015335144145,0.00000014036620393,1,3,-0.09999999999999998,0.0,0.3
clustering,heterogeneous,3,2,2,0.4,0.3,0.2,0.1,true,0.2,0.3,0.1,0.05,8803618445054126100.0,15,false,0.0,0.12639473777858706,0.00000015335144145,0.00000014036620393,1,3,-0.09999999999999998,0.0,0.3
clustering,heterogeneous,3,2,2,0.4,0.3,0.2,0.1,true,0.2,0.3,0.1,0.05,4342572612484808700.0,15,false,0.0,0.12639473777858706,0.00000015335144145,0.00000014036620393,1,3,-0.09999999999999998,0.0,0.3
clustering,heterogeneous,3,2,2,0.4,0.3,0.2,0.1,true,0.2,0.3,0.1,0.05,7043372089166577700.0,15,false,0.0,0.12639473777858706,0.00000015335144145,0.00000014036620393,1,3,-0.09999999999999998,0.0,0.3
clustering,heterogeneous,3,2,2,0.4,0.3,0.2,0.1,true,0.2,0.3,0.1,0.05,7128893484183252000.0,15,false,0.0,0.12639473777858706,0.00000015335144145,0.00000014036620393,1,3,-0.09999999999999998,0.0,0.3
clustering,heterogeneous,3,2,2,0.4,0.3,0.2,0.1,true,0.2,0.3,0.1,0.05,109591146466576384.0,15,false,0.0,0.12639473777858706,0.00000015335144145,0.00000014036620393,1,3,-0.09999999999999998,0.0,0.3
clustering,heterogeneous,3,2,2,0.4,0.3,0.2,0.1,true,0.2,0.3,0.1,0.05,4477927936947039200.0,15,false,0.0,0.12639473777858706,0.00000015335144145,0.00000014036620393,1,3,-0.09999999999999998,0.0,0.3
clustering,homogeneous,48,0,6,0.3,0.4,0.8,0.3,true,0.0,0.2,0.1,0.05,7139002048363152400.0,15,false,0.0,0.07358773222439889,0.00000015527398021,0.00000009397774769,1,3,0.4,0.0,0.5
clustering,heterogeneous,3,2,2,0.4,0.3,0.2,0.1,true,0.2,0.3,0.1,0.05,4286360386944651300.0,15,false,0.0,0.12639473777858706,0.00000015335144145,0.00000014036620393,1,3,-0.09999999999999998,0.0,0.3
clustering,homogeneous,48,0,6,0.3,0.4,0.8,0.3,true,0.0,0.2,0.1,0.05,7240713591891685400.0,15,false,0.0,0.07358773222439889,0.00000015527398021,0.00000009397774769,1,3,0.4,0.0,0.5
clustering,homogeneous,48,0,6,0.3,0.4,0.8,0.3,true,0.0,0.2,0.1,0.05,8636175130330607600.0,15,false,0.0,0.07358773222439889,0.00000015527398021,0.00000009397774769,1,3,0.4,0.0,0.5
clustering,homogeneous,48,0,6,0.3,0.4,0.8,0.3,true,0.0,0.2,0.1,0.05,4692690466958798800.0,15,false,0.0,0.07358773222439889,0.00000015527398021,0.00000009397774769,1,3,0.4,0.0,0.5
clustering,homogeneous,48,0,6,0.3,0.4,0.8,0.3,true,0.0,0.2,0.1,0.05,5702577027890589700.0,15,false,0.0,0.07358773222439889,0.00000015527398021,0.00000009397774769,1,3,0.4,0.0,0.5
clustering,homogeneous,48,0,6,0.3,0.4,0.8,0.3,true,0.0,0.2,0.1,0.05,6905470370856337400.0,15,false,0.0,0.07358773222439889,0.00000015527398021,0.00000009397774769,1,3,0.4,0.0,0.5
clustering,homogeneous,48,0,6,0.3,0.4,0.8,0.3,true,0.0,0.2,0.1,0.05,1841142524168585220.0,15,false,0.0,0.07358773222439889,0.00000015527398021,0.00000009397774769,1,3,0.4,0.0,0.5
clustering,homogeneous,48,0,6,0.3,0.4,0.8,0.3,true,0.0,0.2,0.1,0.05,4398895106259038200.0,15,false,0.0,0.07358773222439889,0.00000015527398021,0.00000009397774769,1,3,0.4,0.0,0.5
clustering,homogeneous,48,0,6,0.3,0.4,0.8,0.3,true,0.0,0.2,0.1,0.05,8803618445054126100.0,15,false,0.0,0.07358773222439889,0.00000015527398021,0.00000009397774769,1,3,0.4,0.0,0.5
clustering,homogeneous,48,0,6,0.3,0.4,0.8,0.3,true,0.0,0.2,0.1,0.05,4342572612484808700.0,15,false,0.0,0.07358773222439889,0.00000015527398021,0.00000009397774769,1,3,0.4,0.0,0.5
clustering,homogeneous,48,0,6,0.3,0.4,0.8,0.3,true,0.0,0.2,0.1,0.05,7043372089166577700.0,15,false,0.0,0.07358773222439889,0.00000015527398021,0.00000009397774769,1,3,0.4,0.0,0.5
clustering,homogeneous,48,0,6,0.3,0.4,0.8,0.3,true,0.0,0.2,0.1,0.05,7128893484183252000.0,15,false,0.0,0.07358773222439889,0.00000015527398021,0.00000009397774769,1,3,0.4,0.0,0.5
clustering,homogeneous,48,0,6,0.3,0.4,0.8,0.3,true,0.0,0.2,0.1,0.05,109591146466576384.0,15,false,0.0,0.07358773222439889,0.00000015527398021,0.00000009397774769,1,3,0.4,0.0,0.5
clustering,heterogeneous,10,2,2,0.3,0.4,0.6,0.3,true,0.1,0.0,0.1,0.05,7139002048363152400.0,15,false,0.0,0.11967431360939396,0.00000039217379671,0.00000028657841011,1,3,0.19999999999999996,0.0,0.5
clustering,homogeneous,48,0,6,0.3,0.4,0.8,0.3,true,0.0,0.2,0.1,0.05,4477927936947039200.0,15,false,0.0,0.07358773222439889,0.00000015527398021,0.00000009397774769,1,3,0.4,0.0,0.5
clustering,heterogeneous,10,2,2,0.3,0.4,0.6,0.3,true,0.1,0.0,0.1,0.05,7240713591891685400.0,15,false,0.0,0.11967431360939396,0.00000039217379671,0.00000028657841011,1,3,0.19999999999999996,0.0,0.5
clustering,homogeneous,48,0,6,0.3,0.4,0.8,0.3,true,0.0,0.2,0.1,0.05,4286360386944651300.0,15,false,0.0,0.07358773222439889,0.00000015527398021,0.00000009397774769,1,3,0.4,0.0,0.5
clustering,heterogeneous,10,2,2,0.3,0.4,0.6,0.3,true,0.1,0.0,0.1,0.05,8636175130330607600.0,15,false,0.0,0.11967431360939396,0.00000039217379671,0.00000028657841011,1,3,0.19999999999999996,0.0,0.5
clustering,heterogeneous,10,2,2,0.3,0.4,0.6,0.3,true,0.1,0.0,0.1,0.05,4692690466958798800.0,15,false,0.0,0.11967431360939396,0.00000039217379671,0.00000028657841011,1,3,0.19999999999999996,0.0,0.5
clustering,heterogeneous,10,2,2,0.3,0.4,0.6,0.3,true,0.1,0.0,0.1,0.05,5702577027890589700.0,15,false,0.0,0.11967431360939396,0.00000039217379671,0.00000028657841011,1,3,0.19999999999999996,0.0,0.5
clustering,heterogeneous,10,2,2,0.3,0.4,0.6,0.3,true,0.1,0.0,0.1,0.05,6905470370856337400.0,15,false,0.0,0.11967431360939396,0.00000039217379671,0.00000028657841011,1,3,0.19999999999999996,0.0,0.5
clustering,heterogeneous,10,2,2,0.3,0.4,0.6,0.3,true,0.1,0.0,0.1,0.05,8803618445054126100.0,15,false,0.0,0.11967431360939396,0.00000039217379671,0.00000028657841011,1,3,0.19999999999999996,0.0,0.5
clustering,heterogeneous,10,2,2,0.3,0.4,0.6,0.3,true,0.1,0.0,0.1,0.05,1841142524168585220.0,15,false,0.0,0.11967431360939396,0.00000039217379671,0.00000028657841011,1,3,0.19999999999999996,0.0,0.5
clustering,heterogeneous,10,2,2,0.3,0.4,0.6,0.3,true,0.1,0.0,0.1,0.05,4398895106259038200.0,15,false,0.0,0.11967431360939396,0.00000039217379671,0.00000028657841011,1,3,0.19999999999999996,0.0,0.5
clustering,heterogeneous,10,2,2,0.3,0.4,0.6,0.3,true,0.1,0.0,0.1,0.05,4342572612484808700.0,15,false,0.0,0.11967431360939396,0.00000039217379671,0.00000028657841011,1,3,0.19999999999999996,0.0,0.5
clustering,heterogeneous,10,2,2,0.3,0.4,0.6,0.3,true,0.1,0.0,0.1,0.05,7043372089166577700.0,15,false,0.0,0.11967431360939396,0.00000039217379671,0.00000028657841011,1,3,0.19999999999999996,0.0,0.5
clustering,heterogeneous,10,2,2,0.3,0.4,0.6,0.3,true,0.1,0.0,0.1,0.05,109591146466576384.0,15,false,0.0,0.11967431360939396,0.00000039217379671,0.00000028657841011,1,3,0.19999999999999996,0.0,0.5
clustering,heterogeneous,10,2,2,0.3,0.4,0.6,0.3,true,0.1,0.0,0.1,0.05,7128893484183252000.0,15,false,0.0,0.11967431360939396,0.00000039217379671,0.00000028657841011,1,3,0.19999999999999996,0.0,0.5
clustering,heterogeneous,10,2,2,0.3,0.4,0.6,0.3,true,0.1,0.0,0.1,0.05,4477927936947039200.0,15,false,0.0,0.11967431360939396,0.00000039217379671,0.00000028657841011,1,3,0.19999999999999996,0.0,0.5
clustering,heterogeneous,10,2,2,0.3,0.4,0.6,0.3,true,0.1,0.0,0.1,0.05,4286360386944651300.0,15,false,0.0,0.11967431360939396,0.00000039217379671,0.00000028657841011,1,3,0.19999999999999996,0.0,0.5
clustering,heterogeneous,51,3,3,0.3,0.4,0.8,0.1,true,0.05,0.3,0.1,0.05,7139002048363152400.0,15,false,0.0,0.11649855317210338,0.00000277062487578,0.00000186191889948,1,4,0.4,0.0,0.5
clustering,heterogeneous,51,3,3,0.3,0.4,0.8,0.1,true,0.05,0.3,0.1,0.05,7240713591891685400.0,15,false,0.0,0.11649855317210338,0.00000277062487578,0.00000186191889948,1,4,0.4,0.0,0.5
clustering,heterogeneous,51,3,3,0.3,0.4,0.8,0.1,true,0.05,0.3,0.1,0.05,4692690466958798800.0,15,false,0.0,0.11649855317210338,0.00000277062487578,0.00000186191889948,1,4,0.4,0.0,0.5
clustering,heterogeneous,51,3,3,0.3,0.4,0.8,0.1,true,0.05,0.3,0.1,0.05,8636175130330607600.0,15,false,0.0,0.11649855317210338,0.00000277062487578,0.00000186191889948,1,4,0.4,0.0,0.5
clustering,heterogeneous,51,3,3,0.3,0.4,0.8,0.1,true,0.05,0.3,0.1,0.05,6905470370856337400.0,15,false,0.0,0.11649855317210338,0.00000277062487578,0.00000186191889948,1,4,0.4,0.0,0.5
clustering,heterogeneous,51,3,3,0.3,0.4,0.8,0.1,true,0.05,0.3,0.1,0.05,1841142524168585220.0,15,false,0.0,0.11649855317210338,0.00000277062487578,0.00000186191889948,1,4,0.4,0.0,0.5
clustering,heterogeneous,51,3,3,0.3,0.4,0.8,0.1,true,0.05,0.3,0.1,0.05,5702577027890589700.0,15,false,0.0,0.11649855317210338,0.00000277062487578,0.00000186191889948,1,4,0.4,0.0,0.5
clustering,heterogeneous,51,3,3,0.3,0.4,0.8,0.1,true,0.05,0.3,0.1,0.05,4398895106259038200.0,15,false,0.0,0.11649855317210338,0.00000277062487578,0.00000186191889948,1,4,0.4,0.0,0.5
clustering,heterogeneous,51,3,3,0.3,0.4,0.8,0.1,true,0.05,0.3,0.1,0.05,4342572612484808700.0,15,false,0.0,0.11649855317210338,0.00000277062487578,0.00000186191889948,1,4,0.4,0.0,0.5
clustering,heterogeneous,51,3,3,0.3,0.4,0.8,0.1,true,0.05,0.3,0.1,0.05,8803618445054126100.0,15,false,0.0,0.11649855317210338,0.00000277062487578,0.00000186191889948,1,4,0.4,0.0,0.5
clustering,heterogeneous,51,3,3,0.3,0.4,0.8,0.1,true,0.05,0.3,0.1,0.05,7043372089166577700.0,15,false,0.0,0.11649855317210338,0.00000277062487578,0.00000186191889948,1,4,0.4,0.0,0.5
clustering,heterogeneous,51,3,3,0.3,0.4,0.8,0.1,true,0.05,0.3,0.1,0.05,109591146466576384.0,15,false,0.0,0.11649855317210338,0.00000277062487578,0.00000186191889948,1,4,0.4,0.0,0.5
clustering,heterogeneous,51,3,3,0.3,0.4,0.8,0.1,true,0.05,0.3,0.1,0.05,7128893484183252000.0,15,false,0.0,0.11649855317210338,0.00000277062487578,0.00000186191889948,1,4,0.4,0.0,0.5
clustering,heterogeneous,51,3,3,0.3,0.4,0.8,0.1,true,0.05,0.3,0.1,0.05,4477927936947039200.0,15,false,0.0,0.11649855317210338,0.00000277062487578,0.00000186191889948,1,4,0.4,0.0,0.5
clustering,heterogeneous,51,3,3,0.3,0.4,0.8,0.1,true,0.05,0.3,0.1,0.05,4286360386944651300.0,15,false,0.0,0.11649855317210338,0.00000277062487578,0.00000186191889948,1,4,0.4,0.0,0.5
clustering,homogeneous,50,0,6,0.5,0.2,0.5,0.2,true,0.2,0.0,0.1,0.05,7139002048363152400.0,15,false,0.0,0.07495788140795516,0.0000040123170761,0.00000469335210145,1,3,0.3,0.0,0.5
clustering,homogeneous,50,0,6,0.5,0.2,0.5,0.2,true,0.2,0.0,0.1,0.05,8636175130330607600.0,15,false,0.0,0.07495788140795516,0.0000040123170761,0.00000469335210145,1,3,0.3,0.0,0.5
clustering,homogeneous,50,0,6,0.5,0.2,0.5,0.2,true,0.2,0.0,0.1,0.05,7240713591891685400.0,15,false,0.0,0.07495788140795516,0.0000040123170761,0.00000469335210145,1,3,0.3,0.0,0.5
clustering,homogeneous,50,0,6,0.5,0.2,0.5,0.2,true,0.2,0.0,0.1,0.05,6905470370856337400.0,15,false,0.0,0.07495788140795516,0.0000040123170761,0.00000469335210145,1,3,0.3,0.0,0.5
clustering,homogeneous,50,0,6,0.5,0.2,0.5,0.2,true,0.2,0.0,0.1,0.05,4692690466958798800.0,15,false,0.0,0.07495788140795516,0.0000040123170761,0.00000469335210145,1,3,0.3,0.0,0.5
clustering,homogeneous,50,0,6,0.5,0.2,0.5,0.2,true,0.2,0.0,0.1,0.05,5702577027890589700.0,15,false,0.0,0.07495788140795516,0.0000040123170761,0.00000469335210145,1,3,0.3,0.0,0.5
clustering,homogeneous,50,0,6,0.5,0.2,0.5,0.2,true,0.2,0.0,0.1,0.05,1841142524168585220.0,15,false,0.0,0.07495788140795516,0.0000040123170761,0.00000469335210145,1,3,0.3,0.0,0.5
clustering,homogeneous,50,0,6,0.5,0.2,0.5,0.2,true,0.2,0.0,0.1,0.05,4398895106259038200.0,15,false,0.0,0.07495788140795516,0.0000040123170761,0.00000469335210145,1,3,0.3,0.0,0.5
clustering,homogeneous,50,0,6,0.5,0.2,0.5,0.2,true,0.2,0.0,0.1,0.05,8803618445054126100.0,15,false,0.0,0.07495788140795516,0.0000040123170761,0.00000469335210145,1,3,0.3,0.0,0.5
clustering,homogeneous,50,0,6,0.5,0.2,0.5,0.2,true,0.2,0.0,0.1,0.05,4342572612484808700.0,15,false,0.0,0.07495788140795516,0.0000040123170761,0.00000469335210145,1,3,0.3,0.0,0.5
clustering,homogeneous,50,0,6,0.5,0.2,0.5,0.2,true,0.2,0.0,0.1,0.05,7043372089166577700.0,15,false,0.0,0.07495788140795516,0.0000040123170761,0.00000469335210145,1,3,0.3,0.0,0.5
clustering,homogeneous,50,0,6,0.5,0.2,0.5,0.2,true,0.2,0.0,0.1,0.05,109591146466576384.0,15,false,0.0,0.07495788140795516,0.0000040123170761,0.00000469335210145,1,3,0.3,0.0,0.5
clustering,homogeneous,50,0,6,0.5,0.2,0.5,0.2,true,0.2,0.0,0.1,0.05,7128893484183252000.0,15,false,0.0,0.07495788140795516,0.0000040123170761,0.00000469335210145,1,3,0.3,0.0,0.5
clustering,homogeneous,50,0,6,0.5,0.2,0.5,0.2,true,0.2,0.0,0.1,0.05,4477927936947039200.0,15,false,0.0,0.07495788140795516,0.0000040123170761,0.00000469335210145,1,3,0.3,0.0,0.5
clustering,homogeneous,50,0,6,0.5,0.2,0.5,0.2,true,0.2,0.0,0.1,0.05,4286360386944651300.0,15,false,0.0,0.07495788140795516,0.0000040123170761,0.00000469335210145,1,3,0.3,0.0,0.5
clustering,homogeneous,43,0,5,0.2,0.4,0.6,0.1,true,0.0,0.3,0.1,0.05,7139002048363152400.0,15,false,0.0,0.04352586907841316,0.00000055057899352,0.00000029921676181,1,3,0.19999999999999996,0.0,1.0
clustering,homogeneous,43,0,5,0.2,0.4,0.6,0.1,true,0.0,0.3,0.1,0.05,7240713591891685400.0,15,false,0.0,0.04352586907841316,0.00000055057899352,0.00000029921676181,1,3,0.19999999999999996,0.0,1.0
clustering,homogeneous,43,0,5,0.2,0.4,0.6,0.1,true,0.0,0.3,0.1,0.05,4692690466958798800.0,15,false,0.0,0.04352586907841316,0.00000055057899352,0.00000029921676181,1,3,0.19999999999999996,0.0,1.0
clustering,homogeneous,43,0,5,0.2,0.4,0.6,0.1,true,0.0,0.3,0.1,0.05,8636175130330607600.0,15,false,0.0,0.04352586907841316,0.00000055057899352,0.00000029921676181,1,3,0.19999999999999996,0.0,1.0
clustering,homogeneous,43,0,5,0.2,0.4,0.6,0.1,true,0.0,0.3,0.1,0.05,6905470370856337400.0,15,false,0.0,0.04352586907841316,0.00000055057899352,0.00000029921676181,1,3,0.19999999999999996,0.0,1.0
clustering,homogeneous,43,0,5,0.2,0.4,0.6,0.1,true,0.0,0.3,0.1,0.05,5702577027890589700.0,15,false,0.0,0.04352586907841316,0.00000055057899352,0.00000029921676181,1,3,0.19999999999999996,0.0,1.0
clustering,homogeneous,43,0,5,0.2,0.4,0.6,0.1,true,0.0,0.3,0.1,0.05,1841142524168585220.0,15,false,0.0,0.04352586907841316,0.00000055057899352,0.00000029921676181,1,3,0.19999999999999996,0.0,1.0
clustering,homogeneous,43,0,5,0.2,0.4,0.6,0.1,true,0.0,0.3,0.1,0.05,4398895106259038200.0,15,false,0.0,0.04352586907841316,0.00000055057899352,0.00000029921676181,1,3,0.19999999999999996,0.0,1.0
clustering,homogeneous,43,0,5,0.2,0.4,0.6,0.1,true,0.0,0.3,0.1,0.05,8803618445054126100.0,15,false,0.0,0.04352586907841316,0.00000055057899352,0.00000029921676181,1,3,0.19999999999999996,0.0,1.0
clustering,homogeneous,43,0,5,0.2,0.4,0.6,0.1,true,0.0,0.3,0.1,0.05,4342572612484808700.0,15,false,0.0,0.04352586907841316,0.00000055057899352,0.00000029921676181,1,3,0.19999999999999996,0.0,1.0
clustering,homogeneous,43,0,5,0.2,0.4,0.6,0.1,true,0.0,0.3,0.1,0.05,7043372089166577700.0,15,false,0.0,0.04352586907841316,0.00000055057899352,0.00000029921676181,1,3,0.19999999999999996,0.0,1.0
clustering,homogeneous,43,0,5,0.2,0.4,0.6,0.1,true,0.0,0.3,0.1,0.05,109591146466576384.0,15,false,0.0,0.04352586907841316,0.00000055057899352,0.00000029921676181,1,3,0.19999999999999996,0.0,1.0
clustering,homogeneous,43,0,5,0.2,0.4,0.6,0.1,true,0.0,0.3,0.1,0.05,7128893484183252000.0,15,false,0.0,0.04352586907841316,0.00000055057899352,0.00000029921676181,1,3,0.19999999999999996,0.0,1.0
clustering,homogeneous,43,0,5,0.2,0.4,0.6,0.1,true,0.0,0.3,0.1,0.05,4477927936947039200.0,15,false,0.0,0.04352586907841316,0.00000055057899352,0.00000029921676181,1,3,0.19999999999999996,0.0,1.0
clustering,homogeneous,43,0,5,0.2,0.4,0.6,0.1,true,0.0,0.3,0.1,0.05,4286360386944651300.0,15,false,0.0,0.04352586907841316,0.00000055057899352,0.00000029921676181,1,3,0.19999999999999996,0.0,1.0
