"ID","Age","Genre","Education","CurrentRegime","ConsoRed","ConsoTransfo","ConsoPoultry","QIntentionsConsoT0","QIntentionsTransfoT0","QTransfoIntensityT0","QIntentionsRedT0","QRedIntensityT0","QIntentionsPoulT0","QPoulIntensityT0","Failed_Attention_DB1","QIntentionsConsoT1","QIntentionsTransfoT1","QTransfoIntensityT1","QIntentionsRedT1","QRedIntensityT1","QIntentionsPoulT1","QPoulIntensityT1","consultation_duration","MixedOpinions","ID_Group","DBAttitudesT0.DB1.","DBAttitudesT0.DB2.","DBAttitudesT0.DB3.","DBAttitudesT0.DB4.","DBAttitudesT0.DB5.","DBAttitudesT0.DB6.","DBAttitudesT0.DB7.","DBAttitudesT0.DB8.","DBAttitudesT0.DB9.","DBAttitudesT0.DB10.","DBAttitudesT0.DB11.","DBAttitudesT0.DB12.","DBAttitudesT0.DB13.","DBAttitudesT0.DB14.","DBAttitudesT0.DB15.","DBAttitudesT0.DB16.","DBAttitudesT0.DB17.","DBAttitudesT0.DB18.","DBAttitudesT0.DB19.","DBAttitudesT0.DB20.","DBAttitudesT0.DB21.","DBAttitudesT0.DB22.","DBAttitudesT0.DB23.","DBAttitudesT1.DB1.","DBAttitudesT1.DB2.","DBAttitudesT1.DB3.","DBAttitudesT1.DB4.","DBAttitudesT1.DB5.","DBAttitudesT1.DB6.","DBAttitudesT1.DB7.","DBAttitudesT1.DB8.","DBAttitudesT1.DB9.","DBAttitudesT1.DB10.","DBAttitudesT1.DB11.","DBAttitudesT1.DB12.","DBAttitudesT1.DB13.","DBAttitudesT1.DB14.","DBAttitudesT1.DB15.","DBAttitudesT1.DB16.","DBAttitudesT1.DB17.","DBAttitudesT1.DB18.","DBAttitudesT1.DB19.","DBAttitudesT1.DB20.","DBAttitudesT1.DB21.","DBAttitudesT1.DB22.","DBAttitudesT1.DB23.","Failed_Attention_DB2","QIntentionsTransfoT2","QTransfoIntensityT2","QIntentionsRedT2","QRedIntensityT2","DebateCondition","DBAttitudesT2.DB1.","DBAttitudesT2.DB2.","DBAttitudesT2.DB3.","DBAttitudesT2.DB4.","DBAttitudesT2.DB5.","DBAttitudesT2.DB6.","DBAttitudesT2.DB7.","DBAttitudesT2.DB8.","DBAttitudesT2.DB9.","DBAttitudesT2.DB10.","DBAttitudesT2.DB11.","DBAttitudesT2.DB12.","DBAttitudesT2.DB13.","DBAttitudesT2.DB14.","DBAttitudesT2.DB15.","DBAttitudesT2.DB16.","DBAttitudesT2.DB17.","DBAttitudesT2.DB18.","DBAttitudesT2.DB19.","DBAttitudesT2.DB20.","DBAttitudesT2.DB21.","DBAttitudesT2.DB22.","DBAttitudesT2.DB23.","TransformedNumberTotalBefore","TransformedQuantTotalBefore","RedNumberTotalBefore","RedQuantTotalBefore","PoultryNumberTotalBefore","PoultryQuantTotalBefore","FishNumberTotalBefore","TotalTargetMeatBefore","TotalQuantTargetMeatBefore","Physical1","Nature1","QuantityRed1","QuantityTransfo1","QuantityPoultry1","QuantityFish1","QuantityAnimals1","QuantityVegetals1","Context1","DBAttitudesT3.DB1.","DBAttitudesT3.DB2.","DBAttitudesT3.DB3.","DBAttitudesT3.DB4.","DBAttitudesT3.DB5.","DBAttitudesT3.DB6.","DBAttitudesT3.DB7.","DBAttitudesT3.DB8.","DBAttitudesT3.DB9.","DBAttitudesT3.DB10.","DBAttitudesT3.DB11.","DBAttitudesT3.DB12.","DBAttitudesT3.DB13.","DBAttitudesT3.DB14.","DBAttitudesT3.DB15.","DBAttitudesT3.DB16.","DBAttitudesT3.DB17.","DBAttitudesT3.DB18.","DBAttitudesT3.DB19.","DBAttitudesT3.DB20.","DBAttitudesT3.DB21.","DBAttitudesT3.DB22.","DBAttitudesT3.DB23.","Failed_Attention_Final","TransformedNumberTotalAfter","TransformedQuantTotalAfter","RedNumberTotalAfter","RedQuantTotalAfter","PoultryNumberTotalAfter","PoultryQuantTotalAfter","FishNumberTotalAfter","TotalTargetMeatAfter","TotalQuantTargetMeatAfter","Physical2","Nature2","QuantityRed2","QuantityTransfo2","QuantityPoultry2","QuantityFish2","QuantityAnimals2","QuantityVegetals2","Context2","RespectChallenge","MeatDiminishRed","MeatDiminishTransfo","Perceptions.Perc1.","Perceptions.Perc2.","Perceptions.Perc3.","Failed_Attention_Confirmation","perceived_norms","self_control","environmental_prepotency","perceived_control","DBFactor1T0","DBFactor2T0","DBFactor3T0","DBFactor4T0","DBFactor5T0","DB_IndexT0","DBFactor1T1","DBFactor2T1","DBFactor3T1","DBFactor4T1","DBFactor5T1","DB_IndexT1","DBFactor1T2","DBFactor2T2","DBFactor3T2","DBFactor4T2","DBFactor5T2","DB_IndexT2","DBFactor1T3","DBFactor2T3","DBFactor3T3","DBFactor4T3","DBFactor5T3","DB_IndexT3","Pro_reduction","Attention_failed","Condition","Red_reduction","Processed_reduction","Poultry_reduction","Fish_increase","Eat_Target_Meat","Het","Hom","ID_Group_all"
1,29,0,17,"A2","A1","A1","A1","A1","A1",0.107142857142857,"A1",0.107142857142857,"A1",0.142857142857143,0,"A1","A1",0.107142857142857,"A1",0,"A1",0.107142857142857,62,1,"M1",7,5,7,7,7,6,7,7,5,7,3,5,3,1,4,7,4,1,1,1,1,1,7,7,4,7,5,7,7,7,5,7,7,4,5,5,3,3,5,5,3,1,2,5,6,7,0,1,0.142857142857143,1,0,1,7,4,7,6,7,7,7,7,5,7,2,4,7,1,7,7,4,1,1,1,5,3,7,1,25,0,0,1,100,1,1,25,"A2",0,0,0,1,0,0,0,1,7,4,7,7,7,7,7,6,7,7,5,5,5,1,4,7,4,1,1,1,1,1,7,0,0,0,0,0,2,150,2,0,0,"A1",0,2,0,0,0,0,0,1,1,2,1,7,5,5,0,14,49,4,9.5,6.5,6.5,3,5,1,3.5,6.16666666666667,6.5,4.25,4.33333333333333,2,2.80555555555556,6.33333333333333,6.5,3.5,6,1,2.91666666666667,6.5,6.75,4,5,1,3.29166666666667,1,0,"Heterogeneous",0,1,0,1,1,1,0,"M1"
2,38,1,15,"A1","A1","A1","A1","A1","A1",0.107142857142857,"A1",0.142857142857143,"A1",0.428571428571429,0,"A1","A1",0.107142857142857,"A1",0.285714285714286,"A2",NA,62,1,"M1",5,5,5,6,5,7,6,4,5,5,3,4,3,4,4,5,5,3,2,2,4,3,5,5,4,5,5,5,7,5,5,5,5,4,4,4,5,5,5,5,3,2,2,4,5,6,0,0,NA,0,NA,1,5,4,5,5,5,6,6,5,5,6,4,4,4,5,5,5,5,3,3,3,3,5,6,2,75,3,210,0,0,4,5,285,"A2",0,0,0,1,0,0,0,0,5,5,5,6,5,7,5,4,5,5,3,4,4,4,5,5,5,2,2,3,4,4,5,0,1,50,2,280,2,320,0,3,330,"A2",0,1,1,0,0,0,0,0,2,0,1,5,4,4,0,9.5,43,3.66666666666667,8,5.5,5,3.5,4.66666666666667,2.33333333333333,1.75,5.16666666666667,5,4.25,5,2.33333333333333,1.22222222222222,5,5.5,4.25,5,3,1.16666666666667,5.5,4.75,3.75,5,2.33333333333333,1.43055555555556,1,0,"Heterogeneous",1,1,0,0,1,1,0,"M1"
3,48,0,14,"A2","A1","A1","A1","A1","A1",0.285714285714286,"A1",0.107142857142857,"A2",NA,0,"A1","A1",0.285714285714286,"A1",0.107142857142857,"A3",NA,62,1,"M1",7,6,7,7,7,7,7,7,6,7,1,2,1,1,7,6,3,1,1,1,1,2,7,6,6,7,7,7,7,7,7,2,6,1,2,2,5,7,6,5,1,1,1,2,2,7,0,1,0.428571428571429,1,0.142857142857143,1,7,5,7,7,7,7,7,6,6,7,3,3,1,2,7,6,6,1,1,2,3,1,6,5,250,3,300,2,150,2,8,550,"A2",0,1,0,0,0,0,0,0,7,6,6,7,7,7,7,7,6,6,2,2,2,2,7,6,3,1,1,1,2,3,7,0,2,100,0,0,2,200,0,2,100,"A2",0,0,1,0,0,0,0,0,1,1,1,6,6,3,0,11,63,4.66666666666667,10,6.83333333333333,6.75,1.25,5.33333333333333,1,4.26388888888889,6.66666666666667,5.5,2.5,6,1,2.91666666666667,6.66666666666667,6.5,2.25,6.33333333333333,1.33333333333333,3.27777777777778,6.66666666666667,6.5,2,5.33333333333333,1,3.80555555555556,1,0,"Heterogeneous",1,1,0,0,1,1,0,"M1"
4,41,0,15,"A1","A1","A1","A1","A2","A2",NA,"A2",NA,"A2",NA,1,"A2","A2",NA,"A2",NA,"A2",NA,62,1,"M1",3,2,1,5,3,4,5,4,4,5,5,5,5,6,7,7,5,6,5,6,7,5,4,2,2,2,5,4,6,6,5,5,5,5,5,6,7,6,6,5,7,6,6,6,4,4,0,1,0.714285714285714,0,NA,1,3,2,4,5,4,5,5,6,5,5,5,5,6,6,6,6,5,7,6,6,4,5,4,6,500,0,0,0,0,2,6,500,"A2",0,0,0,0,0,0,0,0,1,2,3,5,4,4,5,5,5,5,5,6,6,7,7,6,5,7,5,7,7,4,5,0,5,300,1,100,0,0,2,6,400,"A2",0,1,1,1,0,0,0,0,1,1,0,7,7,7,0,16,50,3,5,3,4.5,5.25,6.33333333333333,5.66666666666667,-2,3.5,5.25,5.75,5.66666666666667,6.33333333333333,-1.54166666666667,3.83333333333333,5.25,5.5,5.66666666666667,6.33333333333333,-1.29166666666667,3.16666666666667,5,6,6,6.33333333333333,-2.02777777777778,0,1,"Heterogeneous",0,1,0,0,1,1,0,"M1"
5,56,0,15,"A1","A1","A1","A1","A2","A2",NA,"A2",NA,"A2",NA,0,"A2","A2",NA,"A2",NA,"A2",NA,62,1,"M1",3,5,4,5,3,4,4,4,4,3,6,6,6,6,6,6,6,3,3,5,5,3,4,4,5,4,5,2,4,3,4,5,3,7,7,7,7,7,5,5,3,3,7,6,4,4,0,0,NA,0,NA,1,4,5,3,5,3,3,5,5,3,3,7,7,7,7,7,5,6,3,3,7,7,5,4,7,375,2,150,6,550,5,9,525,"A2",0,0,0,0,0,0,0,0,3,5,4,5,3,3,4,3,4,3,7,7,7,6,7,6,6,3,3,7,6,4,4,0,5,350,2,400,1,100,3,7,750,"A3",0,0,0,0,0,0,0,0,2,0,0,6,4,2,0,16,53,4,10,4,3.75,6,6,3.66666666666667,-1.34722222222222,4,3.75,7,5.66666666666667,4.33333333333333,-1.79166666666667,3.83333333333333,4,7,6,4.33333333333333,-1.86111111111111,3.83333333333333,3.5,6.75,6.33333333333333,4.33333333333333,-2.13888888888889,0,0,"Heterogeneous",0,1,1,0,1,1,0,"M1"
6,54,1,11,"A1","A1","A1","A1","A3","A3",NA,"A3",NA,"A3",NA,0,"A3","A3",NA,"A3",NA,"A3",NA,62,1,"M1",1,4,1,4,1,2,7,1,1,1,7,7,7,6,7,7,7,1,1,7,7,6,1,5,3,1,6,4,3,7,6,2,2,7,7,7,5,7,7,7,4,1,7,7,4,3,0,0,NA,0,NA,1,4,4,2,5,2,4,7,4,1,1,7,6,7,5,7,7,7,2,1,7,7,4,3,2,280,6,900,1,150,4,8,1180,"A2",0,0,1,0,0,0,0,1,4,5,3,5,4,2,7,4,2,1,7,6,7,6,7,7,7,2,1,7,5,4,3,0,3,480,2,300,4,600,2,5,780,"A2",0,0,0,0,0,0,1,0,2,0,0,7,4,3,0,14,48,4.33333333333333,6,2.16666666666667,2.5,6.75,7,3,-3.25,3.66666666666667,4.25,6.5,7,4,-1.875,3.5,3.25,6.25,7,3.33333333333333,-2.15277777777778,3.83333333333333,3.5,6.5,7,3.33333333333333,-1.94444444444444,0,0,"Heterogeneous",1,0,0,0,1,1,0,"M1"
7,54,1,14,"A2","A1","A1","A1","A1","A1",0.428571428571429,"A1",0.142857142857143,"A1",0.142857142857143,0,"A1","A1",0.571428571428571,"A1",0.571428571428571,"A1",0.571428571428571,59,1,"M2",6,5,6,6,7,7,6,7,7,7,4,3,3,3,7,5,6,3,6,2,3,4,6,7,5,5,6,6,7,7,7,7,7,3,4,3,4,6,6,6,2,6,2,2,4,6,0,1,0.714285714285714,1,0.714285714285714,1,5,5,6,6,6,7,7,7,7,7,5,4,3,5,6,6,6,3,5,2,2,2,6,0,0,0,0,2,220,0,0,0,"A2",0,0,0,0,0,0,0,0,5,4,6,5,7,7,7,7,7,7,4,5,3,5,6,6,6,3,7,3,3,3,7,0,0,0,0,0,0,0,0,0,0,"A1",0,0,0,0,0,0,0,0,1,0,0,5,4,3,0,12.5,47,2.33333333333333,9.5,6.16666666666667,6.75,3.25,6,3.66666666666667,2.15277777777778,6,7,3.5,6,3.33333333333333,2.22222222222222,5.83333333333333,7,4.25,6,3.33333333333333,1.88888888888889,5.66666666666667,7,4.25,6,4.33333333333333,1.47222222222222,1,0,"Heterogeneous",0,0,1,0,1,1,0,"M2"
8,30,0,15,"A5","A2","A2","A2","","A4",NA,"A4",NA,"A4",NA,0,"A4","A4",NA,"A4",NA,"A4",NA,59,1,"M2",7,7,7,7,5,7,7,6,5,7,1,1,1,1,5,2,1,1,1,1,2,1,5,6,6,7,7,6,7,7,4,5,7,1,1,1,1,6,2,3,1,1,1,1,1,5,0,2,NA,2,NA,1,6,7,7,6,6,7,7,5,5,7,1,1,1,1,6,2,2,1,1,1,1,1,6,0,0,0,0,0,0,0,0,0,"A2",0,2,2,2,2,1,0,0,6,7,7,7,6,7,7,5,5,7,1,1,1,1,5,3,2,1,1,1,1,1,6,0,0,0,0,0,0,0,0,0,0,"A3",0,2,2,2,2,0,0,0,2,2,2,3,3,1,0,10.5,53,4,9.5,6.66666666666667,6.25,1,2.66666666666667,1,4.90277777777778,6.5,5.75,1,3.66666666666667,1,4.23611111111111,6.5,6,1,3.33333333333333,1,4.47222222222222,6.66666666666667,6,1,3.33333333333333,1,4.55555555555556,1,0,"Heterogeneous",0,0,0,0,0,1,0,"M2"
9,63,0,12,"A1","A1","A1","A1","A3","A3",NA,"A3",NA,"A3",NA,0,"A2","A2",NA,"A2",NA,"A2",NA,59,1,"M2",5,3,1,6,5,5,6,5,3,5,5,5,5,5,7,7,6,7,7,5,3,7,3,6,1,2,5,5,1,5,4,2,2,4,4,3,3,7,7,6,4,6,6,1,6,4,0,0,NA,0,NA,1,3,1,2,5,4,7,7,6,4,5,4,2,3,5,7,7,7,6,6,7,1,4,4,9,600,4,475,3,225,3,13,1075,"A2",0,0,0,0,0,0,0,0,2,1,3,5,5,7,7,3,3,5,3,3,4,6,7,7,6,6,6,5,1,6,6,0,13,725,2,225,3,455,2,15,950,"A2",0,1,0,0,0,0,0,0,2,0,0,3,2,1,0,12,40,3.66666666666667,9,4.16666666666667,4.75,5,6.66666666666667,6.33333333333333,-1.54166666666667,3.33333333333333,3.25,3.5,6.66666666666667,5.33333333333333,-1.875,3.66666666666667,5.5,3.5,7,6.33333333333333,-1.02777777777778,3.83333333333333,4.5,4,6.66666666666667,5.66666666666667,-1.27777777777778,0,0,"Heterogeneous",1,0,0,0,1,1,0,"M2"
10,46,0,12,"A1","A1","A1","A1","A2","A2",NA,"A2",NA,"A2",NA,0,"A2","A2",NA,"A2",NA,"A2",NA,59,1,"M2",4,1,4,5,4,4,4,5,5,4,5,5,5,6,5,7,6,5,6,6,5,7,4,4,3,4,5,4,6,7,6,6,6,6,6,5,6,6,7,6,6,4,6,6,7,4,0,0,NA,1,0.142857142857143,1,3,1,4,5,2,7,7,6,6,6,6,6,6,7,6,7,7,7,5,6,6,6,4,3,200,3,300,1,200,0,6,500,"A2",0,0,0,0,0,0,0,0,2,1,2,5,2,6,7,6,7,7,6,6,6,6,6,7,6,6,5,7,6,7,3,0,8,450,0,0,5,600,0,8,450,"A2",0,1,0,0,0,0,0,0,1,1,0,6,4,1,0,19,47,3.33333333333333,10,3.66666666666667,4.5,5.25,6,5.66666666666667,-1.55555555555556,4.33333333333333,6.25,5.75,6.33333333333333,5.33333333333333,-0.513888888888888,3.66666666666667,6.25,6.25,6.66666666666667,6,-1.34722222222222,3,6.75,6,6.33333333333333,6,-1.23611111111111,0,0,"Heterogeneous",1,0,0,0,1,1,0,"M2"
11,37,0,14,"A1","A1","A1","A1","A2","A2",NA,"A2",NA,"A2",NA,1,"A1","A1",0.142857142857143,"A1",0.142857142857143,"A1",0.142857142857143,59,1,"M2",1,1,1,1,1,1,1,1,1,1,5,5,5,5,5,5,5,5,5,5,5,5,4,3,3,3,2,2,5,5,6,5,5,5,5,5,6,6,6,6,5,5,5,5,5,3,1,1,0.142857142857143,1,0.142857142857143,1,5,4,3,3,3,6,5,6,5,5,6,6,6,6,6,5,5,5,5,5,6,4,4,0,0,0,0,2,200,1,0,0,"A3",0,1,1,1,0,0,0,1,4,4,3,3,4,4,5,4,4,5,6,6,7,6,5,6,5,5,5,5,5,5,4,1,0,0,0,0,0,0,0,0,0,"A3",0,1,1,1,0,0,0,0,1,1,1,5,5,4,1,17,54,3.66666666666667,10,1,1,5,5,5,-4,3,5.25,5.25,6,5,-1.29166666666667,4,5.25,6,5.33333333333333,5,-0.819444444444444,3.66666666666667,4.5,6.25,5.33333333333333,5,-1.44444444444444,0,1,"Heterogeneous",0,0,1,0,1,1,0,"M2"
16,28,0,20,"A8","A1","A1","A1","A1","A1",0,"A3",NA,"A1",0,0,"A3","A3",NA,"A3",NA,"A3",NA,63,1,"M4",7,7,7,7,4,6,7,6,4,6,4,2,2,4,7,5,5,2,1,2,3,1,5,7,7,7,7,4,7,7,6,4,7,2,3,2,4,6,6,6,2,1,1,4,1,6,0,2,NA,2,NA,1,7,7,7,7,4,7,7,5,4,5,2,2,2,4,6,5,5,2,1,1,3,1,6,3,125,0,0,0,0,0,3,125,"A3",1,0,0,0,2,0,0,0,7,7,7,7,4,7,7,5,5,6,3,2,3,4,6,5,5,2,1,1,2,2,6,0,1,50,0,0,0,0,0,1,50,"A3",0,0,0,0,2,0,0,1,2,2,0,5,3,3,0,10,40,3.66666666666667,8,6.33333333333333,5.75,3,5.66666666666667,1.66666666666667,2.59722222222222,6.5,6,2.75,6,1.33333333333333,2.88888888888889,6.5,5.25,2.5,5.33333333333333,1.33333333333333,2.81944444444444,6.5,5.75,3,5.33333333333333,1.33333333333333,2.90277777777778,1,0,"Heterogeneous",0,1,0,0,1,1,0,"M4"
17,55,0,11,"A2","A1","A1","A1","A3","A3",NA,"A3",NA,"A3",NA,1,"A1","A1",0.428571428571429,"A1",0.285714285714286,"A2",NA,63,1,"M4",6,5,4,4,6,4,5,7,6,7,4,4,4,5,6,6,5,5,3,5,5,6,4,4,5,4,3,4,4,5,6,4,6,2,2,2,2,6,6,5,4,2,3,3,4,4,0,1,0.428571428571429,1,0.285714285714286,1,5,4,5,5,4,4,7,7,3,3,2,2,2,2,5,6,5,2,1,2,2,4,3,7,500,3,500,0,0,3,10,1000,"A2",0,1,1,1,0,1,0,1,5,4,5,5,4,3,5,6,4,5,2,2,2,2,5,5,5,4,4,3,4,5,4,1,3,100,3,300,6,530,1,6,400,"A2",0,1,1,0,0,1,1,0,1,1,0,6,5,4,0,13.5,49,4,9,4.83333333333333,6.25,4.25,5.66666666666667,4.33333333333333,0.791666666666666,4,5.25,2,5.66666666666667,3,1.06944444444444,4.5,5,2,5.33333333333333,1.66666666666667,1.75,4.33333333333333,5,2,5,3.66666666666667,1.11111111111111,1,1,"Heterogeneous",0,1,0,0,1,1,0,"M4"
18,45,0,12,"A4","A2","A2","A2","","A4",NA,"A4",NA,"A4",NA,0,"A4","A4",NA,"A4",NA,"A4",NA,63,1,"M4",5,3,7,7,7,7,7,7,7,7,1,1,1,1,4,3,1,1,1,1,4,3,4,7,4,7,7,6,7,7,7,7,7,1,1,1,1,1,1,1,1,1,1,1,1,4,0,2,NA,2,NA,1,7,7,7,7,7,7,7,7,7,7,1,1,1,1,1,2,1,1,1,1,1,1,4,0,0,0,0,0,0,1,0,0,"A2",0,2,2,2,1,0,0,0,5,4,6,7,7,7,7,7,7,7,1,1,1,1,4,4,1,1,1,1,1,1,5,0,0,0,0,0,0,0,0,0,0,"A2",0,2,2,2,2,0,0,1,2,2,2,7,4,4,0,14,58,4.33333333333333,10,6,7,1,2.66666666666667,1,4.94444444444444,6.33333333333333,7,1,1,1,5.66666666666667,7,7,1,1.33333333333333,1,5.88888888888889,6,7,1,3,1,4.83333333333333,1,0,"Heterogeneous",0,0,0,0,0,1,0,"M4"
19,38,0,12,"A1","A1","A1","A1","A2","A2",NA,"A2",NA,"A2",NA,0,"A2","A2",NA,"A2",NA,"A2",NA,63,1,"M4",4,5,4,6,4,4,4,4,3,4,5,5,5,6,5,6,6,6,4,4,5,5,4,4,3,3,5,3,4,5,5,4,3,5,5,5,5,5,6,6,6,3,3,5,4,4,0,1,0.142857142857143,1,0.142857142857143,1,4,4,4,5,4,4,5,5,4,4,4,5,4,4,5,5,5,5,4,4,5,4,4,4,350,2,200,4,400,3,6,550,"A2",0,0,0,0,0,0,0,0,4,5,5,6,4,4,5,5,4,4,4,5,5,5,6,6,5,6,4,3,5,4,4,0,2,100,1,180,3,350,2,3,280,"A2",0,0,1,1,0,1,0,0,1,0,1,5,5,4,0,17,48,4.33333333333333,9.5,4.5,3.75,5.25,5.66666666666667,4.66666666666667,-1.06944444444445,3.66666666666667,4.25,5,5.66666666666667,4,-0.930555555555556,4.16666666666667,4.5,4.25,5,4.33333333333333,-0.194444444444444,4.66666666666667,4.5,4.75,5.66666666666667,4.33333333333333,-0.333333333333333,0,0,"Heterogeneous",1,1,1,0,1,1,0,"M4"
20,37,0,11,"A1","A1","A1","A1","A2","A2",NA,"A2",NA,"A2",NA,0,"A1","A3",NA,"A1",0.285714285714286,"A2",NA,63,1,"M4",1,4,5,7,1,2,7,2,7,4,6,6,2,2,4,3,7,7,1,6,6,5,1,3,4,7,2,4,5,7,4,7,4,6,6,4,7,1,7,6,5,7,4,5,6,4,0,0,NA,1,0.285714285714286,1,4,7,5,1,4,2,2,4,7,4,5,6,2,7,4,7,6,4,7,1,7,7,6,10,200,4,400,7,200,0,14,600,"A3",0,1,1,0,0,0,0,0,4,5,5,1,4,1,5,4,7,4,5,6,7,5,7,7,7,2,1,6,4,7,4,0,4,100,5,300,3,200,0,9,400,"A2",1,1,1,0,0,1,1,0,1,0,0,7,7,5,0,10.5,49,1,7,3.33333333333333,5,4,4.66666666666667,4.66666666666667,-0.277777777777779,4.16666666666667,5.5,5.75,4.66666666666667,5.33333333333333,-0.416666666666666,3.83333333333333,4.25,5,5.66666666666667,4,-0.847222222222222,3.33333333333333,5,5.75,7,3,-1.08333333333333,0,0,"Heterogeneous",0,1,1,0,1,1,0,"M4"
21,45,0,17,"A1","A1","A1","A1","A3","A3",NA,"A3",NA,"A3",NA,0,"A1","A3",NA,"A1",0.285714285714286,"A2",NA,63,1,"M4",5,4,3,5,4,6,6,6,5,5,5,5,5,4,5,7,7,6,4,5,4,3,3,4,5,4,5,5,5,5,5,5,5,5,4,4,5,5,6,7,4,3,5,4,4,3,0,0,NA,1,0.285714285714286,1,5,5,4,5,4,5,5,5,5,5,4,3,4,4,5,5,6,4,4,5,3,4,3,6,325,3,300,4,350,2,9,625,"A2",0,0,0,0,0,0,0,0,5,5,4,5,4,5,5,4,5,5,4,4,4,5,5,5,6,4,4,5,3,4,4,0,3,100,3,250,3,200,1,6,350,"A2",1,1,1,0,0,0,0,0,1,1,1,5,5,5,0,13,45,4.66666666666667,8.5,4.5,5.5,4.75,6.33333333333333,5,-0.361111111111111,4.66666666666667,5,4.5,6,4,8.88178419700125e-16,4.66666666666667,5,3.75,5.33333333333333,4.33333333333333,0.361111111111112,4.66666666666667,4.75,4.25,5.33333333333333,4.33333333333333,0.0694444444444455,0,0,"Heterogeneous",0,1,1,0,1,1,0,"M4"
22,21,0,15,"A2","A1","A2","A1","A3","A3",NA,"A3",NA,"A3",NA,0,"A3","A3",NA,"A3",NA,"A3",NA,65,1,"M5",5,5,4,7,4,7,7,6,7,7,2,2,3,2,5,1,5,1,1,1,4,2,6,7,7,5,7,6,6,6,5,7,6,2,2,2,1,6,5,5,1,1,1,3,2,7,0,2,NA,2,NA,1,7,7,6,7,7,7,7,6,7,6,3,3,5,1,5,4,5,1,1,1,3,2,7,0,0,1,75,0,0,0,1,75,"A2",0,0,2,2,0,1,0,1,7,7,5,7,6,7,6,5,5,5,3,4,4,2,5,4,5,1,1,1,3,4,6,0,0,0,0,0,1,75,1,0,0,"A3",0,2,2,0,0,0,0,1,2,2,2,6,4,3,0,13.5,41,3.66666666666667,9,5.33333333333333,6.75,2.25,3.66666666666667,1,3.73611111111111,6.33333333333333,6,1.75,5.33333333333333,1,3.47222222222222,6.83333333333333,6.5,3,4.66666666666667,1,3.77777777777778,6.5,5.25,3.25,4.66666666666667,1,2.90277777777778,1,0,"Heterogeneous",1,0,0,1,1,1,0,"M5"
23,46,0,17,"A2","A1","A1","A1","A3","A3",NA,"A3",NA,"A3",NA,0,"A3","A3",NA,"A3",NA,"A3",NA,65,1,"M5",7,7,7,5,5,6,7,7,7,7,2,5,3,1,5,2,4,1,1,1,5,4,5,6,4,5,6,5,7,7,5,5,7,2,2,3,2,6,4,2,1,1,1,3,4,6,0,2,NA,1,0,1,7,6,6,6,6,7,7,5,6,7,2,2,1,4,5,2,4,1,1,1,4,4,7,0,0,2,230,10,1700,3,2,230,"A2",0,0,2,0,0,0,0,0,7,6,7,6,6,7,7,6,7,7,2,2,1,2,7,2,4,1,1,1,3,4,7,0,0,0,1,130,14,2800,2,1,130,"A2",0,0,2,0,0,0,0,0,0,0,2,3,3,1,0,11,54,4,10,6.16666666666667,7,2.75,3.66666666666667,1,4.11111111111111,5.5,6,2.25,4,1,3.33333333333333,6.33333333333333,6.25,2.25,3.66666666666667,1,3.98611111111111,6.5,6.75,1.75,4.33333333333333,1,4.26388888888889,1,0,"Heterogeneous",1,0,0,0,1,1,0,"M5"
24,39,0,15,"A2","A1","A1","A1","A1","A1",0,"A1",0.107142857142857,"A1",0.107142857142857,0,"A1","A1",0.107142857142857,"A1",0.107142857142857,"A1",0.107142857142857,65,1,"M5",7,3,7,7,7,7,7,7,6,7,4,4,3,2,7,6,5,5,5,7,4,5,7,7,3,6,7,7,6,7,7,7,7,2,2,2,1,6,6,6,2,1,2,3,2,7,1,1,0,1,0,1,7,6,7,7,7,7,7,7,7,7,2,1,1,2,5,5,5,1,2,1,2,1,7,6,250,2,175,0,0,0,8,425,"A3",0,0,0,1,0,1,0,0,7,5,7,7,7,7,7,7,7,7,2,2,1,1,5,5,5,1,1,1,1,2,7,0,2,150,0,0,0,0,0,2,150,"A2",0,1,1,2,2,0,0,1,1,2,1,7,6,5,0,14,42,3.33333333333333,8.5,6.33333333333333,6.75,3.25,6,5.66666666666667,1.56944444444444,6,7,1.75,6,1.66666666666667,3.36111111111111,6.83333333333333,7,1.5,5,1.33333333333333,4.30555555555556,6.66666666666667,7,1.5,5,1,4.33333333333333,1,1,"Heterogeneous",1,1,0,0,1,1,0,"M5"
25,48,0,14,"A1","A1","A1","A1","A2","A2",NA,"A2",NA,"A2",NA,0,"A3","A3",NA,"A3",NA,"A3",NA,65,1,"M5",4,4,1,7,1,5,5,5,5,5,7,7,7,4,7,7,7,1,1,7,7,7,1,7,7,7,7,7,7,7,7,7,7,7,7,7,1,7,7,7,1,1,7,7,7,7,0,1,0.142857142857143,1,0.142857142857143,1,7,1,7,7,7,7,7,7,1,7,7,7,7,1,7,7,7,1,1,1,7,7,7,8,425,1,100,6,500,3,9,525,"A2",0,0,0,0,0,0,0,0,7,7,7,7,4,7,7,7,7,7,7,7,7,1,7,7,7,1,1,2,7,7,6,0,6,350,1,100,1,100,4,7,450,"A2",0,0,0,0,0,0,0,0,1,0,0,7,7,1,0,12,61,5,10,3.66666666666667,5,6.25,7,3,-1.08333333333333,7,7,5.5,7,3,1.83333333333333,6,5.5,5.5,7,1,1.25,6.5,7,5.5,7,1.33333333333333,2.13888888888889,0,0,"Heterogeneous",0,1,1,1,1,1,0,"M5"
26,31,1,14,"A1","A1","A1","A1","A2","A2",NA,"A2",NA,"A2",NA,1,"A2","A2",NA,"A2",NA,"A2",NA,65,1,"M5",4,2,3,5,4,4,6,5,5,5,7,7,6,5,7,7,7,4,4,6,4,4,3,3,3,1,5,4,5,5,5,5,5,7,6,6,7,7,7,7,6,4,7,4,4,3,1,0,NA,0,NA,1,4,3,4,5,4,4,5,5,5,5,6,6,5,5,7,7,7,5,4,6,4,4,3,8,600,3,250,1,100,0,11,850,"A2",0,0,0,1,0,0,0,0,4,3,2,5,5,3,5,5,5,5,7,7,5,5,6,7,7,6,5,7,4,3,3,0,4,275,4,325,0,0,3,8,600,"A2",0,0,0,1,0,0,0,0,2,0,0,5,5,4,0,15,39,3.66666666666667,5,3.66666666666667,5.25,6.25,7,4.66666666666667,-1.51388888888889,3.5,5,6.5,7,5.66666666666667,-2.13888888888889,4,5,5.5,7,5,-1.33333333333333,3.66666666666667,5,6,6.66666666666667,6,-1.88888888888889,0,1,"Heterogeneous",0,1,1,1,1,1,0,"M5"
27,64,0,11,"A1","A1","A1","A1","A2","A2",NA,"A2",NA,"A2",NA,0,"A2","A2",NA,"A2",NA,"A2",NA,65,1,"M5",3,5,3,5,3,4,5,6,5,6,6,5,5,6,6,6,6,6,4,6,6,6,4,5,6,5,5,5,4,6,5,6,7,5,5,5,5,5,7,6,6,6,6,6,3,4,0,1,0.428571428571429,1,0.428571428571429,1,6,6,4,5,5,4,6,5,6,6,5,5,5,6,6,7,7,6,4,5,5,6,3,2,150,2,200,0,0,0,4,350,"A2",0,0,0,0,0,0,0,0,5,4,3,5,3,5,6,6,6,6,5,5,5,5,6,6,6,6,6,6,5,6,3,0,3,150,1,100,0,0,1,4,250,"A2",0,1,1,1,0,0,0,0,1,1,1,6,5,5,0,14.5,57,4.33333333333333,8.5,3.83333333333333,5.5,5.5,6,5.33333333333333,-0.944444444444444,5,6,5,6,6,-0.166666666666667,5,5.75,5.25,6.66666666666667,5,-0.263888888888889,4.16666666666667,6,5,6,6,-0.583333333333333,0,0,"Heterogeneous",1,0,0,1,1,1,0,"M5"
28,38,0,17,"A1","A1","A1","A1","A2","A2",NA,"A2",NA,"A2",NA,1,"A2","A2",NA,"A2",NA,"A2",NA,69,0,"H3",1,2,1,1,1,1,1,1,1,1,7,7,7,7,7,7,7,7,1,5,7,7,1,1,4,1,7,1,1,4,4,1,1,7,1,7,7,1,7,7,4,1,7,7,7,4,0,0,NA,0,NA,1,1,1,1,7,1,1,4,4,4,1,7,7,7,7,7,7,7,4,1,7,7,4,4,4,200,0,0,1,100,4,4,200,"A2",0,1,1,1,0,0,0,0,1,1,1,4,5,5,1,4,1,1,7,7,7,7,7,7,7,4,1,7,7,7,1,0,2,100,1,100,4,400,5,3,200,"A2",0,0,0,0,0,0,0,0,2,0,0,4,1,1,0,12,64,4.33333333333333,10,1.16666666666667,1,7,7,4.33333333333333,-5.02777777777778,2.5,2.5,5.5,5,4,-2.33333333333333,2,3.25,7,7,4,-3.375,2.83333333333333,1.75,7,7,4,-3.70833333333333,0,1,"Homogeneous",0,1,0,1,1,0,1,"H3"
29,55,1,17,"A1","A1","A1","A1","A2","A2",NA,"A2",NA,"A2",NA,0,"A2","A2",NA,"A2",NA,"A2",NA,69,0,"H3",6,4,3,7,4,7,3,3,4,4,5,5,5,6,7,7,7,6,6,6,6,4,3,5,3,6,4,4,6,3,3,4,4,7,6,7,5,7,7,7,4,4,6,6,4,4,0,1,0.714285714285714,0,NA,1,5,4,5,4,4,5,3,3,4,4,7,5,7,6,7,7,7,6,4,7,7,4,3,11,550,2,200,2,150,1,13,750,"A2",0,1,0,0,0,0,0,0,5,4,5,4,4,6,3,4,4,4,7,5,7,6,7,7,7,5,4,7,5,4,4,0,9,450,5,550,1,50,3,14,1000,"A2",0,1,0,1,0,0,0,1,0,0,0,5,3,3,0,13.5,48,4.66666666666667,5,5.16666666666667,3.5,5.25,7,6,-1.75,4.66666666666667,3.5,6.25,7,4.66666666666667,-1.88888888888889,4.5,3.5,6.25,7,5.66666666666667,-2.30555555555556,4.66666666666667,3.75,6.25,7,5.33333333333333,-1.98611111111111,0,0,"Homogeneous",0,1,1,1,1,0,1,"H3"
30,26,0,17,"A1","A1","A1","A1","A2","A2",NA,"A2",NA,"A2",NA,0,"A2","A2",NA,"A2",NA,"A2",NA,69,0,"H3",2,5,3,7,3,4,7,5,5,3,5,5,5,5,6,7,6,3,3,5,5,5,4,5,5,6,7,4,7,7,6,5,6,5,5,5,7,7,7,5,1,1,2,3,5,5,0,1,0.428571428571429,1,0.285714285714286,1,3,4,5,7,3,7,7,6,5,6,6,5,5,6,6,7,6,3,3,5,5,6,4,4,200,6,650,3,500,1,10,850,"A2",0,0,0,0,0,0,0,0,3,5,4,7,5,7,7,5,5,7,7,5,5,7,6,7,7,3,1,6,4,7,5,0,3,150,1,100,6,600,0,4,250,"A2",0,0,0,0,0,0,0,0,1,0,0,7,5,5,0,14,52,3.66666666666667,9.5,4,5,5,6.33333333333333,3.66666666666667,-0.499999999999999,5.66666666666667,6,5.5,6.33333333333333,1.33333333333333,1.44444444444445,4.83333333333333,6,5.5,6.33333333333333,3.66666666666667,0.25,5.16666666666667,6,6,6.66666666666667,3.33333333333333,0.250000000000001,0,0,"Homogeneous",1,1,0,0,1,0,1,"H3"
31,36,0,14,"A1","A1","A1","A1","A2","A2",NA,"A2",NA,"A2",NA,0,"A2","A2",NA,"A2",NA,"A2",NA,69,0,"H3",4,5,4,5,3,5,5,6,4,5,5,5,6,6,5,5,5,4,5,3,5,3,4,5,6,7,6,4,6,5,6,4,6,5,3,5,5,7,6,5,2,4,5,3,3,3,0,0,NA,0,NA,1,3,5,3,6,3,3,5,5,3,4,7,3,6,6,7,6,6,4,3,5,6,3,3,2,100,2,200,2,200,1,4,300,"A2",0,0,0,0,0,0,0,0,3,4,4,5,3,2,6,5,2,3,6,5,5,5,7,6,6,3,5,6,7,4,2,0,3,150,2,200,2,200,0,5,350,"A3",0,0,0,0,0,0,0,1,2,0,0,5,4,2,0,17,36,3.33333333333333,10,4.33333333333333,5,5.5,5,4,-0.166666666666667,5.66666666666667,5.25,4.5,6,3.66666666666667,0.736111111111112,3.83333333333333,4.25,5.5,6.33333333333333,4,-1.23611111111111,3.5,4,5.25,6.33333333333333,4.66666666666667,-1.66666666666667,0,0,"Homogeneous",0,0,0,0,1,0,1,"H3"
32,51,0,12,"A1","A1","A1","A1","A2","A2",NA,"A2",NA,"A2",NA,0,"A2","A2",NA,"A2",NA,"A2",NA,69,0,"H3",1,4,2,5,4,4,5,5,5,5,5,5,5,4,7,6,6,4,3,4,5,6,4,3,4,4,5,4,4,6,6,7,5,5,5,5,4,7,7,6,4,4,4,6,5,4,0,0,NA,0,NA,1,4,3,4,5,4,5,6,5,5,7,6,5,6,5,7,7,7,4,4,4,6,5,4,10,800,6,890,0,0,0,16,1690,"A2",0,0,0,2,0,0,0,0,3,3,4,4,4,4,6,6,7,7,5,5,5,5,7,6,7,4,4,5,4,4,4,0,6,400,3,470,2,220,0,9,870,"A2",0,1,0,0,0,0,0,0,0,0,0,6,5,4,0,14,62,3.33333333333333,9,3.33333333333333,5,4.75,6.33333333333333,3.66666666666667,-0.749999999999999,4,6,4.75,6.66666666666667,4,-0.138888888888889,4.16666666666667,5.75,5.5,7,4,-0.541666666666666,3.66666666666667,6.5,5,6.66666666666667,4.33333333333333,-0.25,0,0,"Homogeneous",1,1,0,0,1,0,1,"H3"
33,36,0,12,"A1","A1","A1","A1","A2","A2",NA,"A2",NA,"A2",NA,0,"A2","A2",NA,"A2",NA,"A2",NA,69,0,"H3",4,4,4,4,4,5,5,5,4,5,4,4,5,5,5,5,6,7,6,5,5,4,3,3,3,4,5,5,5,5,5,5,5,5,6,7,7,7,7,6,7,6,5,7,5,4,0,0,NA,0,NA,1,3,4,5,5,4,5,5,4,4,6,6,7,7,7,7,7,6,7,7,6,7,5,4,6,312.5,6,575,2,175,0,12,887.5,"A2",0,0,0,0,0,0,0,0,4,4,5,5,5,5,6,5,5,5,6,6,6,7,7,7,6,7,7,7,6,5,4,0,3,250,2,250,5,325,2,5,500,"A2",0,0,0,0,0,0,0,0,2,0,0,4,3,3,0,11.5,56,3.66666666666667,7.5,4.16666666666667,4.75,4.5,5.33333333333333,6,-0.819444444444444,4.16666666666667,5,6.25,6.66666666666667,6,-1.72222222222222,4.33333333333333,4.75,6.75,6.66666666666667,6.66666666666667,-2.15277777777778,4.66666666666667,5.25,6.25,6.66666666666667,7,-1.68055555555556,0,0,"Homogeneous",1,1,0,1,1,0,1,"H3"
34,48,0,15,"A4","A2","A2","A2","","A4",NA,"A4",NA,"A4",NA,0,"A3","A3",NA,"A3",NA,"A3",NA,72,1,"M7",7,7,7,7,7,7,7,7,7,7,1,1,1,1,7,1,1,1,1,1,1,1,6,6,7,7,7,6,7,7,7,5,7,1,1,1,2,7,1,1,1,1,1,1,1,6,0,2,NA,2,NA,1,7,7,7,7,6,7,7,7,5,7,1,1,1,1,6,1,1,1,1,1,3,2,6,0,0,0,0,0,0,6,0,0,"A2",0,2,2,2,0,0,0,0,6,7,7,7,6,7,7,7,5,7,1,2,1,1,6,1,1,1,1,1,2,1,6,0,0,0,0,0,0,0,4,0,0,"A2",0,2,2,2,0,0,0,0,1,2,2,4,4,4,0,7,49,4.33333333333333,9.5,7,7,1,3,1,5.33333333333333,6.66666666666667,6.5,1.25,3,1,4.83333333333333,6.83333333333333,6.5,1,2.66666666666667,1,5.11111111111111,6.66666666666667,6.5,1.25,2.66666666666667,1,4.94444444444445,1,0,"Heterogeneous",0,0,0,0,0,1,0,"M7"
35,32,0,14,"A1","A1","A1","A1","A1","A1",0.142857142857143,"A3",NA,"A1",0.142857142857143,0,"A1","A1",0.285714285714286,"A1",0.107142857142857,"A2",NA,72,1,"M7",5,3,3,5,5,4,7,7,6,7,4,4,4,5,7,6,6,7,5,3,3,5,6,6,1,4,7,5,7,7,5,5,7,5,5,5,4,3,5,6,5,3,4,4,5,7,0,1,0.428571428571429,1,0.142857142857143,1,5,4,5,7,6,7,7,7,7,7,5,5,5,5,4,5,7,6,4,4,6,5,7,9,500,0,0,0,0,4,9,500,"A1",0,0,0,1,1,0,0,0,6,4,7,7,7,6,7,6,5,7,5,5,4,6,4,6,7,3,4,4,7,3,7,1,4,175,0,0,1,100,0,4,175,"A2",1,0,1,1,0,1,1,0,1,1,1,7,3,6,0,13,47,4.33333333333333,8.5,4.16666666666667,6.75,4.25,6.33333333333333,5,0.26388888888889,5,6,4.75,4.66666666666667,4,1.02777777777778,5.66666666666667,7,5,5.33333333333333,4.66666666666667,1.33333333333333,6.16666666666667,6.25,5,5.66666666666667,3.66666666666667,1.43055555555556,1,0,"Heterogeneous",0,1,0,0,1,1,0,"M7"
36,54,1,12,"A1","A1","A1","A1","A1","A1",0.571428571428571,"A3",NA,"A2",NA,0,"A3","A3",NA,"A3",NA,"A3",NA,72,1,"M7",5,4,6,7,4,7,7,7,3,5,4,2,3,3,4,5,4,3,2,4,2,4,5,5,5,4,6,6,7,7,7,6,6,5,5,4,3,4,7,7,5,4,4,4,3,5,0,1,0.714285714285714,1,0.428571428571429,1,5,4,5,5,6,7,7,7,4,7,4,4,4,3,5,7,5,5,2,4,2,3,5,1,25,5,480,0,0,3,6,505,"A2",0,0,1,1,0,0,0,1,6,4,5,5,5,7,7,7,6,5,4,4,2,2,5,5,7,5,2,4,3,4,5,0,0,0,2,250,1,100,3,2,250,"A3",1,1,0,1,1,0,1,1,1,1,2,6,5,4,0,12,44,3.66666666666667,8.5,5.5,5.5,3,4.33333333333333,3,2.05555555555556,5.5,6.5,4.25,6,4.33333333333333,1.13888888888889,5.33333333333333,6.25,3.75,5.66666666666667,3.66666666666667,1.43055555555555,5.33333333333333,6.25,3,5.66666666666667,3.66666666666667,1.68055555555555,1,0,"Heterogeneous",1,1,0,0,1,1,0,"M7"
37,48,0,12,"A1","A1","A1","A1","A2","A2",NA,"A2",NA,"A2",NA,0,"A3","A3",NA,"A3",NA,"A3",NA,72,1,"M7",1,4,3,6,4,5,5,5,3,5,5,7,5,5,6,6,7,4,3,6,3,5,4,3,4,2,5,4,6,6,4,2,3,6,6,6,7,6,7,7,3,2,7,5,4,5,0,0,NA,1,0.285714285714286,1,3,4,5,5,3,6,7,7,2,5,6,6,6,6,7,7,7,3,5,4,6,6,4,11,550,4,400,1,100,0,15,950,"A2",0,0,0,0,0,0,0,0,2,4,3,5,4,5,6,6,1,2,5,6,6,6,6,6,7,3,4,6,6,7,4,0,4,200,4,400,2,200,1,8,600,"A2",0,0,0,0,0,0,0,0,0,0,0,7,4,3,0,14,51,4.33333333333333,8.5,3.83333333333333,4.5,5.5,6.33333333333333,4.33333333333333,-1.22222222222222,4,3.75,6.25,6.66666666666667,4,-1.76388888888889,4.33333333333333,5.25,6,7,4,-0.875000000000001,3.83333333333333,3.75,5.75,6.33333333333333,4.33333333333333,-1.68055555555555,0,0,"Heterogeneous",0,1,0,1,1,1,0,"M7"
38,42,1,15,"A1","A1","A1","A1","A2","A2",NA,"A2",NA,"A2",NA,0,"A1","A1",0.142857142857143,"A2",NA,"A2",NA,72,1,"M7",3,1,1,5,4,5,5,5,5,4,4,5,5,5,7,6,7,5,7,3,5,4,4,2,3,5,5,4,5,2,3,4,3,6,4,5,5,7,6,6,5,4,5,5,4,4,0,1,0.142857142857143,0,NA,1,3,5,5,5,3,1,7,7,7,5,6,4,5,6,6,7,7,5,3,5,4,5,3,10,313,5,425,0,0,0,15,738,"A2",0,0,0,1,0,0,0,0,2,4,3,5,3,5,7,6,3,2,6,5,5,5,5,6,7,5,3,4,4,5,4,0,3,100,10,675,3,300,1,13,775,"A2",0,0,1,0,0,0,0,1,1,0,1,5,4,2,0,14,50,4,9.5,3.16666666666667,4.75,4.75,6.66666666666667,5,-1.51388888888889,4,3,5,6.33333333333333,4.66666666666667,-1.83333333333333,3.66666666666667,6.5,5.25,6.66666666666667,4.33333333333333,-0.333333333333334,3.66666666666667,4.5,5.25,6,4,-1,0,0,"Heterogeneous",0,1,0,1,1,1,0,"M7"
39,38,1,17,"A1","A1","A1","A1","A2","A2",NA,"A2",NA,"A2",NA,0,"A2","A2",NA,"A2",NA,"A2",NA,72,1,"M7",6,4,2,6,6,6,6,5,3,1,5,5,5,5,7,5,7,4,3,4,4,4,4,7,2,3,5,7,7,7,7,1,4,4,4,4,4,7,5,7,6,5,5,4,4,5,0,1,0.714285714285714,1,0.714285714285714,1,7,4,4,6,7,7,7,7,2,5,3,3,3,3,7,6,7,4,5,5,4,5,4,6,650,2,250,3,450,1,8,900,"A2",0,0,0,0,0,0,0,0,7,2,4,6,5,6,7,7,1,4,4,4,4,6,7,6,7,6,6,6,3,6,4,0,8,685,2,300,3,350,0,10,985,"A3",0,0,0,0,0,0,0,0,0,0,0,7,4,2,0,13,38,3.66666666666667,5.5,5,3.75,5,6.33333333333333,3.66666666666667,-0.624999999999999,5.16666666666667,4.75,4,6.33333333333333,5.33333333333333,-0.263888888888888,5.83333333333333,5.25,3,6.66666666666667,4.66666666666667,0.763888888888888,5,4.75,4.5,6.66666666666667,6,-0.847222222222222,0,0,"Heterogeneous",0,0,0,0,1,1,0,"M7"
40,47,1,17,"A1","A1","A1","A1","A3","A3",NA,"A3",NA,"A3",NA,0,"A3","A3",NA,"A3",NA,"A3",NA,54,0,"H4",4,3,3,5,3,4,5,5,1,1,6,6,3,4,7,7,7,4,3,6,7,6,3,4,3,5,4,3,5,4,5,4,6,6,6,5,4,7,7,7,3,3,3,6,5,4,0,0,NA,0,NA,1,4,3,5,4,3,5,6,6,2,5,5,6,6,5,7,7,7,2,2,6,6,5,4,9,450,4,430,4,500,2,13,880,"A2",0,0,0,0,0,0,0,0,4,3,3,5,4,5,5,5,3,3,5,5,5,4,7,7,7,4,3,3,6,5,3,1,3,175,6,630,2,150,1,9,805,"A2",0,0,0,0,0,0,0,0,2,0,0,4,3,2,0,15,42,4.66666666666667,8,3.66666666666667,3,4.75,7,4.33333333333333,-2.02777777777778,4,4.75,5.25,7,3,-0.708333333333333,4,4.75,5.5,7,3.33333333333333,-0.902777777777778,4,4,4.75,7,3.33333333333333,-1.02777777777778,0,0,"Homogeneous",0,1,1,0,1,0,1,"H4"
41,29,1,17,"A1","A1","A1","A1","A2","A2",NA,"A2",NA,"A2",NA,0,"A1","A1",0.285714285714286,"A1",0.285714285714286,"A1",1,54,0,"H4",1,6,3,6,4,4,7,4,7,4,6,5,7,6,7,7,7,7,7,7,7,7,4,5,5,5,6,7,7,7,7,7,7,6,4,4,4,7,7,6,6,6,4,6,4,5,0,1,0.285714285714286,1,0.285714285714286,1,4,5,4,4,5,6,7,6,7,7,6,5,6,6,4,7,7,3,7,6,7,7,4,5,250,5,580,1,180,0,10,830,"A2",0,0,0,0,0,0,0,0,6,5,5,5,5,6,4,4,4,6,7,7,7,7,7,7,7,5,7,6,7,7,5,0,8,450,1,120,0,0,0,9,570,"A2",0,0,0,1,2,0,0,1,1,1,1,6,6,4,0,15.5,53,2.66666666666667,8,4,5.5,6,7,7,-1.91666666666667,5.83333333333333,7,4.5,6.66666666666667,5.33333333333333,0.916666666666666,4.66666666666667,6.75,5.75,6,5.33333333333333,0.0138888888888902,5.33333333333333,4.5,7,7,6,-1.75,0,0,"Homogeneous",1,0,1,0,1,0,1,"H4"
42,50,0,11,"A1","A1","A1","A1","A3","A3",NA,"A3",NA,"A3",NA,0,"A3","A3",NA,"A3",NA,"A3",NA,54,0,"H4",4,5,4,3,3,5,5,6,4,4,5,5,5,5,5,4,5,5,5,4,5,4,4,4,4,3,4,4,5,7,7,5,5,5,6,5,5,5,5,5,5,5,4,5,4,4,1,1,0.285714285714286,1,0.142857142857143,1,5,4,6,4,4,5,6,6,5,5,6,6,5,5,5,6,6,6,6,4,5,4,4,3,100,0,0,3,400,0,3,100,"A2",0,1,1,0,0,0,1,0,4,4,5,5,4,4,5,6,5,5,6,6,5,6,6,5,5,5,5,4,5,5,4,1,2,150,1,100,2,400,1,3,250,"A2",0,1,1,0,0,0,0,0,1,1,2,5,5,5,1,15,56,2.33333333333333,7.5,4,4.75,5,4.66666666666667,4.66666666666667,-0.402777777777779,4,6,5.25,5,4.66666666666667,0.0277777777777777,4.66666666666667,5.5,5.5,5.66666666666667,5.33333333333333,-0.416666666666666,4.33333333333333,5.25,5.75,5.33333333333333,4.66666666666667,-0.458333333333334,0,1,"Homogeneous",0,1,1,1,1,0,1,"H4"
43,32,0,17,"A1","A1","A1","A1","A3","A3",NA,"A3",NA,"A3",NA,0,"A1","A1",0.107142857142857,"A2",NA,"A2",NA,54,0,"H4",1,2,4,4,2,2,7,7,4,4,6,6,6,6,4,6,6,7,6,6,4,1,4,3,1,4,5,5,7,4,6,6,5,2,2,3,7,4,7,7,2,5,5,5,1,5,0,0,NA,1,0.142857142857143,1,3,1,2,5,5,6,7,7,4,5,3,3,6,7,6,7,7,4,6,6,6,1,4,1,200,3,400,2,300,2,4,600,"A3",0,0,0,0,0,0,0,1,2,2,2,3,4,3,7,7,3,5,4,5,7,7,7,7,7,6,6,5,6,3,4,0,2,100,2,200,2,200,2,4,300,"A2",1,1,1,0,0,1,1,1,1,1,1,7,6,5,0,19,46,5,9,2.5,5.5,6,5.33333333333333,6.33333333333333,-1.88888888888889,4.16666666666667,5.25,3.5,6,4,0.208333333333334,3.66666666666667,5.75,4.75,6.66666666666667,5.33333333333333,-0.875,2.66666666666667,5.5,5.75,7,5.66666666666667,-2.05555555555556,0,0,"Homogeneous",1,0,0,0,1,0,1,"H4"
44,29,1,17,"A2","A1","A1","A1","A3","A3",NA,"A3",NA,"A3",NA,0,"A3","A3",NA,"A3",NA,"A3",NA,64,1,"M8",7,7,2,3,1,7,7,7,7,7,1,1,1,1,7,3,5,5,1,7,1,1,7,7,6,3,5,5,7,7,7,7,7,1,2,2,1,7,5,5,1,1,7,1,1,7,0,0,NA,0,NA,1,7,5,3,5,3,7,7,7,7,7,1,2,1,1,7,6,5,3,3,6,1,3,7,1,50,7,1000,2,300,1,8,1050,"A2",0,0,2,1,0,0,0,0,5,5,3,4,2,7,7,7,7,7,1,2,2,1,7,5,5,2,1,6,1,3,6,0,0,0,3,400,3,600,4,3,400,"A2",0,0,0,0,0,0,0,0,2,0,0,2,2,2,0,10,46,5,10,4.5,7,1,5,4.33333333333333,2.30555555555556,5.5,7,1.5,5.66666666666667,3,2.86111111111111,5,7,1.25,6,4,2.25,4.33333333333333,7,1.5,5.66666666666667,3,2.27777777777778,1,0,"Heterogeneous",1,1,0,1,1,1,0,"M8"
45,64,0,17,"A1","A1","A1","A1","A3","A3",NA,"A3",NA,"A3",NA,0,"A1","A4",NA,"A1",0.428571428571429,"A2",NA,64,1,"M8",5,5,5,5,5,7,7,7,5,3,3,3,3,3,7,6,5,3,3,4,4,2,5,6,3,6,5,5,7,7,7,6,4,5,4,3,5,7,7,6,3,3,3,4,2,6,0,1,0,1,0.428571428571429,1,7,3,6,3,7,7,7,7,6,4,1,1,1,3,5,7,3,2,2,1,3,2,7,3,125,3,450,3,500,4,6,575,"A2",0,0,0,0,0,0,0,0,7,3,5,5,7,7,7,7,5,4,2,2,1,2,5,6,5,1,2,2,4,2,7,0,1,50,2,200,0,0,9,3,250,"A2",1,1,1,1,1,0,0,0,1,1,0,5,5,4,0,11,45,5,10,5.33333333333333,5.5,3,6,3.33333333333333,1.30555555555555,5.33333333333333,6,4.25,6.66666666666667,3,1.02777777777778,5.5,6,1.5,5,1.66666666666667,3.02777777777778,5.66666666666667,5.75,1.75,5.33333333333333,1.66666666666667,2.79166666666667,1,0,"Heterogeneous",1,1,1,1,1,1,0,"M8"
46,20,0,15,"A1","A1","A1","A1","A3","A3",NA,"A3",NA,"A3",NA,0,"A3","A3",NA,"A3",NA,"A3",NA,64,1,"M8",5,4,4,5,4,5,6,5,3,4,3,3,4,4,6,6,6,4,2,5,2,4,5,3,5,4,6,4,6,5,4,5,5,5,5,5,3,5,6,6,3,2,3,3,3,5,0,1,0.428571428571429,1,0.428571428571429,1,5,4,4,5,4,6,6,4,6,5,5,4,4,3,6,5,6,4,3,4,4,4,6,2,50,3,250,3,250,3,5,300,"A3",0,1,1,0,0,0,0,0,3,5,4,5,4,5,5,4,5,5,4,4,4,3,5,5,6,3,3,4,4,4,5,0,2,50,4,250,3,250,3,6,300,"A2",0,1,1,0,1,0,0,0,1,1,1,5,5,3,0,12,49,3.33333333333333,8.5,4.5,4.5,3.5,6,3.66666666666667,0.111111111111112,4.66666666666667,4.75,4.5,5.66666666666667,2.66666666666667,0.430555555555556,4.66666666666667,5.25,4,5.66666666666667,3.66666666666667,0.513888888888889,4.33333333333333,4.75,3.75,5.33333333333333,3.33333333333333,0.402777777777778,1,0,"Heterogeneous",0,0,0,0,1,1,0,"M8"
47,32,0,17,"A1","A1","A1","A1","A3","A3",NA,"A3",NA,"A3",NA,0,"A1","A1",0.428571428571429,"A2",NA,"A1",0.285714285714286,64,1,"M8",7,3,5,5,6,2,5,4,1,1,7,7,7,6,3,7,7,4,5,7,7,5,2,5,1,5,5,7,6,6,4,5,5,7,7,6,5,5,7,7,7,7,7,4,5,5,0,1,0.428571428571429,1,0.142857142857143,1,7,3,5,5,7,5,5,4,3,2,7,7,6,6,6,7,7,6,6,6,4,5,6,2,75,2,170,2,200,3,4,245,"A2",0,0,0,0,1,1,0,1,5,1,6,4,4,5,4,3,1,2,7,7,7,6,6,7,7,6,6,6,2,5,4,0,3,200,2,200,1,100,1,5,400,"A2",0,0,0,0,0,0,0,1,1,0,0,4,2,2,0,20,39,4,10,4.66666666666667,2.75,6.75,5.66666666666667,5.33333333333333,-2.20833333333333,4.83333333333333,5,6.25,6.33333333333333,7,-1.61111111111111,5.33333333333333,3.5,6.5,6.66666666666667,6,-1.97222222222222,4.16666666666667,2.5,6.75,6.66666666666667,6,-3.13888888888889,0,0,"Heterogeneous",0,0,1,0,1,1,0,"M8"
48,54,0,15,"A1","A1","A1","A1","A3","A3",NA,"A3",NA,"A3",NA,0,"A3","A3",NA,"A3",NA,"A3",NA,64,1,"M8",5,3,3,5,3,3,5,6,4,3,6,6,5,5,7,5,5,2,2,1,4,3,4,5,5,3,5,5,6,6,6,6,6,6,6,3,5,6,6,6,5,4,3,5,2,5,0,1,0.428571428571429,2,NA,1,5,3,5,4,6,4,6,6,6,6,5,6,5,5,6,6,6,5,3,4,5,5,5,6,600,2,300,3,300,0,8,900,"A2",0,0,0,1,0,0,0,0,5,5,5,6,6,3,5,6,6,6,7,6,5,3,7,6,6,3,2,3,5,2,6,0,4,185,5,570,1,50,3,9,755,"A2",0,1,1,0,0,0,0,0,0,0,0,6,6,6,0,13.5,44,4.33333333333333,10,3.66666666666667,4.5,5.5,5.66666666666667,1.66666666666667,-0.194444444444445,4.83333333333333,6,5,6,4,0.416666666666666,4.5,6,5.25,6,4,0.166666666666667,5,5.75,5.25,6.33333333333333,2.66666666666667,0.625000000000001,0,0,"Heterogeneous",0,1,1,1,1,1,0,"M8"
49,43,0,17,"A1","A1","A1","A1","A2","A2",NA,"A2",NA,"A2",NA,0,"A2","A2",NA,"A2",NA,"A2",NA,64,1,"M8",4,2,1,5,3,2,5,5,4,5,5,5,5,6,6,6,6,7,3,2,4,4,3,5,2,3,6,5,6,7,5,5,5,5,6,7,7,7,7,6,7,4,5,5,4,4,0,1,0.428571428571429,1,0.285714285714286,1,6,2,4,6,6,2,6,6,7,7,7,6,7,6,7,7,6,7,4,6,5,4,5,2,200,3,350,3,90,6,5,550,"A2",1,0,0,0,1,0,1,0,3,3,3,5,3,1,5,5,5,5,5,5,6,7,7,7,6,6,4,5,5,4,4,0,1,50,2,230,1,100,0,3,280,"A2",0,1,1,0,0,0,0,0,1,0,1,6,6,4,0,13,56,4.66666666666667,8.5,2.83333333333333,4.75,5.25,6,4,-1.29166666666667,4.5,5.5,6.25,6.66666666666667,5.33333333333333,-1.08333333333333,4.33333333333333,6.5,6.5,6.66666666666667,5.66666666666667,-0.861111111111112,3,5,5.75,6.66666666666667,5,-1.80555555555556,0,0,"Heterogeneous",1,1,1,0,1,1,0,"M8"
50,38,1,17,"A1","A1","A1","A1","A3","A3",NA,"A3",NA,"A3",NA,0,"A3","A3",NA,"A3",NA,"A3",NA,64,1,"M8",5,4,3,6,4,5,5,5,4,5,5,5,4,5,5,5,6,5,4,4,4,4,4,5,4,3,5,4,6,6,5,5,5,5,5,5,5,4,5,7,4,2,4,5,4,4,0,1,0.428571428571429,1,0.285714285714286,1,5,4,4,5,4,5,5,5,5,6,5,5,5,5,4,5,6,5,4,4,5,4,4,9,575,1,50,3,250,0,10,625,"A2",0,1,0,0,0,0,0,0,6,4,3,5,4,5,5,5,5,6,5,5,5,5,5,5,6,4,4,4,4,4,5,0,6,300,1,75,0,0,1,7,375,"A2",0,1,0,1,0,0,0,0,1,1,0,5,4,4,0,13,45,3.66666666666667,7.5,4.5,4.75,4.75,5.33333333333333,4.33333333333333,-0.180555555555554,4.5,5.25,5,5.33333333333333,3.33333333333333,0.319444444444445,4.5,5.25,5,5,4.33333333333333,0.0972222222222223,4.5,5.25,5,5.33333333333333,4,0.0972222222222223,0,0,"Heterogeneous",0,1,1,1,1,1,0,"M8"
51,27,1,17,"A2","A1","A1","A1","A3","A3",NA,"A3",NA,"A3",NA,0,"A3","A3",NA,"A3",NA,"A3",NA,58,1,"M9",7,7,7,7,6,7,7,4,4,6,3,3,3,3,4,4,5,2,2,1,1,4,6,7,4,6,6,6,7,7,4,5,5,4,4,4,1,4,5,5,2,2,2,2,2,5,0,2,NA,2,NA,1,7,6,7,7,6,6,6,4,6,6,4,4,4,1,4,5,4,2,2,2,3,3,6,0,0,1,100,2,200,6,1,100,"A2",0,0,0,0,0,0,0,0,6,4,6,7,5,7,6,4,6,6,4,2,2,2,4,5,5,2,2,2,3,3,6,0,2,250,0,0,1,100,1,2,250,"A2",0,0,0,0,0,0,0,0,2,2,0,5,5,4,0,10,47,4.66666666666667,7.5,6.83333333333333,5.25,3,4.33333333333333,1.66666666666667,3.04166666666667,6,5.25,3.25,4.66666666666667,2,2.31944444444444,6.5,5.5,3.25,4.33333333333333,2,2.80555555555556,5.83333333333333,5.5,2.5,4.66666666666667,2,2.61111111111111,1,0,"Heterogeneous",1,0,1,0,1,1,0,"M9"
52,33,0,14,"A5","A2","A2","A2","","A4",NA,"A4",NA,"A4",NA,1,"A4","A4",NA,"A4",NA,"A4",NA,58,1,"M9",7,7,7,6,7,7,7,7,4,6,3,1,1,3,7,6,5,1,1,1,3,3,7,7,7,7,6,4,6,7,7,3,4,1,1,1,1,7,7,3,1,1,1,1,4,7,0,2,NA,2,NA,1,7,7,7,6,5,5,7,7,3,5,1,1,1,4,7,6,4,1,1,1,2,4,7,0,0,0,0,0,0,0,0,0,"A3",0,2,2,2,2,0,0,1,7,7,7,6,7,6,7,7,4,7,3,1,2,1,7,6,2,1,1,1,4,5,7,0,0,0,0,0,0,0,0,0,0,"A2",1,2,2,2,2,1,0,0,2,2,2,5,2,2,0,14,46,3.66666666666667,9.5,6.83333333333333,6,2,6,1,3.41666666666667,6.16666666666667,5.25,1,5.66666666666667,1,3.15277777777778,6.16666666666667,5.5,1.75,5.66666666666667,1,3.02777777777778,6.66666666666667,6.25,1.75,5,1,3.875,1,1,"Heterogeneous",0,0,0,0,0,1,0,"M9"
53,50,0,15,"A1","A1","A1","A1","A3","A3",NA,"A3",NA,"A3",NA,0,"A3","A3",NA,"A3",NA,"A3",NA,58,1,"M9",4,3,5,3,3,5,6,6,5,4,5,5,4,6,7,6,7,6,5,5,4,4,4,5,4,3,5,4,6,7,5,7,2,4,5,3,6,7,7,7,3,4,5,3,2,5,0,1,0.142857142857143,1,0.142857142857143,1,5,4,2,6,5,6,7,7,7,6,4,5,1,6,7,7,7,5,4,4,4,1,5,2,87.5,0,0,4,435,6,2,87.5,"A2",0,0,0,0,0,0,0,0,5,3,4,6,4,6,6,6,3,5,4,5,3,6,7,6,6,4,4,5,5,1,5,0,9,375,0,0,0,0,1,9,375,"A2",0,0,0,0,0,0,0,0,0,0,0,7,5,2,0,17.5,47,5,10,3.83333333333333,5.25,5,6.66666666666667,5.33333333333333,-1.125,4.5,5.25,4.5,7,4,-0.291666666666667,4.66666666666667,6.75,4,7,4.33333333333333,0.597222222222223,4.66666666666667,5,4.5,6.33333333333333,4.33333333333333,-0.222222222222221,0,0,"Heterogeneous",0,0,1,0,1,1,0,"M9"
54,49,0,14,"A1","A1","A1","A1","A3","A3",NA,"A3",NA,"A3",NA,0,"A2","A2",NA,"A2",NA,"A2",NA,58,1,"M9",4,4,4,5,4,5,5,4,4,5,5,6,6,4,6,6,5,5,6,4,6,7,4,6,4,4,5,5,3,5,5,4,5,5,6,5,4,7,6,6,5,4,6,5,4,4,0,1,0.428571428571429,1,0.428571428571429,1,5,4,5,5,4,4,5,6,3,5,5,5,4,4,6,5,5,4,4,4,4,4,5,4,200,3,300,2,200,2,7,500,"A2",0,0,0,0,0,0,0,0,6,3,5,4,4,4,6,5,4,5,6,5,4,4,6,6,6,4,4,5,6,6,4,0,2,37.5,5,300,4,275,0,7,337.5,"A2",0,0,0,0,0,0,0,0,1,1,1,5,4,4,0,13,48,4.33333333333333,8,4.33333333333333,4.5,5.25,5.66666666666667,5,-0.88888888888889,4.5,4.75,5,6.33333333333333,5,-0.819444444444444,4.5,4.75,4.5,5.33333333333333,4,0.0138888888888893,4.33333333333333,5,4.75,6,4.33333333333333,-0.361111111111112,0,0,"Heterogeneous",0,1,0,0,1,1,0,"M9"
55,45,0,15,"A1","A1","A1","A1","A3","A3",NA,"A3",NA,"A3",NA,0,"A3","A3",NA,"A3",NA,"A3",NA,67,0,"H5",4,4,3,5,3,5,4,4,4,4,6,5,5,4,6,6,7,4,3,4,3,2,3,4,5,3,5,3,5,6,4,6,6,6,6,5,5,7,5,7,5,2,3,5,3,3,0,0,NA,0,NA,1,3,5,3,5,3,6,6,4,6,5,6,6,6,6,7,6,7,5,3,3,3,3,1,9,425,5,540,0,0,0,14,965,"A3",0,0,0,0,0,0,0,0,2,5,3,5,3,5,5,4,5,5,5,5,5,6,6,5,7,4,3,5,5,5,1,0,6,225,2,200,2,200,3,8,425,"A2",0,1,0,0,0,0,0,0,2,1,0,7,6,4,0,14.5,48,3.33333333333333,6.5,4,4,5,6.33333333333333,3.66666666666667,-0.999999999999999,4.16666666666667,5.5,5.5,6.33333333333333,3.33333333333333,-0.222222222222221,4.16666666666667,5.25,6,6.66666666666667,3.66666666666667,-0.736111111111112,3.83333333333333,4.75,5.25,6,4,-0.791666666666666,0,0,"Homogeneous",1,1,0,1,1,0,1,"H5"
56,51,0,12,"A1","A1","A1","A1","A2","A2",NA,"A2",NA,"A2",NA,0,"A1","A1",0.285714285714286,"A1",0.142857142857143,"A2",NA,67,0,"H5",2,4,2,4,4,4,4,5,2,2,4,4,5,5,5,7,6,5,2,3,5,4,4,3,5,6,5,4,6,6,6,4,4,3,3,4,3,6,6,6,3,2,3,4,4,6,0,1,0.285714285714286,1,0.285714285714286,1,5,5,5,5,4,6,6,6,4,6,3,3,3,3,6,6,6,3,3,3,5,4,4,3,200,1,100,2,240,0,4,300,"A3",0,0,0,0,0,0,0,0,5,4,5,5,4,5,5,5,4,4,4,5,3,4,5,7,7,5,3,4,5,4,5,0,3,75,4,355,2,150,0,7,430,"A3",0,0,0,0,0,0,0,0,1,1,1,7,6,5,0,12,51,4,9.5,3.33333333333333,3.25,4.5,6,3.33333333333333,-1.31944444444444,4.83333333333333,5,3.25,6,2.66666666666667,0.944444444444444,5,5.5,3,6,3,1.25,4.66666666666667,4.5,4,6.33333333333333,4,-0.194444444444444,0,0,"Homogeneous",0,0,0,0,1,0,1,"H5"
57,46,0,12,"A1","A1","A1","A1","A2","A2",NA,"A2",NA,"A2",NA,0,"A2","A2",NA,"A2",NA,"A2",NA,67,0,"H5",4,3,2,4,3,4,5,5,3,5,5,6,5,4,6,6,5,5,4,5,5,5,3,7,3,4,5,6,4,5,6,3,5,6,5,4,5,6,6,6,4,4,5,6,4,5,0,1,0.428571428571429,1,0.428571428571429,1,4,3,3,3,6,5,6,6,6,3,7,7,5,5,5,7,6,6,6,5,7,5,6,4,300,2,200,6,600,2,6,500,"A2",0,1,0,0,0,0,0,0,7,4,4,5,6,4,6,6,4,5,7,6,6,6,7,7,6,5,4,6,4,5,4,0,3,150,4,400,1,100,1,7,550,"A2",0,0,0,0,0,0,0,0,1,1,1,6,6,5,0,13.5,57,4.33333333333333,9,3.33333333333333,4.5,5,5.66666666666667,4.66666666666667,-1.19444444444444,4.83333333333333,4.75,5,6,4.33333333333333,-0.319444444444445,4,5.25,6,6,5.66666666666667,-1.26388888888889,5,5.25,6.25,6.66666666666667,5,-0.847222222222222,0,0,"Homogeneous",0,1,1,0,1,0,1,"H5"
58,33,0,15,"A1","A1","A1","A1","A2","A2",NA,"A2",NA,"A2",NA,0,"A2","A2",NA,"A2",NA,"A2",NA,67,0,"H5",3,4,2,5,4,3,4,4,4,3,5,4,5,4,5,6,7,4,3,3,5,5,4,3,4,3,5,3,3,4,4,3,3,5,4,5,3,7,7,7,5,2,4,5,5,4,0,0,NA,1,0.142857142857143,1,4,4,3,5,3,3,5,4,4,3,6,4,6,4,7,7,7,4,3,3,6,5,4,7,400,4,400,2,200,2,11,800,"A2",0,0,0,1,0,0,0,0,4,4,5,3,3,2,4,4,4,1,5,5,5,4,7,7,7,5,4,4,5,5,4,0,1,50,7,700,3,300,0,8,750,"A2",0,0,0,0,0,0,0,0,0,0,0,5,4,2,0,14.5,37,3.66666666666667,9,3.5,3.75,4.5,6,3.33333333333333,-0.986111111111112,3.5,3.5,4.25,7,3.66666666666667,-1.47222222222222,3.66666666666667,4,5,7,3.33333333333333,-1.27777777777778,3.5,3.25,4.75,7,4.33333333333333,-1.98611111111111,0,0,"Homogeneous",0,1,0,0,1,0,1,"H5"
59,33,0,17,"A1","A1","A1","A1","A2","A2",NA,"A2",NA,"A2",NA,0,"A1","A2",NA,"A1",0.571428571428571,"A2",NA,67,0,"H5",3,5,4,5,5,5,5,5,3,1,6,7,5,7,7,7,7,6,1,6,5,5,4,4,7,4,7,5,7,7,6,5,3,7,5,7,4,7,7,7,5,1,5,6,4,4,0,0,NA,0,NA,1,4,5,3,5,5,7,7,6,4,3,5,5,4,7,7,7,7,6,1,7,5,4,4,3,150,2,200,4,400,1,5,350,"A2",0,0,0,0,0,0,0,0,6,6,3,6,4,7,7,6,2,1,5,5,4,7,7,7,7,5,1,6,5,3,4,0,1,50,4,500,2,300,3,5,550,"A2",0,0,1,0,0,0,0,0,2,0,0,7,2,3,0,16,52,4,9,4.5,3.5,6.25,7,4.33333333333333,-1.86111111111111,5.66666666666667,5.25,5.75,7,3.66666666666667,-0.0138888888888884,4.83333333333333,5,5.25,7,4.66666666666667,-0.722222222222223,5.33333333333333,4,5.25,7,4,-0.750000000000001,0,0,"Homogeneous",0,1,1,1,1,0,1,"H5"
60,51,1,15,"A2","A1","A1","A1","A3","A3",NA,"A3",NA,"A3",NA,0,"A1","A1",0.571428571428571,"A3",NA,"A2",NA,71,1,"M10",7,5,5,6,6,7,6,5,4,6,4,4,4,5,5,6,5,4,5,4,4,3,6,7,4,5,5,7,7,7,5,4,5,4,5,5,4,5,7,5,4,3,4,4,2,3,0,1,0.428571428571429,0,NA,1,6,5,4,5,6,7,6,4,4,6,5,6,5,5,5,6,5,4,3,4,4,2,6,9,335,2,135,2,180,3,11,470,"A3",1,0,0,1,1,0,0,0,6,5,4,5,6,7,6,5,4,6,5,6,5,5,5,6,5,4,3,3,4,3,5,0,5,230,1,180,4,440,3,6,410,"A3",0,0,0,0,1,0,0,0,0,1,0,6,6,5,0,12,43,4,7.5,6,5.25,4.25,5.33333333333333,4.33333333333333,0.986111111111112,5.83333333333333,5.25,4.5,5.66666666666667,3.66666666666667,0.930555555555554,5.5,5,5.25,5.33333333333333,3.66666666666667,0.500000000000001,5.5,5.25,5.25,5.33333333333333,3.33333333333333,0.736111111111112,1,0,"Heterogeneous",1,1,0,0,1,1,0,"M10"
61,47,0,17,"A2","A1","A1","A1","A1","A1",0,"A1",0,"A1",0,0,"A1","A1",0,"A1",0,"A1",0,71,1,"M10",7,7,7,7,7,7,7,7,7,7,1,1,1,3,4,4,5,2,1,2,3,1,6,7,7,7,7,7,7,7,6,7,7,1,1,2,3,6,5,5,2,2,2,4,2,6,0,1,0,1,0,1,7,7,7,7,7,7,7,6,7,7,1,1,1,1,5,4,6,1,1,1,3,2,7,0,0,1,50,0,0,1,1,50,"A2",0,0,0,0,0,0,0,0,7,7,7,7,7,7,7,6,7,7,2,2,2,3,6,6,6,1,2,1,4,1,7,0,0,0,0,0,0,0,2,0,0,"A2",0,0,0,0,1,1,1,0,1,0,1,6,1,4,0,13,51,4.66666666666667,8,7,7,1.5,4.33333333333333,1.66666666666667,4.5,7,6.75,1.75,5.33333333333333,2,3.84722222222222,7,6.75,1,5,1,4.54166666666667,7,6.75,2.25,6,1.33333333333333,3.68055555555556,1,0,"Heterogeneous",1,0,0,1,1,1,0,"M10"
62,39,0,12,"A1","A1","A1","A1","A3","A3",NA,"A3",NA,"A3",NA,0,"A1","A3",NA,"A3",NA,"A2",NA,71,1,"M10",6,5,6,7,3,4,3,4,4,4,7,6,6,7,7,7,7,6,7,5,7,7,3,7,5,7,7,6,7,7,6,7,7,3,4,5,6,7,7,7,6,5,4,6,6,6,0,1,0.142857142857143,1,0.142857142857143,1,5,3,5,7,4,7,7,6,7,7,5,5,6,4,7,7,7,6,4,3,6,3,6,1,50,1,200,9,1000,3,2,250,"A2",0,0,0,0,0,0,0,0,7,5,7,7,5,7,7,6,7,7,5,5,6,3,7,7,7,5,2,3,6,3,5,0,1,50,0,0,0,0,1,1,50,"A2",1,1,1,1,0,0,1,1,1,1,1,7,7,5,0,18,47,4,10,5.16666666666667,3.75,6.5,7,6,-2.04166666666667,6.5,6.75,4.5,7,5,1.125,5.16666666666667,6.75,5,7,4.33333333333333,0.51388888888889,6.33333333333333,6.75,4.75,7,3.33333333333333,1.51388888888889,0,0,"Heterogeneous",1,0,1,0,1,1,0,"M10"
63,54,0,15,"A1","A1","A1","A1","A3","A3",NA,"A3",NA,"A3",NA,0,"A3","A3",NA,"A3",NA,"A3",NA,71,1,"M10",5,4,4,5,4,5,5,5,3,4,5,5,5,5,5,5,5,4,4,5,4,4,4,3,4,5,4,4,5,5,4,4,4,5,5,5,4,4,5,5,5,4,3,4,4,4,0,0,NA,0,NA,1,4,4,5,5,4,5,5,5,4,5,5,5,5,5,5,5,5,4,4,5,5,4,4,4,300,2,200,0,0,2,6,500,"A2",0,0,0,0,0,0,0,0,5,4,5,5,4,5,5,5,3,5,5,5,4,4,5,5,5,5,3,5,3,4,4,0,0,0,2,200,4,400,0,2,200,"A2",0,0,0,0,0,0,0,0,2,0,0,4,3,3,0,12.5,48,3.66666666666667,8,4.5,4.25,5,5,4.33333333333333,-0.402777777777778,4.16666666666667,4.25,4.75,4.66666666666667,4,-0.263888888888888,4.5,4.75,5,5,4.33333333333333,-0.152777777777778,4.66666666666667,4.5,4.5,5,4.33333333333333,-0.0277777777777768,0,0,"Heterogeneous",0,1,0,0,1,1,0,"M10"
64,51,0,14,"A1","A1","A1","A1","A3","A3",NA,"A3",NA,"A3",NA,0,"A3","A3",NA,"A3",NA,"A3",NA,71,1,"M10",5,4,5,5,4,5,5,6,4,2,7,6,6,5,7,6,5,3,2,6,5,4,4,3,3,4,5,2,4,5,5,5,5,7,7,7,4,7,6,6,2,2,6,7,4,2,0,1,0.142857142857143,1,0.142857142857143,1,3,4,5,5,4,5,7,7,5,4,7,7,7,4,7,7,5,1,2,5,6,4,4,2,150,4,400,7,700,0,6,550,"A2",0,0,0,0,0,0,0,0,4,5,5,5,4,5,5,6,4,3,7,7,7,4,7,6,5,2,2,4,7,2,4,0,3,200,2,300,6,700,1,5,500,"A2",1,1,0,0,0,0,1,1,0,0,1,4,4,4,0,15,58,4,10,4.66666666666667,4.25,6,6,3.66666666666667,-0.763888888888888,3.5,5,6.25,6.33333333333333,3.33333333333333,-1.05555555555556,4.33333333333333,5.75,6.25,6.33333333333333,2.66666666666667,-0.041666666666667,4.66666666666667,4.5,6.25,6,2.66666666666667,-0.388888888888888,0,0,"Heterogeneous",1,0,1,1,1,1,0,"M10"
69,37,1,20,"A2","A1","A1","A1","A1","A1",0,"A3",NA,"A3",NA,0,"A3","A3",NA,"A3",NA,"A3",NA,64,1,"M13",6,7,7,6,5,7,7,4,5,6,4,4,3,2,5,5,5,2,1,1,1,1,6,6,7,7,6,5,7,7,4,5,5,4,2,3,1,6,6,5,1,1,1,4,4,6,0,1,0,0,NA,1,6,7,7,6,6,7,7,4,6,6,4,2,3,2,6,5,5,1,1,1,2,1,6,1,50,1,30,0,0,0,2,80,"A3",0,0,0,0,0,0,0,1,7,7,7,6,6,7,7,4,7,7,5,2,4,2,6,5,5,1,1,1,4,1,7,0,0,0,1,150,1,120,2,1,150,"A2",1,0,1,0,1,0,0,1,1,0,1,7,6,5,0,10.5,47,4,10,6.33333333333333,5.5,3.25,5,1.33333333333333,2.72222222222222,6.33333333333333,5.25,2.5,5.66666666666667,1,2.73611111111111,6.5,5.75,2.75,5.33333333333333,1,3.09722222222222,6.66666666666667,6.25,3.25,5.33333333333333,1,3.26388888888889,1,0,"Heterogeneous",0,1,0,1,1,1,0,"M13"
70,50,0,15,"A4","A2","A2","A1","","A4",NA,"A4",NA,"",NA,0,"A4","A4",NA,"A4",NA,"A4",NA,64,1,"M13",6,7,7,6,6,5,6,6,6,6,2,2,2,2,2,2,2,2,2,1,5,2,5,2,7,7,7,7,7,7,7,7,7,2,2,2,2,4,2,2,2,2,2,6,2,6,0,2,NA,2,NA,1,7,7,7,7,7,7,7,7,7,7,1,3,1,1,4,1,1,1,1,1,1,1,7,0,0,0,0,0,0,0,0,0,"A2",0,2,2,2,0,0,0,0,6,6,6,6,6,2,7,7,6,7,2,2,2,2,6,2,1,1,1,1,6,2,6,0,0,0,0,0,0,0,0,0,0,"A2",0,2,2,2,0,0,0,0,2,2,2,6,2,2,1,15,54,3,10,6.16666666666667,6,2,2,1.66666666666667,4.19444444444444,6.16666666666667,7,2,2.66666666666667,2,4.36111111111111,7,7,1.5,2,1,5.5,5.33333333333333,6.75,2,3,1,4.04166666666667,1,0,"Heterogeneous",0,0,0,0,0,1,0,"M13"
71,21,1,17,"A2","A1","A1","A1","A1","A1",0.142857142857143,"A1",0.285714285714286,"A1",0.285714285714286,0,"A1","A1",0.285714285714286,"A1",0.428571428571429,"A1",0.285714285714286,64,1,"M13",5,5,5,5,5,7,5,4,5,5,4,5,3,5,5,2,5,3,3,3,4,3,5,5,5,4,4,5,7,5,5,4,5,5,5,4,5,5,2,5,3,3,3,4,3,4,0,1,0.428571428571429,1,0.285714285714286,1,5,5,5,4,5,7,7,5,5,5,5,5,5,5,4,3,5,3,3,3,5,3,5,1,100,1,100,0,0,3,2,200,"A2",1,1,1,1,1,0,0,0,5,5,5,4,5,5,5,4,5,5,5,5,5,5,5,2,5,2,2,2,4,2,5,0,1,50,0,0,1,100,4,1,50,"A2",1,1,1,1,1,1,1,0,1,1,1,7,6,5,0,9.5,50,3.33333333333333,8,5.33333333333333,4.75,4.25,4,3,1.29166666666667,5,4.75,4.75,4,3,0.958333333333333,5.16666666666667,5.5,5,4,3,1.33333333333333,4.83333333333333,4.75,5,4,2,1.125,1,0,"Heterogeneous",1,0,0,1,1,1,0,"M13"
72,45,0,12,"A1","A1","A1","A1","A2","A2",NA,"A2",NA,"A2",NA,0,"A2","A2",NA,"A2",NA,"A2",NA,64,1,"M13",5,1,3,3,1,2,3,4,6,1,7,6,6,6,7,7,7,5,1,5,6,4,4,5,5,3,5,4,4,6,4,4,4,6,6,5,6,6,6,6,4,2,6,4,4,4,0,1,0.428571428571429,1,0.428571428571429,1,5,5,5,5,5,5,5,5,3,3,5,5,5,4,7,6,7,4,2,4,6,4,4,7,480,6,790,3,260,3,13,1270,"A2",1,0,0,0,0,0,0,0,5,4,5,4,4,3,4,5,1,1,7,7,6,7,7,7,7,4,1,7,7,4,2,0,4,180,2,160,1,60,3,6,340,"A2",1,1,1,1,0,0,1,0,1,1,1,4,3,4,0,14,42,4.33333333333333,9,2.5,3.5,6.25,7,3.66666666666667,-2.63888888888889,4.33333333333333,4.5,5.75,6,4,-0.833333333333334,5,4,4.75,6.66666666666667,3.33333333333333,-0.416666666666667,4.16666666666667,2.75,6.75,7,4,-2.45833333333333,0,0,"Heterogeneous",1,1,1,0,1,1,0,"M13"
73,46,1,17,"A1","A1","A1","A1","A3","A3",NA,"A3",NA,"A3",NA,0,"A1","A1",0.428571428571429,"A3",NA,"A2",NA,64,1,"M13",4,2,3,2,1,3,6,5,2,2,7,7,4,5,7,6,7,6,4,4,6,5,2,5,4,4,5,4,6,6,4,6,3,6,5,6,4,7,7,7,4,3,5,5,6,3,0,1,0.428571428571429,1,0.285714285714286,1,5,4,3,5,6,7,6,5,6,4,5,4,6,4,7,7,7,3,4,5,5,4,3,6,350,2,250,5,400,1,8,600,"A3",0,0,0,0,0,0,0,0,4,3,4,5,4,5,6,5,4,4,5,5,4,5,7,7,7,3,3,5,5,5,3,0,3,125,5,375,4,450,2,8,500,"A2",0,0,0,0,0,0,0,1,0,0,0,6,5,5,0,13,43,4.33333333333333,9.5,2.5,3.75,5.75,6.66666666666667,4.66666666666667,-2.56944444444445,4.66666666666667,4.75,5.25,7,4,-0.708333333333333,5,5.25,4.75,7,4,-0.125,4.16666666666667,4.75,4.75,7,3.66666666666667,-0.680555555555554,0,0,"Heterogeneous",0,1,1,1,1,1,0,"M13"
74,21,1,15,"A1","A1","A1","A1","A2","A2",NA,"A2",NA,"A2",NA,0,"A2","A2",NA,"A2",NA,"A2",NA,64,1,"M13",7,5,2,7,6,7,7,7,2,2,5,7,7,7,7,5,7,7,7,2,7,4,4,3,6,5,6,3,7,6,3,2,5,7,7,7,7,7,7,7,7,1,7,5,2,3,0,1,0,0,NA,1,5,6,5,6,3,7,6,2,2,5,7,7,7,7,6,7,7,5,2,7,6,3,3,1,75,4,630,1,120,4,5,705,"A3",1,1,0,0,0,0,0,0,5,3,5,6,4,5,5,4,3,6,6,6,6,7,7,6,6,3,5,6,3,5,4,0,3,350,6,470,7,595,2,9,820,"A3",1,0,0,1,0,0,0,0,2,0,0,6,5,3,0,14,40,2,7,5.66666666666667,4.5,6.5,6.33333333333333,5.33333333333333,-0.972222222222221,5,4,7,7,5,-1.83333333333333,5.33333333333333,3.75,7,6.66666666666667,4.66666666666667,-1.56944444444445,4.66666666666667,4.5,6.25,6.33333333333333,4.66666666666667,-1.16666666666667,0,0,"Heterogeneous",0,0,0,0,1,1,0,"M13"
75,23,1,15,"A2","A1","A1","A1","A2","A2",NA,"A2",NA,"A2",NA,0,"A2","A2",NA,"A2",NA,"A2",NA,61,1,"M14",4,7,6,4,7,7,5,5,5,5,3,1,4,2,7,7,7,7,4,5,4,1,7,4,5,5,4,7,4,5,5,4,6,4,1,1,7,7,7,7,5,5,5,7,1,7,1,1,0.142857142857143,1,0.142857142857143,1,4,5,6,6,7,7,7,7,4,4,6,1,3,7,7,7,7,7,7,4,4,2,5,0,0,0,0,3,220,0,0,0,"A3",0,0,0,1,0,0,0,0,3,7,7,3,7,4,6,4,4,4,4,2,2,6,6,7,7,7,5,4,4,1,5,0,0,0,0,0,0,0,0,0,0,"A3",1,1,1,1,0,0,0,0,2,0,0,7,7,4,0,16,48,4.33333333333333,10,5.83333333333333,5,2.5,7,5.33333333333333,0.472222222222222,4.83333333333333,5,3.25,7,5,-0.166666666666667,5.83333333333333,5.5,4.25,7,6,-0.0833333333333339,5.16666666666667,4.5,3.5,6.66666666666667,5.33333333333333,-0.333333333333333,1,1,"Heterogeneous",0,0,1,0,1,1,0,"M14"
76,40,0,15,"A2","A1","A1","A1","A1","A1",0.107142857142857,"A1",0.107142857142857,"A1",0.142857142857143,0,"A1","A3",NA,"A1",0.107142857142857,"A1",0.107142857142857,61,1,"M14",7,7,7,7,5,6,7,7,5,6,2,5,4,3,6,7,7,2,1,1,7,3,5,7,7,7,7,5,7,7,7,6,7,3,5,4,2,7,7,7,3,1,1,5,2,7,0,1,0,1,0,1,7,6,7,5,5,7,7,7,5,6,3,5,6,2,7,7,7,2,1,2,4,3,7,5,150,1,180,1,0,1,6,330,"A2",0,1,0,1,0,1,0,1,7,7,7,7,5,7,7,6,6,2,5,5,5,1,7,7,7,2,1,1,4,2,7,0,0,0,0,0,0,0,0,0,0,"A2",1,1,1,1,0,0,1,0,1,1,1,7,5,4,0,13.5,40,4,9.5,6.5,6.25,3.5,6.66666666666667,1.33333333333333,2.54166666666667,6.66666666666667,6.75,3.5,7,1.66666666666667,2.65277777777778,6.16666666666667,6.25,4,7,1.66666666666667,1.98611111111111,6.66666666666667,5.25,4,7,1.33333333333333,1.84722222222222,1,0,"Heterogeneous",1,1,1,0,1,1,0,"M14"
77,36,0,17,"A8","A1","A1","A1","A1","A1",0.142857142857143,"A1",0.285714285714286,"A1",0.857142857142857,0,"A1","A3",NA,"A1",0.107142857142857,"A1",1,61,1,"M14",5,5,4,5,4,6,6,5,3,4,3,3,3,3,5,5,6,3,1,2,2,2,5,5,4,4,5,4,6,6,5,4,4,3,4,3,4,5,5,5,3,3,4,3,3,5,0,1,0.285714285714286,1,0.142857142857143,1,5,4,4,6,5,6,7,7,5,5,4,3,3,4,5,5,6,3,3,3,2,4,5,2,100,0,0,7,700,1,2,100,"A1",0,0,0,0,0,0,0,1,5,5,5,6,4,5,6,6,4,5,4,4,4,3,5,5,5,3,3,3,2,3,5,0,1,25,1,100,7,850,1,2,125,"A2",1,1,1,0,0,0,0,0,1,0,1,5,4,4,0,11.5,52,3.66666666666667,10,4.83333333333333,4.5,3,5.33333333333333,2,1.22222222222222,4.66666666666667,4.75,3.5,5,3.33333333333333,0.763888888888889,5,6,3.5,5.33333333333333,3,1.55555555555556,5,5.25,3.75,5,3,1.20833333333333,1,0,"Heterogeneous",0,1,0,0,1,1,0,"M14"
78,37,1,14,"A1","A1","A1","A1","A2","A2",NA,"A2",NA,"A2",NA,0,"A2","A2",NA,"A2",NA,"A2",NA,61,1,"M14",7,7,1,6,3,3,7,7,7,3,7,7,7,7,7,7,7,3,1,7,1,3,4,5,6,2,6,4,6,7,6,6,4,6,6,5,4,4,7,6,4,2,6,4,3,5,0,0,NA,0,NA,1,6,5,3,6,4,5,7,6,6,4,5,6,5,6,5,6,6,3,3,5,5,5,5,4,150,4,405,4,350,2,8,555,"A2",0,0,0,0,1,0,0,0,5,5,2,6,4,6,7,6,6,4,6,6,5,5,5,6,6,4,3,5,4,4,5,0,1,25,1,100,6,570,3,2,125,"A1",0,1,0,0,1,1,0,1,2,1,0,5,4,3,0,13.5,46,4,8,4.5,6,7,7,3.66666666666667,-0.638888888888889,4.83333333333333,5.75,5.25,5.66666666666667,4,0.319444444444444,4.83333333333333,5.75,5.5,5.66666666666667,3.66666666666667,0.347222222222221,4.66666666666667,5.75,5.5,5.66666666666667,4,0.152777777777778,0,0,"Heterogeneous",1,1,0,1,1,1,0,"M14"
79,37,0,11,"A1","A1","A1","A1","A3","A3",NA,"A3",NA,"A3",NA,0,"A1","A2",NA,"A1",0.428571428571429,"A2",NA,61,1,"M14",3,3,5,5,1,1,6,6,5,6,6,6,6,7,5,7,6,5,5,7,7,5,3,4,3,4,6,5,5,7,7,7,7,7,7,5,6,6,7,7,6,6,6,6,6,5,0,0,NA,0,NA,1,5,2,3,6,6,6,7,7,7,6,6,6,6,6,7,7,7,6,6,7,6,4,6,4,200,8,800,4,550,2,12,1000,"A3",0,0,0,0,0,0,1,0,3,1,3,5,5,7,7,7,6,6,5,5,5,6,7,7,7,7,7,7,7,5,4,0,5,325,7,562,3,550,4,12,887,"A2",0,0,1,0,0,0,0,0,2,0,0,6,6,4,0,17,39,3.66666666666667,6.5,3,5.75,6.25,6,5.66666666666667,-1.59722222222222,4.5,7,6.25,6.66666666666667,6,-0.555555555555556,4.66666666666667,6.75,6,7,6.33333333333333,-0.73611111111111,4,6.5,5.25,7,7,-1.16666666666667,0,0,"Heterogeneous",1,0,1,1,1,1,0,"M14"
80,23,1,15,"A1","A1","A1","A1","A2","A2",NA,"A2",NA,"A2",NA,0,"A2","A2",NA,"A2",NA,"A2",NA,61,1,"M14",5,3,3,6,3,5,7,6,2,5,6,6,6,6,7,6,7,6,3,6,6,4,4,5,5,5,6,4,3,7,5,2,3,5,6,6,6,7,7,7,6,2,6,6,3,6,0,0,NA,0,NA,1,5,4,4,6,3,7,7,6,1,2,6,6,6,6,7,7,7,5,3,7,6,3,5,5,300,2,300,1,50,3,7,600,"",NA,NA,NA,NA,NA,NA,NA,NA,5,4,3,6,3,7,7,6,3,3,6,6,6,5,7,7,7,5,5,7,7,3,6,0,0,0,4,700,2,400,1,4,700,"A2",0,0,1,1,0,0,0,1,2,0,0,6,5,1,0,13.5,34,3,8.5,4.16666666666667,5,6,6.66666666666667,5,-1.30555555555556,4.66666666666667,4.25,5.75,7,4.66666666666667,-1.34722222222222,4.83333333333333,4,6,7,5,-1.58333333333333,4.66666666666667,4.75,5.75,7,5.66666666666667,-1.43055555555556,0,0,"Heterogeneous",0,1,0,0,1,1,0,"M14"
81,21,0,15,"A5","A2","A2","A2","","A4",NA,"A4",NA,"A4",NA,0,"A4","A4",NA,"A4",NA,"A4",NA,73,1,"M15",7,5,3,6,7,7,7,6,3,7,3,2,3,5,7,6,5,1,1,1,2,1,7,4,6,6,7,4,7,7,7,5,7,2,3,2,5,7,6,5,1,1,1,2,1,7,0,2,NA,2,NA,1,4,6,6,7,4,7,7,7,5,7,2,2,1,3,7,7,5,1,1,1,2,1,7,0,0,0,0,0,0,0,0,0,"A2",0,2,2,2,2,0,0,0,6,6,6,7,4,7,7,7,5,7,2,2,3,3,7,7,5,1,1,1,3,1,7,0,0,0,0,0,0,0,0,0,0,"A2",0,2,2,2,2,0,0,0,2,2,2,2,2,1,0,15,54,4,10,5.83333333333333,5.75,3.25,6,1,2.375,5.66666666666667,6.5,3,6,1,2.75,5.66666666666667,6.5,2,6.33333333333333,1,2.97222222222222,6,6.5,2.5,6.33333333333333,1,2.97222222222222,1,0,"Heterogeneous",0,0,0,0,0,1,0,"M15"
82,28,1,17,"A5","A2","A2","A2","","A4",NA,"A4",NA,"A4",NA,0,"A4","A4",NA,"A4",NA,"A4",NA,73,1,"M15",2,6,6,6,3,7,7,6,7,7,1,1,1,1,4,6,1,1,1,1,1,1,4,2,7,7,6,3,7,7,7,7,7,1,1,1,1,4,5,1,1,1,1,1,1,5,0,2,NA,2,NA,1,2,7,7,7,5,7,7,7,7,7,1,1,1,1,4,5,1,1,1,1,2,2,5,0,0,0,0,0,0,0,0,0,"A2",0,2,2,2,2,0,0,0,2,7,7,6,4,7,7,7,7,7,1,1,1,1,4,5,1,1,1,1,1,1,3,0,0,0,0,0,0,0,0,0,0,"A2",0,2,2,2,2,0,0,0,2,2,2,5,5,4,0,13.5,44,3.66666666666667,8.5,5,6.75,1,3.66666666666667,1,3.98611111111111,5.33333333333333,7,1,3.33333333333333,1,4.38888888888889,5.83333333333333,7,1,3.33333333333333,1,4.63888888888889,5.5,7,1,3.33333333333333,1,4.47222222222222,1,0,"Heterogeneous",0,0,0,0,0,1,0,"M15"
83,21,1,12,"A2","A1","A1","A1","A1","A1",0.107142857142857,"A1",0.107142857142857,"A1",0.142857142857143,0,"A1","A1",0.142857142857143,"A1",0.142857142857143,"A2",NA,73,1,"M15",7,5,5,7,6,7,7,7,3,7,3,4,2,3,6,5,4,2,3,2,2,2,7,7,5,6,6,6,6,7,7,1,7,2,3,4,4,6,3,6,2,2,2,4,2,7,0,1,0.142857142857143,1,0.142857142857143,1,7,7,7,7,6,7,7,7,2,6,4,4,5,3,7,2,4,3,2,2,2,2,7,2,100,0,0,0,0,4,2,100,"A2",0,0,0,0,0,0,0,0,6,6,6,7,6,7,7,7,1,7,2,2,6,4,7,2,5,3,2,2,2,1,7,0,1,50,1,100,2,300,2,2,150,"A1",0,0,0,0,0,0,0,1,1,2,1,7,7,5,0,13.5,26,3.66666666666667,9,6.16666666666667,6,3,5,2.33333333333333,2.63888888888889,6,5.5,3.25,5,2,2.33333333333333,6.83333333333333,5.5,4,4.33333333333333,2.33333333333333,2.61111111111111,6.33333333333333,5.5,3.5,4.66666666666667,2.33333333333333,2.41666666666667,1,0,"Heterogeneous",0,1,0,0,1,1,0,"M15"
84,45,0,15,"A1","A1","A1","A1","A2","A2",NA,"A2",NA,"A2",NA,0,"A1","A1",0.714285714285714,"A1",0.571428571428571,"A2",NA,73,1,"M15",5,3,6,7,2,2,4,3,5,5,6,6,5,6,6,6,6,5,4,4,5,6,4,5,4,5,6,4,7,6,6,5,5,5,5,4,4,6,7,6,5,5,4,4,5,4,0,1,0.428571428571429,1,0.428571428571429,1,6,4,4,5,4,6,6,5,6,6,5,4,3,5,2,7,6,6,5,5,4,4,4,4,200,4,400,4,300,0,8,600,"A2",0,0,0,0,0,0,0,0,5,4,4,5,4,5,5,4,5,5,5,5,5,5,7,7,6,5,5,5,5,5,4,0,2,100,1,100,2,200,0,3,200,"A2",1,1,1,1,0,0,1,0,1,1,0,7,6,4,0,15.5,48,3.66666666666667,8,4.16666666666667,4.25,5.75,6,4.33333333333333,-1.15277777777778,5.16666666666667,5.5,4.5,6.33333333333333,4.66666666666667,0.166666666666667,4.83333333333333,5.75,4.25,5,5.33333333333333,0.430555555555555,4.5,4.75,5,6.66666666666667,5,-0.930555555555556,0,0,"Heterogeneous",1,1,1,0,1,1,0,"M15"
85,44,0,17,"A1","A1","A1","A1","A2","A2",NA,"A2",NA,"A2",NA,0,"A3","A3",NA,"A3",NA,"A3",NA,73,1,"M15",4,4,1,6,4,2,7,6,1,1,7,7,6,4,7,7,7,1,1,4,2,4,4,2,4,4,6,4,4,6,5,4,7,7,7,7,4,7,7,7,2,1,5,7,4,4,0,1,0.714285714285714,1,0.285714285714286,1,4,3,4,7,4,3,7,6,4,7,5,5,4,5,7,7,7,2,1,5,7,4,4,11,600,1,100,4,500,2,12,700,"A2",0,0,0,0,0,1,0,0,3,4,5,5,3,2,7,6,3,7,6,6,6,4,7,7,7,2,1,6,7,4,4,0,11,725,1,100,7,700,2,12,825,"A2",0,0,0,0,0,0,0,0,0,1,0,6,5,4,0,14,47,4,9.5,3.5,3.75,6,7,2,-1.375,4,5.5,6.25,7,2.66666666666667,-0.555555555555555,4.16666666666667,6,4.75,7,2.66666666666667,0.277777777777779,3.66666666666667,5.75,5.5,7,3,-0.458333333333334,0,0,"Heterogeneous",0,0,0,0,1,1,0,"M15"
86,21,0,15,"A1","A1","A1","A1","A2","A2",NA,"A2",NA,"A2",NA,0,"A1","A1",0.714285714285714,"A1",0.428571428571429,"A2",NA,73,1,"M15",4,6,3,6,4,5,5,5,2,4,6,6,6,7,6,7,7,5,6,5,4,6,4,5,2,5,6,5,5,7,1,7,7,5,5,5,6,7,7,7,6,6,3,2,5,5,0,1,0.714285714285714,1,0.428571428571429,1,5,3,4,5,5,7,7,1,7,6,3,2,3,5,7,7,7,2,5,3,3,6,6,7,325,2,200,3,275,3,9,525,"A2",0,0,0,0,0,0,1,0,5,2,5,5,6,7,7,2,3,4,5,5,4,4,7,7,7,5,5,2,5,6,6,0,4,225,2,125,3,225,4,6,350,"A1",1,1,1,0,1,0,1,0,0,1,0,7,5,5,0,16,56,3,5.5,4.66666666666667,4,6.25,6.66666666666667,5.33333333333333,-1.75,4.66666666666667,5.5,5.25,7,5,-0.666666666666666,4.83333333333333,5.25,3.25,7,3.33333333333333,0.513888888888888,5,4,4.5,7,4,-0.666666666666667,0,0,"Heterogeneous",0,1,0,1,1,1,0,"M15"
97,36,0,17,"A2","A1","A1","A1","A1","A1",0.107142857142857,"A1",0.107142857142857,"A3",NA,0,"A1","A1",0.142857142857143,"A1",0.107142857142857,"A1",0.107142857142857,57,1,"M20",7,5,6,6,6,7,7,7,4,5,3,3,3,1,7,7,5,5,3,1,1,4,7,7,6,6,6,6,7,7,7,7,7,6,6,5,3,5,7,5,5,5,4,1,3,7,0,1,0.142857142857143,1,0.142857142857143,1,7,6,6,6,6,7,7,7,7,7,5,5,3,3,7,7,5,5,3,3,3,5,7,3,150,1,75,1,180,4,4,225,"A2",0,0,0,0,1,0,0,1,7,6,7,4,6,1,7,7,7,7,3,3,3,3,7,7,6,3,3,3,3,4,7,0,2,100,4,430,3,275,1,6,530,"A2",0,0,0,0,0,0,0,0,1,1,1,7,7,7,0,12,48,3.33333333333333,8,6.16666666666667,5.75,2.5,6.33333333333333,3,2.01388888888889,6.33333333333333,7,5,5.66666666666667,4.66666666666667,1.55555555555555,6.33333333333333,7,4,6.33333333333333,3.66666666666667,2,5.16666666666667,7,3,6.66666666666667,3,1.86111111111111,1,0,"Heterogeneous",0,1,0,0,1,1,0,"M20"
98,40,0,14,"A3","A1","A1","A1","A3","A3",NA,"A3",NA,"A3",NA,0,"A1","A1",0.142857142857143,"A3",NA,"A2",NA,57,1,"M20",6,4,5,6,4,7,7,5,5,5,4,4,4,2,4,6,6,4,3,3,5,3,5,6,5,7,5,4,7,7,7,7,7,5,4,5,2,4,6,6,4,3,3,6,3,6,0,1,0.142857142857143,0,NA,1,6,6,6,5,5,7,7,7,6,7,4,4,3,2,4,6,6,3,3,4,5,3,6,7,300,5,400,4,550,1,12,700,"A2",0,0,0,0,0,0,0,0,6,5,6,5,5,6,7,6,6,5,3,2,2,2,4,7,6,3,3,3,5,3,6,0,8,400,2,150,2,175,3,10,550,"A2",0,0,0,0,0,0,0,0,0,0,0,4,4,2,0,14.5,36,4,4.5,5.33333333333333,5.5,3.5,5.33333333333333,3.33333333333333,1.36111111111111,5.66666666666667,7,4,5.33333333333333,3.33333333333333,2.11111111111111,5.83333333333333,6.75,3.25,5.33333333333333,3.33333333333333,2.31944444444444,5.5,6,2.25,5.66666666666667,3,2.11111111111111,1,0,"Heterogeneous",1,0,1,1,1,1,0,"M20"
99,60,1,17,"A1","A1","A1","A1","A2","A2",NA,"A2",NA,"A2",NA,0,"A2","A2",NA,"A2",NA,"A2",NA,57,1,"M20",5,5,5,6,4,5,5,4,1,2,6,6,6,4,7,7,7,6,6,6,5,5,4,6,4,5,6,4,7,5,5,1,2,6,6,6,3,7,7,6,5,5,5,3,5,4,0,1,0.714285714285714,1,0.428571428571429,1,5,3,5,5,4,7,5,4,1,2,7,6,7,4,6,7,6,5,5,6,3,5,4,7,325,3,300,0,0,1,10,625,"A2",0,1,0,1,0,0,0,0,5,4,5,5,4,6,5,5,1,2,7,6,7,4,6,7,7,6,6,5,4,4,2,0,5,350,1,100,1,200,1,6,450,"A2",0,0,0,0,0,0,0,0,1,0,0,6,3,2,0,17.5,51,4.33333333333333,3,5,3,5.5,7,6,-2.16666666666667,5.33333333333333,3.25,5.25,6.66666666666667,5,-1.34722222222222,4.83333333333333,3,6,6.33333333333333,5.33333333333333,-1.97222222222222,4.83333333333333,3.25,6,6.66666666666667,5.66666666666667,-2.06944444444445,0,0,"Heterogeneous",1,1,0,0,1,1,0,"M20"
100,35,0,14,"A1","A1","A1","A1","A2","A2",NA,"A2",NA,"A2",NA,1,"A1","A3",NA,"A1",0.142857142857143,"A3",NA,57,1,"M20",2,5,3,3,2,1,4,4,4,4,5,6,5,5,7,6,6,5,6,6,7,6,3,5,2,5,3,4,5,3,4,3,4,5,5,5,5,5,6,6,3,3,5,5,5,4,0,1,0.142857142857143,1,0.142857142857143,1,4,3,5,5,3,6,6,4,3,3,5,5,5,5,5,6,6,6,6,5,5,5,4,4,250,5,500,1,100,3,9,750,"A1",0,0,0,0,0,0,0,1,3,2,3,4,2,6,6,5,4,4,7,6,5,6,7,7,7,3,3,5,6,5,4,0,1,50,2,200,1,100,1,3,250,"A2",1,1,1,1,0,0,0,0,1,1,1,5,5,5,0,16,51,4,10,2.66666666666667,4,5.25,6.33333333333333,5.66666666666667,-2.41666666666667,4,3.5,5,5.66666666666667,3.66666666666667,-1.02777777777778,4.33333333333333,4,5,5.66666666666667,5.66666666666667,-1.27777777777778,3.33333333333333,4.75,6,7,3.66666666666667,-1.51388888888889,0,1,"Heterogeneous",1,1,0,0,1,1,0,"M20"
101,27,0,17,"A5","A2","A2","A2","","A4",NA,"A4",NA,"A4",NA,0,"A4","A4",NA,"A4",NA,"A4",NA,74,1,"M21",7,3,5,6,3,6,7,6,6,7,2,3,3,2,3,6,5,3,2,6,5,5,7,5,3,6,3,3,4,7,6,6,3,3,2,3,2,4,6,5,5,4,4,5,5,7,0,2,NA,2,NA,1,5,3,7,5,3,6,7,6,7,7,3,3,3,3,5,7,6,2,4,4,3,4,7,0,0,0,0,0,0,0,0,0,"A1",0,2,2,2,2,0,0,0,5,4,6,5,3,5,7,5,5,7,4,4,5,2,5,6,5,3,3,4,5,5,7,0,0,0,0,0,0,0,0,0,0,"A2",0,2,2,2,2,0,0,1,1,2,2,5,4,4,0,14.5,40,3.66666666666667,9.5,5,6.5,2.5,4.66666666666667,3.66666666666667,2.13888888888889,4,5.5,2.5,5,4.33333333333333,0.805555555555556,4.83333333333333,6.75,3,6,3.33333333333333,1.68055555555555,4.66666666666667,6,3.75,5.33333333333333,3.33333333333333,1.19444444444445,1,0,"Heterogeneous",0,0,0,0,0,1,0,"M21"
102,34,0,20,"A2","A1","A1","A1","A1","A1",0.285714285714286,"A1",0.428571428571429,"A3",NA,0,"A1","A1",0.142857142857143,"A1",0.428571428571429,"A2",NA,74,1,"M21",6,5,7,7,5,6,7,5,4,5,4,5,4,5,4,3,5,2,2,3,2,5,6,6,3,7,7,6,6,6,5,4,5,5,6,5,2,4,5,6,3,2,2,1,5,6,1,1,0.142857142857143,1,0.428571428571429,1,6,5,6,5,6,6,7,6,5,6,5,6,5,4,5,6,7,3,1,2,2,4,6,1,25,3,275,2,195,1,4,300,"A2",0,0,0,0,0,0,0,0,6,5,7,7,5,6,6,6,5,6,5,6,5,4,5,4,6,3,2,2,2,4,6,0,0,0,3,250,0,0,2,3,250,"A2",0,1,1,0,0,0,1,0,1,1,1,6,5,5,0,11,54,4,8.5,6,5.25,4.5,4,2.33333333333333,2.01388888888889,5.83333333333333,5,4.5,5,2.33333333333333,1.47222222222222,5.66666666666667,6,5,6,2,1.5,6,5.75,5,5,2.33333333333333,1.76388888888889,1,1,"Heterogeneous",0,1,1,1,1,1,0,"M21"
103,55,0,12,"A1","A1","A1","A1","A3","A3",NA,"A3",NA,"A3",NA,0,"A1","A1",0.142857142857143,"A1",0.107142857142857,"A2",NA,74,1,"M21",1,1,2,6,4,3,6,7,3,2,7,7,7,7,7,7,7,5,1,7,7,7,3,4,7,7,3,4,7,7,7,1,7,5,5,4,1,7,7,5,1,1,2,3,1,7,0,1,0.285714285714286,1,0.142857142857143,1,7,4,7,7,7,7,7,7,7,7,4,4,4,4,7,7,5,1,1,1,4,1,7,2,100,0,0,0,0,2,2,100,"A2",0,0,0,0,0,0,0,0,7,7,7,7,7,7,7,7,7,7,5,4,4,3,7,7,7,1,1,1,1,1,7,0,0,0,0,0,1,100,0,0,0,"A2",1,1,1,1,0,1,1,0,1,1,1,7,7,7,0,16.5,57,2,10,2.83333333333333,4.5,7,7,4.33333333333333,-2.44444444444444,5.33333333333333,5.5,3.75,6.33333333333333,1.33333333333333,1.61111111111111,6.5,7,4,6.33333333333333,1,2.97222222222222,7,7,4,7,1,3,0,0,"Heterogeneous",0,1,0,0,1,1,0,"M21"
104,41,1,20,"A1","A1","A1","A1","A3","A3",NA,"A3",NA,"A3",NA,0,"A1","A1",0.428571428571429,"A3",NA,"A2",NA,74,1,"M21",5,5,5,4,4,3,5,6,4,4,3,5,5,6,6,5,6,6,3,3,4,4,4,6,4,5,6,6,4,7,6,7,6,5,6,6,5,7,5,6,6,4,5,3,4,5,0,0,NA,0,NA,1,6,4,6,5,5,5,6,6,4,4,5,5,5,5,6,6,6,5,3,3,4,4,5,4,162,2,200,9,1150,4,6,362,"A1",0,0,0,0,0,0,0,0,5,4,5,6,6,4,6,6,3,5,5,6,6,5,6,6,7,5,3,4,4,4,5,0,1,50,1,100,9,900,6,2,150,"A2",0,0,0,0,0,0,0,0,1,0,0,5,4,2,0,15,55,4.66666666666667,10,4.33333333333333,4.75,4.75,5.66666666666667,4,-0.26388888888889,5.16666666666667,6.5,5.5,6,5,0.333333333333334,5.16666666666667,5,5,6,3.66666666666667,0.194444444444446,5,5,5.5,6.33333333333333,4,-0.277777777777778,0,0,"Heterogeneous",1,1,0,1,1,1,0,"M21"
105,32,0,14,"A1","A1","A1","A1","A2","A2",NA,"A2",NA,"A2",NA,0,"A3","A3",NA,"A3",NA,"A3",NA,74,1,"M21",3,5,5,4,3,5,5,4,3,3,7,5,5,6,7,6,7,5,5,5,6,4,4,4,3,5,5,4,5,5,3,4,4,6,5,5,6,7,7,7,5,4,5,5,4,5,0,1,0.714285714285714,1,0.285714285714286,1,5,5,7,7,4,7,7,4,6,6,7,4,3,5,7,7,7,3,3,5,5,5,5,5,250,1,100,5,500,1,6,350,"A2",0,0,0,0,0,0,0,1,5,5,7,5,4,5,5,4,5,5,6,6,5,6,7,7,7,1,2,4,5,4,5,0,0,0,3,300,8,800,0,3,300,"A2",1,0,0,0,0,0,0,1,0,0,0,7,5,4,0,19,48,3.66666666666667,9,4.16666666666667,3.75,5.75,6.66666666666667,5,-1.84722222222222,4.33333333333333,4,5.5,7,4.66666666666667,-1.55555555555556,5.83333333333333,5.75,4.75,7,3.66666666666667,0.652777777777778,5.16666666666667,4.75,5.75,7,2.33333333333333,-0.0694444444444438,0,0,"Heterogeneous",0,1,0,0,1,1,0,"M21"
112,40,0,11,"A1","A1","A1","A1","A2","A2",NA,"A2",NA,"A2",NA,0,"A2","A2",NA,"A2",NA,"A2",NA,67,0,"H7",4,4,3,3,3,4,4,2,4,4,5,4,4,5,5,4,5,3,3,3,4,4,3,4,5,3,5,4,5,4,4,4,3,5,5,5,4,6,5,5,3,4,4,5,4,4,1,1,0.714285714285714,1,0.714285714285714,1,4,4,4,3,4,4,5,3,4,4,5,5,5,5,6,5,5,5,5,5,5,4,4,1,50,1,100,2,200,2,2,150,"A2",0,2,0,0,0,0,0,0,4,3,2,4,1,5,3,4,2,2,5,5,4,5,5,6,6,5,6,6,3,5,4,0,4,350,6,620,0,0,1,10,970,"A2",0,0,0,0,0,0,1,0,1,1,1,5,4,3,0,13.5,51,3.66666666666667,7.5,3.5,3.5,4.5,4.66666666666667,3,-0.555555555555556,4.33333333333333,3.75,4.75,5.33333333333333,3.66666666666667,-0.541666666666667,3.83333333333333,4,5,5.33333333333333,5,-1.19444444444444,3.16666666666667,2.75,4.75,5.66666666666667,5.66666666666667,-2.40277777777778,0,1,"Homogeneous",0,0,1,0,1,0,1,"H7"
113,56,0,14,"A1","A1","A1","A1","A2","A2",NA,"A2",NA,"A2",NA,0,"A2","A2",NA,"A2",NA,"A2",NA,67,0,"H7",6,5,2,4,4,5,4,7,5,4,7,7,7,7,7,4,7,3,6,7,7,3,2,5,5,2,4,6,4,7,7,6,4,7,7,7,7,7,7,7,4,4,7,3,4,6,0,1,0.285714285714286,1,0.428571428571429,1,7,4,4,4,7,5,7,7,7,4,7,7,7,7,7,7,7,4,6,7,4,4,6,7,400,4,450,2,305,4,11,850,"A2",0,0,0,1,0,0,0,0,5,5,4,4,4,5,5,7,6,4,7,7,7,6,6,6,6,3,3,6,6,4,3,0,9,700,7,700,1,100,3,16,1400,"A2",1,0,0,1,0,0,2,0,1,1,1,5,5,5,0,12.5,54,4.33333333333333,9,4.33333333333333,5,7,6,5.33333333333333,-1.44444444444444,4.33333333333333,6,7,7,5,-1.16666666666667,5.16666666666667,6.25,7,7,5.66666666666667,-0.847222222222222,4.5,5.5,6.75,6,4,-0.583333333333333,0,0,"Homogeneous",0,0,1,0,1,0,1,"H7"
114,45,0,14,"A1","A1","A1","A1","A2","A2",NA,"A2",NA,"A2",NA,0,"A3","A3",NA,"A3",NA,"A3",NA,67,0,"H7",6,5,4,5,4,4,4,4,4,5,5,4,4,4,6,7,7,4,3,2,4,4,4,5,4,5,5,5,5,5,5,5,5,5,5,4,4,6,5,6,4,3,4,4,3,5,1,0,NA,0,NA,1,5,4,4,5,4,4,4,4,4,4,4,4,4,4,4,5,5,4,2,4,4,4,4,2,100,0,0,0,0,6,2,100,"A3",0,1,1,1,0,0,0,0,5,5,5,5,5,4,5,5,4,4,5,5,5,4,5,6,5,2,2,3,4,4,5,0,1,50,5,500,1,100,5,6,550,"A3",0,1,1,1,0,0,0,0,1,0,0,5,4,4,0,15.5,47,4,7.5,4.66666666666667,4.25,4.25,6.66666666666667,3,-0.180555555555555,4.83333333333333,5,4.5,5.66666666666667,3.66666666666667,0.305555555555554,4.33333333333333,4,4,4.66666666666667,3.33333333333333,0.166666666666665,4.83333333333333,4.5,4.75,5.33333333333333,2.33333333333333,0.527777777777778,0,1,"Homogeneous",0,1,0,0,1,0,1,"H7"
115,65,0,11,"A1","A1","A2","A1","A2","A2",NA,"A2",NA,"A2",NA,0,"A3","A3",NA,"A3",NA,"A3",NA,67,0,"H7",4,4,4,3,3,4,5,5,3,3,6,6,6,6,7,7,7,4,4,4,5,4,3,1,2,3,4,2,4,4,5,3,3,6,6,6,6,7,7,6,4,3,4,5,5,3,0,2,NA,1,0.142857142857143,1,6,5,4,5,3,5,5,6,1,4,6,6,6,5,7,7,6,4,2,3,6,6,4,0,0,1,100,3,300,2,1,100,"A2",0,1,2,0,1,0,0,0,3,2,3,4,2,4,6,6,3,2,6,6,6,6,7,5,6,3,3,3,6,6,4,0,0,0,4,400,2,200,0,4,400,"A2",0,0,2,0,0,0,0,0,2,0,2,5,4,4,0,15,50,3.33333333333333,8,3.66666666666667,4,6,7,4,-1.83333333333333,2.66666666666667,3.75,6,6.66666666666667,3.66666666666667,-2.23611111111111,4.66666666666667,4,5.75,6.66666666666667,3,-0.805555555555555,3,4.25,6,6,3,-1.375,0,0,"Homogeneous",0,0,1,0,1,0,1,"H7"
116,46,0,14,"A1","A1","A1","A1","A2","A2",NA,"A2",NA,"A2",NA,0,"A2","A2",NA,"A2",NA,"A2",NA,67,0,"H7",1,1,1,2,3,5,5,5,4,2,5,5,5,5,7,7,7,5,2,6,6,7,3,5,3,2,5,3,5,5,5,4,5,5,5,5,6,6,5,7,5,3,5,6,6,4,1,1,0,0,NA,1,2,3,3,3,3,5,5,7,5,5,6,7,7,7,7,7,7,6,3,5,5,5,2,7,300,2,400,4,250,2,9,700,"A2",0,0,0,1,0,0,0,0,3,3,3,5,3,5,5,7,4,5,6,6,6,6,7,7,7,5,5,5,5,6,3,0,0,0,3,275,1,100,0,3,275,"A3",1,0,1,0,0,0,1,0,1,0,1,5,5,3,0,18.5,53,3.66666666666667,4.5,2.16666666666667,4,5,7,4.33333333333333,-2.36111111111111,3.83333333333333,4.75,5.25,6,4.33333333333333,-0.902777777777777,3.16666666666667,5.5,6.75,7,4.66666666666667,-1.80555555555556,3.66666666666667,5.25,6,7,5,-1.54166666666667,0,1,"Homogeneous",0,1,1,0,1,0,1,"H7"
117,65,1,17,"A1","A1","A1","A1","A2","A2",NA,"A2",NA,"A2",NA,0,"A2","A2",NA,"A2",NA,"A2",NA,67,0,"H7",3,4,1,5,4,4,4,5,1,1,6,5,5,4,7,6,4,4,3,2,6,3,4,3,5,4,6,4,4,5,5,3,3,7,6,6,3,6,5,5,4,4,4,6,6,4,0,0,NA,0,NA,1,3,5,4,6,4,4,5,5,3,2,6,6,7,3,5,6,4,3,3,5,7,5,3,2,75,2,250,4,400,2,4,325,"A3",0,0,0,0,0,0,0,1,4,5,4,6,4,5,6,6,2,1,7,7,7,3,6,6,4,4,3,3,6,5,4,0,4,145,8,890,0,0,2,12,1035,"A3",0,0,0,1,0,0,0,1,2,0,0,4,3,2,0,13.5,48,4,8,3.5,2.75,5,5.66666666666667,3,-1.43055555555556,4.33333333333333,4,5.5,5.33333333333333,4,-0.777777777777778,4.33333333333333,3.75,5.5,5,3.66666666666667,-0.680555555555556,4.66666666666667,3.75,6,5.33333333333333,3.33333333333333,-0.680555555555554,0,0,"Homogeneous",0,0,1,0,1,0,1,"H7"
118,50,0,15,"A2","A1","A1","A1","A1","A1",0.142857142857143,"A1",0.285714285714286,"A3",NA,0,"A1","A1",0.142857142857143,"A1",0.285714285714286,"A3",NA,64,1,"M24",5,5,6,7,6,5,5,4,4,4,4,4,4,4,5,4,5,3,2,3,3,5,5,5,5,5,5,5,5,5,5,5,5,4,4,3,3,5,2,4,3,3,3,4,3,5,1,1,0.142857142857143,1,0.285714285714286,1,5,5,5,5,5,5,5,7,5,5,4,5,4,3,5,4,4,3,3,3,4,5,7,3,100,2,200,3,300,7,5,300,"A2",0,0,1,0,1,0,1,1,5,5,5,5,5,5,5,5,4,4,5,5,4,4,5,4,5,3,3,3,4,5,5,0,0,0,1,100,2,200,5,1,100,"A2",0,1,1,0,0,0,0,0,1,1,1,5,5,4,0,10,61,3.66666666666667,8,5.66666666666667,4.25,4,4.66666666666667,2.66666666666667,1.18055555555556,5,5,3.5,3.66666666666667,3,1.61111111111111,5,5.5,4,4.33333333333333,3,1.47222222222222,5,4.5,4.5,4.66666666666667,3,0.694444444444444,1,1,"Heterogeneous",1,1,1,0,1,1,0,"M24"
119,39,0,12,"A2","A1","A1","A1","A1","A1",0.142857142857143,"A1",0.285714285714286,"A1",0.428571428571429,0,"A1","A1",0.142857142857143,"A1",0.107142857142857,"A3",NA,64,1,"M24",5,5,7,6,7,4,7,7,7,7,4,3,1,1,5,6,4,4,3,1,3,3,7,5,6,7,3,5,5,7,7,7,7,4,3,4,5,7,5,4,5,3,3,4,6,7,0,1,0.142857142857143,1,0.142857142857143,1,4,5,6,7,5,7,7,7,7,7,4,2,4,5,7,5,2,4,2,1,4,2,7,1,50,2,195,6,565,2,3,245,"A2",0,1,1,0,0,0,1,0,7,7,7,7,4,6,7,6,6,7,4,4,4,1,5,5,4,2,1,5,4,1,7,0,1,120,2,210,2,210,2,3,330,"A2",0,1,1,0,0,0,1,0,1,1,1,7,6,6,0,14,52,3.66666666666667,9.5,5.66666666666667,7,2.25,5,2.66666666666667,3.02777777777778,5.16666666666667,7,4,5.33333333333333,3.66666666666667,1.75,5.66666666666667,7,3.75,4.66666666666667,2.33333333333333,2.75,6.33333333333333,6.5,3.25,4.66666666666667,2.66666666666667,2.88888888888889,1,0,"Heterogeneous",0,0,1,0,1,1,0,"M24"
120,54,0,15,"A1","A1","A1","A1","A3","A3",NA,"A3",NA,"A3",NA,1,"A1","A3",NA,"A1",0.285714285714286,"A2",NA,64,1,"M24",4,4,4,5,4,4,5,5,5,5,5,5,5,4,7,7,6,5,6,4,5,4,4,4,4,4,5,5,6,6,6,6,6,5,5,5,4,6,6,6,5,5,4,5,5,4,0,0,NA,1,0.142857142857143,1,4,4,4,6,4,6,7,7,7,7,4,4,4,5,7,6,6,5,4,4,5,4,4,2,320,2,55,1,0,3,4,375,"A1",0,0,0,0,1,0,0,1,4,2,4,5,4,6,7,6,7,6,4,4,4,5,6,6,6,5,5,4,5,6,3,1,6,325,1,100,1,100,0,7,425,"A2",0,0,0,0,0,0,0,0,0,0,0,6,6,5,0,14,43,3.66666666666667,7.5,4.16666666666667,5,4.75,6.66666666666667,5,-0.888888888888888,4.66666666666667,6,4.75,6,4.66666666666667,0.194444444444445,4.66666666666667,7,4.25,6.33333333333333,4.33333333333333,0.861111111111112,4.16666666666667,6.5,4.25,6,4.66666666666667,0.361111111111112,0,1,"Heterogeneous",1,0,0,0,1,1,0,"M24"
121,20,1,15,"A1","A1","A1","A1","A2","A2",NA,"A2",NA,"A2",NA,0,"A2","A2",NA,"A2",NA,"A2",NA,64,1,"M24",2,4,4,5,2,4,6,5,5,5,4,4,5,6,7,6,7,5,5,5,4,5,3,3,4,3,5,2,4,6,6,5,5,5,5,5,7,6,7,7,6,4,4,4,4,4,0,1,0.428571428571429,0,NA,1,4,4,3,5,4,5,7,7,6,6,6,6,5,6,6,7,6,4,5,4,4,5,4,1,50,7,780,2,255,0,8,830,"A2",0,0,0,0,0,0,0,1,3,4,3,5,2,5,6,6,5,2,6,5,4,7,7,7,7,4,4,4,4,5,4,0,1,50,3,255,2,120,1,4,305,"A2",1,1,0,1,0,0,1,1,0,0,0,5,2,1,0,19,48,4,4,3.5,5.25,4.75,6.66666666666667,5,-1.09722222222222,3.5,5.5,5.5,6.66666666666667,4.66666666666667,-1.11111111111111,4.16666666666667,6.5,5.75,6.33333333333333,4.33333333333333,-0.138888888888888,3.66666666666667,4.75,5.5,7,4,-1.29166666666667,0,0,"Heterogeneous",1,0,0,1,1,1,0,"M24"
122,57,1,14,"A2","A1","A1","A1","A1","A1",0.142857142857143,"A1",0.142857142857143,"A2",NA,0,"A1","A3",NA,"A3",NA,"A2",NA,74,1,"M25",5,5,7,7,7,7,7,6,6,7,4,4,4,3,2,6,6,1,1,2,4,1,7,7,7,5,7,7,7,7,5,5,4,5,4,4,2,6,5,6,1,1,1,1,1,7,0,1,0.428571428571429,1,0.428571428571429,1,7,7,6,7,7,7,7,6,6,6,4,3,3,1,7,6,6,1,1,1,4,2,7,3,125,0,0,7,475,3,3,125,"A2",0,0,0,0,0,0,0,1,7,7,7,7,7,7,7,5,5,7,4,3,2,1,6,5,5,1,1,1,4,2,7,0,1,25,0,0,0,0,4,1,25,"A2",0,1,1,1,0,0,1,0,1,1,1,7,3,5,0,12,52,3.66666666666667,10,6.33333333333333,6.5,3.75,4.66666666666667,1.33333333333333,3.16666666666667,6.66666666666667,5.25,3.75,5.66666666666667,1,2.48611111111111,6.83333333333333,6.25,2.75,6.33333333333333,1,3.18055555555556,7,6,2.5,5.33333333333333,1,3.55555555555556,1,0,"Heterogeneous",0,1,1,1,1,1,0,"M25"
123,58,0,14,"A2","A1","A1","A1","A3","A3",NA,"A3",NA,"A3",NA,0,"A3","A3",NA,"A3",NA,"A3",NA,74,1,"M25",6,7,7,7,7,5,5,4,4,5,4,4,3,2,6,4,4,2,2,2,4,2,6,5,4,6,6,5,4,5,5,6,5,4,3,4,2,6,2,3,3,3,3,4,2,6,0,2,NA,1,0.142857142857143,1,5,5,6,6,6,6,5,5,5,5,3,3,3,3,5,4,3,3,3,3,4,3,6,4,200,4,400,3,300,2,8,600,"A2",0,0,0,0,0,0,0,1,5,6,6,6,6,6,5,5,6,6,2,3,3,2,6,2,2,2,2,2,2,2,5,0,1,100,2,200,1,100,2,3,300,"A2",1,1,1,0,0,0,1,0,1,1,1,5,4,4,0,12.5,53,3.33333333333333,8,6.5,4.5,3.25,4.66666666666667,2,2.19444444444444,5,5.25,3.25,3.66666666666667,3,1.81944444444444,5.66666666666667,5,3,4,3,2,5.83333333333333,5.5,2.5,3.33333333333333,2,3.05555555555555,1,0,"Heterogeneous",1,1,1,0,1,1,0,"M25"
124,49,0,12,"A1","A1","A1","A1","A2","A2",NA,"A2",NA,"A2",NA,0,"A2","A2",NA,"A2",NA,"A2",NA,74,1,"M25",4,4,3,3,3,2,3,4,4,2,6,6,7,5,7,7,7,4,1,7,7,7,3,4,4,3,4,4,6,5,5,3,4,4,4,5,4,7,7,7,6,4,5,7,7,4,0,0,NA,0,NA,1,4,4,3,4,4,7,7,7,4,4,6,4,7,6,7,7,7,4,1,7,7,7,4,6,500,5,600,6,700,0,11,1100,"A2",0,0,0,0,0,0,0,0,4,3,4,4,3,6,7,7,3,1,7,7,7,6,7,7,7,7,4,7,7,7,2,0,1,100,10,1000,3,300,0,11,1100,"A2",0,0,0,0,0,0,0,0,2,0,0,5,1,1,0,17,35,3.66666666666667,10,3.16666666666667,3.25,6,7,4,-2.45833333333333,4.16666666666667,4.25,4.25,7,5,-1.20833333333333,4.33333333333333,5.5,5.75,7,4,-0.666666666666667,4,4.5,6.75,7,6,-2.33333333333333,0,0,"Heterogeneous",0,1,1,0,1,1,0,"M25"
125,46,0,14,"A1","A1","A1","A1","A2","A2",NA,"A2",NA,"A2",NA,0,"A1","A3",NA,"A1",0.285714285714286,"A2",NA,74,1,"M25",4,4,4,4,4,4,6,7,2,4,4,7,6,4,4,6,7,3,4,5,4,4,4,5,5,6,7,5,6,7,7,4,4,1,1,1,1,4,7,7,5,6,4,4,1,4,0,1,0.142857142857143,0,NA,1,5,4,4,7,6,4,6,7,4,7,5,4,1,1,4,7,7,7,5,4,4,4,5,9,450,4,400,0,0,2,13,850,"A3",0,0,0,0,0,0,1,0,5,5,5,6,5,6,7,7,4,6,4,4,3,4,5,7,6,6,5,5,4,4,4,0,8,400,5,500,3,300,1,13,900,"A2",0,1,1,1,0,0,1,1,1,0,1,7,7,6,1,14,43,4.33333333333333,9,4,4.75,5.25,5.66666666666667,4,-0.597222222222222,5.66666666666667,5.5,1,6,5,1.58333333333333,5,6,2.75,6,5.33333333333333,0.805555555555556,5.33333333333333,6,3.75,6,5.33333333333333,0.638888888888888,0,0,"Heterogeneous",0,1,0,0,1,1,0,"M25"
126,31,0,17,"A2","A2","A2","A1","A1","",NA,"",NA,"A1",0,0,"A3","A3",NA,"A3",NA,"A3",NA,71,1,"M26",6,7,7,7,7,7,7,7,3,6,2,2,2,3,4,5,5,2,2,1,5,2,7,7,6,7,7,7,7,7,6,5,6,2,2,2,2,5,6,6,1,1,1,2,1,7,0,2,NA,2,NA,1,7,6,7,6,7,7,7,6,5,6,1,1,1,1,4,5,5,1,1,1,3,2,7,0,0,0,0,1,70,0,0,0,"A2",0,2,2,0,2,0,0,0,7,6,7,7,7,7,7,7,5,6,1,1,1,1,6,6,5,1,1,1,4,1,7,0,0,0,0,0,0,0,0,0,0,"A2",0,2,2,0,2,0,0,0,2,2,2,7,5,4,0,14.5,50,4.33333333333333,9,6.83333333333333,5.75,2.25,4.66666666666667,1.66666666666667,3.43055555555555,6.83333333333333,6,2,5.66666666666667,1,3.52777777777778,6.66666666666667,6,1,4.66666666666667,1,4.11111111111111,6.83333333333333,6.25,1,5.66666666666667,1,3.98611111111111,1,0,"Heterogeneous",0,0,1,0,0,1,0,"M26"
127,61,0,12,"A4","A1","A1","A1","","",NA,"",NA,"",NA,0,"A1","A1",0.857142857142857,"A4",NA,"A1",0.142857142857143,71,1,"M26",6,6,7,6,6,4,7,7,7,7,4,4,4,4,4,4,4,2,2,3,4,3,6,6,6,6,7,6,4,7,6,7,7,4,4,4,2,4,3,4,1,3,2,4,4,5,0,1,0.714285714285714,2,NA,1,6,6,7,6,6,6,7,6,7,7,4,4,4,3,4,3,4,2,2,1,2,4,6,9,600,3,300,2,200,4,12,900,"A2",0,1,0,1,0,0,1,0,6,6,7,6,6,2,7,7,7,7,4,4,4,3,4,2,4,1,7,1,2,2,6,0,1,50,0,0,0,0,3,1,50,"A2",0,2,1,1,0,0,1,0,1,1,1,7,7,6,0,10,52,2.66666666666667,9,5.83333333333333,7,4,4,2.33333333333333,2.97222222222222,5.83333333333333,6.75,3.5,3.66666666666667,2,3.23611111111111,6.16666666666667,6.75,3.75,3.66666666666667,1.66666666666667,3.43055555555556,5.5,7,3.75,3.33333333333333,3,2.88888888888889,1,0,"Heterogeneous",1,1,1,0,1,1,0,"M26"
128,56,0,11,"A1","A1","A1","A1","A3","A3",NA,"A3",NA,"A3",NA,0,"A1","A1",0.428571428571429,"A1",0.285714285714286,"A2",NA,71,1,"M26",3,5,1,5,1,5,6,7,6,7,7,5,5,6,7,7,7,7,2,5,7,3,2,5,6,2,6,2,6,7,7,7,7,7,6,6,6,7,7,7,7,5,7,5,6,4,0,1,0.285714285714286,1,0.285714285714286,1,3,3,3,4,2,6,7,7,7,7,6,6,6,7,7,7,7,6,6,7,7,6,4,7,500,6,580,6,320,2,13,1080,"A2",0,1,1,1,0,0,0,0,5,5,3,5,5,6,7,6,7,7,6,6,7,6,7,7,7,6,6,7,7,6,5,0,13,600,10,880,0,0,0,23,1480,"A2",0,0,0,0,0,0,0,0,0,0,0,7,6,2,0,16,49,4.66666666666667,7,3.33333333333333,6.5,5.75,7,4.66666666666667,-0.888888888888889,4.5,7,6.25,7,6.33333333333333,-0.777777777777778,3.5,7,6.25,7,6.33333333333333,-1.27777777777778,4.83333333333333,6.75,6.25,7,6.33333333333333,-0.736111111111112,0,0,"Heterogeneous",0,0,1,0,1,1,0,"M26"
129,22,0,11,"A1","A1","A1","A1","A2","A2",NA,"A2",NA,"A2",NA,0,"A2","A2",NA,"A2",NA,"A2",NA,71,1,"M26",1,5,5,6,2,2,2,1,3,3,6,6,6,6,7,6,7,7,7,7,5,7,3,6,7,1,1,5,1,6,5,6,7,7,6,5,7,7,7,7,7,7,7,2,5,3,0,0,NA,0,NA,1,7,6,1,6,1,6,6,6,5,7,7,7,7,7,7,7,7,7,7,7,4,3,6,2,250,0,0,4,900,6,2,250,"A3",0,1,0,0,1,0,0,0,6,7,1,1,3,6,7,6,5,6,6,5,6,6,6,6,7,7,6,7,3,6,3,0,1,150,2,500,2,600,0,3,650,"A2",0,0,0,0,0,0,0,0,2,1,0,7,6,6,0,16.5,30,4.33333333333333,9.5,3.5,2.25,6,6.66666666666667,7,-3.68055555555556,3.5,6,6.25,7,7,-2,4.5,6,7,7,7,-1.75,4,6,5.75,6.33333333333333,6.66666666666667,-1.25,0,0,"Heterogeneous",0,1,1,0,1,1,0,"M26"
141,41,0,17,"A2","A1","A1","A1","A1","A1",0.107142857142857,"A1",0,"A1",0.107142857142857,0,"A1","A1",0.107142857142857,"A3",NA,"A3",NA,71,1,"M27",6,4,7,7,5,7,7,5,3,5,2,4,2,3,6,6,5,2,3,1,3,2,7,7,4,7,5,6,7,7,5,3,4,2,2,2,1,7,6,4,2,3,2,3,1,7,0,1,0.285714285714286,1,0.142857142857143,1,7,5,7,6,7,7,7,4,3,2,3,3,3,1,7,6,4,2,2,1,3,2,7,3,160,0,0,0,0,1,3,160,"A2",0,0,0,0,0,0,0,0,7,5,7,6,5,7,7,5,3,3,2,2,3,2,7,6,4,3,5,2,3,1,7,0,0,0,1,100,1,100,3,1,100,"A3",1,0,0,0,1,0,0,1,1,0,1,5,3,3,0,13.5,51,4.66666666666667,10,6,5,2.75,5.66666666666667,2,2.02777777777778,6,4.75,1.75,5.66666666666667,2.33333333333333,2.125,6.5,4,2.5,5.66666666666667,1.66666666666667,1.97222222222222,6.16666666666667,4.5,2.25,5.66666666666667,3.33333333333333,1.58333333333333,1,0,"Heterogeneous",0,1,0,1,1,1,0,"M27"
142,35,0,14,"A1","A1","A1","A1","A3","A3",NA,"A3",NA,"A3",NA,0,"A1","A1",1,"A1",0.428571428571429,"A3",NA,71,1,"M27",5,5,5,7,6,7,7,6,4,4,3,2,3,2,5,6,7,2,2,6,1,1,7,7,5,5,7,7,7,7,7,6,7,5,4,2,2,7,5,7,2,1,5,1,4,6,0,1,0.428571428571429,1,0.285714285714286,1,7,6,7,6,6,7,7,7,5,5,4,2,1,3,7,6,7,2,1,7,1,4,7,7,400,2,300,2,200,1,9,700,"A2",0,0,0,0,0,0,1,0,7,7,6,7,7,7,7,7,5,5,5,3,2,2,6,5,7,2,2,2,1,4,7,0,1,50,3,150,2,280,1,4,200,"A2",1,1,1,0,0,0,1,0,1,1,1,6,5,5,0,14.5,48,3.33333333333333,10,5.83333333333333,5.25,2.5,6,3.33333333333333,1.59722222222222,6.33333333333333,6.75,3.25,6.33333333333333,2.66666666666667,2.45833333333333,6.5,6,2.5,6.66666666666667,3.33333333333333,2.08333333333333,6.83333333333333,6,3,6,2,2.75,1,0,"Heterogeneous",0,1,0,0,1,1,0,"M27"
143,46,0,15,"A2","A1","A1","A1","A1","A1",0.285714285714286,"A1",0.285714285714286,"A1",0.428571428571429,0,"A3","A3",NA,"A3",NA,"A3",NA,71,1,"M27",5,4,5,7,6,4,6,6,4,6,3,5,3,2,5,5,5,5,4,3,5,3,5,6,4,5,7,6,5,7,7,7,7,2,3,3,3,6,5,5,3,4,3,4,2,6,0,1,0.428571428571429,1,0.285714285714286,1,6,4,6,7,5,7,7,7,7,7,3,3,3,1,6,4,5,4,4,2,4,3,7,11,650,0,0,8,855,2,11,650,"A3",0,0,0,0,0,0,0,1,6,4,6,7,4,6,7,7,7,7,2,2,2,2,6,5,5,5,4,3,5,2,6,0,4,500,4,355,1,180,6,8,855,"A2",0,0,0,0,0,0,0,1,0,0,0,7,6,4,0,14,44,3.66666666666667,10,5.16666666666667,5.5,3.25,5,4,1.25,5.5,7,2.75,5.33333333333333,3.33333333333333,2.44444444444444,5.83333333333333,7,2.5,5,3.33333333333333,2.80555555555555,5.5,7,2,5.33333333333333,4,2.47222222222222,1,0,"Heterogeneous",0,1,1,1,1,1,0,"M27"
144,60,0,11,"A1","A1","A1","A1","A2","A2",NA,"A2",NA,"A2",NA,0,"A2","A2",NA,"A2",NA,"A2",NA,71,1,"M27",4,4,3,4,4,4,4,5,3,3,5,5,5,4,7,7,5,4,4,5,4,4,4,4,4,3,5,4,4,5,5,5,4,5,5,4,5,7,7,6,5,5,4,6,4,4,0,0,NA,0,NA,1,4,4,4,5,4,4,6,5,5,5,5,5,4,4,7,7,6,4,4,4,5,4,4,4,250,2,200,3,300,1,6,450,"A2",0,0,0,0,0,0,0,1,4,4,3,4,4,3,5,5,3,4,5,5,5,5,7,7,5,4,4,5,7,5,4,0,6,500,0,0,2,200,0,6,500,"A1",0,0,0,0,0,0,0,1,2,0,0,5,3,3,0,16,51,4.33333333333333,7.5,3.83333333333333,3.75,4.75,6.33333333333333,4.33333333333333,-1.34722222222222,4,4.75,4.75,6.66666666666667,4.66666666666667,-0.986111111111112,4.16666666666667,5.25,4.5,6.66666666666667,4,-0.347222222222222,3.66666666666667,4.25,5,6.33333333333333,4.33333333333333,-1.26388888888889,0,0,"Heterogeneous",1,0,1,0,1,1,0,"M27"
145,49,0,12,"A1","A1","A1","A1","A3","A3",NA,"A3",NA,"A3",NA,0,"A1","A3",NA,"A1",0.285714285714286,"A2",NA,71,1,"M27",4,5,4,4,4,4,3,1,4,4,4,5,4,4,7,5,6,4,1,4,4,4,4,7,5,5,4,5,5,5,4,5,5,5,5,5,4,7,5,5,1,1,1,1,3,6,0,1,0.285714285714286,1,0.285714285714286,1,6,5,5,6,5,4,5,4,4,5,6,5,4,3,7,5,6,1,1,2,4,4,6,11,600,6,400,3,200,3,17,1000,"A3",0,0,0,0,0,0,0,0,7,5,6,6,6,4,6,4,4,6,4,4,4,4,7,5,5,1,1,2,4,4,6,0,6,300,2,200,0,0,5,8,500,"A3",0,1,1,0,0,1,0,0,1,1,1,7,7,7,0,12,52,4,10,4.16666666666667,3,4.25,6,3,-0.833333333333333,5.16666666666667,4.75,4.75,5.66666666666667,1,1.15277777777778,5.16666666666667,4.5,4.5,6,1.33333333333333,0.888888888888889,5.66666666666667,5,4,5.66666666666667,1.33333333333333,1.66666666666667,0,0,"Heterogeneous",1,1,1,1,1,1,0,"M27"
146,42,1,17,"A1","A1","A1","A1","A2","A2",NA,"A2",NA,"A2",NA,0,"A3","A3",NA,"A3",NA,"A3",NA,71,1,"M27",5,4,4,5,4,3,4,5,3,4,5,5,5,5,4,5,5,5,5,4,5,4,4,7,4,5,5,5,5,5,5,5,5,5,5,5,4,5,5,5,4,4,4,4,4,5,0,0,NA,0,NA,1,5,4,5,5,5,5,5,5,5,5,5,5,5,5,5,5,5,4,3,4,4,3,4,4,450,1,100,0,0,2,5,550,"A2",0,0,0,0,0,0,0,0,5,4,5,5,5,4,5,5,4,4,5,5,5,4,6,5,5,4,3,4,4,4,5,0,2,250,1,180,1,120,2,3,430,"A2",0,0,1,0,0,0,0,0,2,0,0,6,4,4,0,12,40,3.66666666666667,8,4.16666666666667,4,5,4.66666666666667,4.66666666666667,-0.694444444444445,5.16666666666667,5,4.75,5,4,0.500000000000001,4.83333333333333,5,5,5,3.66666666666667,0.361111111111111,4.66666666666667,4.5,4.75,5.33333333333333,3.66666666666667,8.88178419700125e-16,0,0,"Heterogeneous",0,1,0,0,1,1,0,"M27"
147,51,0,17,"A1","A1","A1","A1","A3","A3",NA,"A3",NA,"A3",NA,0,"A1","A1",0.285714285714286,"A3",NA,"A2",NA,68,1,"M28",5,4,5,6,5,6,7,4,4,4,3,4,4,4,5,6,5,3,3,3,4,3,5,5,5,6,6,6,7,5,4,4,4,4,5,5,4,4,5,5,3,3,5,5,3,6,0,1,0.285714285714286,0,NA,1,6,5,5,5,6,7,6,4,4,5,5,5,4,4,5,5,5,3,3,3,5,3,7,5,700,3,600,1,100,2,8,1300,"A2",1,0,0,1,0,0,0,1,6,5,5,6,5,7,7,4,4,5,4,5,5,3,5,6,6,5,4,5,6,3,6,0,4,500,4,500,0,0,4,8,1000,"A3",1,0,0,1,0,0,0,1,0,0,0,6,6,4,0,14.5,51,4,8,5.16666666666667,4.75,3.75,5.33333333333333,3,0.930555555555556,5.83333333333333,4.25,4.5,4.66666666666667,3.66666666666667,0.763888888888888,5.66666666666667,4.75,4.5,5,3,1.04166666666667,5.66666666666667,5,4.25,5.66666666666667,4.66666666666667,0.472222222222222,1,0,"Heterogeneous",0,1,1,1,1,1,0,"M28"
148,28,0,15,"A5","A2","A2","A2","","A4",NA,"A4",NA,"A4",NA,0,"A4","A4",NA,"A4",NA,"A4",NA,68,1,"M28",6,5,7,7,4,6,7,7,7,6,1,1,2,1,6,5,2,1,3,1,5,5,7,7,3,6,7,2,7,7,7,6,6,1,1,1,1,6,6,2,2,2,1,4,6,3,0,2,NA,2,NA,1,6,5,7,7,5,7,7,7,6,7,1,1,1,1,6,5,1,1,2,1,1,2,3,0,0,0,0,0,0,0,0,0,"A2",0,2,2,2,2,0,0,1,6,5,7,7,7,7,7,7,7,7,1,1,1,1,5,5,1,1,2,1,1,1,5,0,0,0,0,0,0,0,0,0,0,"A1",0,2,2,2,2,1,1,1,2,2,2,7,6,3,0,16.5,38,3.66666666666667,6,5.83333333333333,6.75,1.25,4.33333333333333,1.66666666666667,3.875,5.33333333333333,6.5,1,4.66666666666667,1.66666666666667,3.47222222222222,6.16666666666667,6.75,1,4,1.33333333333333,4.34722222222222,6.5,7,1,3.66666666666667,1.33333333333333,4.75,1,0,"Heterogeneous",0,0,0,0,0,1,0,"M28"
149,46,0,12,"A1","A1","A1","A1","A2","A2",NA,"A2",NA,"A2",NA,0,"A2","A2",NA,"A2",NA,"A2",NA,68,1,"M28",2,4,2,6,4,4,3,3,3,3,6,6,7,5,7,7,6,3,4,5,6,5,4,5,6,3,6,5,7,7,3,5,5,5,6,5,3,7,7,6,5,2,2,7,4,5,0,1,0.285714285714286,1,0.285714285714286,1,5,6,6,7,5,7,6,3,5,5,6,6,5,2,7,7,6,3,2,4,7,4,6,6,350,3,300,4,400,0,9,650,"A3",0,0,1,1,0,0,0,0,5,5,6,6,6,6,7,4,4,6,5,5,5,2,7,7,6,3,3,5,6,6,5,0,7,350,1,100,1,100,3,8,450,"A2",0,0,0,0,1,0,0,0,1,0,1,5,4,3,0,19,48,4.33333333333333,9,3.66666666666667,3,6,6.66666666666667,4,-2.22222222222222,5.33333333333333,5,4.75,6.66666666666667,3,0.36111111111111,6,4.75,4.75,6.66666666666667,3,0.569444444444444,5.66666666666667,5.25,4.25,6.66666666666667,3.66666666666667,0.597222222222222,0,0,"Heterogeneous",1,0,1,1,1,1,0,"M28"
150,33,0,14,"A1","A1","A1","A1","A2","A2",NA,"A2",NA,"A2",NA,0,"A2","A2",NA,"A2",NA,"A2",NA,68,1,"M28",5,3,4,5,3,2,6,6,4,2,5,5,7,7,5,4,7,3,2,4,5,3,4,5,4,3,5,3,4,4,2,1,1,6,5,5,5,5,4,7,4,4,5,6,5,4,0,0,NA,1,0.428571428571429,1,3,4,4,5,4,4,6,6,1,2,6,6,6,5,4,5,7,4,1,7,6,5,4,4,273,4,1200,3,270,0,8,1473,"A2",0,0,0,0,2,0,0,0,5,5,4,5,4,6,7,7,2,2,5,5,5,6,6,6,7,4,4,3,5,4,4,0,1,25,2,175,4,525,0,3,200,"A2",1,1,1,0,2,0,1,0,1,1,1,5,4,4,0,16,52,4.66666666666667,6.5,3.66666666666667,4.5,6,5.33333333333333,3,-0.694444444444445,4,2,5.25,5.33333333333333,4.33333333333333,-1.97222222222222,4,3.75,5.75,5.33333333333333,4,-1.15277777777778,4.83333333333333,4.5,5.25,6.33333333333333,3.66666666666667,-0.416666666666667,0,0,"Heterogeneous",1,1,0,0,1,1,0,"M28"
151,56,0,11,"A1","A1","A1","A1","A2","A2",NA,"A2",NA,"A2",NA,0,"A1","A3",NA,"A3",NA,"A2",NA,74,0,"H11",1,1,1,1,1,4,4,5,1,1,7,7,7,7,7,7,7,7,7,7,7,7,1,7,4,1,4,1,7,7,7,7,7,6,7,6,1,7,7,7,6,7,6,7,4,6,1,1,0.285714285714286,1,0.142857142857143,1,4,1,4,4,4,7,7,7,7,7,6,6,6,1,7,7,7,7,6,7,7,4,3,2,150,1,100,4,400,4,3,250,"A2",1,0,0,0,1,1,0,0,3,1,1,1,1,7,7,7,7,7,6,7,7,1,7,7,7,6,6,6,7,5,5,0,6,250,3,250,0,0,5,9,500,"A2",0,0,0,1,0,0,0,0,0,0,0,4,2,1,0,19,57,3.66666666666667,10,1.5,2.75,7,7,7,-4.875,4,7,5,7,6.33333333333333,-0.611111111111111,4,7,4.75,7,6.66666666666667,-0.638888888888889,2.33333333333333,7,5.25,7,6,-1.41666666666667,0,1,"Homogeneous",0,0,1,1,1,0,1,"H11"
152,42,1,15,"A1","A1","A1","A1","A2","A2",NA,"A2",NA,"A2",NA,0,"A1","A1",0.285714285714286,"A1",0.428571428571429,"A2",NA,74,0,"H11",3,5,1,5,3,3,5,4,5,4,6,7,7,7,6,7,7,5,3,5,5,7,3,3,2,5,5,4,5,6,5,6,6,5,6,5,7,6,7,7,5,4,5,5,6,3,0,1,0.285714285714286,1,0.285714285714286,1,3,3,2,3,3,7,7,6,7,6,6,6,5,6,6,7,7,6,5,6,6,6,3,8,800,3,620,7,1080,5,11,1420,"A2",0,0,0,0,0,0,0,1,3,3,3,3,3,7,7,6,5,5,6,6,5,7,7,7,7,5,3,5,6,6,3,0,1,150,3,700,7,1300,3,4,850,"A2",0,1,0,0,0,0,0,1,1,0,1,7,5,4,1,13.5,57,4.66666666666667,10,3.33333333333333,4.5,6.75,6.66666666666667,4.33333333333333,-2,4,5.75,5.75,6.66666666666667,4.66666666666667,-0.819444444444446,3.5,6.5,5.75,6.66666666666667,5.66666666666667,-1.02777777777778,3.66666666666667,5.75,6,7,4.33333333333333,-1.06944444444444,0,0,"Homogeneous",0,1,0,0,1,0,1,"H11"
153,23,1,15,"A1","A1","A1","A1","A2","A2",NA,"A2",NA,"A2",NA,0,"A1","A1",0.142857142857143,"A1",0.142857142857143,"A2",NA,74,0,"H11",3,4,4,5,3,4,6,4,3,5,6,6,6,6,5,6,6,5,6,5,4,5,4,6,4,5,5,6,7,7,4,5,7,3,3,3,4,4,4,6,7,3,3,2,2,5,0,0,NA,0,NA,1,6,3,5,5,4,6,6,4,3,5,4,4,3,5,4,4,5,4,5,2,3,4,7,3,250,1,300,2,150,3,4,550,"A2",0,1,0,0,0,0,0,1,5,3,4,6,5,6,6,4,4,6,4,4,3,3,3,4,6,3,5,3,5,5,5,0,4,300,2,650,0,0,6,6,950,"A2",0,0,0,0,0,0,0,1,2,0,0,6,5,4,0,16,57,4.66666666666667,9.5,3.83333333333333,4.5,6,5.66666666666667,5.33333333333333,-1.5,5.5,5.75,3.25,4.66666666666667,4.33333333333333,1.54166666666667,4.83333333333333,4.5,4,4.33333333333333,3.66666666666667,0.666666666666667,4.83333333333333,5,3.5,4.33333333333333,3.66666666666667,1.08333333333333,0,0,"Homogeneous",0,0,1,1,1,0,1,"H11"
154,21,0,17,"A1","A1","A1","A1","A3","A3",NA,"A3",NA,"A3",NA,0,"A1","A3",NA,"A1",0.107142857142857,"A1",0.142857142857143,74,0,"H11",2,1,3,6,2,2,7,6,4,4,7,7,7,7,7,7,7,2,2,3,6,6,4,6,4,4,6,4,5,7,6,6,7,5,5,4,4,7,7,7,3,2,3,6,1,7,0,1,0.142857142857143,1,0.142857142857143,1,6,2,5,5,5,7,7,6,7,7,4,5,4,7,7,7,7,7,6,6,4,2,6,3,275,4,520,0,0,0,7,795,"A2",0,0,0,1,2,0,1,1,7,2,5,7,4,6,7,6,5,7,3,4,4,5,7,6,6,2,3,2,4,2,7,0,0,0,4,300,0,0,0,4,300,"A2",1,1,1,1,0,0,1,1,0,0,1,7,7,6,0,14,42,4.33333333333333,9,2.66666666666667,5.25,7,7,2.33333333333333,-1.48611111111111,4.83333333333333,6.5,4.5,7,2.66666666666667,0.944444444444444,5,6.75,5,7,6.33333333333333,-0.236111111111111,5.16666666666667,6.25,4,6.33333333333333,2.33333333333333,1.48611111111111,0,0,"Homogeneous",0,1,0,0,1,0,1,"H11"
155,30,0,15,"A1","A1","A1","A1","A2","A2",NA,"A2",NA,"A2",NA,0,"A2","A2",NA,"A2",NA,"A2",NA,74,0,"H11",3,4,3,7,3,5,6,5,4,4,5,6,5,6,7,6,6,6,1,5,7,3,4,1,1,1,7,4,4,7,7,7,1,7,6,7,7,7,7,7,7,4,7,7,1,4,0,1,0.285714285714286,1,0.142857142857143,1,1,4,1,7,4,7,4,7,7,1,5,5,7,7,7,7,7,7,7,7,7,1,4,8,475,5,1000,6,1000,1,13,1475,"A2",0,0,0,0,0,0,0,0,1,4,1,7,1,7,7,4,4,1,4,2,7,7,7,7,7,7,1,7,7,4,4,0,3,250,6,1300,4,800,6,9,1550,"A2",1,1,1,1,1,0,0,0,1,1,1,7,4,4,0,17,59,4.66666666666667,9,4.16666666666667,4.75,5.5,6.33333333333333,4,-0.819444444444444,3,5.5,6.75,7,6,-2.33333333333333,4,4.75,6,7,7,-2.29166666666667,3.5,4,5,7,5,-1.91666666666667,0,0,"Homogeneous",0,1,1,1,1,0,1,"H11"
156,21,0,14,"A1","A1","A1","A1","A2","A2",NA,"A2",NA,"A2",NA,0,"A2","A2",NA,"A2",NA,"A2",NA,80,0,"H12",7,1,1,7,7,7,7,1,3,3,7,7,6,7,7,7,7,1,1,7,7,7,4,7,1,1,7,4,7,7,5,1,1,7,4,1,1,7,7,7,4,7,7,1,1,4,0,0,NA,0,NA,1,7,1,4,7,4,7,7,7,1,1,7,1,7,1,7,7,7,7,1,7,7,1,4,3,225,6,770,3,300,2,9,995,"A2",0,0,0,0,0,0,0,0,7,1,4,7,4,7,7,6,1,1,7,4,6,1,7,7,7,7,1,5,7,1,5,0,4,200,4,400,4,400,0,8,600,"A2",0,0,0,0,0,0,0,0,2,0,0,7,7,4,0,18,39,3.66666666666667,9,5,3.5,6.75,7,3,-1.33333333333333,4.5,3.5,3.25,7,6,-1.41666666666667,5,4,4,7,5,-0.833333333333333,5,3.75,4.5,7,4.33333333333333,-0.902777777777778,0,0,"Homogeneous",1,0,0,0,1,0,1,"H12"
157,43,0,14,"A1","A1","A1","A1","A2","A2",NA,"A2",NA,"A2",NA,0,"A3","A3",NA,"A3",NA,"A3",NA,80,0,"H12",2,2,1,5,1,4,5,4,3,4,5,5,5,5,5,6,7,5,5,5,5,5,1,5,4,3,5,5,5,4,4,4,4,5,6,5,5,6,6,6,5,4,5,5,4,5,0,1,0.142857142857143,1,0.285714285714286,1,4,4,3,5,4,3,3,4,3,4,5,5,5,5,6,6,6,5,5,4,4,3,5,2,150,1,100,0,0,2,3,250,"A2",0,0,0,0,0,0,0,0,4,4,3,5,4,4,4,5,3,4,5,5,5,5,4,5,6,5,4,4,5,4,4,0,5,150,1,50,0,0,0,6,200,"A2",0,1,0,1,2,0,0,1,1,1,1,5,4,4,0,13,49,3.66666666666667,8,2.5,4,5,6,5,-2.08333333333333,4.5,4,5.25,6,4.66666666666667,-1.05555555555556,3.83333333333333,3.5,5,6,4.66666666666667,-1.55555555555556,4,4,5,5,4.33333333333333,-0.777777777777778,0,0,"Homogeneous",0,0,0,0,1,0,1,"H12"
158,62,1,15,"A1","A1","A1","A1","A2","A2",NA,"A2",NA,"A2",NA,0,"A2","A2",NA,"A2",NA,"A2",NA,80,0,"H12",4,4,1,6,1,6,4,4,4,1,6,6,5,5,7,7,7,1,1,5,7,5,3,3,2,4,5,4,5,5,5,4,3,4,5,5,4,6,6,6,4,3,5,5,4,4,1,1,0.428571428571429,1,0.285714285714286,1,5,4,4,5,5,5,5,4,3,3,5,5,5,4,5,6,7,4,3,4,3,4,4,5,330,1,200,4,600,0,6,530,"A3",0,0,0,0,0,0,0,0,6,6,5,6,6,6,6,6,4,1,4,6,4,4,6,7,7,2,4,3,4,4,5,1,0,0,0,0,0,0,0,0,0,"A2",1,1,1,1,0,0,1,0,1,1,1,6,6,5,1,13.5,56,3.66666666666667,8,3.66666666666667,3.25,5.5,7,2.33333333333333,-1.48611111111111,3.83333333333333,4.25,4.5,6,4,-0.791666666666666,4.66666666666667,3.75,4.75,6,3.66666666666667,-0.597222222222221,5.83333333333333,4.25,4.5,6.66666666666667,3,0.319444444444444,0,1,"Homogeneous",1,1,1,0,1,0,1,"H12"
159,25,0,17,"A1","A1","A1","A1","A2","A2",NA,"A2",NA,"A2",NA,0,"A1","A1",0.571428571428571,"A1",0.428571428571429,"A2",NA,80,0,"H12",5,2,3,6,3,2,7,6,5,4,5,5,5,3,6,7,6,3,5,5,5,2,4,5,7,6,6,6,7,7,7,5,4,5,5,7,3,7,7,6,3,2,2,4,2,6,0,1,0.285714285714286,1,0.428571428571429,1,6,3,5,7,6,6,7,7,4,4,5,5,5,3,7,7,7,5,3,3,3,3,6,3,350,6,800,6,1000,4,9,1150,"A2",0,0,0,0,1,0,0,1,5,3,5,6,4,7,7,5,5,4,5,5,5,3,7,7,7,3,3,3,4,3,7,0,0,0,1,200,5,400,2,1,200,"A2",1,1,1,1,0,0,1,1,1,1,1,7,6,5,0,13.5,28,4.33333333333333,8.5,3.5,5.5,4.5,6.33333333333333,4.33333333333333,-0.555555555555554,6.16666666666667,5.75,5,6.66666666666667,2.33333333333333,1.29166666666667,5.5,5.5,4.5,7,3.66666666666667,0.444444444444445,5,5.25,4.5,7,3,0.291666666666667,0,0,"Homogeneous",1,1,1,0,1,0,1,"H12"
165,27,0,17,"A2","A1","A1","A1","A1","A3",NA,"A1",0.107142857142857,"A3",NA,0,"A3","A3",NA,"A3",NA,"A3",NA,70,1,"M6",7,7,7,5,4,6,7,4,5,7,3,2,4,3,5,3,4,2,1,1,2,1,5,7,5,7,7,5,5,7,6,5,7,3,4,4,2,5,2,4,1,1,1,3,1,6,0,1,0,1,0.285714285714286,1,7,7,7,7,5,7,7,7,5,7,4,5,4,1,6,2,4,1,1,1,2,1,6,2,75,2,125,4,400,0,4,200,"A2",1,0,0,0,0,0,0,1,6,7,7,6,5,7,7,5,6,7,4,5,4,1,6,1,4,6,2,1,3,2,6,0,2,37.5,3,200,2,200,0,5,237.5,"A2",1,0,0,0,0,0,0,1,0,0,2,5,2,1,0,14.5,50,4.33333333333333,10,6,5.75,3,4,1.33333333333333,3.09722222222222,6,6.25,3.25,3.66666666666667,1,3.48611111111111,6.66666666666667,6.5,3.5,4,1,3.75,6.33333333333333,6.25,3.5,3.66666666666667,3,2.90277777777778,1,0,"Heterogeneous",0,0,1,0,1,1,0,"M6"
166,26,0,14,"A1","A1","A1","A1","A2","A2",NA,"A2",NA,"A2",NA,0,"A1","A2",NA,"A1",0.142857142857143,"A2",NA,70,1,"M6",4,3,4,5,3,5,5,4,4,3,4,3,5,5,7,6,6,6,4,5,5,4,4,5,6,6,7,5,5,6,4,5,6,5,6,4,5,7,7,6,7,4,2,5,4,6,0,1,0.714285714285714,1,0.142857142857143,1,5,6,6,7,5,6,6,4,6,7,5,4,3,4,7,7,5,6,5,6,5,4,5,10,850,4,450,3,396,0,14,1300,"A2",0,0,0,0,2,0,0,1,6,7,5,5,5,5,6,4,5,5,4,4,4,5,7,6,5,5,5,4,6,4,6,0,10,1125,6,620,0,0,0,16,1745,"A2",0,1,0,0,2,0,0,0,1,1,1,7,6,4,0,16.5,40,3.66666666666667,7,4,4,4.25,6.33333333333333,5,-1.19444444444444,5.66666666666667,5.25,5,6.66666666666667,4.33333333333333,0.125000000000001,5.83333333333333,5.75,4,6.33333333333333,5.66666666666667,0.458333333333333,5.5,5,4.25,6,4.66666666666667,0.277777777777778,0,0,"Heterogeneous",0,0,1,0,1,1,0,"M6"
167,21,0,14,"A1","A1","A1","A1","A2","A2",NA,"A2",NA,"A2",NA,0,"A2","A2",NA,"A2",NA,"A2",NA,70,1,"M6",4,2,2,2,4,2,4,5,4,3,7,7,7,7,7,7,7,3,5,7,3,3,4,3,1,4,3,5,6,6,6,6,4,6,6,6,6,7,6,7,5,5,5,5,3,5,0,1,0.428571428571429,0,NA,1,4,3,2,2,2,6,6,6,6,6,6,6,6,6,7,7,6,4,4,5,5,3,5,2,150,3,400,1,100,1,5,550,"A3",0,1,1,1,0,0,1,1,4,3,3,3,3,5,5,5,5,5,5,5,5,5,6,6,7,6,6,6,3,2,5,0,1,50,5,500,3,300,2,6,550,"A2",0,1,1,1,0,1,0,0,2,0,1,5,4,3,0,20,31,4,10,2.66666666666667,4,7,7,5,-3,3.66666666666667,5.5,6,6.66666666666667,5,-1.30555555555556,3.16666666666667,6,6,6.66666666666667,4.33333333333333,-1.08333333333333,3.5,5,5,6.33333333333333,6,-1.52777777777778,0,0,"Heterogeneous",0,1,0,1,1,1,0,"M6"
168,65,0,15,"A2","A1","A1","A1","A3","A3",NA,"A3",NA,"A3",NA,0,"A3","A3",NA,"A3",NA,"A3",NA,62,1,"M12",7,4,3,6,7,5,6,7,3,4,3,3,3,3,7,7,6,3,2,7,4,4,7,7,7,4,4,6,5,7,7,6,6,3,3,3,3,4,6,6,3,1,1,3,4,7,0,2,NA,2,NA,1,7,6,4,6,7,6,7,7,5,5,3,3,3,3,5,7,7,2,2,1,4,3,7,1,50,1,75,1,100,4,2,125,"A2",0,0,0,0,0,0,0,1,7,6,4,6,7,6,6,6,5,5,4,4,3,4,5,6,6,3,2,1,4,3,7,0,1,25,2,220,1,100,1,3,245,"A2",0,0,0,0,0,0,0,0,2,2,2,5,4,1,0,15.5,51,4.66666666666667,9.5,5.33333333333333,5,3,6.66666666666667,4,0.61111111111111,5.5,6.5,3,5.33333333333333,1.66666666666667,2.66666666666667,6,6,3,6.33333333333333,1.66666666666667,2.33333333333333,6,5.5,3.75,5.66666666666667,2,1.94444444444444,1,0,"Heterogeneous",0,0,0,0,1,1,0,"M12"
169,28,0,12,"A2","A1","A1","A1","A1","A1",0.142857142857143,"A1",0.285714285714286,"A1",0.285714285714286,0,"A1","A1",0.428571428571429,"A1",0.285714285714286,"A1",0.285714285714286,62,1,"M12",6,5,4,4,6,4,7,6,5,7,3,2,2,2,5,1,5,3,2,2,1,2,7,5,6,6,6,6,7,7,7,6,7,4,4,4,3,5,3,4,2,2,2,2,6,7,0,0,NA,0,NA,1,6,6,6,6,6,6,6,7,5,7,4,4,5,4,6,6,6,3,2,2,1,5,6,1,50,0,0,0,0,1,1,50,"A3",0,1,1,1,0,0,0,1,5,5,6,5,5,7,7,7,5,6,4,4,5,3,5,4,5,3,1,2,5,5,5,0,3,200,1,100,1,100,0,4,300,"A2",1,1,0,1,0,1,1,0,1,1,0,6,6,5,0,14,44,4,10,4.83333333333333,6.25,2.25,3.66666666666667,2.33333333333333,2.79166666666667,6,6.75,3.75,4,2,3.125,6,6.25,4.25,6,2.33333333333333,1.93055555555556,5.5,6.25,4,4.66666666666667,2,2.31944444444444,1,0,"Heterogeneous",0,0,0,0,1,1,0,"M12"
170,39,1,11,"A1","A1","A1","A1","A2","A2",NA,"A2",NA,"A2",NA,0,"A1","A1",0.285714285714286,"A1",0.428571428571429,"A2",NA,62,1,"M12",3,5,2,5,2,6,6,6,5,2,7,7,6,7,7,7,7,5,1,5,3,3,3,3,6,3,6,5,4,7,6,7,4,5,6,4,5,5,7,6,6,2,7,2,5,4,0,1,0.285714285714286,1,0.285714285714286,1,5,5,5,6,5,5,7,7,5,5,3,4,3,4,6,7,6,5,3,5,3,5,5,9,325,10,1000,3,400,0,19,1325,"A2",0,0,0,0,0,0,0,0,5,5,6,6,4,2,7,7,7,7,5,5,5,3,6,6,6,5,2,5,3,5,5,0,4,225,1,300,2,200,0,5,525,"A2",1,1,0,0,0,0,1,0,1,1,1,6,7,7,0,16.5,58,4,9,3.83333333333333,4.75,6.75,7,3.66666666666667,-1.51388888888889,4.5,6,5,6,5,-0.083333333333333,5.16666666666667,6,3.5,6.33333333333333,4.33333333333333,0.861111111111112,4.66666666666667,7,4.5,6,4,1,0,0,"Heterogeneous",1,1,1,0,1,1,0,"M12"
171,46,1,14,"A1","A1","A1","A1","A2","A2",NA,"A2",NA,"A2",NA,0,"A1","A1",0.428571428571429,"A3",NA,"A2",NA,62,1,"M12",3,2,3,5,4,4,5,6,5,6,5,5,5,6,5,5,5,5,5,5,4,5,4,5,1,4,5,4,5,6,5,5,6,5,5,5,6,5,5,6,6,6,5,5,5,5,0,1,0.285714285714286,1,0.285714285714286,1,3,3,4,5,4,5,6,6,6,7,5,5,5,5,5,6,6,5,7,5,5,5,5,3,295,1,180,7,885,3,4,475,"A2",0,0,0,0,0,0,0,1,3,3,3,5,4,5,6,6,5,7,5,5,5,5,5,5,5,5,5,5,5,5,5,0,2,100,1,100,6,455,6,3,200,"A2",1,1,1,0,1,0,1,1,1,1,1,6,6,6,1,15,47,4,6,3.5,5.5,5.25,5,5,-0.583333333333333,4,5.5,5.25,5.33333333333333,5.66666666666667,-0.666666666666667,4,6.25,5,5.66666666666667,5.66666666666667,-0.319444444444446,3.83333333333333,6,5,5,5,-0.083333333333333,0,0,"Heterogeneous",0,1,1,1,1,1,0,"M12"
178,61,0,15,"A2","A1","A1","A1","A3","A3",NA,"A3",NA,"A3",NA,0,"A3","A3",NA,"A3",NA,"A3",NA,67,1,"M16",7,4,6,5,5,6,6,5,4,7,4,4,4,1,5,5,4,1,1,4,4,2,7,7,5,5,4,7,3,5,6,5,6,5,5,6,2,5,6,4,3,1,2,4,1,7,0,1,0.142857142857143,1,0.142857142857143,1,7,7,7,6,6,7,7,7,7,7,6,6,5,3,5,4,5,2,1,2,5,1,7,0,0,0,0,3,300,3,0,0,"A2",0,1,1,0,1,0,0,0,7,4,6,5,7,7,7,7,6,7,6,6,7,1,6,6,5,4,1,1,4,1,7,0,2,200,0,0,4,450,0,2,200,"A2",0,1,0,1,1,0,0,0,1,1,0,7,7,4,0,13,51,3.66666666666667,9.5,5.5,5.5,3.25,4.66666666666667,2,2.19444444444444,5.16666666666667,5.5,4.5,5,2,1.5,6.66666666666667,7,5,4.66666666666667,1.66666666666667,3.05555555555556,6,6.75,5,5.66666666666667,2,2.15277777777778,1,0,"Heterogeneous",0,0,0,0,1,1,0,"M16"
179,54,0,20,"A5","A2","A2","A2","","A4",NA,"A4",NA,"A4",NA,0,"A1","A1",0,"A4",NA,"A4",NA,67,1,"M16",6,3,5,7,5,7,7,6,4,7,2,2,4,5,7,7,4,2,4,3,5,5,7,7,2,3,5,6,5,7,6,5,7,2,2,3,3,7,7,2,3,6,1,5,2,7,1,2,NA,2,NA,1,7,3,5,6,5,6,7,7,5,7,2,2,2,1,7,7,2,2,6,1,5,3,7,0,0,0,0,0,0,0,0,0,"A2",0,2,2,2,2,0,0,0,7,3,4,6,5,7,7,5,6,7,3,3,3,1,6,6,3,2,6,4,6,5,7,1,0,0,0,0,0,0,0,0,0,"A2",0,2,2,2,2,0,0,0,1,2,2,6,5,4,0,14.5,48,4.33333333333333,10,5.5,6,3.25,6,3,1.66666666666667,4.66666666666667,6.25,2.5,5.33333333333333,3.33333333333333,1.73611111111111,5.33333333333333,6.5,1.75,5.33333333333333,3,2.55555555555556,5.33333333333333,6.25,2.5,5,4,1.95833333333333,1,1,"Heterogeneous",0,0,0,0,0,1,0,"M16"
180,22,1,15,"A1","A1","A1","A1","A2","A2",NA,"A2",NA,"A2",NA,0,"A2","A2",NA,"A2",NA,"A2",NA,67,1,"M16",5,3,3,6,3,2,5,4,3,2,6,5,5,2,7,4,7,1,1,6,2,4,4,4,4,3,6,4,3,5,5,2,4,6,6,6,4,6,4,6,2,2,6,2,3,4,0,1,0.714285714285714,1,0.714285714285714,1,4,4,3,5,4,5,5,5,2,3,6,5,5,3,7,4,7,2,2,3,2,3,4,4,225,2,120,5,700,4,6,345,"A1",0,0,0,0,0,0,0,0,3,4,3,6,3,5,5,4,4,3,5,5,5,2,7,4,6,2,2,3,3,3,4,0,2,50,0,0,2,300,11,2,50,"A2",0,1,0,0,1,0,0,0,1,1,0,5,4,4,0,14.5,51,4.33333333333333,8,3.66666666666667,3.5,4.5,6,2.66666666666667,-0.805555555555555,4,4,5.5,5.33333333333333,3.33333333333333,-0.722222222222222,4.16666666666667,3.75,4.75,6,2.33333333333333,-0.402777777777778,4,4,4.25,5.66666666666667,2.33333333333333,-0.0833333333333339,0,0,"Heterogeneous",1,1,1,1,1,1,0,"M16"
181,48,0,15,"A1","A1","A1","A1","A2","A2",NA,"A2",NA,"A2",NA,0,"A3","A3",NA,"A3",NA,"A3",NA,67,1,"M16",2,4,3,4,3,3,5,5,3,4,5,5,5,6,6,6,6,4,4,5,6,4,2,3,3,3,4,3,4,5,5,5,5,5,5,6,6,6,6,6,4,5,6,5,5,2,0,0,NA,1,0.428571428571429,1,2,2,2,3,2,4,5,5,5,5,5,5,5,5,5,5,5,5,5,5,4,5,2,12,587.5,3,250,2,175,4,15,837.5,"A2",0,1,0,0,0,0,0,1,2,2,2,3,2,4,5,5,5,5,5,5,5,6,6,6,6,6,5,7,4,5,2,0,11,525,4,450,3,300,6,15,975,"A2",0,0,0,0,1,0,0,0,0,0,0,5,2,2,0,14,36,3.66666666666667,6,3.16666666666667,4.25,5.25,6,4.33333333333333,-1.48611111111111,3.33333333333333,5,5.5,6,5,-1.33333333333333,2.5,5,5,5,5,-1.25,2.5,5,5.25,6,6,-2,0,0,"Heterogeneous",0,1,0,1,1,1,0,"M16"
182,34,0,15,"A1","A1","A1","A1","A1","A1",0.107142857142857,"A1",0.107142857142857,"A1",0.285714285714286,0,"A1","A1",0.285714285714286,"A1",0.285714285714286,"A1",0.285714285714286,68,1,"M18",5,5,7,7,7,7,7,7,4,5,3,3,4,5,7,7,7,4,1,2,4,4,7,5,5,7,6,7,7,7,7,4,7,4,1,4,3,7,7,7,4,2,1,4,3,7,0,1,0.142857142857143,1,0.142857142857143,1,7,5,6,6,7,7,7,7,5,7,4,1,1,2,7,7,6,3,1,2,4,3,7,1,50,8,650,2,200,5,9,700,"A1",0,0,1,0,0,0,0,0,6,4,7,6,7,7,7,7,6,7,4,3,2,3,7,7,7,5,2,1,2,1,7,0,1,50,2,200,4,400,2,3,250,"A2",1,1,1,1,1,1,1,1,0,1,1,7,3,4,0,12,49,3.66666666666667,6.5,6.33333333333333,5.75,3.75,7,2.33333333333333,1.68055555555555,6.16666666666667,6.25,3,7,2.33333333333333,2.09722222222222,6.33333333333333,6.5,2,6.66666666666667,2,2.86111111111111,6.16666666666667,6.75,3,7,2.66666666666667,2.23611111111111,1,0,"Heterogeneous",1,0,0,0,1,1,0,"M18"
183,34,1,17,"A2","A1","A1","A1","A3","A3",NA,"A3",NA,"A3",NA,0,"A3","A3",NA,"A3",NA,"A3",NA,68,1,"M18",7,6,5,6,5,6,7,6,5,6,4,4,4,4,6,6,6,2,2,2,5,4,6,7,5,5,7,6,4,7,6,5,6,5,5,5,4,7,7,6,1,1,1,5,4,6,0,1,0.142857142857143,1,0.142857142857143,1,7,5,6,7,6,6,7,6,6,7,4,5,5,4,6,7,6,1,1,1,5,4,7,0,0,0,0,1,150,2,0,0,"A2",0,0,0,0,0,0,0,0,7,6,6,7,6,6,7,6,5,6,4,5,5,4,7,6,6,1,2,2,5,4,6,0,0,0,0,0,2,250,1,0,0,"A2",0,0,0,0,0,0,0,0,1,0,0,7,5,4,0,13.5,52,4.33333333333333,8.5,5.83333333333333,6,4,6,2,1.91666666666667,5.66666666666667,6,4.75,6.66666666666667,1,1.69444444444444,6.16666666666667,6.5,4.5,6.33333333333333,1,2.38888888888889,6.33333333333333,6,4.5,6.33333333333333,1.66666666666667,2,1,0,"Heterogeneous",0,0,0,0,1,1,0,"M18"
184,28,0,17,"A8","A2","A2","A2","A3","A3",NA,"A3",NA,"A3",NA,0,"A4","A4",NA,"A4",NA,"A4",NA,68,1,"M18",5,7,6,6,4,7,7,7,5,6,2,2,2,5,5,6,2,2,2,2,2,2,6,6,7,6,6,6,6,7,7,7,7,2,2,2,5,5,6,1,1,1,1,2,2,5,0,2,NA,2,NA,1,6,6,6,6,6,7,7,6,6,6,2,2,2,5,3,6,1,1,1,1,2,2,4,0,0,0,0,0,0,1,0,0,"A2",0,2,2,2,0,0,0,0,6,6,6,6,5,6,6,6,6,6,2,2,2,5,5,5,1,2,1,1,2,2,6,0,0,0,0,0,0,0,1,0,0,"A2",0,2,2,2,0,0,0,1,2,2,2,5,2,2,0,13,43,3.33333333333333,6,5.83333333333333,6.25,2.75,4.33333333333333,2,3.01388888888889,6.16666666666667,7,2.75,4,1,4,6.16666666666667,6.25,2.75,3.33333333333333,1,3.84722222222222,5.83333333333333,6,2.75,3.66666666666667,1.33333333333333,3.33333333333333,1,0,"Heterogeneous",0,0,0,0,0,1,0,"M18"
185,28,0,12,"A1","A1","A1","A1","A2","A2",NA,"A2",NA,"A2",NA,0,"A1","A1",0.428571428571429,"A1",0.285714285714286,"A1",0.285714285714286,68,1,"M18",4,3,3,5,4,3,5,5,3,3,6,6,7,6,7,6,6,6,5,5,6,4,4,6,5,5,7,5,6,7,6,6,7,5,5,6,4,7,5,5,6,3,4,3,2,6,0,1,0.285714285714286,1,0.285714285714286,1,7,6,5,6,4,6,7,5,5,6,5,5,4,4,7,7,5,5,4,4,3,3,6,7,300,6,465,3,260,0,13,765,"A2",0,0,1,0,0,0,0,0,6,6,5,6,6,5,7,6,5,7,5,5,5,4,7,6,5,5,3,3,4,3,5,0,0,0,0,0,3,240,1,0,0,"A2",0,1,1,1,0,0,1,0,1,1,1,7,5,5,0,13.5,54,4.66666666666667,10,3.66666666666667,4,6.25,6.33333333333333,5.33333333333333,-2.13888888888889,5.66666666666667,6.5,5,5.66666666666667,4.33333333333333,1.08333333333333,5.66666666666667,5.75,4.5,6.33333333333333,4.33333333333333,0.652777777777779,5.66666666666667,6.25,4.75,6,3.66666666666667,1.15277777777778,0,0,"Heterogeneous",1,1,0,1,1,1,0,"M18"
186,33,0,11,"A1","A1","A1","A1","A3","A3",NA,"A3",NA,"A3",NA,0,"A1","A1",0.285714285714286,"A3",NA,"A2",NA,68,1,"M18",4,4,4,6,4,3,4,4,4,5,5,5,5,5,5,5,7,5,4,5,4,6,3,5,4,4,6,5,4,6,5,3,7,4,4,4,5,5,6,6,6,3,5,4,3,5,0,0,NA,0,NA,1,5,4,5,5,5,4,7,4,4,5,4,4,4,4,7,6,6,5,4,4,4,4,5,4,250,2,390,5,440,3,6,640,"A1",0,0,0,0,1,0,0,0,5,5,5,5,5,4,5,4,4,5,4,4,4,5,5,5,5,5,4,4,4,4,5,0,2,200,0,0,4,420,1,2,200,"A3",0,1,1,0,0,0,0,0,1,1,1,5,5,4,0,14.5,54,4,10,4.16666666666667,4.25,5,5.66666666666667,4.66666666666667,-0.902777777777778,4.66666666666667,5.25,4.25,5.66666666666667,4.66666666666667,0.0972222222222223,4.66666666666667,5,4,6.33333333333333,4.33333333333333,-0.0555555555555545,4.83333333333333,4.5,4.25,5,4.33333333333333,0.138888888888888,0,0,"Heterogeneous",1,1,1,0,1,1,0,"M18"
187,43,1,20,"A1","A1","A1","A1","A2","A2",NA,"A2",NA,"A2",NA,0,"A1","A1",0.285714285714286,"A1",0.142857142857143,"A2",NA,68,1,"M18",6,5,5,5,4,2,5,6,2,2,5,6,5,6,7,7,7,5,6,5,5,6,4,6,5,5,6,6,6,6,6,7,6,3,4,2,1,5,6,7,6,5,4,3,5,6,0,1,0.142857142857143,0,NA,1,6,5,6,6,6,6,5,5,6,7,3,2,2,2,6,6,7,5,5,5,5,5,5,7,400,1,100,4,500,0,8,500,"A2",0,0,0,0,0,0,0,0,5,3,5,5,2,6,6,5,6,7,4,3,3,2,6,7,7,5,5,5,3,5,6,0,3,250,3,320,5,620,0,6,570,"A2",0,0,1,0,0,0,0,0,1,0,1,5,5,5,0,12.5,46,4.66666666666667,9,4.5,3.75,5.5,7,5.33333333333333,-1.81944444444444,5.66666666666667,6.25,2.5,6,5,1.45833333333333,5.83333333333333,5.75,2.25,6.33333333333333,5,1.26388888888889,4.33333333333333,6,3,6.66666666666667,5,0.277777777777777,0,0,"Heterogeneous",0,1,0,0,1,1,0,"M18"
192,63,0,17,"A1","A1","A1","A1","A3","A3",NA,"A3",NA,"A3",NA,0,"A2","A2",NA,"A2",NA,"A2",NA,74,0,"H14",2,4,2,5,3,4,5,3,3,2,6,6,6,3,6,7,7,3,2,5,5,5,2,3,5,2,5,4,6,5,3,4,5,7,7,7,5,7,7,7,5,3,6,3,6,2,0,0,NA,0,NA,1,4,3,4,5,3,5,6,4,3,3,5,6,6,5,7,7,6,3,3,6,4,5,2,7,500,2,250,1,100,6,9,750,"A1",0,0,0,1,0,0,0,1,3,2,5,5,4,5,6,4,2,3,6,5,6,4,7,7,6,5,4,5,3,5,3,0,5,350,2,200,3,300,5,7,550,"A2",0,1,0,0,1,0,0,0,2,0,0,5,3,2,0,16.5,45,4,8.5,3.33333333333333,3.25,5.25,6.66666666666667,3.33333333333333,-1.79166666666667,4.16666666666667,4.25,6.5,7,4.66666666666667,-1.84722222222222,4,4,5.5,6.66666666666667,4,-1.38888888888889,4,3.75,5.25,6.66666666666667,4.66666666666667,-1.65277777777778,0,0,"Homogeneous",0,1,0,0,1,0,1,"H14"
193,21,0,12,"A1","A1","A1","A1","A2","A2",NA,"A2",NA,"A2",NA,0,"A2","A2",NA,"A2",NA,"A2",NA,74,0,"H14",4,4,3,5,3,6,6,6,3,3,5,5,5,6,3,5,7,7,5,5,7,7,4,5,3,4,7,5,7,7,6,5,7,5,5,4,6,6,7,5,7,7,5,4,5,4,0,0,NA,0,NA,1,5,2,3,7,5,7,7,6,3,5,5,5,3,6,6,7,7,5,5,5,5,5,4,6,400,2,220,4,450,0,8,620,"A2",0,0,0,1,2,0,0,1,4,3,2,6,5,7,7,5,3,3,5,5,5,7,7,7,7,7,7,6,5,6,4,1,5,250,3,300,2,200,0,8,550,"A2",0,0,0,0,2,0,1,0,2,0,0,5,4,1,0,15,47,4.33333333333333,9,4.16666666666667,4.5,5.25,5,5.66666666666667,-0.972222222222222,5.16666666666667,6.25,5,6,6.33333333333333,-0.0694444444444438,4.83333333333333,5.25,4.75,6.66666666666667,5,-0.430555555555556,4.5,4.5,5.5,7,6.66666666666667,-1.88888888888889,0,0,"Homogeneous",0,1,1,0,1,0,1,"H14"
194,50,0,17,"A1","A1","A1","A1","A2","A2",NA,"A2",NA,"A2",NA,0,"A3","A3",NA,"A3",NA,"A3",NA,74,0,"H14",1,1,1,3,3,5,6,3,2,2,5,5,5,4,5,5,5,3,1,6,5,4,4,6,3,5,4,6,6,6,3,2,2,5,5,5,5,6,6,6,5,2,4,4,4,4,0,2,NA,1,0.428571428571429,1,3,3,4,5,3,2,6,3,2,2,6,5,6,6,6,6,6,4,4,3,6,4,3,3,200,3,225,0,0,2,6,425,"A2",0,0,0,0,0,0,0,0,3,3,4,1,3,5,5,5,2,4,6,6,6,5,6,7,7,6,5,3,5,5,2,0,1,25,0,0,2,200,5,1,25,"A2",0,0,0,0,1,0,1,1,0,0,0,4,2,2,0,12,56,4.33333333333333,9.5,2.33333333333333,3.25,4.75,5,3.33333333333333,-1.56944444444444,5,3.25,5,6,3.66666666666667,-0.763888888888888,3.33333333333333,3.25,5.75,6,3.66666666666667,-1.84722222222222,3.16666666666667,4,5.75,6.66666666666667,4.66666666666667,-2.11111111111111,0,0,"Homogeneous",1,1,0,1,1,0,1,"H14"
195,41,0,14,"A1","A1","A1","A1","A2","A2",NA,"A2",NA,"A2",NA,0,"A3","A3",NA,"A3",NA,"A3",NA,74,0,"H14",4,3,4,5,4,5,5,5,4,3,5,5,5,5,5,5,5,4,4,4,5,4,4,5,3,4,5,4,7,7,4,6,5,6,6,6,5,6,6,6,4,3,4,5,4,4,0,0,NA,0,NA,1,5,3,3,4,5,7,6,4,5,5,5,5,5,4,5,5,5,4,3,4,3,3,5,5,300,1,180,0,0,2,6,480,"A2",0,1,0,0,0,0,0,0,5,2,2,5,5,6,6,4,4,5,6,6,6,6,6,6,5,5,5,4,4,4,5,0,3,150,2,200,2,200,1,5,350,"A2",0,0,0,0,0,0,0,0,1,0,1,6,6,4,0,12,45,3.66666666666667,8,4.16666666666667,4.25,5,5,4,-0.458333333333333,4.66666666666667,5.5,5.75,6,3.66666666666667,-0.0555555555555545,4.5,5,4.75,5,3.66666666666667,0.277777777777778,4.16666666666667,4.75,6,5.66666666666667,4.66666666666667,-0.986111111111112,0,0,"Homogeneous",0,1,0,0,1,0,1,"H14"
196,37,0,17,"A2","A1","A1","A1","A2","A2",NA,"A2",NA,"A2",NA,0,"A1","A1",0.285714285714286,"A3",NA,"A1",0.142857142857143,64,1,"M23",6,4,5,7,5,7,7,6,4,4,2,2,3,1,6,4,3,2,1,2,1,3,7,6,6,7,7,7,7,7,7,4,4,3,2,5,1,7,4,2,5,3,2,1,3,7,0,1,0.428571428571429,2,NA,1,6,3,7,6,7,7,7,7,4,5,1,1,1,1,6,4,4,6,5,2,1,4,7,4,87.5,2,175,2,225,2,6,262.5,"A2",0,0,0,0,0,0,0,0,6,4,7,7,7,7,7,5,4,4,1,2,2,1,6,3,3,3,4,1,1,3,7,0,4,250,1,150,2,200,2,5,400,"A3",0,0,1,0,0,0,0,0,1,0,1,5,4,4,0,9,32,4.33333333333333,9,5.66666666666667,5.25,2,4.33333333333333,1.66666666666667,2.79166666666667,6.66666666666667,5.5,2.75,4.33333333333333,3.33333333333333,2.61111111111111,6,5.75,1,4.66666666666667,4.33333333333333,2.54166666666667,6.33333333333333,5,1.5,4,2.66666666666667,2.94444444444444,1,0,"Heterogeneous",1,0,0,0,1,1,0,"M23"
197,19,0,14,"A2","A1","A1","A1","A1","A1",0,"A1",0.107142857142857,"A1",0.142857142857143,0,"A1","A1",0,"A1",0,"A1",0.142857142857143,64,1,"M23",5,5,5,6,6,4,4,5,3,5,2,2,2,3,5,5,4,2,2,2,5,2,6,6,6,5,6,5,6,6,6,3,5,3,3,5,5,6,5,4,3,3,3,3,3,6,0,1,0,1,0,1,6,6,6,6,4,6,5,5,4,5,3,3,4,5,6,5,3,3,3,3,3,4,6,2,100,1,75,4,350,3,3,175,"A2",1,0,0,0,1,0,0,1,6,6,6,6,6,6,6,5,4,6,3,3,3,3,5,6,3,3,3,3,5,4,6,0,0,0,0,0,0,0,1,0,0,"A2",0,0,0,0,0,2,0,0,1,1,1,6,5,3,0,16,43,3.33333333333333,8,5.16666666666667,4.25,2.25,4.66666666666667,2,1.73611111111111,5.66666666666667,5,4,5,3,1.33333333333333,5.66666666666667,4.75,3.75,4.66666666666667,3,1.40277777777778,6,5.25,3,4.66666666666667,3,2.06944444444444,1,0,"Heterogeneous",1,1,1,0,1,1,0,"M23"
198,64,0,12,"A1","A1","A1","A1","A3","A3",NA,"A3",NA,"A3",NA,0,"A3","A3",NA,"A3",NA,"A3",NA,64,1,"M23",4,3,3,4,4,3,4,4,4,4,5,6,5,5,5,6,6,5,6,6,6,6,4,3,4,5,4,5,5,5,4,5,4,5,5,5,4,5,5,4,4,3,3,3,3,5,0,1,0.714285714285714,1,0.714285714285714,1,4,5,5,4,5,6,6,5,6,6,5,5,5,4,5,5,4,4,3,3,5,4,5,8,550,4,200,4,200,2,12,750,"A2",0,1,0,0,0,0,0,0,4,3,4,4,5,5,4,6,6,5,6,5,6,4,5,5,4,4,3,4,6,4,5,0,3,100,1,100,6,500,4,4,200,"A2",1,1,0,0,1,0,1,0,1,1,1,6,6,6,0,13.5,59,4,9.5,3.5,4,5.25,5.66666666666667,5.66666666666667,-1.77777777777778,4.33333333333333,4.5,4.75,4.66666666666667,3.33333333333333,0.166666666666665,4.83333333333333,5.75,4.75,4.66666666666667,3.33333333333333,1.04166666666667,4.16666666666667,5.25,5.25,4.66666666666667,3.66666666666667,0.180555555555556,0,0,"Heterogeneous",1,1,0,1,1,1,0,"M23"
199,60,0,15,"A1","A1","A2","A1","A2","A2",NA,"A2",NA,"A2",NA,0,"A3","A3",NA,"A3",NA,"A3",NA,64,1,"M23",6,6,4,6,5,7,7,7,7,7,7,7,7,7,7,7,7,5,5,7,4,5,4,7,6,6,6,7,7,7,7,7,7,6,7,7,6,7,7,7,5,1,5,5,3,7,0,1,0,1,0.285714285714286,1,6,7,6,6,7,7,7,7,7,7,6,6,7,5,7,6,7,3,1,5,5,2,7,0,0,1,150,4,300,1,1,150,"A2",0,0,0,0,0,0,0,0,7,7,6,6,6,7,7,7,7,7,5,5,6,6,7,7,7,3,2,5,5,2,7,0,0,0,1,150,3,500,2,1,150,"A2",0,0,0,0,0,0,0,0,1,0,1,7,5,2,0,16,47,3.66666666666667,8.5,5.66666666666667,7,7,7,5.66666666666667,-0.222222222222222,6.5,7,6.5,7,3.66666666666667,1.02777777777778,6.5,7,6,6.66666666666667,3,1.52777777777778,6.5,7,5.5,7,3.33333333333333,1.47222222222222,0,0,"Heterogeneous",0,0,1,1,1,1,0,"M23"
200,40,0,17,"A5","A2","A2","A2","","A4",NA,"A4",NA,"A4",NA,0,"A1","A1",0.142857142857143,"A1",0,"A1",0.107142857142857,65,1,"M30",7,5,6,7,5,7,7,5,7,7,1,3,1,5,5,5,5,2,3,2,4,3,7,5,7,6,7,6,6,6,4,6,7,3,3,2,3,5,5,4,3,3,3,4,3,7,0,1,0,1,0,1,6,6,7,6,6,7,6,5,6,6,2,3,3,4,6,5,4,3,3,3,5,4,7,2,150,0,0,2,175,1,2,150,"A2",0,2,0,0,0,0,0,1,6,5,7,6,6,7,7,5,7,7,2,3,1,3,6,4,4,3,3,2,3,3,6,0,0,0,0,0,0,0,0,0,0,"A2",1,2,1,1,0,1,1,0,1,1,1,7,6,5,0,17,51,3.33333333333333,8,6.16666666666667,6.5,2.5,5,2.33333333333333,3.05555555555556,6.16666666666667,5.75,2.75,4.66666666666667,3,2.48611111111111,6.33333333333333,5.75,3,5,3,2.375,6.16666666666667,6.5,2.25,4.66666666666667,2.66666666666667,3.13888888888889,1,0,"Heterogeneous",0,1,1,0,0,1,0,"M30"
201,42,0,14,"A1","A1","A1","A1","A2","A2",NA,"A2",NA,"A2",NA,0,"A2","A2",NA,"A2",NA,"A2",NA,65,1,"M30",4,4,4,5,4,4,5,5,3,4,5,5,5,4,7,6,6,5,5,4,5,5,4,5,3,3,6,4,7,5,5,2,5,6,6,6,4,7,7,7,5,4,4,5,6,5,0,0,NA,1,0.142857142857143,1,4,3,4,6,4,7,7,5,1,5,4,3,2,4,7,7,7,6,5,4,5,5,4,8,550,1,100,0,0,3,9,650,"A2",0,0,0,0,1,0,0,0,2,4,4,5,4,5,5,5,3,4,5,4,4,3,7,6,6,4,5,5,5,6,4,0,8,550,3,400,0,0,3,11,950,"A2",0,0,0,0,0,0,0,0,2,0,0,5,4,3,0,13.5,44,4.33333333333333,8,4.16666666666667,4.25,4.75,6.33333333333333,4.66666666666667,-1.04166666666667,4.66666666666667,4.25,5.5,7,4.33333333333333,-1.15277777777778,4.66666666666667,4.5,3.25,7,5,-0.499999999999999,4,4.25,4,6.33333333333333,4.66666666666667,-0.875,0,0,"Heterogeneous",0,0,0,0,1,1,0,"M30"
202,51,0,14,"A1","A1","A1","A1","A2","A2",NA,"A2",NA,"A2",NA,0,"A1","A3",NA,"A2",NA,"A2",NA,65,1,"M30",2,4,1,5,3,4,3,4,4,4,6,7,6,4,7,6,6,5,4,7,7,4,3,3,2,1,5,4,7,4,6,5,5,4,5,4,3,7,7,6,4,3,3,5,5,3,1,1,0.285714285714286,1,0.142857142857143,1,5,3,2,5,4,7,7,7,4,6,5,5,4,3,7,7,6,6,4,6,7,4,4,4,300,1,100,1,100,2,5,400,"A2",0,0,0,0,0,0,0,1,3,3,1,3,4,7,7,7,6,6,4,6,5,4,7,7,6,5,4,5,7,4,4,0,2,100,4,400,1,100,0,6,500,"A2",0,1,0,0,0,0,0,0,1,1,1,7,5,3,0,16,51,4.33333333333333,10,3.16666666666667,3.75,5.75,6.33333333333333,5.33333333333333,-2.34722222222222,3.66666666666667,5,4,6.66666666666667,3.33333333333333,-0.333333333333334,4.33333333333333,6,4.25,6.66666666666667,5.33333333333333,-0.250000000000001,3.5,6.5,4.75,6.66666666666667,4.66666666666667,-0.361111111111112,0,1,"Heterogeneous",0,1,0,0,1,1,0,"M30"
203,24,0,17,"A3","A2","A2","A1","A3","A3",NA,"A3",NA,"A3",NA,0,"A3","A3",NA,"A3",NA,"A3",NA,69,1,"M29",5,6,6,6,4,7,7,5,7,7,2,1,1,2,7,5,5,2,1,2,1,1,7,6,6,7,7,4,7,7,7,6,7,2,1,2,2,7,6,5,2,1,1,2,1,7,0,2,NA,2,NA,1,7,6,7,7,4,7,7,7,6,7,2,1,2,2,7,6,5,2,1,1,2,1,7,0,0,0,0,0,0,0,0,0,"A2",0,2,2,2,2,0,0,0,7,5,6,6,5,7,7,7,5,7,2,1,3,1,7,6,4,2,1,1,2,1,7,0,0,0,0,0,0,0,0,0,0,"A2",0,2,2,2,2,0,0,0,2,2,2,5,2,2,0,12,42,3,9.5,5.66666666666667,6.5,1.5,5.66666666666667,1.66666666666667,3.13888888888889,6.16666666666667,6.75,1.75,6,1.33333333333333,3.43055555555556,6.33333333333333,6.75,1.75,6,1.33333333333333,3.51388888888889,6,6.5,1.75,5.66666666666667,1.33333333333333,3.33333333333333,1,0,"Heterogeneous",0,0,0,0,0,1,0,"M29"
204,34,1,20,"A5","A2","A2","A2","","A4",NA,"A4",NA,"A4",NA,0,"A4","A4",NA,"A4",NA,"A4",NA,69,1,"M29",3,3,7,5,2,7,7,7,7,7,1,2,3,5,5,1,3,1,2,1,6,2,5,5,3,6,6,6,7,7,6,7,7,1,2,3,4,5,2,4,1,1,1,5,2,6,0,2,NA,2,NA,1,7,3,6,6,6,7,7,6,7,7,1,2,3,6,4,2,4,2,2,2,5,2,6,0,0,0,0,0,0,0,0,0,"A2",0,2,2,2,2,1,0,0,6,4,6,6,6,7,7,7,5,7,2,2,2,2,4,2,4,1,1,1,5,1,5,0,0,0,0,0,0,0,0,0,0,"A2",0,2,2,2,2,0,0,0,2,2,2,6,3,2,0,10,58,4.33333333333333,9.5,4.5,7,2.75,3,1.33333333333333,3.38888888888889,5.5,6.75,2.5,3.66666666666667,1,3.73611111111111,5.83333333333333,6.75,3,3.33333333333333,2,3.51388888888889,5.83333333333333,6.5,2,3.33333333333333,1,4.05555555555556,1,0,"Heterogeneous",0,0,0,0,0,1,0,"M29"
205,19,0,12,"A1","A1","A1","A1","A2","A2",NA,"A2",NA,"A2",NA,0,"A1","A1",0.714285714285714,"A1",0.714285714285714,"A2",NA,69,1,"M29",1,4,2,4,2,4,4,4,1,1,7,7,7,7,7,7,7,7,6,7,7,7,2,2,2,2,5,5,5,6,4,2,2,3,3,3,5,7,6,7,6,7,4,6,7,4,0,1,0.714285714285714,1,0.714285714285714,1,4,2,5,5,7,6,6,4,2,4,5,5,2,6,7,7,7,6,7,5,7,6,4,5,600,7,1215,7,1020,3,12,1815,"A2",0,0,0,0,0,0,1,1,4,3,3,4,5,5,6,4,2,5,6,6,4,6,7,7,7,5,5,7,7,7,5,0,2,200,4,525,1,300,6,6,725,"A2",1,1,1,1,1,1,1,1,1,1,1,7,7,6,0,19,35,4.66666666666667,10,2.83333333333333,2.5,7,7,6.66666666666667,-4.22222222222222,3.5,3.5,3.5,6.66666666666667,5.66666666666667,-1.77777777777778,4.83333333333333,4,4.5,7,6,-1.41666666666667,4,4.25,5.5,7,5.66666666666667,-1.93055555555556,0,0,"Heterogeneous",1,1,1,1,1,1,0,"M29"
206,55,0,14,"A1","A1","A1","A1","A2","A2",NA,"A2",NA,"A2",NA,0,"A1","A1",0.142857142857143,"A1",0.285714285714286,"A2",NA,69,1,"M29",3,2,2,6,2,4,6,3,4,5,5,6,3,2,6,7,5,6,6,4,3,6,4,5,2,4,7,3,7,6,5,6,6,7,5,4,2,6,7,5,6,6,3,4,5,3,0,1,0.428571428571429,1,0.142857142857143,1,6,2,4,5,3,7,7,5,7,7,5,4,2,2,5,6,5,3,5,2,4,5,4,3,225,6,900,2,300,2,9,1125,"A2",0,0,0,0,0,0,0,0,5,2,3,7,3,7,7,4,6,7,3,2,3,1,5,6,5,6,5,2,2,6,4,0,3,250,2,350,2,370,3,5,600,"A2",1,1,1,1,0,0,1,0,1,1,1,7,6,6,0,13.5,50,4.33333333333333,6.5,3.16666666666667,4.5,4,6,5.33333333333333,-1.27777777777778,4.66666666666667,5.75,4.5,6,5,0.041666666666667,4.5,6.5,3.25,5.33333333333333,3.33333333333333,1.52777777777778,4.5,6,2.25,5.33333333333333,4.33333333333333,1.27777777777778,0,0,"Heterogeneous",1,0,0,1,1,1,0,"M29"
207,47,1,12,"A1","A1","A1","A1","A2","A2",NA,"A2",NA,"A2",NA,0,"A3","A3",NA,"A3",NA,"A3",NA,80,0,"H15",3,4,1,5,2,4,5,4,2,4,6,5,4,7,7,6,7,7,3,7,4,3,2,4,4,3,5,4,5,5,5,4,4,6,5,5,3,7,6,7,5,2,6,7,4,4,0,1,0.285714285714286,1,0.285714285714286,1,3,5,4,5,2,5,6,5,4,4,7,5,6,5,7,4,6,4,2,6,6,4,2,5,380,4,920,7,1120,2,9,1300,"A2",0,0,0,0,0,0,0,1,4,3,2,5,2,4,6,5,4,5,6,6,5,5,7,4,6,3,2,6,6,4,2,0,3,600,4,570,9,1250,2,7,1170,"A3",0,0,0,0,0,0,0,0,0,0,0,5,4,4,0,14,44,4,9,3.16666666666667,3.75,5.5,6.66666666666667,5.66666666666667,-2.48611111111111,4.16666666666667,4.5,4.75,6.66666666666667,4.33333333333333,-0.916666666666666,4,4.75,5.75,5.66666666666667,4,-0.763888888888889,3.33333333333333,5,5.5,5.66666666666667,3.66666666666667,-0.777777777777778,0,0,"Homogeneous",0,1,0,0,1,0,1,"H15"
208,63,0,15,"A1","A1","A1","A1","A2","A2",NA,"A2",NA,"A2",NA,0,"A1","A1",0.142857142857143,"A1",0.428571428571429,"A2",NA,80,0,"H15",4,5,3,5,4,5,7,7,4,3,7,7,7,7,3,7,7,3,4,7,7,5,3,4,3,3,7,6,7,7,7,7,7,7,7,7,7,7,7,7,4,4,7,7,7,4,0,1,0.428571428571429,1,0.428571428571429,1,1,4,5,7,6,7,7,7,7,7,7,7,1,7,7,7,7,4,4,3,7,7,4,7,450,5,700,3,400,4,12,1150,"A2",0,0,0,1,1,0,0,0,4,4,5,5,5,7,7,7,3,7,5,4,4,7,1,7,7,1,1,5,7,7,3,0,0,0,3,300,1,100,3,3,300,"A2",1,1,1,1,0,1,1,1,1,1,1,7,5,5,0,14,52,4,9,4.33333333333333,5.25,7,5.66666666666667,4.66666666666667,-0.986111111111112,5,7,7,7,5,-0.333333333333333,5,7,5.5,7,3.66666666666667,0.611111111111111,5,6,5,5,2.33333333333333,1.38888888888889,0,0,"Homogeneous",1,1,1,0,1,0,1,"H15"
209,33,1,17,"A1","A1","A1","A1","A2","A2",NA,"A2",NA,"A2",NA,0,"A2","A2",NA,"A2",NA,"A2",NA,80,0,"H15",5,2,2,5,4,3,7,5,2,2,6,5,5,7,5,7,7,1,1,5,2,4,3,4,2,2,5,4,6,6,5,2,1,6,5,5,6,5,7,7,1,1,5,4,5,5,0,0,NA,0,NA,1,4,2,4,6,4,7,7,6,2,1,6,6,6,6,6,7,7,1,7,5,4,6,5,7,550,5,700,0,0,0,12,1250,"A2",0,1,0,1,0,0,0,0,4,1,3,5,4,5,7,6,2,2,5,5,3,6,4,7,7,1,1,5,4,5,4,0,6,350,3,400,4,900,1,9,750,"A2",0,0,0,0,0,0,0,0,2,0,0,1,1,1,0,14,43,4.33333333333333,10,3.5,4,5.75,6.33333333333333,2.33333333333333,-1.05555555555556,3.83333333333333,3.5,5.5,6.33333333333333,2.33333333333333,-1.05555555555556,4.5,4,6,6.66666666666667,4.33333333333333,-1.41666666666667,3.66666666666667,4.25,4.75,6,2.33333333333333,-0.402777777777779,0,0,"Homogeneous",1,1,0,1,1,0,1,"H15"
210,38,0,12,"A1","A1","A1","A1","A2","A2",NA,"A2",NA,"A2",NA,0,"A3","A3",NA,"A3",NA,"A3",NA,80,0,"H15",1,2,2,4,1,2,4,4,2,2,7,7,7,5,7,5,7,4,3,5,6,7,4,1,3,5,4,3,3,5,5,3,5,6,6,6,5,5,5,7,7,3,5,5,7,4,0,1,0.142857142857143,0,NA,1,1,3,4,3,4,5,5,4,5,6,6,6,6,6,6,4,7,4,3,5,7,7,4,0,0,2,100,2,200,1,2,100,"A2",0,0,1,0,0,0,0,0,5,4,5,5,2,4,7,4,5,4,7,7,7,6,5,2,7,4,3,5,7,7,4,0,0,0,1,150,0,0,0,1,150,"A2",1,1,1,1,0,0,1,0,1,1,1,4,5,5,0,14.5,53,5,10,2,3,6.5,6.33333333333333,4,-3.11111111111111,3.16666666666667,4.5,5.75,5.66666666666667,5,-1.63888888888889,3.33333333333333,5,6,5.66666666666667,4,-1.05555555555556,4.16666666666667,5,6.75,4.66666666666667,4,-0.555555555555555,0,0,"Homogeneous",1,0,1,0,1,0,1,"H15"
211,26,0,17,"A1","A1","A1","A1","A2","A2",NA,"A2",NA,"A2",NA,0,"A3","A3",NA,"A3",NA,"A3",NA,80,0,"H15",2,5,2,2,2,5,7,5,5,3,7,6,7,7,7,7,7,6,5,4,5,6,3,3,5,3,6,6,6,7,5,6,6,6,5,6,6,6,6,6,5,4,4,5,5,3,0,1,0.142857142857143,2,NA,1,3,5,3,5,5,5,7,5,6,6,6,5,5,6,6,6,7,6,6,3,6,6,4,1,50,0,0,2,300,1,1,50,"A3",0,0,0,0,0,1,0,0,3,5,5,6,5,5,6,5,5,4,6,5,6,6,6,5,6,6,5,4,5,6,4,0,6,300,1,100,2,200,1,7,400,"A2",0,0,0,0,0,0,0,0,0,0,0,5,5,5,0,17,38,3.33333333333333,7.5,3,5,6.75,7,5,-2.25,4.83333333333333,6,5.75,6,4.33333333333333,0.0555555555555554,4.33333333333333,6,5.5,6.33333333333333,5,-0.444444444444445,4.83333333333333,5,5.75,5.66666666666667,5,-0.555555555555556,0,0,"Homogeneous",0,0,0,0,1,0,1,"H15"
221,20,0,12,"A4","A2","A2","A2","","A4",NA,"A4",NA,"A4",NA,0,"A4","A4",NA,"A4",NA,"A4",NA,67,1,"M31",5,5,6,6,3,4,6,5,3,6,1,1,2,2,5,2,1,6,4,4,1,2,6,6,6,3,6,4,6,6,5,5,6,2,2,4,3,7,3,1,3,4,1,4,2,6,0,2,NA,2,NA,1,6,5,5,6,3,6,6,6,5,6,3,3,5,2,6,3,1,4,4,2,6,3,6,0,0,0,0,0,0,2,0,0,"A2",0,2,2,2,1,0,0,0,6,6,5,5,3,5,6,5,6,6,2,2,4,3,7,2,1,3,3,1,5,3,6,0,0,0,0,0,0,0,4,0,0,"A1",1,2,2,2,1,0,0,1,2,2,2,5,5,1,0,12,42,3.33333333333333,7.5,4.83333333333333,5,1.5,2.66666666666667,4.66666666666667,1.97222222222222,5.16666666666667,5.5,2.75,3.66666666666667,2.66666666666667,2.30555555555556,5.16666666666667,5.75,3.25,3.33333333333333,3.33333333333333,2.15277777777778,5,5.75,2.75,3.33333333333333,2.33333333333333,2.56944444444444,1,0,"Heterogeneous",0,0,0,1,0,1,0,"M31"
222,33,0,17,"A1","A1","A1","A1","A1","A1",0.285714285714286,"A3",NA,"A2",NA,0,"A1","A1",0.285714285714286,"A3",NA,"A2",NA,67,1,"M31",7,5,6,7,5,7,6,4,3,3,1,1,1,1,7,6,6,2,1,2,1,4,7,5,6,7,5,4,7,7,5,2,5,1,1,1,4,7,7,6,2,1,1,4,2,7,0,1,0.428571428571429,1,0.285714285714286,1,4,6,7,7,3,7,7,4,6,6,1,1,1,4,7,7,7,2,1,2,3,2,7,3,200,1,50,3,250,2,4,250,"A2",1,0,0,0,1,0,0,1,4,6,5,6,4,7,7,5,5,5,1,1,1,4,7,5,6,2,1,2,2,3,7,0,3,225,1,100,5,425,1,4,325,"A2",0,0,0,0,1,0,0,0,1,0,0,5,2,1,0,15,51,3.66666666666667,9.5,6.16666666666667,4,1,6.33333333333333,1.66666666666667,2.08333333333333,5.66666666666667,4.75,1.75,6.66666666666667,1.33333333333333,1.95833333333333,5.66666666666667,5.75,1.75,7,1.66666666666667,2.23611111111111,5.33333333333333,5.5,1.75,6,1.66666666666667,2.27777777777778,1,0,"Heterogeneous",0,0,0,0,1,1,0,"M31"
223,60,0,15,"A1","A1","A1","A1","A3","A3",NA,"A3",NA,"A3",NA,0,"A3","A3",NA,"A3",NA,"A3",NA,67,1,"M31",3,4,2,4,3,4,4,4,4,4,5,5,5,4,6,6,6,5,2,6,5,4,3,3,3,3,4,5,4,3,3,5,4,5,4,3,4,7,6,6,4,3,3,4,4,3,0,1,0.428571428571429,1,0.714285714285714,1,5,5,4,4,4,4,5,4,3,3,5,5,3,3,7,7,6,3,2,3,2,4,4,4,200,4,400,2,200,4,8,600,"A2",0,1,1,0,0,0,0,1,4,5,4,5,4,4,4,5,3,4,5,5,5,4,7,7,7,3,2,4,4,5,4,0,1,50,1,100,5,500,1,2,150,"A2",0,1,1,0,0,1,0,1,0,0,1,6,5,4,0,15,59,4.33333333333333,10,3.33333333333333,4,4.75,6,4.33333333333333,-1.36111111111111,3.66666666666667,3.75,4,6.33333333333333,3.33333333333333,-0.847222222222222,4.33333333333333,3.75,4,6.66666666666667,2.66666666666667,-0.402777777777779,4.33333333333333,4,4.75,7,3,-0.750000000000001,0,0,"Heterogeneous",1,1,0,0,1,1,0,"M31"
224,46,0,15,"A1","A1","A1","A1","A3","A3",NA,"A3",NA,"A3",NA,0,"A1","A2",NA,"A4",NA,"A2",NA,67,1,"M31",3,4,4,5,4,4,6,5,4,5,5,5,5,5,5,5,5,5,4,4,5,4,4,4,4,4,6,4,6,6,5,6,6,4,4,3,3,5,4,3,4,3,2,5,4,5,0,0,NA,2,NA,1,4,4,5,6,4,6,6,6,5,5,3,4,3,3,5,4,3,4,3,3,4,4,4,4,200,1,100,2,200,2,5,300,"A2",0,1,0,0,2,0,0,1,4,5,5,5,4,6,5,5,5,5,4,4,4,4,5,4,4,5,5,3,4,4,4,0,1,50,3,215,1,30,0,4,265,"A2",1,0,0,0,0,0,0,1,2,2,0,5,5,4,0,11.5,55,3.66666666666667,7,4,5,5,5,4.33333333333333,-0.277777777777778,4.66666666666667,5.75,3.5,4,3,1.70833333333333,4.83333333333333,5.5,3.25,4,3.33333333333333,1.63888888888889,4.83333333333333,5,4,4.33333333333333,4.33333333333333,0.694444444444445,0,0,"Heterogeneous",0,1,1,0,1,1,0,"M31"
225,25,1,17,"A2","A1","A1","A1","A1","A1",0,"A1",0.142857142857143,"A1",0.142857142857143,0,"A1","A3",NA,"A1",0.142857142857143,"A3",NA,74,1,"M33",6,3,6,7,7,5,7,7,5,5,4,4,4,3,7,7,5,6,6,1,2,3,5,7,4,6,7,7,6,7,7,1,6,5,4,4,3,7,7,6,5,5,1,1,3,7,0,0,NA,1,0.142857142857143,1,7,4,7,7,6,2,1,7,2,7,4,2,4,1,7,5,5,5,5,3,2,4,7,3,200,3,300,2,200,3,6,500,"A2",1,0,0,0,0,0,0,1,7,4,7,6,7,2,7,7,6,6,4,3,3,3,7,7,5,5,5,2,1,2,6,0,0,0,1,100,2,280,0,1,100,"A2",1,0,1,0,0,0,0,1,0,0,2,5,4,3,0,14,55,3.33333333333333,7,5.66666666666667,6,3.75,6.33333333333333,4.33333333333333,1.02777777777778,6.16666666666667,5.25,4,6.66666666666667,3.66666666666667,0.930555555555556,5.5,4.25,2.75,5.66666666666667,4.33333333333333,0.625,5.5,6.5,3.25,6.33333333333333,4,1.47222222222222,1,0,"Heterogeneous",1,1,0,0,1,1,0,"M33"
226,24,0,17,"A2","A1","A1","A1","A3","A3",NA,"A3",NA,"A3",NA,0,"A3","A3",NA,"A3",NA,"A3",NA,74,1,"M33",7,7,7,7,7,7,7,5,6,7,1,1,1,1,6,6,5,2,1,1,3,5,7,7,6,7,7,6,7,7,7,7,7,1,3,3,1,7,7,6,1,1,1,2,4,7,0,1,0.142857142857143,1,0.142857142857143,1,7,7,7,7,6,7,7,7,7,7,1,1,1,1,7,7,6,1,1,1,3,3,7,2,50,1,75,0,0,0,3,125,"A3",0,0,0,0,0,0,0,1,7,7,7,7,7,7,7,7,7,7,2,1,1,1,7,7,5,1,1,1,3,4,7,0,0,0,1,100,2,250,0,1,100,"A3",0,0,0,0,0,0,0,1,0,0,0,6,2,2,0,15,59,4,8.5,7,6.25,1,5.66666666666667,1.33333333333333,3.95833333333333,6.66666666666667,7,2,6.66666666666667,1,3.61111111111111,6.83333333333333,7,1,6.66666666666667,1,4.02777777777778,7,7,1.25,6.33333333333333,1,4.13888888888889,1,0,"Heterogeneous",0,1,0,0,1,1,0,"M33"
227,56,1,14,"A1","A1","A1","A1","A2","A2",NA,"A2",NA,"A2",NA,1,"A2","A2",NA,"A2",NA,"A2",NA,74,1,"M33",2,3,2,5,4,5,5,5,3,3,5,5,5,3,5,5,5,6,2,5,6,5,4,4,5,3,5,3,5,5,5,3,3,5,4,5,3,5,5,6,4,3,5,5,4,4,1,0,NA,0,NA,1,3,4,3,5,4,5,5,5,3,3,5,4,5,3,5,5,6,5,3,4,5,5,4,2,100,5,500,1,100,2,7,600,"A2",0,0,0,0,1,0,0,1,3,5,3,5,3,5,5,5,4,4,5,4,5,5,5,5,5,4,3,5,5,4,3,1,4,250,2,200,0,0,2,6,450,"A2",0,0,0,0,0,0,0,0,2,0,0,3,3,3,0,10.5,51,3.66666666666667,7.5,3.5,4,4.5,5,4.33333333333333,-0.861111111111111,4.16666666666667,4,4.25,5.33333333333333,4,-0.444444444444444,4,4,4.25,5.33333333333333,4,-0.527777777777778,4,4.5,4.75,5,4,-0.333333333333333,0,1,"Heterogeneous",1,0,1,0,1,1,0,"M33"
228,32,0,14,"A1","A1","A1","A1","A2","A2",NA,"A2",NA,"A2",NA,0,"A3","A3",NA,"A3",NA,"A3",NA,74,1,"M33",4,5,3,5,1,2,4,2,2,2,5,5,5,6,6,6,6,3,4,5,5,5,4,4,5,4,5,5,7,5,3,1,4,5,5,5,5,5,5,5,3,3,4,5,4,5,0,1,0.285714285714286,1,0.285714285714286,1,5,5,5,5,4,5,5,4,2,3,5,5,5,3,5,5,5,3,3,3,4,4,5,2,70,5,850,5,470,0,7,920,"A2",0,0,0,0,0,0,0,0,5,5,4,6,5,5,5,3,2,5,5,5,4,4,6,6,5,3,3,3,4,4,5,0,3,150,5,400,0,0,1,8,550,"A2",1,1,1,0,0,0,0,0,1,1,1,5,5,5,0,14.5,52,4,9,3.33333333333333,2.5,5.25,6,4,-2.16666666666667,5,3.25,5,5,3.33333333333333,-0.319444444444445,4.83333333333333,3.5,4.5,5,3,-8.88178419700125e-16,5,3.75,4.5,5.66666666666667,3,-0.0138888888888893,0,0,"Heterogeneous",0,0,1,1,1,1,0,"M33"
229,24,0,17,"A1","A1","A1","A1","A2","A2",NA,"A2",NA,"A2",NA,0,"A1","A1",0.142857142857143,"A1",1,"A2",NA,78,0,"H17",2,1,5,6,1,3,4,6,2,1,7,6,6,6,7,7,7,7,1,5,6,5,2,3,3,5,5,2,4,5,5,4,3,7,7,6,6,6,7,7,5,5,6,5,5,3,0,1,0.142857142857143,1,0.714285714285714,1,3,3,3,5,2,6,6,6,3,2,7,6,6,5,7,7,7,5,2,5,5,4,2,5,275,6,415,3,225,5,11,690,"A1",0,0,0,1,1,0,1,1,3,4,5,6,4,3,5,6,2,2,5,5,5,5,7,7,7,3,2,5,5,4,3,0,2,75,6,375,5,450,4,8,450,"A2",1,1,1,0,0,0,1,1,1,1,1,6,5,4,0,17,53,3.66666666666667,9.5,3,3.25,6.25,7,4.33333333333333,-2.73611111111111,3.66666666666667,4.25,6.5,6.66666666666667,5.33333333333333,-2.20833333333333,3.66666666666667,4.25,6,7,4,-1.70833333333333,4.16666666666667,3.75,5,7,3.33333333333333,-1.15277777777778,0,0,"Homogeneous",0,1,0,0,1,0,1,"H17"
230,37,0,17,"A1","A1","A1","A1","A2","A2",NA,"A2",NA,"A2",NA,0,"A3","A3",NA,"A3",NA,"A3",NA,78,0,"H17",6,4,5,6,3,3,6,6,2,2,5,5,5,4,5,6,6,5,1,6,4,5,4,6,4,3,6,3,6,5,6,7,4,6,6,6,4,7,6,6,5,2,6,6,4,5,0,0,NA,0,NA,1,6,5,5,5,5,2,5,7,3,5,6,6,7,5,7,6,7,5,2,6,6,5,5,15,1050,6,575,3,175,1,21,1625,"A2",0,0,0,0,1,0,0,0,5,4,5,5,5,4,5,5,3,3,5,6,7,5,6,6,7,5,2,6,6,5,5,0,20,725,3,275,0,0,2,23,1000,"A2",0,1,0,0,0,0,0,1,2,0,0,6,4,4,0,16.5,31,4.66666666666667,7,4.5,4,4.75,5.66666666666667,4,-0.555555555555556,4.66666666666667,5.5,5.5,6.33333333333333,4.33333333333333,-0.305555555555554,4.66666666666667,5,6,6.66666666666667,4.33333333333333,-0.833333333333333,4.66666666666667,4,5.75,6.33333333333333,4.33333333333333,-1.13888888888889,0,0,"Homogeneous",1,0,1,1,1,0,1,"H17"
231,25,1,17,"A1","A1","A1","A1","A2","A2",NA,"A2",NA,"A2",NA,0,"A2","A2",NA,"A2",NA,"A2",NA,78,0,"H17",2,2,2,5,1,5,4,4,4,5,5,5,5,6,3,5,7,5,3,6,4,2,2,3,4,4,5,3,5,5,5,4,5,5,5,5,6,5,6,6,5,3,5,5,3,3,0,0,NA,0,NA,1,3,3,2,5,2,3,5,5,5,5,5,5,5,6,5,6,6,6,3,5,5,3,2,5,300,7,700,6,500,0,12,1000,"A2",0,0,0,0,0,0,0,0,3,5,1,5,2,2,4,4,4,5,5,5,5,7,4,6,7,3,3,6,5,3,1,0,6,450,4,400,3,300,2,10,850,"A2",0,0,0,0,0,0,0,0,2,0,0,4,2,1,0,15,53,4.33333333333333,6,2.83333333333333,4.25,5.25,5,4.66666666666667,-1.43055555555556,4,4.75,5.25,5.66666666666667,4.33333333333333,-0.708333333333333,3,5,5.25,5.66666666666667,4.66666666666667,-1.19444444444445,3,4.25,5.5,5.66666666666667,4,-1.43055555555556,0,0,"Homogeneous",1,0,1,1,1,0,1,"H17"
232,45,0,15,"A1","A1","A1","A1","A3","A3",NA,"A3",NA,"A3",NA,0,"A3","A3",NA,"A3",NA,"A3",NA,78,0,"H17",2,3,3,6,3,6,5,5,5,6,5,5,5,7,5,6,6,3,3,3,5,6,3,2,5,3,6,2,7,6,6,7,6,5,6,6,2,7,6,6,3,2,2,6,2,4,0,2,NA,1,0.285714285714286,1,1,5,1,5,1,2,6,6,7,6,5,5,7,4,7,7,7,5,3,5,6,5,3,2,75,1,120,2,175,1,3,195,"A1",0,0,0,0,1,0,1,1,3,3,3,6,1,3,7,7,7,6,6,7,6,6,6,7,6,3,5,5,7,3,4,1,2,50,0,0,0,0,0,2,50,"A2",0,1,1,1,0,0,0,0,1,1,0,7,5,5,0,15.5,57,4.33333333333333,10,3.83333333333333,5.25,5.5,5.66666666666667,3,-0.180555555555555,4.16666666666667,6.25,4.75,6.33333333333333,2.33333333333333,0.736111111111112,2.5,6.25,5.25,7,4.33333333333333,-1.15277777777778,3.16666666666667,6.75,6.25,6.33333333333333,4.33333333333333,-0.680555555555555,0,0,"Homogeneous",1,0,1,0,1,0,1,"H17"
233,40,1,14,"A1","A1","A1","A1","A2","A2",NA,"A2",NA,"A2",NA,0,"A1","A1",0.142857142857143,"A2",NA,"A2",NA,78,0,"H17",2,2,2,5,1,2,4,4,2,2,7,7,6,4,7,7,7,6,5,7,4,6,2,4,3,3,5,4,5,5,4,3,4,6,6,5,5,6,5,6,5,5,5,5,5,3,0,0,NA,0,NA,1,5,3,4,5,3,5,5,4,4,4,5,5,6,6,6,6,6,5,5,6,5,5,2,11,600,0,0,1,100,2,11,600,"A1",0,0,0,1,0,0,0,0,3,2,3,5,3,4,4,4,3,4,6,5,4,5,6,5,6,4,6,5,3,5,2,0,6,350,2,200,2,200,0,8,550,"A2",0,0,0,1,0,0,0,0,0,0,0,5,4,2,0,20,45,4.66666666666667,9.5,2.33333333333333,3,6,7,6,-3.66666666666667,4,4,5.5,5.66666666666667,5,-1.38888888888889,4.16666666666667,4.25,5.5,6,5.33333333333333,-1.40277777777778,3.33333333333333,3.75,5,5.66666666666667,5,-1.68055555555556,0,0,"Homogeneous",0,1,0,0,1,0,1,"H17"
234,37,1,14,"A1","A1","A1","A1","A2","A2",NA,"A2",NA,"A2",NA,0,"A1","A1",0.428571428571429,"A1",0.285714285714286,"A2",NA,78,0,"H17",4,5,3,5,5,5,5,5,4,3,6,6,5,3,4,6,6,5,5,6,4,5,3,3,4,5,5,5,5,7,6,6,6,4,4,5,6,5,5,6,3,5,2,4,5,5,0,1,0.142857142857143,1,0.285714285714286,1,3,5,5,2,5,3,7,6,7,6,5,3,4,5,5,6,6,5,5,2,2,5,5,6,300,7,575,3,300,10,13,875,"A2",0,0,0,0,0,0,0,0,5,4,5,5,5,6,7,7,6,6,4,4,3,5,5,5,5,3,3,3,2,4,5,0,2,75,2,175,4,400,8,4,250,"A2",0,1,1,0,1,0,1,1,1,1,1,6,7,6,0,17,35,3.33333333333333,6,4.5,4.25,5,5.33333333333333,5.33333333333333,-0.847222222222221,4.5,6.25,4.75,5.33333333333333,3.33333333333333,0.902777777777778,3.83333333333333,6.5,4.25,5.66666666666667,4,0.527777777777778,5,6.5,4,5,3,1.75,0,0,"Homogeneous",1,1,0,0,1,0,1,"H17"
235,35,0,17,"A1","A1","A1","A1","A1","A1",0.107142857142857,"A1",0.107142857142857,"A1",0.107142857142857,0,"A1","A1",0.571428571428571,"A1",0.142857142857143,"A1",0.285714285714286,68,1,"M34",7,5,6,5,5,6,5,7,1,2,3,1,3,5,7,5,5,2,1,2,2,2,5,6,5,6,6,4,6,7,7,1,1,2,2,3,2,7,6,4,1,1,1,4,2,5,0,0,NA,1,0.142857142857143,1,6,4,6,6,4,7,7,6,1,3,3,2,3,4,6,5,5,3,2,2,3,2,5,7,175,0,0,3,205,4,7,175,"A2",0,0,0,1,1,0,0,0,5,5,5,5,4,6,7,7,3,3,2,2,2,3,7,5,5,2,2,3,2,2,6,0,7,350,4,280,1,30,1,11,630,"A2",0,0,0,0,0,0,0,1,0,0,1,5,3,2,0,14,52,3.33333333333333,7,5.66666666666667,3.75,3,5.66666666666667,1.66666666666667,1.26388888888889,5.5,4,2.25,5.66666666666667,1,1.77777777777778,5.5,4.25,3,5.33333333333333,2.33333333333333,1.31944444444444,5,5,2.25,5.66666666666667,2.33333333333333,1.58333333333333,1,0,"Heterogeneous",0,0,1,0,1,1,0,"M34"
236,30,0,17,"A1","A1","A1","A1","A1","A1",0.571428571428571,"A3",NA,"A1",0.285714285714286,0,"A1","A1",0.285714285714286,"A1",0.285714285714286,"A2",NA,68,1,"M34",6,4,6,6,6,7,7,6,6,7,3,2,3,1,4,3,5,4,3,3,1,4,7,6,5,6,6,5,7,7,7,6,6,3,2,3,1,3,3,4,4,5,2,2,4,7,0,1,0.285714285714286,1,0.428571428571429,1,6,5,6,6,6,6,6,6,6,5,4,2,3,1,4,2,3,4,5,2,2,3,7,4,150,5,475,2,200,3,9,625,"A2",0,0,0,0,0,0,0,0,6,6,6,6,6,7,7,6,6,6,3,3,4,1,3,2,3,5,4,2,2,2,7,0,5,250,2,150,2,200,2,7,400,"A2",1,0,0,1,0,0,1,1,0,1,0,6,5,4,0,12,46,3.66666666666667,6,5.83333333333333,6.5,2.25,4,3.33333333333333,2.97222222222222,5.83333333333333,6.5,2.25,3.33333333333333,3.66666666666667,3.08333333333333,5.83333333333333,5.75,2.5,3,3.66666666666667,2.73611111111111,6.16666666666667,6.25,2.75,2.66666666666667,3.66666666666667,3.18055555555556,1,0,"Heterogeneous",1,0,0,0,1,1,0,"M34"
237,53,1,14,"A2","A1","A1","A1","A1","A1",0.107142857142857,"A1",0.142857142857143,"A3",NA,0,"A1","A1",0.107142857142857,"A1",0.107142857142857,"A1",0.107142857142857,68,1,"M34",7,5,4,4,6,7,7,6,7,6,4,4,4,4,6,4,5,2,2,2,1,2,7,7,5,6,5,7,7,7,5,6,6,3,1,2,1,4,4,4,1,1,1,2,1,7,0,1,0.142857142857143,1,0.142857142857143,1,7,6,6,6,7,7,7,5,6,7,2,1,1,2,5,4,4,1,1,1,1,2,7,3,300,1,100,0,0,1,4,400,"A2",0,0,0,1,1,0,0,1,7,6,6,6,7,7,7,6,6,7,2,2,2,2,4,3,4,1,1,1,1,1,7,0,2,150,0,0,1,100,0,2,150,"A2",0,1,0,1,0,1,0,0,1,1,1,4,4,5,0,13,46,4,9,5.5,6.5,4,5,2,2.33333333333333,6.16666666666667,6,1.75,4,1,3.83333333333333,6.5,6.25,1.5,4.33333333333333,1,4.09722222222222,6.5,6.5,2,3.66666666666667,1,4.27777777777778,1,0,"Heterogeneous",1,1,0,0,1,1,0,"M34"
238,25,0,11,"A1","A1","A1","A1","A2","A2",NA,"A2",NA,"A2",NA,0,"A2","A2",NA,"A2",NA,"A2",NA,68,1,"M34",4,4,2,4,5,4,4,5,2,3,7,7,7,7,7,7,7,4,4,7,6,4,4,4,4,3,6,4,6,7,4,2,4,7,7,7,6,7,7,7,6,1,5,7,4,4,0,1,0.428571428571429,0,NA,1,5,4,4,5,4,7,7,6,2,4,7,7,5,7,7,7,7,4,1,4,7,4,4,6,625,1,180,4,620,1,7,805,"A2",0,1,0,0,0,0,0,0,5,4,2,7,7,7,7,5,2,4,7,7,7,7,7,7,7,2,1,5,4,4,6,0,4,225,8,1240,2,400,2,12,1465,"A2",1,1,1,1,0,1,0,1,1,1,1,5,4,4,0,18,62,5,10,3.83333333333333,3.5,7,7,5,-2.66666666666667,4.5,4.25,6.75,7,4,-1.54166666666667,4.83333333333333,4.75,6.5,7,3,-0.708333333333334,5.33333333333333,4.5,7,7,2.66666666666667,-0.63888888888889,0,0,"Heterogeneous",0,1,1,1,1,1,0,"M34"
239,24,0,15,"A1","A1","A1","A1","A2","A2",NA,"A2",NA,"A2",NA,0,"A1","A1",0.285714285714286,"A1",0.285714285714286,"A1",0.142857142857143,68,1,"M34",2,2,1,4,1,1,5,4,3,4,7,7,7,7,7,7,7,5,7,7,7,7,4,7,6,6,7,6,5,7,7,7,7,4,4,4,4,7,6,5,1,2,2,4,4,7,0,2,NA,1,0.142857142857143,1,7,7,7,7,7,6,7,7,7,7,4,4,4,4,6,6,4,6,6,1,4,4,4,7,350,8,800,3,300,4,15,1150,"A2",0,0,0,0,0,0,0,0,6,4,6,4,4,4,7,7,7,7,4,4,4,4,7,7,2,2,3,4,4,4,7,0,0,0,0,0,2,200,6,0,0,"A2",1,1,1,1,0,0,1,0,1,1,1,7,7,7,0,15,55,4,9,1.83333333333333,4,7,7,6.33333333333333,-3.86111111111111,6.16666666666667,7,4,6,1.66666666666667,2.69444444444445,6.83333333333333,7,4,5.33333333333333,4.33333333333333,2.36111111111111,4.66666666666667,7,4,5.33333333333333,3,1.72222222222222,0,0,"Heterogeneous",1,1,1,1,1,1,0,"M34"
240,18,1,12,"A1","A1","A1","A1","A2","A2",NA,"A2",NA,"A2",NA,0,"A2","A2",NA,"A2",NA,"A2",NA,68,1,"M34",3,4,1,2,5,7,7,6,2,2,7,7,7,7,7,7,7,3,2,6,4,2,4,3,4,2,3,4,6,7,5,1,3,7,7,7,7,7,7,7,1,2,5,5,2,4,0,0,NA,0,NA,1,3,4,4,4,3,6,7,6,1,3,7,7,7,7,7,7,7,2,2,6,6,3,4,3,150,3,400,4,600,1,6,550,"A2",0,0,0,1,1,0,0,0,4,4,2,3,2,7,7,6,1,1,7,7,7,6,7,7,7,2,2,7,7,2,4,0,1,50,5,800,3,400,0,6,850,"A2",0,0,0,0,0,0,1,0,2,0,0,6,4,4,0,13.5,41,4.66666666666667,10,3.66666666666667,4.25,7,7,3.66666666666667,-1.93055555555556,3.66666666666667,4,7,7,2.66666666666667,-1.72222222222222,4,4.25,7,7,3.33333333333333,-1.65277777777778,3.66666666666667,3.75,6.75,7,3.66666666666667,-2.09722222222222,0,0,"Heterogeneous",0,1,1,0,1,1,0,"M34"
241,19,1,15,"A1","A1","A1","A1","A2","A2",NA,"A2",NA,"A2",NA,0,"A1","A3",NA,"A1",0.142857142857143,"A2",NA,60,0,"H19",1,1,2,4,1,4,3,3,2,2,7,7,7,4,7,6,7,7,7,4,4,5,3,2,1,2,7,4,3,7,7,2,5,5,7,7,1,7,7,7,7,7,7,7,3,3,0,1,0,1,0.142857142857143,1,3,1,5,7,4,7,7,7,3,5,5,5,5,5,6,7,7,7,7,7,7,3,5,2,150,3,800,9,2550,1,5,950,"A2",0,0,0,0,0,0,0,0,1,1,2,6,1,3,7,7,7,4,6,7,7,6,6,6,6,7,7,7,7,6,2,0,0,0,3,900,1,200,8,3,900,"A1",0,1,0,1,0,0,0,0,1,0,0,4,6,4,0,13.5,37,3.66666666666667,10,2.16666666666667,2.5,6.25,6.66666666666667,6,-3.97222222222222,3.16666666666667,5.25,5,7,7,-2.125,4.5,5.5,5,6.66666666666667,7,-1.22222222222222,2.33333333333333,6.25,6.5,6,7,-2.20833333333333,0,0,"Homogeneous",0,1,1,1,1,0,1,"H19"
242,58,0,11,"A1","A1","A1","A1","A2","A2",NA,"A2",NA,"A2",NA,0,"A3","A3",NA,"A3",NA,"A3",NA,60,0,"H19",5,4,3,4,4,4,3,5,2,2,5,5,5,5,6,6,7,4,3,6,7,4,2,6,6,6,6,6,6,7,7,7,7,6,6,6,6,6,6,6,6,2,6,6,2,6,1,2,NA,1,0.285714285714286,1,6,6,6,6,6,6,7,7,6,6,6,6,7,6,6,6,6,6,2,6,6,2,6,6,200,12,1200,3,300,1,18,1400,"A3",0,0,0,0,0,0,0,0,6,5,4,6,5,6,6,6,6,5,6,6,6,6,6,7,7,6,5,6,6,4,4,0,1,50,9,900,7,700,0,10,950,"A2",0,0,1,0,0,0,0,0,1,1,1,7,6,5,0,12,41,4,8,4,3,5,6.33333333333333,4.33333333333333,-1.72222222222222,6,7,6,6,4.66666666666667,0.944444444444444,6,6.5,6.25,6,4.66666666666667,0.611111111111111,5.33333333333333,5.75,6,6.66666666666667,5.66666666666667,-0.569444444444446,0,1,"Homogeneous",1,1,0,0,1,0,1,"H19"
243,56,1,17,"A1","A1","A1","A1","A3","A3",NA,"A3",NA,"A3",NA,0,"A3","A3",NA,"A3",NA,"A3",NA,60,0,"H19",3,3,3,5,4,4,5,4,4,3,5,5,5,5,6,6,6,4,3,5,5,5,3,4,2,3,5,4,5,5,5,3,4,5,5,6,6,6,6,6,4,3,5,5,6,3,0,0,NA,1,0.428571428571429,1,3,2,2,2,3,5,7,6,4,5,6,5,6,5,6,6,6,5,4,5,6,4,3,14,950,3,350,0,0,1,17,1300,"A2",0,0,0,0,0,0,0,0,3,3,2,3,4,5,6,4,3,3,5,5,5,6,6,6,6,5,3,5,7,6,5,1,4,220,0,0,1,100,4,4,220,"A2",0,0,0,0,0,0,0,0,1,1,0,5,4,4,0,14,52,4.66666666666667,6.5,3.66666666666667,4,5,6,4,-1.16666666666667,3.83333333333333,4.25,5.5,6,4,-1.125,2.83333333333333,5.5,5.5,6,4.66666666666667,-1.22222222222222,3.33333333333333,4,5.25,6,4.33333333333333,-1.52777777777778,0,0,"Homogeneous",1,1,0,1,1,0,1,"H19"
244,34,0,20,"A1","A1","A1","A1","A2","A2",NA,"A2",NA,"A2",NA,0,"A2","A2",NA,"A2",NA,"A2",NA,60,0,"H19",5,5,1,4,4,5,6,3,6,5,5,5,6,6,7,5,6,5,3,5,4,3,4,2,3,3,5,4,6,4,3,5,5,5,5,5,5,6,6,6,6,3,5,6,4,3,0,0,NA,1,0.285714285714286,1,6,5,5,5,5,6,6,4,5,5,5,6,5,5,6,6,6,5,3,3,3,3,6,4,200,6,500,0,0,0,10,700,"A2",0,0,0,0,0,0,0,0,6,4,1,3,6,6,5,3,5,5,5,5,5,5,6,6,6,5,3,5,5,5,5,0,3,150,0,0,0,0,2,3,150,"A2",1,1,0,0,0,0,0,0,0,0,0,6,6,5,0,14,53,3.66666666666667,10,4,5,5.5,6,4.33333333333333,-0.777777777777778,3.83333333333333,4.25,5,6,4.66666666666667,-1.18055555555556,5.33333333333333,5,5.25,6,3.66666666666667,0.194444444444444,4.33333333333333,4.5,5,6,4.33333333333333,-0.694444444444445,0,0,"Homogeneous",1,1,0,1,1,0,1,"H19"
245,49,0,11,"A1","A1","A1","A1","A2","A2",NA,"A2",NA,"A2",NA,0,"A2","A2",NA,"A2",NA,"A2",NA,60,0,"H19",2,6,6,6,2,6,6,6,6,6,6,6,6,6,6,5,5,7,7,7,6,7,2,2,5,5,5,2,5,5,5,5,5,5,5,5,5,5,5,5,5,5,5,5,5,2,1,0,NA,0,NA,1,6,6,6,6,6,6,6,6,6,6,6,6,6,6,6,6,6,6,6,6,6,6,2,3,150,3,300,1,100,7,6,450,"A2",0,0,0,0,0,0,0,0,5,5,5,6,3,5,5,5,3,5,5,5,5,5,5,6,6,7,7,6,6,7,3,0,5,250,3,300,3,300,3,8,550,"A2",0,0,0,0,0,0,0,0,2,0,0,5,5,3,0,13,49,3,8,4.66666666666667,6,6,5.33333333333333,7,-0.777777777777777,4,5,5,5,5,-0.5,6,6,6,6,6,0,4.83333333333333,4.5,5,5.66666666666667,6.66666666666667,-1.11111111111111,0,1,"Homogeneous",0,0,0,0,1,0,1,"H19"
246,41,1,11,"A1","A1","A1","A1","A2","A2",NA,"A2",NA,"A2",NA,0,"A3","A3",NA,"A3",NA,"A3",NA,60,0,"H19",3,3,4,4,4,4,5,7,5,5,5,4,5,6,7,7,7,6,1,7,6,4,4,5,5,5,5,5,6,7,7,5,7,4,4,5,5,6,7,6,6,3,5,5,5,4,0,2,NA,0,NA,1,5,4,4,5,4,5,7,7,7,7,5,5,5,5,5,5,5,5,3,5,5,5,4,0,0,3,460,0,0,4,3,460,"A1",0,1,1,1,1,0,0,0,4,4,3,5,4,6,7,7,5,6,5,5,5,5,6,6,6,5,4,5,5,5,3,0,0,0,4,400,5,475,2,4,400,"A3",1,1,2,0,0,0,0,0,2,1,2,7,7,7,0,15.5,49,4,7.5,3.66666666666667,5.5,5,7,4.66666666666667,-0.972222222222223,5.16666666666667,6.5,4.5,6.33333333333333,4.66666666666667,0.666666666666667,4.5,7,5,5,4.33333333333333,0.972222222222222,4.33333333333333,6.25,5,6,4.66666666666667,0.0694444444444438,0,0,"Homogeneous",0,0,0,0,1,0,1,"H19"
247,28,0,17,"A2","A1","A1","A1","A1","A1",0.142857142857143,"A2",NA,"A1",0.142857142857143,0,"A1","A1",0.107142857142857,"A1",0.107142857142857,"A1",0.142857142857143,71,1,"M35",5,5,5,6,5,4,7,6,5,6,3,2,2,2,5,6,5,3,3,3,3,3,6,6,5,5,6,6,7,7,6,6,7,2,3,3,3,6,7,5,3,2,2,3,6,7,0,1,0.142857142857143,1,0.142857142857143,1,7,7,6,6,6,7,7,6,6,7,3,3,3,3,7,6,5,3,3,2,5,6,7,2,50,4,375,3,215,1,6,425,"A3",0,0,0,0,0,0,0,0,6,6,6,1,5,7,7,6,6,7,2,2,3,3,6,5,5,2,2,2,5,5,7,0,0,0,1,100,1,100,1,1,100,"A2",0,0,0,0,0,0,0,0,0,0,1,5,5,2,0,10.5,42,3.66666666666667,9.5,5,6,2.25,5.33333333333333,3,1.97222222222222,5.83333333333333,6.5,2.75,6,2.33333333333333,2.47222222222222,6.5,6.5,3,6,2.66666666666667,2.61111111111111,5.16666666666667,6.5,2.5,5.33333333333333,2,2.55555555555556,1,0,"Heterogeneous",1,1,1,0,1,1,0,"M35"
248,23,0,15,"A2","A1","A1","A1","A1","A1",0,"A1",0,"A1",0,0,"A1","A1",0,"A1",0,"A1",0,71,1,"M35",7,7,7,6,7,7,7,6,7,7,3,3,2,1,5,6,6,2,1,2,1,3,7,5,6,7,7,6,7,7,5,6,7,3,4,5,2,7,6,6,1,1,1,1,3,7,0,2,NA,2,NA,1,7,6,6,6,7,6,7,5,7,7,2,3,2,2,7,6,5,1,1,1,1,5,7,2,75,1,50,1,50,1,3,125,"A2",1,0,0,0,0,0,0,1,7,6,7,7,5,7,7,5,7,7,4,3,2,1,7,6,5,1,1,1,1,5,7,0,0,0,1,100,0,0,0,1,100,"A2",0,0,2,2,2,0,0,1,2,2,2,5,4,4,0,11.5,51,3.66666666666667,9,6.83333333333333,6.75,2.25,5.66666666666667,1.66666666666667,3.59722222222222,6.33333333333333,6.25,3.5,6.33333333333333,1,2.68055555555556,6.33333333333333,6.5,2.25,6,1,3.33333333333333,6.5,6.5,2.5,6,1,3.33333333333333,1,0,"Heterogeneous",0,1,1,0,1,1,0,"M35"
249,32,1,17,"A1","A1","A1","A1","A3","A3",NA,"A3",NA,"A3",NA,0,"A3","A3",NA,"A3",NA,"A3",NA,71,1,"M35",4,3,5,5,5,7,7,6,6,7,1,1,1,3,1,5,6,5,4,3,3,4,5,7,3,4,5,5,7,7,6,6,7,2,2,2,3,4,5,6,5,3,2,3,3,3,0,0,NA,0,NA,1,5,3,4,5,5,7,7,7,7,7,2,2,2,3,2,5,5,5,6,3,5,5,4,0,0,1,100,0,0,4,1,100,"A2",0,0,0,0,0,0,0,0,5,3,3,5,4,7,7,7,7,7,2,1,3,4,1,5,5,5,4,4,5,3,3,0,0,0,1,100,1,75,4,1,100,"A2",0,0,0,0,0,0,0,0,2,0,0,4,2,1,0,11.5,58,3.66666666666667,8.5,4.83333333333333,6.5,1.5,4,4,2.5,5.16666666666667,6.5,2.25,5,3.33333333333333,2.30555555555556,4.83333333333333,7,2.25,4,4.66666666666667,2.27777777777778,4.5,7,2.5,3.66666666666667,4.33333333333333,2.25,1,0,"Heterogeneous",0,0,0,0,1,1,0,"M35"
250,40,0,11,"A1","A1","A1","A1","A2","A2",NA,"A2",NA,"A2",NA,0,"A1","A1",0.142857142857143,"A1",0.142857142857143,"A1",0.142857142857143,71,1,"M35",5,4,4,5,4,4,4,4,5,5,5,5,5,5,5,5,5,4,3,5,5,5,4,5,5,5,5,5,5,5,5,3,5,5,5,5,3,5,5,5,3,3,3,4,3,5,0,1,0.285714285714286,1,0.285714285714286,1,6,5,6,6,6,5,5,5,4,5,5,5,5,4,5,5,5,3,2,2,4,2,5,12,600,7,720,4,400,2,19,1320,"A2",0,0,0,0,0,0,0,0,7,5,6,7,5,5,5,5,5,5,5,5,5,4,5,5,5,3,3,3,3,4,5,0,0,0,4,400,3,300,1,4,400,"A2",1,1,1,1,0,0,1,0,1,1,1,7,6,6,0,14,51,5,10,4.33333333333333,4.5,5,5,4,-0.250000000000001,5,4.5,4.5,5,3,0.583333333333333,5.66666666666667,4.75,4.75,5,2.33333333333333,1.18055555555556,5.83333333333333,5,4.75,5,3,1.16666666666667,0,0,"Heterogeneous",1,1,1,0,1,1,0,"M35"
251,21,1,17,"A1","A1","A1","A1","A2","A2",NA,"A2",NA,"A2",NA,0,"A2","A2",NA,"A2",NA,"A2",NA,71,1,"M35",3,2,5,6,3,5,5,7,3,3,6,6,5,5,6,6,5,5,2,5,5,5,3,3,3,3,6,4,6,6,5,5,3,6,5,6,5,6,6,5,3,5,3,2,3,5,0,0,NA,0,NA,1,5,3,5,6,5,7,6,6,6,6,6,4,6,5,6,7,7,5,5,3,2,5,5,6,825,2,200,3,350,3,8,1025,"A2",0,0,0,0,0,0,0,1,6,4,5,5,4,6,6,5,5,3,6,3,6,5,6,6,6,5,5,3,2,3,5,0,4,300,3,400,0,0,6,7,700,"A2",0,0,0,0,0,0,0,0,2,0,0,5,4,4,0,12.5,38,3.33333333333333,7,4,4.5,5.5,5.66666666666667,4,-0.805555555555556,4.16666666666667,4.75,5.5,5.66666666666667,3.66666666666667,-0.486111111111111,5.16666666666667,6,5.25,6.66666666666667,4.33333333333333,0.166666666666667,5,4.75,5,6,4.33333333333333,-0.236111111111111,0,0,"Heterogeneous",0,1,1,1,1,1,0,"M35"
252,25,0,17,"A1","A1","A1","A1","A2","A2",NA,"A2",NA,"A2",NA,0,"A1","A1",0.142857142857143,"A3",NA,"A2",NA,71,1,"M35",5,5,1,5,1,4,7,5,2,3,6,6,5,6,7,6,7,4,3,6,5,3,4,6,4,3,5,6,7,7,7,2,2,6,6,6,6,7,6,7,4,2,6,4,3,5,0,1,0.285714285714286,1,0.428571428571429,1,6,3,2,6,5,6,7,6,2,4,5,6,5,7,7,6,7,2,4,7,4,4,5,6,400,2,150,3,600,1,8,550,"A2",0,1,0,0,0,0,0,1,5,2,3,5,5,7,7,5,2,2,6,6,6,6,7,5,7,4,3,5,4,5,5,0,1,25,1,200,3,500,1,2,225,"A3",1,1,1,1,0,0,1,1,1,1,1,5,5,4,0,15,46,4.33333333333333,10,3.5,4.25,5.75,6.66666666666667,4.33333333333333,-1.70833333333333,5.16666666666667,4.5,6,6.66666666666667,4,-0.722222222222222,4.66666666666667,4.75,5.75,6.66666666666667,4.33333333333333,-0.874999999999999,4.5,4,6,6.33333333333333,4,-1.19444444444444,0,0,"Heterogeneous",1,1,0,0,1,1,0,"M35"
253,42,0,14,"A1","A1","A1","A1","A2","A2",NA,"A2",NA,"A2",NA,0,"A1","A1",1,"A1",1,"A1",1,56,0,"H18",4,1,4,5,4,4,7,7,7,5,6,6,4,4,7,7,7,5,6,6,4,5,4,5,4,4,5,4,7,7,7,7,7,6,6,6,4,7,7,7,7,7,4,3,5,4,0,1,0.428571428571429,1,0.142857142857143,1,7,2,4,5,6,7,7,7,7,7,5,6,4,3,7,7,7,7,5,5,5,5,4,4,275,3,300,4,400,1,7,575,"A2",0,0,0,0,0,0,0,0,5,4,5,7,4,7,7,7,7,7,5,6,3,4,7,7,7,7,7,5,5,7,5,0,1,50,1,100,3,300,2,2,150,"A3",0,1,1,1,0,0,0,0,0,1,1,6,7,5,0,16.5,47,3.66666666666667,5,3.66666666666667,6.5,5,7,5.66666666666667,-0.805555555555556,4.83333333333333,7,5.5,7,6,-0.250000000000001,5.16666666666667,7,4.5,7,5.66666666666667,0.361111111111112,5.33333333333333,7,4.5,7,6.33333333333333,0.222222222222222,0,0,"Homogeneous",1,1,1,1,1,0,1,"H18"
254,33,0,17,"A1","A1","A1","A1","A3","A3",NA,"A3",NA,"A3",NA,0,"A1","A1",0.571428571428571,"A3",NA,"A2",NA,56,0,"H18",4,5,5,4,4,5,6,5,5,5,5,5,5,4,6,6,6,6,5,5,5,5,3,3,5,6,5,4,6,6,5,4,5,4,4,4,3,6,6,6,6,6,5,5,5,4,0,1,0.428571428571429,0,NA,1,4,5,5,5,4,4,6,5,4,5,5,5,4,5,6,6,6,6,5,6,5,5,4,3,175,4,400,3,350,2,7,575,"A2",0,0,1,0,0,1,0,0,5,4,5,5,4,5,6,5,5,6,5,5,5,4,6,6,5,6,6,6,5,6,4,0,5,325,1,100,5,500,2,6,425,"A2",1,1,1,0,0,0,1,1,1,1,1,6,5,4,0,16,51,3,7.5,4.5,5.25,4.75,6,5.33333333333333,-0.486111111111111,4.83333333333333,5,3.75,6,5.66666666666667,-0.222222222222223,4.5,5,4.75,6,5.66666666666667,-0.722222222222222,4.66666666666667,5.5,4.75,5.66666666666667,6,-0.388888888888888,0,0,"Homogeneous",1,0,0,0,1,0,1,"H18"
255,22,1,17,"A1","A1","A1","A1","A2","A2",NA,"A2",NA,"A2",NA,0,"A3","A3",NA,"A3",NA,"A3",NA,56,0,"H18",6,6,2,6,2,5,6,4,2,4,6,7,5,4,7,3,7,6,1,5,5,7,4,6,6,4,6,2,6,5,5,1,2,6,7,6,3,7,4,7,3,3,7,6,7,3,0,1,0.142857142857143,1,0.142857142857143,1,6,6,6,7,2,7,7,5,1,2,6,7,6,1,7,4,7,5,2,7,6,6,7,3,150,7,650,9,1460,6,10,800,"A2",0,0,0,1,1,0,0,0,7,4,4,5,5,5,5,4,5,5,5,4,4,5,5,5,4,4,4,5,5,7,5,0,5,275,4,600,8,950,2,9,875,"A2",1,0,1,0,0,0,0,1,0,1,1,5,5,4,0,16.5,46,4,9.5,4.5,4,5.5,5.66666666666667,4,-0.805555555555556,5,3.25,5.5,6,4.33333333333333,-1.15277777777778,5.66666666666667,3.75,5,6,4.66666666666667,-0.513888888888888,5,4.75,4.5,4.66666666666667,4.33333333333333,0.375,0,0,"Homogeneous",1,0,1,0,1,0,1,"H18"
256,43,0,12,"A1","A1","A1","A1","A2","A2",NA,"A2",NA,"A2",NA,1,"A1","A1",0.142857142857143,"A1",0.285714285714286,"A1",0.285714285714286,56,0,"H18",1,1,3,2,1,1,2,2,1,2,7,7,5,6,7,5,5,3,3,5,5,7,2,1,1,2,7,1,1,2,1,1,4,5,5,7,7,7,7,7,3,3,2,7,7,3,1,1,0.142857142857143,1,0.142857142857143,1,1,1,2,1,1,1,1,2,1,1,7,7,7,7,7,7,7,2,3,7,7,7,1,10,500,9,950,5,500,0,19,1450,"A2",1,0,0,0,0,0,0,0,1,1,1,1,1,5,6,3,6,1,7,7,7,7,7,7,7,7,7,1,1,7,2,0,7,350,10,700,7,700,0,17,1050,"A2",0,1,1,0,0,0,0,0,1,1,1,7,6,7,0,15,57,5,10,1.5,1.75,6.25,5.66666666666667,3.66666666666667,-3.56944444444444,2.16666666666667,2,6,7,2.66666666666667,-3.13888888888889,1.16666666666667,1.25,7,7,4,-4.79166666666667,1.66666666666667,4,7,7,5,-3.5,0,1,"Homogeneous",0,1,0,0,1,0,1,"H18"
257,21,0,15,"A1","A1","A1","A1","A2","A2",NA,"A2",NA,"A2",NA,0,"A2","A2",NA,"A2",NA,"A2",NA,53,0,"H20",3,5,3,6,3,7,7,6,3,3,5,5,5,5,4,7,7,3,1,6,3,5,4,5,3,4,6,3,7,6,5,3,5,5,5,2,6,7,6,7,5,3,5,2,2,4,0,0,NA,0,NA,1,5,3,5,7,5,6,6,6,3,5,5,5,5,6,7,6,7,3,2,3,2,2,4,4,200,8,650,2,200,0,12,850,"A3",0,0,0,0,0,0,0,0,5,3,3,6,6,7,7,6,3,4,4,5,4,6,7,7,7,5,1,3,3,3,4,0,1,25,10,770,4,400,1,11,795,"A2",0,0,0,0,0,0,0,1,2,0,0,7,5,2,0,15,46,4.66666666666667,7.5,4.5,4.75,5,6,3.33333333333333,-0.152777777777778,4.66666666666667,4.75,4.5,6.66666666666667,4.33333333333333,-0.458333333333333,5.16666666666667,5,5.25,6.66666666666667,2.66666666666667,0.222222222222222,5,5,4.75,7,3,0.083333333333333,0,0,"Homogeneous",0,1,0,1,1,0,1,"H20"
258,37,0,11,"A1","A1","A1","A1","A3","A3",NA,"A3",NA,"A3",NA,0,"A1","A3",NA,"A1",0.571428571428571,"A3",NA,53,0,"H20",1,3,5,7,4,6,5,5,1,6,5,5,6,4,7,7,7,1,1,1,5,4,4,2,6,5,7,1,6,5,4,2,4,7,7,7,7,7,7,7,1,1,1,6,2,3,0,1,0.714285714285714,1,0.714285714285714,1,2,2,5,5,1,6,7,6,2,6,7,7,7,3,7,7,7,1,1,1,5,1,1,0,0,2,200,4,400,1,2,200,"A2",1,1,1,1,1,1,0,1,2,6,6,7,2,6,6,4,2,4,6,7,7,2,7,7,7,1,1,1,6,2,4,0,1,50,1,100,2,150,0,2,150,"A2",1,1,1,1,0,0,1,0,1,1,1,7,7,7,0,13,38,4,8.5,4.33333333333333,4.25,5,7,1,-0.041666666666667,4.5,3.75,7,7,1,-0.875,3.5,5.25,6,7,1,-0.291666666666667,4.83333333333333,4,5.5,7,1,-0.0833333333333339,0,0,"Homogeneous",1,0,1,0,1,0,1,"H20"
259,32,1,15,"A1","A1","A1","A1","A2","A2",NA,"A2",NA,"A2",NA,0,"A3","A3",NA,"A3",NA,"A3",NA,53,0,"H20",3,3,2,5,2,6,6,4,3,5,6,3,5,7,5,5,7,7,4,7,4,5,2,3,2,2,5,2,7,7,4,3,6,3,3,3,7,7,6,7,7,7,3,5,7,3,0,2,NA,2,NA,1,7,2,2,5,4,7,7,4,3,5,1,2,1,5,5,5,7,5,5,5,5,5,5,3,150,0,0,7,700,1,3,150,"A2",0,0,0,0,0,0,0,0,2,5,3,2,3,7,7,3,3,5,3,3,3,7,4,5,7,5,5,5,3,5,5,1,1,50,2,150,2,200,9,3,200,"A2",0,0,0,0,1,0,0,0,2,0,0,5,5,5,0,14,54,4.33333333333333,10,3.5,4.5,5.25,5.66666666666667,6,-1.63888888888889,3.5,5,4,6.66666666666667,5.66666666666667,-1.19444444444445,4.5,4.75,2.25,5.66666666666667,5,0.319444444444444,3.66666666666667,4.5,4,5.33333333333333,5,-0.694444444444445,0,0,"Homogeneous",0,1,1,1,1,0,1,"H20"
260,33,0,15,"A1","A1","A1","A1","A2","A2",NA,"A2",NA,"A2",NA,0,"A1","A1",0.142857142857143,"A1",0.142857142857143,"A2",NA,53,0,"H20",4,1,2,3,2,1,4,1,1,4,5,7,6,7,7,6,7,6,5,5,7,7,2,3,2,5,3,2,7,6,5,4,7,5,5,2,6,6,6,7,6,7,4,6,4,2,0,1,0,1,0.142857142857143,1,4,2,5,3,2,7,6,5,5,7,5,5,4,7,7,6,7,5,7,6,6,4,3,0,0,3,250,4,400,1,3,250,"A2",0,0,0,0,0,0,0,0,5,1,6,5,5,5,6,5,5,6,5,5,4,6,5,6,6,6,6,4,5,2,5,0,0,0,0,0,1,100,0,0,0,"A2",0,0,0,0,0,0,0,0,1,1,1,7,6,7,0,20,43,4.66666666666667,10,2.16666666666667,2.5,6.25,6.66666666666667,5.33333333333333,-3.75,3.66666666666667,5.5,4.5,6.33333333333333,5.66666666666667,-0.916666666666667,3.83333333333333,5.75,5.25,6.66666666666667,6,-1.18055555555556,4.5,5.5,5,5.66666666666667,5.33333333333333,-0.333333333333333,0,0,"Homogeneous",1,0,1,0,1,0,1,"H20"
261,40,0,11,"A1","A1","A1","A1","A2","A2",NA,"A2",NA,"A2",NA,0,"A2","A2",NA,"A2",NA,"A2",NA,64,0,"H21",4,4,4,5,4,4,5,5,3,4,5,5,5,4,7,4,4,5,2,4,5,4,4,4,4,4,5,4,5,4,6,2,4,6,6,6,4,7,5,4,5,1,4,7,4,4,0,0,NA,0,NA,1,4,3,4,4,4,4,6,5,4,4,5,5,5,5,7,6,4,5,3,4,7,4,4,8,725,4,400,1,100,0,12,1125,"A2",0,0,0,0,2,0,0,0,4,4,4,4,4,5,7,5,4,2,5,6,5,4,7,5,4,5,1,4,5,4,4,0,10,625,1,100,1,100,1,11,725,"A2",0,0,0,0,0,0,0,0,2,0,0,4,4,4,0,15,53,4,9.5,4.16666666666667,4.25,4.75,5,3.66666666666667,-0.263888888888888,4.33333333333333,4,5.5,5.33333333333333,3.33333333333333,-0.555555555555556,3.83333333333333,4.75,5,5.66666666666667,4,-0.597222222222222,4.16666666666667,4.5,5,5.33333333333333,3.33333333333333,-0.222222222222221,0,0,"Homogeneous",1,0,0,1,1,0,1,"H21"
262,24,1,6,"A1","A1","A1","A1","A2","A2",NA,"A2",NA,"A2",NA,1,"A2","A2",NA,"A2",NA,"A2",NA,64,0,"H21",5,2,5,5,6,6,5,5,1,2,5,5,6,7,6,6,7,6,5,5,7,6,4,6,4,5,6,6,6,6,4,2,4,6,4,6,4,6,6,6,4,2,4,6,4,4,0,0,NA,0,NA,1,4,2,4,6,5,5,6,6,1,4,6,6,6,6,6,6,6,5,2,4,6,4,4,12,700,5,700,1,200,1,17,1400,"A2",0,0,0,0,0,0,0,1,5,4,5,6,6,6,6,6,2,2,6,6,6,7,7,6,7,7,2,7,7,6,4,0,4,250,1,150,1,180,0,5,400,"A2",0,0,1,0,0,0,0,0,2,0,0,6,6,6,0,16.5,48,4.66666666666667,6,4.83333333333333,3.25,5.75,6.33333333333333,5.33333333333333,-1.76388888888889,5.5,4,5,6,3.33333333333333,-0.0277777777777777,4.33333333333333,4.25,6,6,3.66666666666667,-0.930555555555556,5.33333333333333,4,6.25,6.66666666666667,5.33333333333333,-1.41666666666667,0,1,"Homogeneous",1,1,0,0,1,0,1,"H21"
263,52,0,14,"A1","A1","A1","A1","A2","A2",NA,"A2",NA,"A2",NA,0,"A1","A1",0.428571428571429,"A2",NA,"A2",NA,64,0,"H21",3,4,2,5,4,5,5,5,3,2,6,6,5,6,6,6,6,3,2,6,5,4,1,3,3,3,5,4,6,6,7,5,5,4,4,3,6,7,7,7,2,4,7,4,3,1,0,1,0.428571428571429,0,NA,1,5,3,1,5,4,6,7,7,5,5,4,4,4,7,7,7,7,4,4,6,5,3,1,6,425,4,650,2,250,0,10,1075,"A2",1,1,1,1,0,0,1,0,3,2,2,5,4,5,7,7,5,5,4,4,5,7,7,7,7,4,5,7,7,4,2,0,3,125,1,150,3,250,3,4,275,"A3",1,1,1,0,1,0,0,0,0,0,1,5,4,5,0,13.5,48,4.33333333333333,8,3.83333333333333,3.75,5.75,6,3.66666666666667,-1.34722222222222,4,5.75,4.25,7,4.33333333333333,-0.319444444444444,4,6,4.75,7,4.66666666666667,-0.472222222222222,3.5,6,5,7,5.33333333333333,-1.02777777777778,0,0,"Homogeneous",1,1,0,1,1,0,1,"H21"
264,31,1,11,"A1","A1","A1","A1","A2","A2",NA,"A2",NA,"A2",NA,0,"A2","A2",NA,"A2",NA,"A2",NA,64,0,"H21",2,5,2,6,1,2,5,3,3,1,7,7,7,7,7,7,7,7,4,7,7,2,4,4,4,3,7,3,3,7,5,3,3,7,7,7,7,4,7,7,3,1,6,7,3,4,0,0,NA,0,NA,1,2,5,1,7,3,4,5,5,3,3,7,7,6,7,4,7,7,4,2,7,7,4,3,4,500,2,250,2,300,1,6,750,"A2",0,1,0,1,0,0,0,0,3,5,3,6,1,5,6,5,1,1,7,7,7,7,4,7,7,5,1,6,5,4,4,0,4,350,0,0,3,400,4,4,350,"A2",0,0,0,1,0,0,0,0,2,0,0,5,4,3,0,16,34,4.33333333333333,10,3,3,7,7,6,-3.66666666666667,4,4.5,7,6,3.33333333333333,-1.19444444444444,3.66666666666667,4,6.75,6,4.33333333333333,-1.86111111111111,3.83333333333333,3.25,7,6,4,-2.125,0,0,"Homogeneous",1,0,0,1,1,0,1,"H21"
265,45,0,15,"A4","A2","A2","A2","","A4",NA,"A4",NA,"A4",NA,0,"A4","A4",NA,"A4",NA,"A4",NA,74,1,"M36",4,7,7,7,4,7,7,7,7,7,1,1,1,1,4,1,1,1,1,1,1,1,4,4,6,6,7,4,7,7,7,7,7,2,3,2,2,5,2,1,2,2,4,4,2,5,0,2,NA,2,NA,1,4,6,6,6,4,7,7,6,7,7,4,4,3,2,4,3,2,2,2,1,4,4,4,0,0,0,0,0,0,2,0,0,"A3",0,2,2,2,0,0,0,0,4,6,6,6,4,7,7,7,7,7,2,2,2,1,4,2,2,2,2,1,2,4,4,0,0,0,0,0,0,0,1,0,0,"A2",0,2,2,2,0,0,0,1,2,2,2,3,3,2,0,12,51,3,9,6,7,1,2,1,5.16666666666667,5.66666666666667,7,2.25,2.66666666666667,2.66666666666667,3.80555555555556,5.5,6.75,3.25,3,1.66666666666667,3.48611111111111,5.5,7,1.75,2.66666666666667,1.66666666666667,4.22222222222222,1,0,"Heterogeneous",0,0,0,0,0,1,0,"M36"
266,19,1,12,"A2","A1","A1","A1","A3","A3",NA,"A3",NA,"A3",NA,0,"A3","A3",NA,"A3",NA,"A3",NA,74,1,"M36",7,5,5,7,6,7,7,4,6,7,4,2,2,3,7,4,4,3,2,1,2,1,7,7,5,4,7,6,6,7,4,5,5,4,4,3,3,7,6,4,3,2,2,3,2,6,0,1,0.142857142857143,1,0.285714285714286,1,6,6,6,7,6,6,7,4,5,5,3,3,3,2,7,6,3,2,2,1,2,2,7,4,115,1,75,2,215,0,5,190,"A2",0,0,0,0,0,0,0,0,7,6,6,7,7,7,7,4,5,5,3,2,2,2,7,6,3,3,2,2,2,2,7,0,1,20,5,800,2,250,2,6,820,"A3",1,0,0,0,0,0,0,1,0,0,0,6,5,5,0,12,51,4.66666666666667,7.5,6.16666666666667,6,2.75,5,2,2.83333333333333,5.83333333333333,5.25,3.5,5.66666666666667,2.33333333333333,1.70833333333333,6.16666666666667,5.25,2.75,5.33333333333333,1.66666666666667,2.45833333333333,6.66666666666667,5.25,2.25,5.33333333333333,2.33333333333333,2.65277777777778,1,0,"Heterogeneous",0,1,0,1,1,1,0,"M36"
267,44,1,14,"A1","A1","A1","A1","A2","A2",NA,"A2",NA,"A2",NA,0,"A2","A2",NA,"A2",NA,"A2",NA,74,1,"M36",5,1,1,6,3,3,4,3,2,4,7,7,6,7,7,7,7,6,6,6,6,7,2,2,3,4,4,3,4,5,4,3,4,4,3,4,4,6,2,4,3,4,5,4,6,4,0,0,NA,0,NA,1,2,3,4,3,4,5,6,3,4,3,2,3,5,4,6,6,7,5,4,5,5,3,4,2,230,2,300,0,0,1,4,530,"A2",0,0,0,0,0,0,0,0,5,4,5,5,4,5,4,4,2,5,6,6,6,6,7,6,5,6,6,7,6,7,4,0,3,150,5,600,0,0,1,8,750,"A2",0,0,0,0,0,0,0,0,0,0,0,3,5,4,0,17,37,3,6,3.16666666666667,3.25,6.75,7,6,-3.375,3.33333333333333,4,3.75,4,4,-0.25,3.5,4,3.5,6.33333333333333,4.66666666666667,-1.08333333333333,4.66666666666667,3.75,6,6,6.33333333333333,-1.90277777777778,0,0,"Heterogeneous",0,0,0,0,1,1,0,"M36"
268,49,1,20,"A1","A1","A1","A1","A2","A2",NA,"A2",NA,"A2",NA,0,"A2","A2",NA,"A2",NA,"A2",NA,74,1,"M36",5,2,5,6,2,6,5,3,1,3,6,7,6,6,6,7,7,3,6,5,6,5,3,6,2,5,6,2,7,5,5,3,3,7,7,7,7,7,7,7,3,3,5,7,5,3,0,0,NA,0,NA,1,3,2,4,6,2,7,7,6,2,2,7,7,7,7,7,7,7,2,5,3,6,5,4,3,150,2,200,4,600,7,5,350,"A2",0,1,0,0,1,0,0,0,3,2,5,6,2,7,5,3,2,4,7,7,7,7,7,7,7,3,5,6,7,6,2,0,6,400,3,300,5,500,3,9,700,"A2",0,0,0,0,0,0,0,0,2,0,0,7,3,2,0,16,42,4,8,4.33333333333333,3,6.25,6.66666666666667,4.66666666666667,-2.19444444444445,4.66666666666667,4,7,7,3.66666666666667,-1.55555555555556,4,4.25,7,7,3.33333333333333,-1.65277777777778,4.16666666666667,3.5,7,7,4.66666666666667,-2.38888888888889,0,0,"Heterogeneous",0,0,0,0,1,1,0,"M36"
