"ID","Age","Genre","Education","CurrentRegime","ConsoRed","ConsoTransfo","ConsoPoultry","QIntentionsConsoT0","QIntentionsTransfoT0","QTransfoIntensityT0","QIntentionsRedT0","QRedIntensityT0","QIntentionsPoulT0","QPoulIntensityT0","Failed_Attention_DB1","QIntentionsConsoT1","QIntentionsTransfoT1","QTransfoIntensityT1","QIntentionsRedT1","QRedIntensityT1","QIntentionsPoulT1","QPoulIntensityT1","consultation_duration","MixedOpinions","ID_Group","DBAttitudesT0.DB1.","DBAttitudesT0.DB2.","DBAttitudesT0.DB3.","DBAttitudesT0.DB4.","DBAttitudesT0.DB5.","DBAttitudesT0.DB6.","DBAttitudesT0.DB7.","DBAttitudesT0.DB8.","DBAttitudesT0.DB9.","DBAttitudesT0.DB10.","DBAttitudesT0.DB11.","DBAttitudesT0.DB12.","DBAttitudesT0.DB13.","DBAttitudesT0.DB14.","DBAttitudesT0.DB15.","DBAttitudesT0.DB16.","DBAttitudesT0.DB17.","DBAttitudesT0.DB18.","DBAttitudesT0.DB19.","DBAttitudesT0.DB20.","DBAttitudesT0.DB21.","DBAttitudesT0.DB22.","DBAttitudesT0.DB23.","DBAttitudesT1.DB1.","DBAttitudesT1.DB2.","DBAttitudesT1.DB3.","DBAttitudesT1.DB4.","DBAttitudesT1.DB5.","DBAttitudesT1.DB6.","DBAttitudesT1.DB7.","DBAttitudesT1.DB8.","DBAttitudesT1.DB9.","DBAttitudesT1.DB10.","DBAttitudesT1.DB11.","DBAttitudesT1.DB12.","DBAttitudesT1.DB13.","DBAttitudesT1.DB14.","DBAttitudesT1.DB15.","DBAttitudesT1.DB16.","DBAttitudesT1.DB17.","DBAttitudesT1.DB18.","DBAttitudesT1.DB19.","DBAttitudesT1.DB20.","DBAttitudesT1.DB21.","DBAttitudesT1.DB22.","DBAttitudesT1.DB23.","Failed_Attention_DB2","QIntentionsTransfoT2","QTransfoIntensityT2","QIntentionsRedT2","QRedIntensityT2","DebateCondition","DBAttitudesT2.DB1.","DBAttitudesT2.DB2.","DBAttitudesT2.DB3.","DBAttitudesT2.DB4.","DBAttitudesT2.DB5.","DBAttitudesT2.DB6.","DBAttitudesT2.DB7.","DBAttitudesT2.DB8.","DBAttitudesT2.DB9.","DBAttitudesT2.DB10.","DBAttitudesT2.DB11.","DBAttitudesT2.DB12.","DBAttitudesT2.DB13.","DBAttitudesT2.DB14.","DBAttitudesT2.DB15.","DBAttitudesT2.DB16.","DBAttitudesT2.DB17.","DBAttitudesT2.DB18.","DBAttitudesT2.DB19.","DBAttitudesT2.DB20.","DBAttitudesT2.DB21.","DBAttitudesT2.DB22.","DBAttitudesT2.DB23.","TransformedNumberTotalBefore","TransformedQuantTotalBefore","RedNumberTotalBefore","RedQuantTotalBefore","PoultryNumberTotalBefore","PoultryQuantTotalBefore","FishNumberTotalBefore","TotalTargetMeatBefore","TotalQuantTargetMeatBefore","Physical1","Nature1","QuantityRed1","QuantityTransfo1","QuantityPoultry1","QuantityFish1","QuantityAnimals1","QuantityVegetals1","Context1","DBAttitudesT3.DB1.","DBAttitudesT3.DB2.","DBAttitudesT3.DB3.","DBAttitudesT3.DB4.","DBAttitudesT3.DB5.","DBAttitudesT3.DB6.","DBAttitudesT3.DB7.","DBAttitudesT3.DB8.","DBAttitudesT3.DB9.","DBAttitudesT3.DB10.","DBAttitudesT3.DB11.","DBAttitudesT3.DB12.","DBAttitudesT3.DB13.","DBAttitudesT3.DB14.","DBAttitudesT3.DB15.","DBAttitudesT3.DB16.","DBAttitudesT3.DB17.","DBAttitudesT3.DB18.","DBAttitudesT3.DB19.","DBAttitudesT3.DB20.","DBAttitudesT3.DB21.","DBAttitudesT3.DB22.","DBAttitudesT3.DB23.","Failed_Attention_Final","TransformedNumberTotalAfter","TransformedQuantTotalAfter","RedNumberTotalAfter","RedQuantTotalAfter","PoultryNumberTotalAfter","PoultryQuantTotalAfter","FishNumberTotalAfter","TotalTargetMeatAfter","TotalQuantTargetMeatAfter","Physical2","Nature2","QuantityRed2","QuantityTransfo2","QuantityPoultry2","QuantityFish2","QuantityAnimals2","QuantityVegetals2","Context2","RespectChallenge","MeatDiminishRed","MeatDiminishTransfo","Perceptions.Perc1.","Perceptions.Perc2.","Perceptions.Perc3.","Failed_Attention_Confirmation","perceived_norms","self_control","environmental_prepotency","perceived_control","DBFactor1T0","DBFactor2T0","DBFactor3T0","DBFactor4T0","DBFactor5T0","DB_IndexT0","DBFactor1T1","DBFactor2T1","DBFactor3T1","DBFactor4T1","DBFactor5T1","DB_IndexT1","DBFactor1T2","DBFactor2T2","DBFactor3T2","DBFactor4T2","DBFactor5T2","DB_IndexT2","DBFactor1T3","DBFactor2T3","DBFactor3T3","DBFactor4T3","DBFactor5T3","DB_IndexT3","Pro_reduction","Attention_failed","Condition","Red_reduction","Processed_reduction","Poultry_reduction","Fish_increase","Eat_Target_Meat","Het","Hom","ID_Group_all"
273,41,0,14,"A1","A1","A1","A1","A1","A1",0.142857142857143,"A1",1,"A1",1,0,"A1","A1",0.428571428571429,"A1",0.285714285714286,"A1",0.142857142857143,13,NA,NA,7,6,7,7,7,7,6,7,7,7,2,4,3,1,4,5,5,6,6,3,6,6,7,6,4,7,7,6,6,7,6,7,7,6,5,5,5,6,6,6,5,5,4,5,6,6,0,1,0.142857142857143,1,0.142857142857143,0,6,5,6,6,6,7,7,6,7,7,5,5,5,6,7,6,5,6,6,2,6,6,6,2,100,1,100,0,0,0,3,200,"A2",0,0,0,0,0,0,0,0,5,5,6,6,5,6,6,6,6,6,6,5,6,6,6,6,6,6,6,6,5,6,6,0,0,0,0,0,0,0,0,0,0,"A2",0,1,1,1,0,0,0,0,1,1,1,6,6,6,0,11,49,3.66666666666667,7.5,6.83333333333333,6.75,2.5,4.66666666666667,5,2.73611111111111,6,6.75,5.25,6,4.66666666666667,1.06944444444444,6,6.75,5.25,6,4.66666666666667,1.06944444444444,5.5,6,5.75,6,6,-0.166666666666667,1,0,"Control",1,1,0,0,1,0,0,"273"
274,30,0,12,"A1","A1","A1","A1","A1","A1",0.142857142857143,"A1",0.142857142857143,"A1",0.142857142857143,0,"A1","A1",0.285714285714286,"A1",0.285714285714286,"A2",NA,7,NA,NA,7,7,7,7,7,7,7,7,7,7,4,4,4,5,6,6,7,6,4,3,4,5,5,6,7,7,7,6,6,7,7,7,7,5,6,7,6,7,7,6,7,3,3,7,3,7,0,1,0.285714285714286,1,0.285714285714286,0,6,7,7,7,6,5,7,7,7,7,5,5,7,7,7,7,7,4,3,3,6,3,5,0,0,0,0,2,100,1,0,0,"A2",0,0,0,0,0,0,0,0,6,6,6,7,7,7,7,7,5,7,6,7,7,7,7,7,7,5,1,4,5,3,7,0,0,0,0,0,1,100,0,0,0,"A2",1,1,1,1,0,0,1,0,1,1,1,7,6,5,0,15,52,4,9,7,7,4.25,6.33333333333333,4.33333333333333,2.02777777777778,6.5,7,6,6.66666666666667,4.33333333333333,1.08333333333333,6.33333333333333,7,6,7,3.33333333333333,1.22222222222222,6.5,6.5,6.75,7,3.33333333333333,0.805555555555556,1,0,"Control",0,0,1,0,1,0,0,"274"
275,39,0,14,"A1","A1","A1","A1","A1","A1",0.428571428571429,"A1",0.571428571428571,"A1",0.571428571428571,0,"A3","A3",NA,"A3",NA,"A3",NA,91,NA,NA,7,7,7,6,5,5,6,7,7,7,1,1,1,1,7,7,7,5,5,1,1,1,5,7,1,7,7,7,7,7,7,7,7,1,1,1,1,7,6,7,7,7,5,7,7,7,0,1,0.142857142857143,1,0.142857142857143,0,7,1,7,7,7,7,7,7,7,7,1,1,1,1,7,6,6,6,5,1,1,1,7,5,250,3,200,0,0,0,8,450,"A2",0,1,0,0,0,0,0,0,6,5,7,7,5,6,7,7,7,7,1,1,1,1,6,7,6,1,1,1,1,5,7,0,3,150,1,100,0,0,1,4,250,"A2",1,1,1,1,0,0,0,1,1,1,1,7,7,7,0,14.5,52,3.66666666666667,9.5,6.16666666666667,6.75,1,7,3.66666666666667,2.56944444444445,6,7,1,6.66666666666667,6.33333333333333,1.83333333333333,6,7,1,6.33333333333333,4,2.72222222222222,6,7,1,6.33333333333333,1,3.72222222222222,1,0,"Control",1,1,0,1,1,0,0,"275"
276,64,0,14,"A2","A1","A1","A1","A1","A3",NA,"A1",0.142857142857143,"A2",NA,0,"A1","A1",0.107142857142857,"A1",0.142857142857143,"A3",NA,49,NA,NA,7,5,5,4,5,7,7,7,7,7,3,4,3,4,2,5,5,4,4,2,3,1,7,7,3,4,5,6,7,7,7,7,7,3,3,3,3,3,5,5,5,5,2,4,5,5,0,1,0.142857142857143,1,0.142857142857143,0,7,3,5,5,7,7,7,7,7,7,1,1,1,4,4,5,5,5,5,1,4,5,6,5,175,1,100,1,50,1,6,275,"A3",1,0,0,0,2,0,0,1,7,4,5,5,5,7,7,7,7,7,1,1,2,7,1,5,5,4,5,1,4,6,7,0,2,50,2,150,1,100,0,4,200,"A2",1,1,1,0,2,0,0,0,0,0,0,7,6,5,0,13.5,52,2.33333333333333,7,5.5,7,3.5,4,3.33333333333333,2.63888888888889,5.33333333333333,7,3,4.33333333333333,4,2.38888888888889,5.66666666666667,7,1.75,4.66666666666667,3.66666666666667,2.97222222222222,5.5,7,2.75,3.66666666666667,3.33333333333333,3,1,0,"Control",0,1,0,0,1,0,0,"276"
277,45,1,14,"A2","A1","A1","A1","A1","A1",0.142857142857143,"A1",0.285714285714286,"A1",0.285714285714286,0,"A1","A1",0.285714285714286,"A1",0.142857142857143,"A1",0.285714285714286,46,NA,NA,5,7,6,7,6,7,7,7,6,7,4,4,4,4,6,4,5,1,3,1,3,3,7,6,7,7,7,7,7,7,7,6,7,4,5,4,4,5,3,5,3,2,2,3,3,7,0,1,0.285714285714286,1,0.285714285714286,0,7,7,7,7,5,7,7,7,4,5,4,4,5,4,5,4,5,1,1,1,4,1,6,1,50,0,0,0,0,0,1,50,"A2",0,0,0,0,0,1,0,0,7,7,7,7,5,7,7,6,6,6,4,5,5,4,5,4,5,1,1,1,4,1,7,0,0,0,0,0,0,0,0,0,0,"A2",0,1,1,1,0,0,1,0,1,1,1,7,7,7,0,7,56,4.66666666666667,10,6.33333333333333,6.75,4,5,1.66666666666667,2.98611111111111,6.83333333333333,6.75,4.25,4.33333333333333,2.33333333333333,3.15277777777778,6.66666666666667,5.75,4.25,4.66666666666667,1,2.90277777777778,6.66666666666667,6.25,4.5,4.66666666666667,1,3.06944444444444,1,0,"Control",0,1,0,0,1,0,0,"277"
278,45,0,17,"A2","A1","A1","A1","A3","A3",NA,"A3",NA,"A3",NA,0,"A3","A3",NA,"A3",NA,"A3",NA,28,NA,NA,6,7,4,7,6,7,7,7,3,3,3,3,1,1,6,6,5,1,1,1,5,1,7,7,7,3,7,7,7,7,7,3,5,1,2,1,1,5,5,6,1,1,1,5,1,7,0,1,0.142857142857143,1,0.142857142857143,0,7,7,3,7,7,7,7,7,2,6,1,1,1,1,5,6,6,1,1,1,6,1,7,4,200,0,0,2,200,1,4,200,"A2",0,0,0,0,0,0,0,0,7,6,3,7,5,7,7,7,5,5,1,6,1,1,5,6,6,1,1,1,5,1,7,0,1,50,1,100,2,150,2,2,150,"A2",0,0,1,0,1,0,0,0,1,1,1,7,6,3,0,18,59,4.66666666666667,10,6.16666666666667,5,2,5.66666666666667,1,2.69444444444444,6.33333333333333,5.5,1.25,5.33333333333333,1,3.38888888888889,6.33333333333333,5.5,1,5.66666666666667,1,3.36111111111111,5.83333333333333,6,2.25,5.66666666666667,1,2.94444444444444,1,0,"Control",0,1,0,1,1,0,0,"278"
279,40,1,14,"A1","A1","A1","A1","A1","A1",0.142857142857143,"A1",1,"A1",1,0,"A1","A1",0.285714285714286,"A1",0.142857142857143,"A1",0.142857142857143,17,NA,NA,7,6,6,5,6,7,6,7,7,7,3,4,4,3,4,5,5,6,4,2,5,7,7,5,6,5,6,5,6,7,6,7,6,7,4,5,4,6,6,6,6,5,5,6,6,6,0,1,0.142857142857143,1,0.142857142857143,0,5,5,6,6,6,7,6,7,6,7,4,4,4,4,6,6,5,6,5,3,5,6,6,1,50,0,0,1,100,0,1,50,"A2",0,0,0,0,0,0,0,0,5,6,5,6,6,5,6,6,6,5,6,6,5,6,6,6,5,5,4,5,5,5,5,0,0,0,2,200,0,0,0,2,200,"A2",0,1,1,1,0,0,0,0,1,1,1,6,6,6,0,11,43,3.66666666666667,7.5,6.16666666666667,6.75,3.5,4.66666666666667,4,2.40277777777778,5.5,6.5,5,6,5.33333333333333,0.555555555555556,5.83333333333333,6.5,4,5.66666666666667,4.66666666666667,1.38888888888889,5.5,5.75,5.75,5.66666666666667,4.66666666666667,0.263888888888888,1,0,"Control",0,1,1,0,1,0,0,"279"
280,57,0,11,"A1","A1","A1","A1","A2","A2",NA,"A2",NA,"A2",NA,0,"A3","A3",NA,"A3",NA,"A3",NA,49,NA,NA,3,4,4,6,4,4,5,7,4,2,7,7,7,7,7,7,6,4,4,5,6,7,3,5,4,6,5,4,4,6,7,4,4,7,7,6,7,7,7,7,3,1,7,7,6,4,0,1,0.142857142857143,1,0.142857142857143,0,4,3,5,6,6,4,7,7,4,4,7,7,7,7,7,7,7,4,4,5,6,6,5,5,250,0,0,3,300,1,5,250,"A2",0,0,0,0,0,0,0,0,4,4,2,5,4,4,6,7,4,5,7,7,7,7,7,7,7,5,6,7,7,7,4,0,5,250,4,400,0,0,4,9,650,"A2",0,0,0,0,0,0,1,0,2,0,0,7,4,4,0,16,59,4,10,4.16666666666667,4.5,7,6.66666666666667,4.33333333333333,-1.66666666666667,4.66666666666667,5.25,6.75,7,3.66666666666667,-0.847222222222222,4.66666666666667,5.5,7,7,4.33333333333333,-1.02777777777778,3.83333333333333,5.5,7,7,6,-2,0,0,"Control",0,0,1,1,1,0,0,"280"
281,21,0,12,"A1","A1","A1","A1","A3","A3",NA,"A3",NA,"A3",NA,0,"A3","A3",NA,"A3",NA,"A3",NA,36,NA,NA,5,2,5,7,5,5,7,5,2,5,3,3,5,2,7,5,7,5,5,5,2,6,3,7,3,6,7,4,6,5,5,1,5,5,5,2,5,7,6,7,6,5,2,3,6,4,0,1,0.285714285714286,1,0.142857142857143,0,6,3,5,6,4,7,7,5,1,5,4,5,3,6,6,6,7,5,5,2,3,6,4,14,975,0,0,2,175,2,14,975,"A2",0,1,0,1,0,0,0,0,5,3,5,5,4,6,5,5,1,5,4,5,5,6,6,6,6,5,5,2,2,5,4,0,7,650,0,0,6,650,1,7,650,"A3",0,1,0,1,0,0,0,0,0,1,0,6,5,4,0,11,45,2.66666666666667,6,4.83333333333333,4.75,3.25,6.33333333333333,5,-0.0694444444444446,5.5,4,4.25,6.66666666666667,4.33333333333333,-0.333333333333333,5.16666666666667,4.5,4.5,6.33333333333333,4,-0.11111111111111,4.66666666666667,4,5,6,4,-0.666666666666666,0,0,"Control",0,1,0,0,1,0,0,"281"
282,20,0,11,"A1","A1","A1","A1","A3","A3",NA,"A3",NA,"A3",NA,0,"A2","A2",NA,"A2",NA,"A2",NA,7,NA,NA,1,1,1,1,1,1,5,4,1,4,7,4,5,4,7,7,7,7,7,7,7,4,4,4,3,1,7,3,6,7,4,7,7,5,4,7,1,7,7,7,7,1,1,4,1,4,0,1,0.142857142857143,1,0.285714285714286,0,4,6,4,7,4,7,7,4,5,7,6,4,5,1,7,7,7,1,1,1,5,1,4,18,510,5,500,0,0,0,23,1010,"A2",0,0,0,0,0,0,0,1,4,4,1,6,4,4,7,5,7,7,7,4,4,4,7,7,7,1,1,4,7,4,4,0,1,100,4,500,2,200,0,5,600,"A2",0,0,0,0,0,0,0,0,0,1,0,7,4,4,0,16,55,4.33333333333333,10,1,3.5,5,7,7,-4.08333333333333,4,6.25,4.25,7,3,0.375,5.33333333333333,5.75,4,7,1,1.54166666666667,3.83333333333333,6.5,4.75,7,2,0.583333333333334,0,0,"Control",1,1,0,0,1,0,0,"282"
283,33,0,12,"A1","A1","A1","A1","A3","A3",NA,"A3",NA,"A3",NA,0,"A1","A1",0,"A1",0.142857142857143,"A2",NA,8,NA,NA,7,4,2,7,7,5,7,5,3,4,3,5,3,3,7,5,5,3,2,2,2,4,5,4,5,5,5,5,7,5,5,7,7,2,4,3,3,5,5,6,4,4,4,3,3,5,0,1,0.285714285714286,1,0.428571428571429,0,5,4,5,5,5,5,5,5,5,7,4,2,2,4,5,5,5,5,5,5,3,3,5,4,200,0,0,0,0,0,4,200,"A2",0,1,1,1,0,0,0,0,5,5,6,6,4,7,7,7,6,7,3,3,2,2,4,4,4,4,5,3,4,5,5,0,5,200,3,500,0,0,5,8,700,"A1",1,1,1,1,1,0,0,0,1,1,1,6,7,7,0,11.5,59,3,9,5.33333333333333,4.75,3.5,5.66666666666667,2.33333333333333,1.20833333333333,5.16666666666667,6,3,5.33333333333333,4,1.47222222222222,4.83333333333333,5.5,3,5,5,0.833333333333333,5.5,6.75,2.5,4,4,2.625,1,0,"Control",0,0,0,1,1,0,0,"283"
284,61,0,15,"A2","A1","A1","A1","A3","A3",NA,"A3",NA,"A3",NA,0,"A3","A3",NA,"A3",NA,"A3",NA,22,NA,NA,5,4,5,5,5,6,5,5,4,5,4,4,4,3,5,4,4,3,3,3,3,3,6,5,3,5,5,5,5,3,4,3,3,3,3,3,3,4,4,4,3,4,3,4,3,5,0,1,0.285714285714286,1,0,0,5,3,5,3,5,5,3,3,4,4,3,3,3,1,4,4,4,3,3,3,4,3,3,2,100,1,100,2,200,1,3,200,"A2",0,1,0,0,0,1,0,0,5,4,5,5,5,5,5,5,4,4,3,3,3,3,4,4,4,3,4,3,4,4,5,0,0,0,1,100,1,100,2,1,100,"A3",1,1,1,1,0,1,0,0,1,1,1,5,5,4,0,15,49,3.66666666666667,9.5,5,4.75,3.75,4.33333333333333,3,1.18055555555556,4.66666666666667,3.25,3,4,3.33333333333333,0.513888888888889,4.33333333333333,3.5,2.5,4,3,0.75,4.83333333333333,4.5,3,4,3.33333333333333,1.22222222222222,1,0,"Control",0,1,1,1,1,0,0,"284"
285,33,0,15,"A1","A1","A1","A1","A2","A2",NA,"A2",NA,"A2",NA,0,"A2","A2",NA,"A2",NA,"A2",NA,18,NA,NA,4,4,3,4,4,4,4,3,3,3,5,5,5,4,5,5,5,4,4,5,4,4,4,4,6,4,7,4,5,5,5,3,4,6,6,5,4,7,6,6,5,5,5,6,4,4,0,1,0.428571428571429,1,0.285714285714286,0,5,6,5,6,4,5,5,4,3,4,5,5,5,4,7,6,6,5,5,4,5,4,4,2,62.5,4,250,5,475,0,6,312.5,"A2",0,1,0,0,0,0,0,1,4,4,4,5,4,4,5,4,3,4,5,5,5,4,6,5,5,4,4,5,5,4,4,0,3,62.5,4,400,3,225,0,7,462.5,"A2",0,0,1,0,0,0,0,1,1,0,1,5,3,3,0,15,51,3.66666666666667,6,3.83333333333333,3.25,4.75,5,4.33333333333333,-1.15277777777778,5,4.25,5.25,6.33333333333333,5,-0.902777777777778,5.16666666666667,4,4.75,6.33333333333333,4.66666666666667,-0.666666666666666,4.16666666666667,4,4.75,5.33333333333333,4.33333333333333,-0.722222222222221,0,0,"Control",0,0,1,0,1,0,0,"285"
286,54,0,15,"A1","A1","A1","A1","A2","A2",NA,"A2",NA,"A2",NA,0,"A3","A3",NA,"A3",NA,"A3",NA,15,NA,NA,1,5,1,5,4,5,5,5,4,5,5,5,5,5,5,5,5,5,4,4,5,4,4,2,4,3,5,4,6,5,5,5,4,5,6,5,6,6,6,6,5,4,5,5,3,5,0,0,NA,0,NA,0,4,4,3,5,4,6,5,5,5,5,6,6,6,5,6,6,6,5,4,5,5,3,5,9,500,4,400,3,300,2,13,900,"A2",0,0,0,0,1,0,0,0,3,4,3,5,4,6,6,5,4,5,6,5,6,6,6,6,6,5,4,5,5,3,5,0,7,400,5,500,2,200,1,12,900,"A2",0,0,0,0,0,0,0,0,2,0,0,5,4,4,0,13.5,55,4.33333333333333,8,3.5,4.75,5,5,4.33333333333333,-0.652777777777778,4,4.75,5.5,6,4.66666666666667,-1.01388888888889,4.33333333333333,5,5.75,6,4.66666666666667,-0.805555555555556,4.16666666666667,5,5.75,6,4.66666666666667,-0.888888888888888,0,0,"Control",0,1,1,0,1,0,0,"286"
287,33,1,14,"A1","A1","A1","A1","A2","A2",NA,"A2",NA,"A2",NA,0,"A1","A1",0.428571428571429,"A1",0.285714285714286,"A2",NA,31,NA,NA,3,2,2,5,4,3,5,5,3,3,5,5,5,5,5,4,6,4,1,3,3,5,3,3,3,4,5,4,6,7,5,3,5,5,5,5,3,7,4,6,5,3,4,5,6,4,0,1,0.285714285714286,1,0.142857142857143,0,5,4,4,5,4,6,7,4,3,5,5,5,5,5,7,4,5,5,1,3,5,5,4,9,1075,0,0,2,200,4,9,1075,"A2",0,0,0,0,1,0,0,0,6,4,4,5,4,5,7,5,3,5,5,6,5,5,6,6,6,5,1,3,3,7,5,0,6,450,2,220,3,420,0,8,670,"A2",1,1,0,0,0,0,1,1,1,1,0,7,7,5,0,18,49,4.33333333333333,6,3.16666666666667,4,5,5,2.66666666666667,-0.638888888888889,4.16666666666667,5,4.5,5.66666666666667,4,-0.138888888888888,4.66666666666667,4.75,5,5.33333333333333,3,0.26388888888889,4.66666666666667,5,5.25,6,3,0.0833333333333339,0,0,"Control",0,1,0,0,1,0,0,"287"
288,22,0,15,"A4","A2","A1","A1","","",NA,"A4",NA,"",NA,0,"A4","A4",NA,"A4",NA,"A4",NA,99,NA,NA,7,4,7,6,4,7,7,7,2,3,2,2,2,1,6,5,4,2,3,1,2,2,6,7,4,7,6,4,7,7,6,2,5,2,2,2,2,6,5,4,2,2,1,2,2,6,0,2,NA,2,NA,0,7,4,7,6,6,7,7,7,1,5,2,2,2,2,6,6,4,2,2,1,2,2,6,2,37.5,0,0,1,75,2,2,37.5,"A3",1,2,0,0,1,0,0,1,7,4,6,5,5,7,6,6,1,4,2,2,2,2,6,5,4,2,2,1,2,2,6,0,0,0,0,0,0,0,0,0,0,"A2",0,2,2,2,2,0,0,1,2,2,2,5,3,3,0,11.5,55,4,8,5.83333333333333,4.75,1.75,5,2,2.375,5.83333333333333,5,2,5,1.66666666666667,2.52777777777778,6.16666666666667,5,2,5.33333333333333,1.66666666666667,2.58333333333333,5.66666666666667,4.25,2,5,1.66666666666667,2.06944444444445,1,0,"Control",0,1,1,0,1,0,0,"288"
289,57,0,14,"A1","A1","A1","A1","A3","A3",NA,"A3",NA,"A3",NA,0,"A1","A1",0.107142857142857,"A1",0.142857142857143,"A3",NA,54,NA,NA,4,3,5,5,5,5,6,7,7,7,4,3,3,6,7,5,5,3,1,7,4,1,7,7,7,7,7,7,1,7,7,7,7,1,1,1,1,7,1,5,1,1,1,6,1,7,0,0,NA,0,NA,0,7,7,7,7,7,1,7,7,7,7,7,1,1,1,7,1,5,1,7,1,1,1,7,3,300,1,100,0,0,1,4,400,"A2",1,0,0,1,0,0,0,1,7,7,7,7,7,1,7,7,7,7,1,1,1,1,7,7,5,1,1,1,1,1,7,0,0,0,0,0,0,0,1,0,0,"A2",0,1,1,1,0,0,0,0,1,1,1,7,7,7,0,9.5,57,4.33333333333333,10,4.5,6.75,4,5.66666666666667,3.66666666666667,1.18055555555556,6,7,1,4.33333333333333,1,4.38888888888889,6,7,2.5,4.33333333333333,3,3.22222222222222,6,7,1,6.33333333333333,1,3.72222222222222,1,0,"Control",1,1,0,0,1,0,0,"289"
290,52,0,17,"A4","A2","A2","A2","","A4",NA,"A4",NA,"A4",NA,0,"A4","A4",NA,"A4",NA,"A4",NA,55,NA,NA,5,5,4,6,5,6,7,7,7,7,1,4,3,4,2,3,4,3,2,2,4,2,6,5,7,4,6,4,6,7,7,7,7,1,2,4,4,4,3,4,4,1,2,4,3,5,0,2,NA,2,NA,0,5,6,4,5,4,7,7,7,7,7,2,2,2,4,4,3,4,2,2,1,4,2,5,0,0,0,0,0,0,4,0,0,"A2",0,2,2,2,0,0,0,0,5,6,4,5,5,7,7,7,7,7,3,5,5,4,4,3,4,1,1,4,4,2,5,0,0,0,0,0,0,0,1,0,0,"A2",0,2,2,2,0,0,0,0,2,2,2,5,4,4,0,14,51,4,9,5.16666666666667,7,3,3,2.33333333333333,3.30555555555556,5.33333333333333,7,2.75,3.66666666666667,2.33333333333333,3.25,5.16666666666667,7,2.5,3.66666666666667,1.66666666666667,3.47222222222222,5.33333333333333,7,4.25,3.66666666666667,2,2.86111111111111,1,0,"Control",0,0,0,0,0,0,0,"290"
291,51,0,15,"A1","A1","A1","A1","A3","A3",NA,"A3",NA,"A3",NA,0,"A1","A1",0.142857142857143,"A1",0.285714285714286,"A1",0.285714285714286,62,NA,NA,5,7,5,5,4,5,6,7,4,4,3,3,3,3,5,5,6,2,1,3,5,7,4,7,7,7,7,4,6,7,7,5,5,4,4,4,3,4,5,5,2,1,2,3,5,5,0,1,0.142857142857143,1,0.285714285714286,0,6,6,7,5,4,5,6,6,5,5,4,4,2,3,4,5,5,2,1,2,4,5,5,3,150,2,200,4,300,2,5,350,"A1",0,1,0,0,0,0,0,1,7,7,7,6,6,6,5,7,5,4,3,3,4,2,4,5,5,1,1,1,3,5,5,0,1,50,3,275,1,100,2,4,325,"A2",0,1,0,0,1,0,1,0,2,1,1,6,5,5,0,12.5,54,4.66666666666667,9.5,5.16666666666667,5.25,3,5.33333333333333,2,1.76388888888889,6.33333333333333,6,3.75,4.66666666666667,1.66666666666667,2.80555555555555,5.5,5.5,3.25,4.66666666666667,1.66666666666667,2.30555555555556,6.5,5.25,3,4.66666666666667,1,2.98611111111111,1,0,"Control",0,1,1,0,1,0,0,"291"
292,59,0,14,"A1","A1","A1","A1","A2","A2",NA,"A2",NA,"A2",NA,0,"A2","A2",NA,"A2",NA,"A2",NA,15,NA,NA,3,2,2,5,4,4,4,4,5,5,5,5,5,5,6,6,6,6,5,6,6,5,4,1,2,3,5,2,4,5,4,7,7,5,5,6,6,6,6,6,5,6,5,5,4,3,0,1,0.285714285714286,1,0.428571428571429,0,5,2,3,5,4,6,6,4,7,7,5,5,5,4,5,6,6,5,4,3,4,4,3,5,250,9,852,2,150,2,14,1102,"A2",0,0,0,0,0,0,0,0,3,3,4,2,4,5,5,4,7,7,5,5,5,4,5,6,5,5,4,5,5,4,3,0,4,250,2,200,1,100,1,6,450,"A2",1,1,1,0,0,0,1,0,1,1,1,5,4,5,0,14,51,4.33333333333333,9.5,3.33333333333333,4.5,5,6,5.66666666666667,-1.63888888888889,2.83333333333333,5.75,5.5,6,5.33333333333333,-1.31944444444444,4.16666666666667,6,4.75,5.66666666666667,4,0.277777777777778,3.5,5.75,4.75,5.33333333333333,4.66666666666667,-0.291666666666667,0,0,"Control",1,1,1,0,1,0,0,"292"
293,33,0,17,"A1","A1","A1","A1","A2","A2",NA,"A2",NA,"A2",NA,0,"A1","A1",0.107142857142857,"A3",NA,"A2",NA,20,NA,NA,3,3,5,7,3,3,6,5,4,5,3,4,4,3,2,5,7,6,5,7,5,7,4,7,3,5,7,5,5,2,7,2,7,4,4,5,7,7,7,7,7,1,7,7,7,5,0,1,0.142857142857143,1,0.142857142857143,0,5,2,6,7,4,7,6,7,3,6,5,5,6,7,4,6,7,7,1,6,7,5,5,7,450,1,100,3,420,0,8,550,"A2",0,1,0,1,0,1,0,0,7,3,4,6,5,7,5,6,4,7,4,5,5,6,5,6,7,7,2,7,7,5,5,0,3,250,3,300,2,350,1,6,550,"A2",0,0,0,1,0,0,0,1,1,0,1,6,5,4,0,17,38,4.33333333333333,8,4,5,3.5,4.66666666666667,6,-0.222222222222222,5.33333333333333,4.5,5,7,5,-0.750000000000001,5.16666666666667,5.5,5.75,5.66666666666667,4.66666666666667,-0.0277777777777777,5.33333333333333,5.5,5,6,5.33333333333333,-0.0277777777777777,0,0,"Control",0,1,1,1,1,0,0,"293"
294,60,1,17,"A1","A1","A2","A1","A2","A2",NA,"A2",NA,"A2",NA,0,"A1","A1",0.428571428571429,"A1",0.428571428571429,"A1",0.285714285714286,54,NA,NA,3,2,2,4,4,6,7,7,3,3,5,5,5,5,5,6,6,5,5,5,3,2,4,2,5,5,5,5,7,7,6,7,7,5,4,2,2,4,7,7,2,2,2,3,1,5,0,1,0.285714285714286,1,0.428571428571429,0,5,5,5,5,6,7,7,6,7,4,6,6,2,2,4,6,6,5,5,4,1,2,2,0,0,3,380,0,0,3,3,380,"A2",0,1,2,1,0,0,0,0,3,4,5,5,4,7,7,7,6,5,5,4,2,2,5,6,6,5,4,3,3,2,5,0,4,150,0,0,2,280,0,4,150,"A2",0,1,1,1,0,0,0,0,1,2,1,6,6,4,1,15,54,4,7,3.5,5,5,5.66666666666667,5,-0.972222222222222,4.83333333333333,6.75,3.25,6,2,2.04166666666667,5.5,6,4,5.33333333333333,4.66666666666667,1.08333333333333,4.66666666666667,6.25,3.25,5.66666666666667,4,1.15277777777778,0,0,"Control",1,0,0,0,1,0,0,"294"
295,50,0,15,"A1","A1","A1","A1","A2","A2",NA,"A2",NA,"A2",NA,0,"A3","A3",NA,"A3",NA,"A3",NA,17,NA,NA,5,2,4,5,3,3,5,5,3,3,5,5,3,5,7,7,7,1,1,5,4,5,3,5,3,4,5,5,5,5,6,2,3,5,5,5,3,7,7,7,2,2,7,5,5,3,0,1,0.142857142857143,1,0.428571428571429,0,5,2,6,5,2,5,6,6,2,2,6,5,5,4,7,7,7,2,2,6,5,7,2,2,150,3,320,1,100,1,5,470,"A2",0,0,0,0,0,0,0,0,5,3,5,5,2,3,5,5,2,2,5,5,5,4,7,7,7,1,2,7,5,7,3,0,0,0,3,320,0,0,4,3,320,"A2",0,1,0,0,0,0,0,0,2,1,2,5,4,2,0,13,60,4.66666666666667,9.5,3.66666666666667,4,4.5,7,2.33333333333333,-0.777777777777779,4.5,4,4.5,7,3.66666666666667,-0.805555555555555,4.16666666666667,4,5,7,3.33333333333333,-1.02777777777778,3.83333333333333,3.5,4.75,7,3.33333333333333,-1.36111111111111,0,0,"Control",0,1,1,1,1,0,0,"295"
296,39,0,14,"A1","A1","A1","A1","A2","A2",NA,"A2",NA,"A2",NA,0,"A1","A1",0,"A3",NA,"A3",NA,30,NA,NA,5,4,3,5,3,5,6,7,1,1,5,6,5,7,4,4,7,1,4,4,4,4,4,2,5,7,7,3,7,7,7,3,3,5,5,5,6,3,6,7,3,3,3,5,3,3,0,1,0,1,0,0,5,5,5,7,4,7,7,7,3,3,5,5,5,5,4,5,7,3,3,3,3,3,4,0,0,4,400,1,200,2,4,400,"A2",0,0,2,0,1,0,0,0,3,5,4,7,4,7,7,7,4,4,5,6,5,5,4,5,6,3,3,4,4,3,5,0,0,0,6,700,2,200,2,6,700,"A2",0,0,2,1,1,1,1,0,2,0,2,7,5,5,0,13,50,4.33333333333333,9,4.16666666666667,3.75,5.75,5,3,-0.625,5.16666666666667,5,5.25,5.33333333333333,3,0.555555555555556,5.5,5,5,5.33333333333333,3,0.805555555555556,5,5.5,5.25,5,3.33333333333333,0.722222222222222,0,0,"Control",0,0,0,0,1,0,0,"296"
297,56,1,14,"A2","A1","A1","A1","A3","A3",NA,"A3",NA,"A3",NA,0,"A3","A3",NA,"A3",NA,"A3",NA,43,NA,NA,4,5,5,6,5,6,6,7,5,5,1,1,1,1,4,7,5,2,1,1,1,1,7,6,6,6,6,6,6,7,6,6,6,3,3,3,3,5,7,5,2,2,5,3,3,6,0,1,0.142857142857143,1,0.142857142857143,0,6,6,6,6,6,6,6,6,6,6,3,3,3,3,5,6,4,2,2,2,4,2,6,1,100,0,0,1,200,0,1,100,"A2",0,0,0,0,0,0,0,0,5,5,5,5,5,6,5,6,6,6,2,3,2,2,6,6,5,2,2,2,2,2,6,0,2,50,0,0,0,0,0,2,50,"A3",0,0,0,0,0,0,0,0,2,1,0,5,5,5,0,13.5,28,3.33333333333333,10,5.16666666666667,5.75,1,5.33333333333333,1.33333333333333,2.90277777777778,6,6.25,3,5.66666666666667,3,2.23611111111111,6,6,3,5,2,2.66666666666667,5.16666666666667,5.75,2.25,5.66666666666667,2,2.15277777777778,1,0,"Control",0,0,1,0,1,0,0,"297"
298,43,0,15,"A1","A1","A1","A1","A1","A1",0.142857142857143,"A1",0.142857142857143,"A2",NA,0,"A1","A1",0.285714285714286,"A1",0.142857142857143,"A1",0.285714285714286,25,NA,NA,5,3,5,6,5,4,7,7,5,5,4,4,3,5,5,6,6,4,3,4,4,4,5,5,4,6,6,5,4,6,6,6,6,4,4,4,5,6,5,5,5,4,4,4,4,6,0,1,0.285714285714286,1,0.142857142857143,0,6,4,6,6,4,5,7,7,7,7,3,3,3,4,4,6,5,5,4,4,4,4,6,6,275,4,300,2,150,3,10,575,"A3",1,0,0,0,0,0,0,0,5,4,5,5,4,5,7,7,6,6,3,3,3,4,5,5,5,4,4,3,2,4,5,0,0,0,0,0,1,50,4,0,0,"A3",1,1,1,1,1,0,1,0,1,1,1,6,5,5,0,15,39,3.66666666666667,7,4.66666666666667,6,4,5.66666666666667,3.66666666666667,0.888888888888889,5,6,4.25,5.33333333333333,4.33333333333333,0.861111111111112,5.16666666666667,7,3.25,5,4.33333333333333,1.88888888888889,4.66666666666667,6.5,3.25,5,3.66666666666667,1.61111111111111,1,0,"Control",1,1,1,1,1,0,0,"298"
299,23,0,15,"A5","A2","A2","A2","","A4",NA,"A4",NA,"A4",NA,0,"A4","A4",NA,"A4",NA,"A4",NA,57,NA,NA,7,6,7,7,4,7,7,7,6,7,1,1,2,1,3,7,6,2,1,1,2,1,5,6,6,7,7,4,7,7,6,7,7,1,1,2,1,3,7,6,1,1,1,1,1,5,0,2,NA,2,NA,0,6,7,7,7,4,7,7,6,7,7,1,1,2,1,2,7,6,1,1,1,2,1,5,0,0,0,0,0,0,0,0,0,"A2",0,2,2,2,2,1,0,0,7,6,7,7,4,7,7,6,7,7,1,1,2,1,3,7,5,1,1,1,1,1,5,0,0,0,0,0,0,0,0,0,0,"A2",0,2,2,2,2,0,0,0,2,2,2,5,4,1,0,11.5,26,4.33333333333333,10,6.33333333333333,6.75,1.25,5.33333333333333,1.33333333333333,3.90277777777778,6.16666666666667,6.75,1.25,5.33333333333333,1,3.93055555555556,6.33333333333333,6.75,1.25,5,1,4.125,6.33333333333333,6.75,1.25,5,1,4.125,1,0,"Control",0,0,0,0,0,0,0,"299"
300,50,0,15,"A1","A1","A1","A1","A2","A2",NA,"A2",NA,"A2",NA,0,"A1","A1",0.571428571428571,"A3",NA,"A2",NA,79,NA,NA,3,2,1,7,3,3,3,6,4,3,5,5,5,7,5,7,7,7,1,7,5,4,3,4,4,2,6,5,7,7,7,5,5,5,7,6,7,5,7,7,7,6,7,7,5,3,0,1,0.428571428571429,0,NA,0,4,4,3,7,3,6,6,6,5,4,7,7,7,7,7,7,7,7,6,5,6,7,3,3,230,5,500,4,400,4,8,730,"A2",0,0,0,0,0,0,0,0,3,3,2,5,3,6,5,6,5,4,6,7,5,7,7,7,7,5,4,5,5,5,3,0,2,100,2,300,0,0,1,4,400,"A2",0,1,0,0,0,0,0,0,1,1,1,7,5,4,0,18,58,4.33333333333333,10,3.16666666666667,4,5.5,6.33333333333333,5,-2.02777777777778,4.66666666666667,6,6.25,6.33333333333333,6.66666666666667,-1.08333333333333,4.5,5.25,7,7,6,-1.79166666666667,3.66666666666667,5,6.25,7,4.66666666666667,-1.63888888888889,0,0,"Control",1,1,1,0,1,0,0,"300"
301,55,0,11,"A1","A1","A1","A1","A3","A3",NA,"A3",NA,"A3",NA,0,"A1","A1",0.285714285714286,"A1",0.142857142857143,"A2",NA,65,NA,NA,4,4,7,7,4,7,7,7,4,7,7,7,7,6,7,7,7,6,7,7,7,4,4,7,7,7,7,7,7,7,7,7,7,7,7,7,4,7,7,7,6,7,4,5,3,7,0,2,NA,0,NA,0,7,7,7,7,6,7,7,6,7,7,6,7,6,4,7,7,7,6,7,2,7,2,7,1,50,5,300,7,500,1,6,350,"A2",0,0,0,0,0,0,1,0,7,4,7,7,7,7,7,5,4,7,4,7,5,4,7,7,7,5,6,5,7,4,7,0,1,100,1,100,11,600,1,2,200,"A2",0,1,1,0,0,0,0,0,1,1,1,7,7,7,0,15,37,4.33333333333333,10,5.5,6.25,6.75,7,6.66666666666667,-0.930555555555556,7,7,6.25,7,5.66666666666667,0.694444444444444,6.83333333333333,6.75,5.75,7,5,0.874999999999999,6.5,5.75,5,7,5.33333333333333,0.347222222222222,0,0,"Control",1,0,0,0,1,0,0,"301"
302,26,1,15,"A2","A1","A1","A1","A1","A1",0,"A1",0,"A1",0.142857142857143,0,"A1","A1",0.107142857142857,"A1",0.142857142857143,"A1",0.285714285714286,46,NA,NA,5,4,4,4,5,4,5,5,5,5,4,3,3,3,5,4,5,3,2,2,4,3,5,5,5,5,4,4,4,5,5,5,4,4,4,4,3,4,3,4,2,2,5,4,5,6,0,1,0.142857142857143,1,0.142857142857143,0,5,5,5,4,5,4,5,5,5,5,4,4,4,3,5,3,4,2,2,3,4,4,6,4,325,1,75,3,250,1,5,400,"A2",0,0,0,0,0,0,0,0,5,5,4,5,5,4,6,6,5,5,4,3,4,4,5,3,5,3,2,3,4,4,5,0,3,125,2,280,5,450,1,5,405,"A2",0,0,0,0,0,0,0,1,2,0,0,5,4,4,0,10,42,3.33333333333333,6.5,4.33333333333333,5,3.25,4.66666666666667,2.33333333333333,1.25,4.5,4.75,3.75,3.66666666666667,3,1.15277777777778,4.66666666666667,5,3.75,4,2.33333333333333,1.47222222222222,4.66666666666667,5.5,3.75,4.33333333333333,2.66666666666667,1.5,1,0,"Control",0,1,0,0,1,0,0,"302"
303,51,1,20,"A1","A1","A1","A1","A1","A1",0.285714285714286,"A1",0.428571428571429,"A1",0.285714285714286,0,"A1","A1",0.571428571428571,"A1",0.428571428571429,"A3",NA,15,NA,NA,5,5,6,6,7,7,7,4,5,6,3,3,2,5,4,6,5,5,5,4,4,5,4,5,3,3,5,5,5,6,6,7,6,3,2,3,5,3,6,5,5,6,3,5,5,3,0,1,0.428571428571429,1,0.428571428571429,0,5,3,4,5,5,5,6,6,6,7,3,3,2,5,3,7,3,5,5,3,5,5,3,7,500,3,200,1,180,4,10,700,"A2",0,0,0,0,0,0,0,0,5,5,5,5,5,6,6,6,7,7,3,3,4,3,2,6,5,3,6,4,3,5,4,0,2,200,1,200,6,600,3,3,400,"A2",0,0,0,0,0,0,0,0,1,1,1,7,6,5,0,11,50,3.66666666666667,8,6,5.5,3.25,5,4.66666666666667,1.44444444444444,4.33333333333333,6.25,3.25,4.66666666666667,4.66666666666667,1.09722222222222,4.5,6.25,3.25,4.33333333333333,4.33333333333333,1.40277777777778,5.16666666666667,6.5,3.25,4.33333333333333,4.33333333333333,1.86111111111111,1,0,"Control",1,1,0,0,1,0,0,"303"
304,61,0,14,"A2","A1","A1","A1","A1","A1",0.428571428571429,"A1",0.142857142857143,"A3",NA,0,"A3","A3",NA,"A3",NA,"A3",NA,29,NA,NA,7,4,2,4,6,7,7,7,4,2,2,2,2,4,4,3,5,1,4,5,4,2,6,6,5,4,5,4,6,6,5,6,6,4,4,4,4,4,7,6,3,4,2,4,4,5,0,0,NA,0,NA,0,4,5,4,5,4,6,6,5,7,6,4,4,4,4,5,7,6,3,4,2,3,4,4,6,300,2,100,0,0,2,8,400,"A3",0,0,0,1,0,0,0,0,4,4,4,4,4,7,6,6,4,7,4,4,4,3,7,6,5,2,4,2,4,4,7,0,1,100,3,300,0,0,1,4,400,"A2",0,1,1,0,0,0,0,0,2,0,0,6,2,2,0,15,47,4,7.5,5,5,2.5,4,3.33333333333333,1.72222222222222,5,5.75,4,5.66666666666667,3,1.15277777777778,4.66666666666667,6,4,6,3,1,4.5,5.75,3.75,6,2.66666666666667,0.986111111111112,1,0,"Control",0,1,0,0,1,0,0,"304"
305,24,0,17,"A5","A2","A2","A2","","A4",NA,"A4",NA,"A4",NA,0,"A4","A4",NA,"A4",NA,"A4",NA,33,NA,NA,7,7,6,7,7,7,7,7,5,7,1,1,1,2,3,5,4,1,1,1,1,1,7,7,7,7,7,7,7,7,7,5,7,1,1,1,1,4,5,4,1,1,1,1,1,7,0,2,NA,2,NA,0,7,7,7,7,7,6,7,6,5,6,1,1,1,1,4,5,3,1,1,1,2,1,7,0,0,0,0,0,0,0,0,0,"A1",0,2,2,2,2,0,0,0,7,7,7,7,7,7,7,7,5,7,1,1,1,1,4,4,4,1,1,1,1,3,7,0,0,0,0,0,0,0,0,0,0,"A2",0,2,2,2,2,0,0,0,1,2,2,4,4,4,0,8,45,4,9.5,6.83333333333333,6.5,1.25,4,1,4.58333333333333,7,6.5,1,4.33333333333333,1,4.63888888888889,6.83333333333333,6,1,4,1,4.41666666666667,7,6.5,1,4,1,4.75,1,0,"Control",0,0,0,0,0,0,0,"305"
306,47,0,11,"A1","A1","A1","A1","A3","A3",NA,"A3",NA,"A3",NA,0,"A1","A1",0.571428571428571,"A1",0.142857142857143,"A3",NA,48,NA,NA,3,3,4,5,4,3,5,5,5,7,5,5,6,6,5,7,7,6,5,4,7,5,4,4,5,3,5,4,5,6,5,6,7,5,5,5,4,5,6,5,6,4,4,7,5,4,0,1,0.285714285714286,1,0.142857142857143,0,4,5,5,5,4,6,7,6,7,7,5,5,4,4,5,5,5,4,4,4,6,4,4,4,375,1,100,7,450,0,5,475,"A2",0,0,0,0,0,0,0,0,4,4,5,5,4,5,6,5,6,7,4,4,4,5,5,5,5,5,3,4,6,4,5,0,8,600,0,0,2,200,0,8,600,"A2",0,0,0,0,0,0,0,0,1,0,0,5,5,5,0,16.5,41,4,9.5,3.66666666666667,5.5,5.5,6.33333333333333,5,-1.02777777777778,4.33333333333333,6,4.75,5.33333333333333,4.66666666666667,0.249999999999999,4.83333333333333,6.75,4.5,5,4,1.29166666666667,4.5,6,4.25,5,4,0.833333333333333,0,0,"Control",1,0,1,0,1,0,0,"306"
307,46,0,12,"A1","A1","A1","A1","A2","A2",NA,"A2",NA,"A2",NA,0,"A2","A2",NA,"A2",NA,"A2",NA,20,NA,NA,4,2,4,5,4,4,4,4,3,3,5,5,5,5,5,4,4,5,3,4,4,4,4,3,5,4,3,4,5,5,4,3,3,5,5,5,4,5,4,4,5,3,4,4,3,4,0,0,NA,1,0.142857142857143,0,3,5,4,4,4,4,5,5,3,3,5,5,5,4,5,4,4,5,3,4,5,4,4,6,450,3,300,2,200,0,9,750,"A2",0,0,0,0,0,0,0,0,4,4,4,2,3,4,4,5,3,3,3,5,4,5,5,4,4,5,4,4,4,3,4,0,6,300,1,100,0,0,1,7,400,"A2",0,0,0,0,0,0,0,0,0,0,0,4,3,3,0,13.5,48,3.66666666666667,7,3.83333333333333,3.5,5,4.33333333333333,4,-0.777777777777777,4,3.75,4.75,4.33333333333333,4,-0.486111111111111,4,4,4.75,4.33333333333333,4,-0.361111111111111,3.5,3.75,4.25,4.33333333333333,4.33333333333333,-0.680555555555554,0,0,"Control",1,0,1,1,1,0,0,"307"
308,29,0,17,"A1","A1","A1","A1","A1","A1",0.107142857142857,"A1",0.428571428571429,"A2",NA,0,"A1","A3",NA,"A1",0.428571428571429,"A3",NA,58,NA,NA,5,4,5,5,5,7,7,5,5,7,3,3,3,4,6,5,7,4,3,4,3,3,7,5,4,5,6,6,7,7,7,6,7,3,3,3,5,5,6,7,4,3,4,2,1,6,0,1,0.142857142857143,1,0.428571428571429,0,6,4,5,6,6,7,7,7,6,7,3,3,2,5,5,6,7,3,3,4,2,1,7,2,75,3,300,2,200,0,5,375,"A2",0,0,0,0,0,0,0,0,5,4,5,5,6,7,6,6,6,7,2,2,3,5,5,6,7,3,3,3,2,1,7,0,1,50,4,500,0,0,0,5,550,"A1",1,0,0,1,0,0,0,1,0,0,0,5,4,4,0,9,51,3.66666666666667,9,5.16666666666667,6,3.25,6,3.66666666666667,1.27777777777778,5.5,6.75,3.5,6,3.66666666666667,1.73611111111111,5.66666666666667,6.75,3.25,6,3.33333333333333,2.01388888888889,5.33333333333333,6.25,3,6,3,1.79166666666667,1,0,"Control",0,1,1,0,1,0,0,"308"
309,49,0,15,"A2","A1","A1","A1","A1","A1",0.285714285714286,"A1",0.285714285714286,"A1",0.285714285714286,0,"A1","A1",0.142857142857143,"A1",0.142857142857143,"A1",0.285714285714286,38,NA,NA,5,5,6,6,5,5,5,6,4,6,4,5,3,4,5,3,4,2,2,2,5,3,5,6,6,4,6,6,3,4,5,4,5,4,5,5,4,5,2,5,1,1,1,2,3,6,0,1,0.142857142857143,1,0.142857142857143,0,6,6,6,5,6,3,5,4,5,6,5,4,2,4,5,2,4,1,1,1,5,2,7,2,75,2,175,0,0,1,4,250,"A2",0,0,1,1,0,0,0,0,5,4,5,6,6,3,4,4,3,5,4,4,2,2,5,3,4,1,1,1,5,2,7,0,1,12.5,1,75,1,75,1,2,87.5,"A1",0,1,1,1,0,0,0,1,1,0,1,5,5,5,0,13,58,3.66666666666667,8,5.33333333333333,5.25,4,4,2,1.95833333333333,5.16666666666667,4.5,4.5,4,1,1.66666666666667,5.33333333333333,5,3.75,3.66666666666667,1,2.36111111111111,4.83333333333333,4,3,4,1,1.75,1,0,"Control",1,1,0,0,1,0,0,"309"
310,45,0,11,"A1","A1","A1","A1","A1","A1",0.142857142857143,"A1",0.107142857142857,"A1",0.142857142857143,0,"A1","A1",0.285714285714286,"A1",0.142857142857143,"A1",0.285714285714286,40,NA,NA,7,4,7,7,7,7,7,7,4,7,3,5,3,1,7,7,7,1,1,1,1,1,7,7,4,7,6,7,7,7,6,5,7,2,1,2,1,5,7,6,2,3,3,3,1,6,0,1,0.142857142857143,1,0,0,7,6,7,6,7,7,7,7,6,6,2,1,2,1,4,6,6,2,2,2,1,1,7,4,300,0,0,4,400,4,4,300,"A2",0,1,0,0,0,0,0,0,7,5,6,7,7,7,7,6,6,6,2,2,2,2,5,6,6,3,2,2,1,1,6,0,1,50,1,100,0,0,1,2,150,"A2",1,1,1,1,0,0,0,0,1,1,1,7,7,7,0,12,59,3.33333333333333,9.5,6.5,6.25,3,7,1,2.70833333333333,6.33333333333333,6.25,1.5,6,2.66666666666667,2.90277777777778,6.66666666666667,6.5,1.5,5.33333333333333,2,3.63888888888889,6.5,6.25,2,5.66666666666667,2.33333333333333,3.04166666666667,1,0,"Control",0,1,1,0,1,0,0,"310"
311,35,0,17,"A2","A1","A1","A1","A1","A1",0.107142857142857,"A3",NA,"A3",NA,0,"A3","A3",NA,"A3",NA,"A3",NA,50,NA,NA,7,5,4,7,5,5,7,5,5,5,4,4,4,2,5,3,4,2,2,2,3,2,7,7,4,4,7,7,6,7,7,7,7,3,3,2,3,7,6,3,2,3,1,4,2,7,0,1,0.142857142857143,1,0,0,7,5,3,5,7,3,7,6,6,4,2,2,5,3,7,4,2,3,2,2,3,1,7,2,25,1,180,3,175,0,3,205,"A2",1,0,0,0,0,1,0,1,7,5,4,5,6,4,7,6,6,5,4,6,6,3,6,4,4,2,2,1,5,3,7,0,0,0,3,410,1,50,0,3,410,"A1",0,0,0,0,2,0,0,1,1,0,1,3,4,2,0,16.5,53,4,8.5,5.5,5.5,3.5,4,2,2.33333333333333,5.83333333333333,7,2.75,5.33333333333333,2,3.05555555555556,5,5.75,3,4.33333333333333,2.33333333333333,2.15277777777778,5.16666666666667,6,4.75,4.66666666666667,1.66666666666667,1.88888888888889,1,0,"Control",0,1,1,0,1,0,0,"311"
312,26,1,14,"A1","A1","A1","A1","A2","A2",NA,"A2",NA,"A2",NA,0,"A1","A1",0.428571428571429,"A1",0.428571428571429,"A1",0.428571428571429,74,NA,NA,1,3,2,5,2,2,5,5,4,3,7,6,5,5,7,7,7,4,4,7,7,6,4,4,3,5,6,5,6,6,5,3,5,6,6,5,3,7,6,6,5,4,5,5,5,4,0,1,0.428571428571429,1,0.428571428571429,0,5,3,5,6,5,5,6,6,4,5,5,5,5,4,6,6,6,5,4,5,4,5,5,2,150,6,475,4,300,2,8,625,"A3",0,0,0,0,0,0,0,0,4,3,4,6,5,6,6,5,5,5,5,5,6,5,7,6,6,6,4,4,3,6,5,0,2,200,6,720,4,280,7,8,920,"A2",0,1,1,0,1,0,0,1,1,1,0,7,6,5,0,15,49,4.33333333333333,9.5,2.5,4.25,5.75,7,5,-2.54166666666667,4.83333333333333,4.75,5,6.33333333333333,4.66666666666667,-0.541666666666667,4.83333333333333,5.25,4.75,6,4.66666666666667,-0.0972222222222232,4.66666666666667,5.25,5.25,6.33333333333333,4.66666666666667,-0.458333333333333,0,0,"Control",0,0,0,1,1,0,0,"312"
313,29,0,17,"A1","A1","A1","A1","A2","A2",NA,"A2",NA,"A2",NA,0,"A2","A2",NA,"A2",NA,"A2",NA,16,NA,NA,5,4,3,5,3,2,3,6,1,1,7,5,2,1,7,6,5,1,2,4,7,2,4,6,3,5,6,6,6,6,5,1,1,7,7,7,4,7,7,7,1,4,7,7,1,5,0,0,NA,0,NA,0,5,2,3,7,5,1,7,4,1,1,6,7,7,4,7,7,7,3,1,6,7,2,4,5,300,2,300,1,100,3,7,600,"A2",0,0,0,1,0,0,0,0,5,3,5,5,4,2,5,5,1,1,7,5,5,2,7,7,6,3,5,5,7,2,4,0,2,100,1,200,3,400,2,3,300,"A2",0,0,0,0,0,0,0,0,2,0,0,1,1,1,0,18,50,5,9.5,3.66666666666667,2.75,3.75,6,2.33333333333333,-0.819444444444445,5.33333333333333,3.25,6.25,7,4,-1.45833333333333,3.83333333333333,3.25,6,7,3.33333333333333,-1.90277777777778,4,3,4.75,6.66666666666667,4.33333333333333,-1.75,0,0,"Control",1,1,0,0,1,0,0,"313"
314,33,0,17,"A2","A1","A1","A1","A3","A3",NA,"A3",NA,"A3",NA,0,"A1","A3",NA,"A1",0.107142857142857,"A3",NA,47,NA,NA,5,4,5,7,4,6,7,7,5,4,2,1,2,4,7,4,4,2,1,1,1,1,7,7,6,7,7,4,6,7,7,3,7,2,1,2,4,7,6,4,2,1,1,2,4,7,0,1,0.142857142857143,1,0.285714285714286,0,7,6,6,7,4,6,7,7,4,7,3,2,3,5,7,5,4,1,1,1,4,3,7,2,100,1,100,3,250,2,3,200,"A2",0,0,0,0,0,0,0,1,7,5,7,7,4,6,7,7,5,7,3,1,3,5,7,6,4,1,2,1,3,4,7,1,2,125,1,75,0,0,0,3,200,"A3",0,0,0,0,0,0,1,1,1,0,1,2,4,1,0,11,47,4,10,5.16666666666667,5.75,2.25,5,1.33333333333333,2.59722222222222,6.16666666666667,6,2.25,5.66666666666667,1.33333333333333,3,6,6.25,3.25,5.33333333333333,1,2.93055555555556,6,6.5,3,5.66666666666667,1.33333333333333,2.91666666666667,1,0,"Control",0,0,1,0,1,0,0,"314"
315,41,1,17,"A2","A1","A1","A1","A1","A3",NA,"A1",0.142857142857143,"A3",NA,1,"A3","A3",NA,"A3",NA,"A3",NA,24,NA,NA,6,5,7,7,5,7,7,7,5,7,4,4,4,2,4,3,5,3,2,1,4,4,7,5,4,6,7,5,6,7,7,6,7,2,3,5,2,6,4,5,3,1,1,5,4,7,0,1,0.428571428571429,1,0.285714285714286,0,6,4,5,7,7,7,7,7,6,7,4,4,5,2,5,5,5,2,2,3,5,4,7,5,400,1,100,0,0,2,6,500,"A2",0,0,0,1,0,0,0,0,6,4,6,7,6,5,7,7,6,6,5,5,6,2,5,5,5,3,2,2,5,3,7,0,0,0,1,100,4,325,0,1,100,"A2",0,0,1,0,0,0,0,0,0,0,0,5,5,2,0,10,48,4,9,6.16666666666667,6.5,3.5,4,2,3.16666666666667,5.5,6.75,3,5,1.66666666666667,2.90277777777778,6,6.75,3.75,5,2.33333333333333,2.68055555555556,5.66666666666667,6.5,4.5,5,2.33333333333333,2.13888888888889,1,1,"Control",0,1,0,0,1,0,0,"315"
316,42,0,12,"A1","A1","A1","A1","A2","A2",NA,"A2",NA,"A2",NA,0,"A2","A2",NA,"A2",NA,"A2",NA,4,NA,NA,5,5,5,7,3,5,5,3,3,2,6,6,4,7,7,5,7,3,3,7,4,2,4,7,4,4,6,7,3,5,4,1,4,5,7,5,7,7,7,7,3,1,7,5,5,6,1,0,NA,0,NA,0,5,3,3,5,5,5,6,5,6,6,6,5,6,7,7,6,7,2,3,6,5,6,5,5,150,3,300,0,0,0,8,450,"A2",0,0,1,1,0,0,0,0,6,5,5,5,5,4,3,4,4,4,4,4,4,4,4,4,6,3,4,4,2,4,4,1,0,0,10,100,10,100,0,10,100,"A2",0,0,0,0,0,0,0,0,2,0,0,6,5,2,1,14,49,4,9.5,5,3.25,5.75,6.33333333333333,4.33333333333333,-1.34722222222222,5.16666666666667,3.5,6,7,3.66666666666667,-1.22222222222222,4.33333333333333,5.75,6,6.66666666666667,3.66666666666667,-0.402777777777779,5,3.75,4,4.66666666666667,3.66666666666667,0.263888888888888,0,1,"Control",0,1,0,0,1,0,0,"316"
317,46,0,14,"A2","A1","A1","A1","A1","A1",0.142857142857143,"A1",0.142857142857143,"A3",NA,0,"A3","A3",NA,"A3",NA,"A3",NA,28,NA,NA,4,4,5,7,6,4,7,7,6,7,4,4,3,4,4,3,4,2,1,3,4,5,5,5,5,5,7,7,7,6,5,7,7,4,5,4,3,6,5,5,1,1,1,5,4,6,0,1,0.428571428571429,1,0.142857142857143,0,5,5,6,5,5,6,6,6,7,7,4,4,3,2,6,5,6,1,1,1,6,4,6,5,350,1,100,2,200,2,6,450,"A2",0,0,0,1,0,0,1,0,6,5,5,5,5,5,5,4,7,6,4,5,3,4,6,5,5,1,1,3,5,4,7,0,3,200,0,0,0,0,1,3,200,"A2",1,1,1,1,0,0,1,0,1,1,1,5,4,5,1,13,60,3.66666666666667,8,5,6.75,3.75,3.66666666666667,2,2.73611111111111,6,6.25,4,5.33333333333333,1,2.68055555555556,5.33333333333333,6.5,3.25,5.66666666666667,1,2.61111111111111,5.16666666666667,5.5,4,5.33333333333333,1.66666666666667,1.66666666666667,1,0,"Control",1,1,1,0,1,0,0,"317"
318,28,0,11,"A1","A1","A1","A1","A3","A3",NA,"A3",NA,"A3",NA,0,"A1","A1",0.428571428571429,"A1",0.285714285714286,"A3",NA,16,NA,NA,4,4,2,5,4,4,5,5,3,5,6,5,4,4,5,7,7,7,6,6,5,4,4,4,6,4,6,4,5,5,6,6,7,6,5,6,4,6,7,7,5,4,4,6,4,5,0,1,0.428571428571429,1,0.285714285714286,0,5,5,5,6,4,6,5,6,5,7,6,6,6,5,6,7,7,4,4,6,6,4,4,2,300,3,400,6,800,0,5,700,"A2",0,1,1,0,0,0,0,0,5,5,5,6,5,7,6,7,5,7,5,5,5,4,4,7,7,4,4,4,4,3,5,0,9,500,1,100,0,0,0,10,600,"A2",1,1,1,1,0,0,1,1,1,1,1,6,7,6,0,13.5,39,4.33333333333333,10,3.83333333333333,4.5,4.75,6.33333333333333,6.33333333333333,-1.63888888888889,4.83333333333333,6,5.25,6.66666666666667,4.33333333333333,-8.88178419700125e-16,5.16666666666667,5.75,5.75,6.66666666666667,4.66666666666667,-0.236111111111112,5.5,6.25,4.75,6,4,0.958333333333333,0,0,"Control",1,0,1,0,1,0,0,"318"
319,39,0,15,"A1","A1","A1","A1","A2","A2",NA,"A2",NA,"A2",NA,0,"A1","A1",0.428571428571429,"A1",0.285714285714286,"A2",NA,26,NA,NA,3,2,2,4,4,3,5,5,5,3,5,5,5,5,1,5,5,5,5,7,5,4,2,4,2,3,5,4,5,5,5,4,5,5,5,3,5,3,5,5,5,5,5,4,4,3,0,1,0.285714285714286,1,0.285714285714286,0,4,3,3,5,4,5,5,5,4,5,5,5,4,5,3,5,5,5,5,5,5,4,4,5,250,6,600,2,200,0,11,850,"A3",0,0,0,0,2,0,0,1,3,3,5,5,5,5,6,5,4,5,5,5,5,5,3,7,7,5,5,6,6,5,3,0,3,150,3,300,1,100,0,6,450,"A3",1,0,1,1,2,0,0,0,1,1,1,5,5,5,0,17,50,4,9,3,4.5,5,3.66666666666667,5.66666666666667,-1.02777777777778,3.83333333333333,4.75,4.5,4.33333333333333,5,-0.319444444444444,4,4.75,4.75,4.33333333333333,5,-0.319444444444444,4.33333333333333,5,5,5.66666666666667,5.33333333333333,-0.666666666666667,0,0,"Control",1,1,1,0,1,0,0,"319"
320,43,0,12,"A1","A1","A1","A1","A2","A2",NA,"A2",NA,"A2",NA,0,"A3","A3",NA,"A3",NA,"A3",NA,73,NA,NA,2,5,3,5,4,5,4,3,4,4,5,6,7,5,5,7,6,4,4,5,5,5,4,5,5,4,5,6,4,6,3,4,7,5,5,4,4,4,7,6,3,3,3,3,4,6,0,0,NA,0,NA,0,5,4,5,5,5,4,5,4,4,7,4,5,5,4,6,6,6,3,3,3,5,4,5,1,100,5,540,2,200,2,6,640,"A2",0,0,0,0,0,0,0,0,5,4,5,5,4,4,4,4,4,5,5,5,4,4,5,5,5,4,4,3,4,5,5,0,0,0,3,500,3,300,2,3,500,"A2",0,0,0,0,0,0,0,0,0,1,1,5,5,4,0,15.5,53,3.66666666666667,8,4,3.75,5.75,6,4.33333333333333,-1.48611111111111,4.83333333333333,5,4.5,5.66666666666667,3,0.527777777777777,4.66666666666667,5,4.5,6,3,0.333333333333334,4.5,4.25,4.5,5,3.66666666666667,-0.0138888888888884,0,0,"Control",1,1,0,0,1,0,0,"320"
321,33,0,15,"A1","A1","A1","A1","A3","A3",NA,"A3",NA,"A3",NA,0,"A1","A1",0.428571428571429,"A1",0.142857142857143,"A3",NA,140,NA,NA,3,4,4,5,4,5,5,4,4,5,5,5,4,5,5,5,4,5,4,4,5,4,4,7,4,5,5,6,7,7,5,6,7,6,5,6,6,7,7,7,4,3,3,4,4,5,0,1,0,1,0.142857142857143,0,7,5,5,6,7,2,7,6,7,7,7,5,6,4,7,7,7,4,4,2,4,2,7,4,250,3,480,1,100,1,7,730,"A2",0,0,0,0,0,0,0,0,5,5,5,5,5,4,7,4,5,7,7,5,4,3,7,5,5,4,3,4,4,4,5,0,1,50,1,50,1,50,1,2,100,"A2",1,1,1,0,1,1,1,1,1,1,1,7,7,6,0,14,52,4.33333333333333,8,4.16666666666667,4.5,4.75,4.66666666666667,4.33333333333333,-0.249999999999999,5.66666666666667,6.25,5.75,7,3.33333333333333,0.597222222222223,5.33333333333333,6.75,5.5,7,3.33333333333333,0.763888888888888,4.83333333333333,5.75,4.75,5.66666666666667,3.66666666666667,0.597222222222221,0,0,"Control",1,1,0,0,1,0,0,"321"
322,57,1,14,"A1","A1","A1","A1","A2","A2",NA,"A2",NA,"A2",NA,0,"A2","A2",NA,"A2",NA,"A2",NA,29,NA,NA,4,4,3,5,4,2,4,5,3,3,6,6,6,4,7,7,6,5,4,5,6,3,4,6,5,4,7,5,7,5,5,5,4,6,6,6,3,7,7,6,5,3,6,6,3,4,0,1,0.285714285714286,1,0.285714285714286,0,5,4,3,6,6,7,6,5,5,5,6,5,5,3,7,7,6,5,3,6,5,3,5,6,300,6,575,2,200,0,12,875,"A2",0,0,0,1,0,0,0,0,3,4,3,5,4,5,6,5,4,4,6,5,5,3,7,6,6,5,3,5,5,2,5,0,7,350,3,300,3,300,0,10,650,"A2",0,0,0,1,0,0,0,1,0,0,0,6,5,3,0,15,48,4,8.5,3.66666666666667,3.75,5.5,6.66666666666667,4.66666666666667,-1.90277777777778,5.66666666666667,4.75,5.25,6.66666666666667,4.66666666666667,-0.319444444444445,5.16666666666667,5.25,4.75,6.66666666666667,4.66666666666667,-0.152777777777778,4,4.75,4.75,6.33333333333333,4.33333333333333,-0.763888888888888,0,0,"Control",1,0,0,0,1,0,0,"322"
323,61,0,11,"A1","A1","A1","A1","A3","A3",NA,"A3",NA,"A3",NA,0,"A1","A1",0.285714285714286,"A3",NA,"A2",NA,62,NA,NA,3,1,1,5,1,5,4,5,4,5,5,5,5,7,5,5,7,3,3,7,6,4,2,2,4,2,7,2,5,7,7,5,7,2,5,5,3,5,5,6,1,1,7,7,2,4,0,1,0.142857142857143,0,NA,0,2,2,4,2,3,5,7,7,4,5,6,4,6,3,6,5,5,1,1,5,5,4,3,4,400,4,500,3,500,3,8,900,"A2",0,0,0,0,0,0,0,0,5,5,3,5,5,4,6,6,4,6,7,5,7,4,7,5,7,3,2,5,5,4,2,0,1,150,1,100,7,1000,7,2,250,"A2",0,0,1,0,0,0,0,1,1,0,1,5,3,3,0,11,50,3.66666666666667,9,2.66666666666667,4.5,5.5,5.66666666666667,4.33333333333333,-1.58333333333333,3.66666666666667,6.5,3.75,5.33333333333333,3,1.05555555555556,3,5.75,4.75,5.33333333333333,2.33333333333333,0.236111111111112,4.5,5.5,5.75,6.33333333333333,3.33333333333333,-0.138888888888888,0,0,"Control",1,1,0,1,1,0,0,"323"
324,39,0,15,"A2","A2","A2","A1","A1","",NA,"",NA,"A1",0.107142857142857,0,"A1","A1",0.107142857142857,"A1",0,"A1",0.107142857142857,54,NA,NA,6,4,6,6,6,7,7,6,6,7,1,1,4,2,5,5,3,3,3,4,2,4,5,6,4,6,6,7,7,7,6,7,7,4,4,4,1,6,6,4,2,2,2,2,2,7,0,1,0.142857142857143,1,0,0,6,5,7,6,6,7,7,7,7,7,3,3,4,2,5,5,3,2,2,1,2,2,7,1,50,0,0,1,75,1,1,50,"A2",0,0,0,0,0,0,0,0,7,5,6,6,6,7,7,6,6,7,4,4,4,3,4,5,4,2,1,2,2,2,6,0,0,0,0,0,1,100,0,0,0,"A2",0,1,1,0,0,0,0,0,1,2,1,6,5,5,0,13,39,3.33333333333333,8,5.83333333333333,6.5,2,4.33333333333333,3.33333333333333,2.94444444444444,6,6.75,3.25,5.33333333333333,2,2.84722222222222,6.16666666666667,7,3,4.33333333333333,1.66666666666667,3.58333333333333,6.16666666666667,6.5,3.75,4.33333333333333,1.66666666666667,3.08333333333333,1,0,"Control",0,1,0,0,0,0,0,"324"
325,29,0,12,"A2","A1","A1","A1","A1","A1",0.107142857142857,"A1",0,"A1",0.142857142857143,0,"A1","A1",0,"A1",0,"A1",0.107142857142857,27,NA,NA,6,5,5,5,5,7,7,5,5,5,2,3,3,3,6,4,4,3,3,2,3,4,6,5,5,5,5,5,5,5,4,4,5,3,3,3,3,5,3,5,3,3,3,3,3,5,0,1,0,1,0,0,5,5,5,5,5,5,5,4,4,5,3,3,3,3,5,3,5,3,3,3,3,3,5,0,0,2,150,3,300,1,2,150,"A2",1,0,0,0,0,0,0,1,6,6,5,5,5,5,6,4,5,5,2,3,2,2,6,2,5,2,2,2,3,2,5,0,0,0,0,0,0,0,0,0,0,"A2",0,0,0,2,0,1,1,0,1,1,1,5,5,5,0,10.5,51,3.66666666666667,9,5.5,5.5,2.75,4.66666666666667,2.66666666666667,2.13888888888889,5,4.5,3,4.33333333333333,3,1.30555555555556,5,4.5,3,4.33333333333333,3,1.30555555555556,5.33333333333333,5,2.25,4.33333333333333,2,2.30555555555556,1,0,"Control",1,0,1,0,1,0,0,"325"
326,49,0,12,"A1","A1","A1","A1","A1","A1",0.107142857142857,"A3",NA,"A2",NA,0,"A1","A1",0.142857142857143,"A3",NA,"A2",NA,147,NA,NA,5,4,3,6,6,7,7,7,5,6,4,4,4,4,7,3,5,3,1,3,5,4,6,5,5,4,3,6,7,7,7,7,7,5,4,6,3,7,5,7,3,3,4,4,4,7,0,1,0.285714285714286,1,0.285714285714286,0,5,6,4,4,7,7,7,6,7,7,5,5,4,3,7,4,5,2,4,3,2,4,7,1,50,3,270,3,320,2,4,320,"A2",0,0,1,0,0,1,0,0,6,6,7,4,6,7,7,7,7,7,5,4,4,1,5,4,5,3,3,3,4,4,7,0,2,100,0,0,1,100,1,2,100,"A2",1,1,1,0,0,0,1,0,0,1,1,6,6,6,0,10.5,48,4.33333333333333,9,5.16666666666667,6.25,4,5,2.33333333333333,1.93055555555556,5,7,4.5,6.33333333333333,3.33333333333333,1.27777777777778,5.5,6.75,4.25,5.33333333333333,3,1.93055555555556,6,7,3.5,4.66666666666667,3,2.77777777777778,1,0,"Control",1,0,1,0,1,0,0,"326"
327,30,1,17,"A1","A1","A1","A1","A3","A3",NA,"A3",NA,"A3",NA,0,"A3","A3",NA,"A3",NA,"A3",NA,23,NA,NA,6,6,3,6,4,7,5,4,5,7,3,3,3,3,3,5,5,3,2,5,5,3,6,5,5,5,5,6,7,5,4,5,5,3,4,4,5,3,5,5,5,3,3,5,3,5,0,1,0.285714285714286,1,0.142857142857143,0,5,5,5,6,5,7,6,4,5,6,3,4,4,4,2,6,6,4,3,5,5,3,6,8,525,2,175,1,50,0,10,700,"A2",0,0,0,0,0,0,0,0,4,5,3,6,5,7,5,4,5,6,4,4,4,4,2,6,6,3,2,4,5,2,6,0,1,5,1,100,1,50,1,2,105,"A2",0,0,1,1,0,0,0,0,1,0,1,5,3,5,0,11.5,48,4.66666666666667,7.5,5.33333333333333,5.25,3,4.33333333333333,3.33333333333333,1.73611111111111,5.5,4.75,4,4.33333333333333,3.66666666666667,1.125,5.5,5.25,3.75,4.66666666666667,4,1.23611111111111,5,5,4,4.66666666666667,3,1.11111111111111,1,0,"Control",1,1,0,1,1,0,0,"327"
328,64,1,12,"A1","A1","A1","A1","A2","A2",NA,"A2",NA,"A2",NA,0,"A2","A2",NA,"A2",NA,"A2",NA,17,NA,NA,2,2,4,4,4,3,7,7,4,4,7,4,5,7,7,7,6,4,4,6,5,7,2,2,4,2,4,2,6,6,6,5,6,6,4,6,4,4,7,7,1,6,7,6,4,4,0,1,0.142857142857143,1,0.142857142857143,0,2,3,2,6,4,6,7,7,6,7,6,4,6,6,4,6,7,4,6,6,6,6,4,1,50,1,75,0,0,1,2,125,"A2",0,0,0,0,0,0,0,0,4,5,2,4,4,5,5,5,5,6,5,5,5,4,2,6,6,4,2,4,5,5,4,0,4,150,0,0,0,0,1,4,150,"A2",0,0,0,0,0,0,0,0,1,0,1,5,5,4,0,11.5,57,3.66666666666667,8.5,3.16666666666667,5.5,5.75,6.66666666666667,4.66666666666667,-1.36111111111111,3.33333333333333,5.75,5,6,4.66666666666667,-0.680555555555555,3.83333333333333,6.75,5.5,5.66666666666667,5.33333333333333,-0.208333333333333,4,5.25,4.75,4.66666666666667,3.33333333333333,0.374999999999999,0,0,"Control",1,0,0,0,1,0,0,"328"
329,42,0,15,"A1","A1","A1","A1","A2","A2",NA,"A2",NA,"A2",NA,0,"A1","A1",0.571428571428571,"A1",0.142857142857143,"A1",0.285714285714286,17,NA,NA,4,4,4,5,5,4,5,5,1,1,6,5,6,5,7,1,5,5,5,5,7,7,4,6,4,5,5,5,4,6,5,5,6,5,5,5,5,5,6,6,5,6,4,5,5,5,0,1,0.285714285714286,1,0.142857142857143,0,3,6,6,6,6,6,6,6,6,7,4,4,3,4,4,4,5,4,4,5,3,4,7,18,650,8,930,7,600,8,26,1580,"A3",0,0,0,0,0,0,0,1,3,4,5,6,5,5,6,5,4,4,5,5,5,4,4,5,5,2,3,4,5,5,5,1,11,500,10,1300,10,1100,8,21,1800,"A2",1,1,0,1,0,0,1,0,1,1,1,7,7,7,1,11.5,40,3.66666666666667,8,4.33333333333333,3,5.5,4.33333333333333,5,-1.27777777777778,4.83333333333333,5.5,5,5.66666666666667,5,-0.0555555555555562,5.5,6.25,3.75,4.33333333333333,4.33333333333333,1.73611111111111,4.66666666666667,4.75,4.75,4.66666666666667,3,0.569444444444445,0,0,"Control",0,1,0,0,1,0,0,"329"
330,40,0,14,"A5","A2","A2","A2","","A4",NA,"A4",NA,"A4",NA,0,"A4","A4",NA,"A4",NA,"A4",NA,41,NA,NA,7,7,7,7,7,7,7,7,7,7,1,1,1,4,7,7,7,1,1,1,1,1,4,7,7,7,7,7,7,7,7,7,7,1,1,1,4,4,7,7,1,1,1,1,1,7,0,2,NA,2,NA,0,7,7,7,7,7,7,7,7,7,7,1,1,1,4,4,7,7,1,1,1,1,1,7,0,0,0,0,0,0,2,0,0,"A2",0,2,2,2,0,0,0,0,7,7,7,7,7,7,7,7,7,7,1,1,1,1,4,7,7,1,1,1,1,1,1,0,0,0,0,0,0,0,1,0,0,"A2",0,2,2,2,0,2,0,0,2,2,2,1,1,1,0,17,54,4.33333333333333,10,7,7,1.75,7,1,3.75,7,7,1.75,6,1,4.08333333333333,7,7,1.75,6,1,4.08333333333333,7,7,1,6,1,4.33333333333333,1,0,"Control",0,0,0,0,0,0,0,"330"
331,49,0,15,"A1","A1","A1","A1","A2","A2",NA,"A2",NA,"A2",NA,1,"A3","A3",NA,"A3",NA,"A3",NA,125,NA,NA,3,3,4,4,3,4,3,4,3,3,7,7,6,3,6,7,7,6,4,4,4,4,4,5,4,4,3,5,3,5,5,6,4,7,7,7,3,4,6,6,5,4,4,4,3,5,0,1,0.285714285714286,1,0.285714285714286,0,5,4,4,4,5,3,7,7,5,5,7,7,7,3,4,4,5,5,3,3,4,3,6,8,475,10,1450,2,0,0,18,1925,"A3",0,0,0,1,0,0,0,0,7,4,5,5,6,4,6,5,5,5,6,6,4,4,4,7,7,4,3,1,4,4,6,0,12,500,10,1025,1,100,2,22,1525,"A2",1,1,1,1,0,0,0,0,1,1,1,5,5,5,0,14,45,3.66666666666667,8,3.5,3.25,5.75,6.66666666666667,4.66666666666667,-2.31944444444445,4,5,6,5.33333333333333,4.33333333333333,-0.722222222222221,4.16666666666667,6,6,4.33333333333333,3.66666666666667,0.416666666666668,5.16666666666667,5.25,5,6,2.66666666666667,0.652777777777779,0,1,"Control",0,0,1,1,1,0,0,"331"
332,37,0,12,"A1","A1","A1","A1","A2","A2",NA,"A2",NA,"A2",NA,0,"A1","A1",0.428571428571429,"A1",0.428571428571429,"A2",NA,55,NA,NA,3,4,3,5,2,5,5,5,3,4,6,6,7,7,7,7,7,6,6,6,7,7,3,2,5,6,6,3,7,4,3,7,5,6,7,6,3,7,7,7,3,1,4,7,5,5,0,1,0.428571428571429,1,0.428571428571429,0,3,5,6,6,3,4,6,3,7,6,7,7,6,2,7,7,7,3,2,2,7,4,5,6,500,3,420,5,700,1,9,920,"A2",0,0,0,0,0,0,0,0,3,5,5,6,3,2,7,5,6,5,6,6,6,3,7,7,7,4,4,1,7,5,5,0,2,150,2,200,4,500,1,4,350,"A2",1,1,1,0,0,0,1,0,1,1,1,7,6,6,0,19,49,4.33333333333333,7.5,3.66666666666667,4.25,6.5,7,6,-2.54166666666667,4.83333333333333,4.75,5.5,7,2.66666666666667,-0.263888888888889,4.5,5.5,5.5,7,2.33333333333333,0.0555555555555554,4,5.75,5.25,7,3,-0.208333333333333,0,0,"Control",1,1,1,0,1,0,0,"332"
333,29,1,17,"A1","A1","A1","A1","A3","A3",NA,"A3",NA,"A3",NA,0,"A3","A3",NA,"A3",NA,"A3",NA,46,NA,NA,4,3,2,7,3,4,5,4,5,5,6,7,7,6,7,5,7,6,2,5,3,4,2,5,3,3,6,3,4,7,7,3,6,6,5,5,4,7,6,7,2,3,5,2,2,5,0,1,0.142857142857143,1,0.142857142857143,0,5,3,2,5,3,5,7,7,3,6,5,6,5,4,7,4,7,2,2,5,3,2,4,10,650,2,400,5,600,0,12,1050,"A3",0,0,0,0,0,0,0,0,4,3,3,6,3,5,7,7,5,6,5,6,6,6,7,5,7,2,2,5,4,1,5,0,3,200,3,800,4,700,0,6,1000,"A3",0,0,0,0,0,0,0,1,0,1,0,6,4,4,0,11,42,3.66666666666667,8.5,3.83333333333333,4.75,6.5,6.33333333333333,4.33333333333333,-1.43055555555555,4,5.75,5,6.66666666666667,3.33333333333333,-0.125000000000001,3.83333333333333,5.75,5,6,3,0.125,4,6.25,5.75,6.33333333333333,3,0.0972222222222223,0,0,"Control",0,1,1,0,1,0,0,"333"
334,29,0,20,"A1","A1","A1","A1","A2","A2",NA,"A2",NA,"A2",NA,0,"A2","A2",NA,"A2",NA,"A2",NA,56,NA,NA,2,5,2,5,1,6,7,6,2,4,7,6,6,6,7,7,7,4,2,7,6,4,2,3,4,2,5,1,6,6,5,2,4,7,7,7,7,7,7,7,5,2,7,6,4,1,0,0,NA,0,NA,0,2,4,2,5,1,6,6,6,2,6,7,7,7,7,7,7,7,5,2,7,6,4,1,10,575,0,0,1,100,2,10,575,"A2",1,1,0,1,0,0,0,1,2,4,2,6,2,7,7,5,2,5,7,7,7,7,7,7,7,6,2,7,6,4,2,0,6,225,0,0,0,0,4,6,225,"A2",0,1,0,1,0,0,0,0,2,0,0,2,2,2,0,14,50,4.66666666666667,9,3.5,4.75,6.25,7,4.33333333333333,-1.73611111111111,3.5,4.25,7,7,4.66666666666667,-2.34722222222222,3.33333333333333,5,7,7,4.66666666666667,-2.05555555555556,3.83333333333333,4.75,7,7,5,-2.04166666666667,0,0,"Control",0,1,1,1,1,0,0,"334"
335,26,0,12,"A1","A1","A1","A1","A2","A2",NA,"A2",NA,"A2",NA,0,"A2","A2",NA,"A2",NA,"A2",NA,24,NA,NA,5,3,3,5,4,4,6,6,4,5,5,5,5,6,6,6,7,4,2,5,6,6,4,6,5,4,7,5,3,6,6,7,7,6,6,6,6,7,7,7,3,2,6,6,7,5,0,1,0.714285714285714,1,0.714285714285714,0,4,5,4,6,4,4,7,6,7,7,6,6,6,6,7,7,7,3,1,6,6,7,4,2,150,0,0,2,400,1,2,150,"A2",0,0,0,0,0,0,0,0,5,4,4,6,4,5,7,7,7,7,6,6,5,6,7,7,7,4,2,5,6,6,4,0,0,0,3,480,1,100,0,3,480,"A2",1,0,1,1,0,0,0,0,1,0,1,5,5,5,0,15.5,49,3.33333333333333,6,4,5.25,5.25,6.33333333333333,3.66666666666667,-0.458333333333333,5,6.5,6,7,3.66666666666667,0.194444444444444,4.5,6.75,6,7,3.33333333333333,0.180555555555556,4.66666666666667,7,5.75,7,3.66666666666667,0.361111111111112,0,0,"Control",0,1,1,0,1,0,0,"335"
336,24,0,15,"A1","A1","A1","A1","A2","A2",NA,"A2",NA,"A2",NA,0,"A1","A1",0.285714285714286,"A1",0.285714285714286,"A2",NA,33,NA,NA,5,3,3,5,4,5,6,5,3,4,5,5,5,3,6,6,6,3,3,5,6,5,4,5,4,2,5,5,7,6,5,3,5,5,5,5,4,6,6,6,5,5,4,5,3,5,0,1,0.285714285714286,1,0.142857142857143,0,5,3,3,6,5,6,6,6,5,5,5,5,5,4,5,6,6,5,5,4,5,4,5,5,350,1,100,5,520,3,6,450,"A2",0,0,0,1,0,0,0,0,6,3,3,5,5,6,6,6,4,4,6,6,5,5,6,6,6,5,5,5,5,4,5,0,0,0,1,100,9,1020,4,1,100,"A3",1,1,1,0,1,1,0,0,1,1,1,5,5,5,0,12.5,50,4,9.5,4.16666666666667,4.5,4.5,6,3.66666666666667,-0.388888888888888,4.66666666666667,4.75,4.75,6,4.66666666666667,-0.430555555555555,4.66666666666667,5.5,4.75,5.66666666666667,4.66666666666667,0.0555555555555554,4.66666666666667,5,5.5,6,5,-0.666666666666666,0,0,"Control",0,1,0,1,1,0,0,"336"
337,63,0,15,"A2","A1","A1","A1","A2","A2",NA,"A2",NA,"A2",NA,0,"A4","A4",NA,"A4",NA,"A4",NA,32,NA,NA,7,5,5,4,5,6,6,6,3,6,2,2,2,2,5,5,5,2,2,2,2,2,5,6,6,7,5,6,6,7,7,7,7,2,2,3,1,4,5,2,1,1,1,5,1,7,0,2,NA,1,0.142857142857143,0,7,7,7,3,7,7,7,7,7,7,1,1,2,1,4,2,3,1,1,1,5,1,7,0,0,3,300,0,0,0,3,300,"A2",0,0,2,2,2,0,0,0,5,7,6,5,6,7,7,7,7,6,3,3,2,2,4,3,2,1,1,1,2,1,7,0,0,0,0,0,1,100,0,0,0,"A2",0,2,2,0,2,1,0,0,1,1,2,6,4,1,0,11.5,51,3.33333333333333,10,5.33333333333333,5.25,2,5,2,2.29166666666667,6,7,2,3.66666666666667,1,4.27777777777778,6.33333333333333,7,1.25,3,1,4.91666666666667,6,6.75,2.5,3,1,4.20833333333333,1,0,"Control",1,0,0,0,1,0,0,"337"
338,42,1,15,"A2","A1","A1","A1","A1","A1",0.107142857142857,"A1",0.285714285714286,"A1",0.285714285714286,0,"A1","A3",NA,"A3",NA,"A1",0.285714285714286,17,NA,NA,3,5,7,6,5,5,7,5,5,7,3,3,3,3,3,5,5,1,1,3,3,3,5,5,6,6,5,4,7,6,5,5,6,2,3,3,4,2,5,3,1,2,1,3,5,7,0,2,NA,1,0,0,7,6,6,6,5,5,7,6,4,6,2,3,5,4,3,4,4,1,2,1,2,5,7,0,0,1,50,2,270,1,1,50,"A2",1,0,0,0,0,0,1,1,6,6,7,6,5,5,6,5,4,6,3,4,4,3,4,3,4,1,2,1,3,4,7,0,0,0,0,0,1,100,0,0,0,"A2",1,2,2,1,0,0,1,0,1,1,2,6,5,4,0,10,55,4.33333333333333,8.5,5.16666666666667,6,3,4.33333333333333,1.66666666666667,2.58333333333333,5.5,5.5,3,3.33333333333333,1.33333333333333,2.94444444444444,5.83333333333333,5.75,3.5,3.66666666666667,1.33333333333333,2.95833333333333,5.83333333333333,5.25,3.5,3.66666666666667,1.33333333333333,2.70833333333333,1,0,"Control",1,0,1,0,1,0,0,"338"
339,36,0,11,"A2","A1","A1","A1","A1","A1",0.107142857142857,"A1",0.107142857142857,"A1",0.142857142857143,0,"A1","A1",0,"A1",0,"A1",0,48,NA,NA,6,4,6,4,6,7,7,7,5,7,1,2,3,4,4,5,5,5,5,4,2,4,6,7,2,6,2,6,7,7,7,6,7,2,2,2,3,5,7,6,7,7,2,3,5,6,1,1,0.285714285714286,0,NA,0,7,2,7,3,5,6,7,7,6,7,3,3,7,6,5,7,7,6,6,1,1,5,6,1,25,2,175,1,50,1,3,200,"A2",0,0,0,1,0,0,0,1,7,2,5,3,6,7,7,6,7,7,2,1,2,3,6,7,6,6,5,2,1,4,6,0,1,50,1,100,0,0,0,2,150,"A2",0,0,1,1,0,0,0,1,0,0,1,6,5,2,0,17.5,41,3,8,5.5,6.5,2.5,4.66666666666667,4.66666666666667,2.05555555555556,5,6.75,2.25,6,5.33333333333333,1.34722222222222,5,6.75,4.75,6.33333333333333,4.33333333333333,0.736111111111112,5,6.75,2,6.33333333333333,4.33333333333333,1.65277777777778,1,1,"Control",1,0,1,0,1,0,0,"339"
340,50,0,12,"A2","A1","A1","A1","A1","A1",0.428571428571429,"A1",0.142857142857143,"A1",0.571428571428571,1,"A1","A1",0.428571428571429,"A3",NA,"A1",0.285714285714286,68,NA,NA,6,7,4,5,4,5,7,5,4,5,4,3,2,3,6,5,5,2,3,1,2,3,7,7,5,4,7,7,7,7,7,7,7,7,4,7,1,7,5,4,1,1,1,1,1,7,1,1,0.142857142857143,0,NA,0,7,7,4,7,7,7,7,7,7,7,7,7,7,1,7,5,4,1,1,1,5,1,7,3,150,1,100,1,100,2,4,250,"A2",0,0,0,0,0,0,0,1,7,7,4,7,7,7,7,7,5,7,7,5,6,1,7,7,5,1,1,3,2,1,7,1,2,100,0,0,0,0,6,2,100,"A3",0,0,1,1,1,0,1,0,1,0,1,7,7,7,0,16,47,3,8,5.16666666666667,5.25,3,5.33333333333333,2,1.76388888888889,6.16666666666667,7,4.75,5.33333333333333,1,2.88888888888889,6.5,7,5.5,5.33333333333333,1,2.80555555555556,6.5,6.5,4.75,6.33333333333333,1.66666666666667,2.25,1,1,"Control",1,1,1,1,1,0,0,"340"
341,59,0,14,"A1","A1","A1","A1","A2","A2",NA,"A2",NA,"A2",NA,0,"A3","A3",NA,"A3",NA,"A3",NA,59,NA,NA,6,2,4,4,5,4,6,7,3,5,5,5,5,4,6,7,7,4,5,6,5,4,4,7,4,4,5,7,7,7,7,6,5,6,6,6,3,7,7,6,3,5,6,6,4,5,0,1,0.285714285714286,0,NA,0,5,4,5,5,7,7,7,7,6,6,7,5,6,4,7,7,6,4,5,5,4,5,5,4,300,2,200,0,0,0,6,500,"A2",0,0,0,1,0,0,0,0,5,4,4,4,5,6,7,7,6,5,7,6,7,4,7,7,7,4,3,4,7,4,5,0,1,150,2,200,0,0,0,3,350,"A2",0,0,0,0,0,0,0,0,2,0,1,7,6,5,0,13,44,3.66666666666667,8.5,4.16666666666667,5.25,4.75,6.66666666666667,5,-0.763888888888888,5.66666666666667,6.25,5.25,6.66666666666667,4.66666666666667,0.430555555555555,5.5,6.5,5.5,6.66666666666667,4.66666666666667,0.388888888888888,4.66666666666667,6.25,6,7,3.66666666666667,-0.0972222222222223,0,0,"Control",0,1,0,0,1,0,0,"341"
342,49,0,15,"A1","A1","A1","A1","A2","A2",NA,"A2",NA,"A2",NA,0,"A3","A3",NA,"A3",NA,"A3",NA,52,NA,NA,5,1,2,5,1,3,7,7,4,2,7,7,7,2,7,6,7,7,1,3,6,6,4,5,1,1,5,4,5,5,7,3,3,7,6,7,7,7,7,7,7,2,3,7,4,4,0,1,0.142857142857143,1,0.714285714285714,0,5,2,1,5,4,5,7,7,5,4,7,4,7,7,7,7,7,7,4,5,7,4,3,6,600,2,200,0,0,1,8,800,"A1",0,1,0,1,0,0,0,0,6,2,1,5,4,7,6,6,2,4,7,6,7,7,7,7,7,7,6,6,5,5,4,0,0,0,5,700,5,600,5,5,700,"A2",0,0,0,0,0,0,0,0,1,1,1,7,5,3,0,14.5,41,4.66666666666667,10,2.83333333333333,5,5.75,6.66666666666667,3.66666666666667,-1.44444444444444,3.5,4.5,6.75,7,4,-1.91666666666667,3.66666666666667,5.75,6.25,7,5.33333333333333,-1.48611111111111,4.16666666666667,4.5,6.75,7,6.33333333333333,-2.36111111111111,0,0,"Control",0,1,0,1,1,0,0,"342"
343,53,0,15,"A1","A1","A1","A1","A3","A3",NA,"A3",NA,"A3",NA,0,"A3","A3",NA,"A3",NA,"A3",NA,13,NA,NA,5,6,7,7,5,5,7,7,6,7,4,4,3,3,5,5,5,4,3,3,4,3,5,4,5,7,7,6,6,6,7,6,6,4,5,5,4,6,5,5,4,3,3,4,4,5,0,1,0,1,0,0,6,6,7,7,6,6,6,6,7,7,4,4,4,4,5,4,4,3,3,3,3,4,5,0,0,0,0,1,150,2,0,0,"A1",0,1,2,0,0,0,1,0,6,6,7,6,7,4,6,6,6,6,4,4,4,4,6,4,4,3,3,3,3,4,4,1,0,0,0,0,0,0,1,0,0,"A2",0,1,2,0,1,0,0,0,1,1,2,7,5,5,0,11.5,53,3.66666666666667,10,5.83333333333333,6.75,3.5,5,3.33333333333333,2.34722222222222,5.83333333333333,6.25,4.5,5.33333333333333,3.33333333333333,1.65277777777778,6.33333333333333,6.5,4,4.33333333333333,3,2.63888888888889,6,6,4,4.66666666666667,3,2.11111111111111,1,0,"Control",0,0,1,0,1,0,0,"343"
344,57,0,14,"A1","A1","A1","A1","A1","A1",0.285714285714286,"A1",0.142857142857143,"A1",0.142857142857143,0,"A1","A1",0.142857142857143,"A1",0.142857142857143,"A2",NA,46,NA,NA,5,5,5,7,5,6,5,6,4,4,4,4,4,3,5,5,4,3,3,3,2,3,6,5,5,4,5,5,6,6,5,4,4,4,4,4,5,5,5,5,4,4,3,3,4,5,0,1,0.142857142857143,1,0.142857142857143,0,5,4,5,5,5,5,3,3,4,4,4,4,4,5,5,4,5,3,3,3,4,4,5,4,250,1,100,1,100,2,5,350,"A1",1,1,1,0,0,0,0,1,5,5,5,7,4,5,6,6,4,5,4,4,4,5,5,4,6,2,2,3,5,5,5,0,4,200,0,0,1,100,2,4,200,"A2",1,1,1,0,0,0,0,1,1,1,1,6,6,6,0,12.5,46,3.66666666666667,7,5.5,4.75,3.75,4.66666666666667,3,1.31944444444444,5,4.75,4.25,5,3.66666666666667,0.569444444444445,4.83333333333333,3.5,4.25,4.66666666666667,3,0.194444444444443,5.16666666666667,5.25,4.25,5,2.33333333333333,1.34722222222222,1,0,"Control",1,0,0,0,1,0,0,"344"
345,48,0,14,"A1","A1","A1","A1","A3","A3",NA,"A3",NA,"A3",NA,0,"A1","A1",0.107142857142857,"A1",0.107142857142857,"A1",0.571428571428571,47,NA,NA,3,5,5,6,4,6,6,5,4,4,6,6,4,5,6,5,6,6,5,5,6,3,4,6,4,3,6,6,7,7,7,7,7,4,5,3,3,5,6,4,3,4,2,4,3,7,0,1,0.142857142857143,1,0.142857142857143,0,6,6,7,6,6,6,7,7,7,7,2,3,3,3,4,5,4,2,2,2,2,4,6,5,425,2,220,2,200,1,7,645,"A2",1,1,0,1,0,0,0,1,7,6,6,7,7,7,7,7,7,6,3,4,4,3,4,5,4,2,1,2,3,2,7,1,1,25,4,175,1,50,1,5,200,"A2",1,1,1,1,0,0,1,0,1,1,1,7,7,7,0,14,45,4,6.5,4.83333333333333,4.75,5.25,5.66666666666667,5.33333333333333,-0.625000000000001,5.33333333333333,7,3.75,5,3,2.25,6.16666666666667,7,2.75,4.33333333333333,2,3.55555555555556,6.66666666666667,6.75,3.5,4.33333333333333,1.66666666666667,3.54166666666667,0,0,"Control",0,1,1,0,1,0,0,"345"
346,44,0,15,"A2","A1","A1","A1","A1","A1",0.107142857142857,"A1",0.107142857142857,"A1",0.107142857142857,0,"A1","A1",0.142857142857143,"A1",0.142857142857143,"A3",NA,42,NA,NA,6,5,7,6,6,6,5,7,7,5,3,3,3,3,4,5,4,3,3,3,4,2,6,5,5,5,5,6,7,7,7,5,7,5,6,6,1,4,5,5,1,1,1,5,1,1,0,1,0.142857142857143,1,0.142857142857143,0,5,5,5,5,5,7,7,7,5,7,5,5,5,1,4,5,5,3,3,2,2,1,7,2,100,1,100,0,0,3,3,200,"A1",1,0,0,0,1,0,0,1,5,5,5,5,5,6,7,7,5,6,4,4,3,1,4,5,4,3,1,1,1,1,7,0,0,0,0,0,0,0,2,0,0,"A2",1,1,1,1,0,0,0,0,1,1,1,5,5,5,0,10,49,4.33333333333333,10,6,6,3,4.33333333333333,3,2.55555555555556,5.5,6.5,4.5,4.66666666666667,1,2.61111111111111,5.33333333333333,6.5,4,4.66666666666667,2.66666666666667,2.13888888888889,5.16666666666667,6.25,3,4.33333333333333,1.66666666666667,2.70833333333333,1,0,"Control",1,1,0,0,1,0,0,"346"
347,53,0,11,"A1","A1","A1","A1","A2","A2",NA,"A2",NA,"A2",NA,0,"A2","A2",NA,"A2",NA,"A2",NA,41,NA,NA,5,4,3,3,4,4,4,4,5,4,5,5,5,5,7,7,7,3,1,5,1,2,4,6,6,1,4,4,4,5,4,6,5,6,7,6,4,7,7,7,3,1,5,2,2,4,1,1,0.428571428571429,1,0.428571428571429,0,4,4,4,4,5,4,5,5,7,5,6,7,6,4,7,7,7,4,4,4,7,2,4,9,600,7,800,1,100,3,16,1400,"A2",0,0,0,0,0,0,0,0,4,6,4,1,4,1,7,7,7,4,6,7,5,4,7,4,7,1,1,4,1,4,4,0,11,675,3,275,4,530,7,14,950,"A2",0,0,1,0,0,0,0,1,1,1,1,5,5,4,0,14,54,4.33333333333333,10,3.83333333333333,4.25,5,7,3,-0.958333333333333,4.16666666666667,5,5.75,7,3,-0.666666666666666,4.16666666666667,5.5,5.75,7,4,-0.749999999999999,3.33333333333333,6.25,5.5,6,2,0.291666666666667,0,1,"Control",1,0,0,1,1,0,0,"347"
348,55,0,14,"A1","A1","A1","A1","A2","A2",NA,"A2",NA,"A2",NA,0,"A1","A2",NA,"A1",0.285714285714286,"A2",NA,45,NA,NA,4,3,3,5,4,5,5,5,4,4,7,6,6,6,6,7,7,5,6,5,5,7,3,4,1,2,5,4,5,6,6,4,4,6,6,6,3,7,7,7,4,5,5,6,6,3,0,1,0.142857142857143,0,NA,0,4,2,2,5,4,5,7,7,4,4,6,6,6,5,7,7,7,5,5,5,5,4,4,2,250,3,370,3,500,4,5,620,"A2",0,0,0,0,0,0,0,0,3,2,3,3,4,6,7,4,3,4,6,6,5,6,6,7,7,6,6,5,5,4,4,0,1,150,3,450,3,400,4,4,600,"A2",0,1,1,1,0,1,1,0,1,1,1,5,5,4,0,13,53,4.33333333333333,8,4,4.5,6.25,6.66666666666667,5.33333333333333,-1.83333333333333,3.5,5,5.25,7,4.66666666666667,-1.38888888888889,3.66666666666667,5.5,5.75,7,5,-1.33333333333333,3.5,4.5,5.75,6.66666666666667,5.66666666666667,-2.02777777777778,0,0,"Control",0,1,0,0,1,0,0,"348"
349,46,0,14,"A1","A1","A1","A1","A2","A2",NA,"A2",NA,"A2",NA,0,"A2","A2",NA,"A2",NA,"A2",NA,35,NA,NA,5,2,4,5,4,3,5,4,5,5,6,5,4,4,7,7,7,5,7,6,4,6,3,5,1,6,5,4,5,6,4,4,5,6,6,3,2,7,7,7,6,6,6,3,5,4,0,0,NA,0,NA,0,5,1,5,5,4,5,6,4,4,5,5,5,6,2,7,7,7,5,7,5,4,5,5,5,275,3,250,4,400,1,8,525,"A2",0,0,0,0,0,2,0,0,5,2,5,5,4,6,6,5,6,7,6,6,5,4,7,7,6,6,6,6,4,5,5,0,7,225,3,200,0,0,4,10,425,"A3",0,1,0,2,0,2,1,0,2,0,0,5,4,2,0,16,50,4,8.5,3.83333333333333,4.75,4.75,7,6,-1.625,4.33333333333333,4.75,4.25,7,6,-1.20833333333333,4.16666666666667,4.75,4.5,7,5.66666666666667,-1.26388888888889,4.5,6,5.25,6.66666666666667,6,-0.722222222222222,0,0,"Control",0,0,1,1,1,0,0,"349"
350,49,0,12,"A1","A1","A1","A1","A3","A3",NA,"A3",NA,"A3",NA,0,"A3","A3",NA,"A3",NA,"A3",NA,15,NA,NA,2,5,4,5,4,5,4,5,4,4,5,6,5,5,5,7,7,4,4,5,4,6,4,4,4,4,5,5,6,7,5,4,6,5,6,4,5,5,7,7,5,4,5,4,4,4,0,1,0.285714285714286,1,0.142857142857143,0,4,5,4,5,5,5,7,6,6,6,5,5,5,5,6,7,7,4,3,4,4,5,4,7,300,2,600,0,0,1,9,900,"A2",0,0,0,1,0,0,0,0,4,5,4,5,5,7,7,7,6,7,6,7,5,6,7,7,7,5,4,5,4,5,5,0,1,50,0,0,0,0,1,1,50,"A2",1,1,0,1,0,0,0,1,1,1,1,7,5,4,0,15,48,3.66666666666667,6.5,4.16666666666667,4.25,5.25,6.33333333333333,4.33333333333333,-1.09722222222222,4.66666666666667,5.5,5,6.33333333333333,4.66666666666667,-0.249999999999999,4.66666666666667,6.25,5,6.66666666666667,3.66666666666667,0.347222222222222,5,6.75,6,7,4.66666666666667,-0.0138888888888893,0,0,"Control",1,1,0,0,1,0,0,"350"
351,57,1,11,"A1","A1","A1","A1","A2","A2",NA,"A2",NA,"A2",NA,0,"A1","A3",NA,"A3",NA,"A1",0.428571428571429,32,NA,NA,5,3,5,5,2,3,4,3,2,1,6,6,5,6,6,6,6,4,4,5,6,5,3,5,3,4,5,4,6,5,6,7,6,5,4,4,6,7,5,7,3,2,4,6,7,4,0,1,0.142857142857143,1,0.142857142857143,0,5,4,6,6,5,7,7,7,7,6,4,3,1,5,7,5,6,1,2,3,4,4,6,5,270,5,310,3,140,1,10,580,"A2",0,0,0,0,0,0,0,0,7,4,5,5,6,6,5,6,7,7,4,4,4,5,6,5,7,2,1,3,5,4,6,0,2,130,3,270,0,0,1,5,400,"A2",0,1,1,0,1,0,1,0,1,1,1,7,6,6,0,16,44,4.33333333333333,8,3.83333333333333,2.5,5.75,6,4.33333333333333,-2.19444444444444,4.5,6,4.75,6.33333333333333,3,0.555555555555556,5.5,6.75,3.25,6,2,2.375,5.5,6.25,4.25,6,2,1.79166666666667,0,0,"Control",1,1,1,0,1,0,0,"351"
352,30,1,17,"A1","A1","A1","A1","A3","A3",NA,"A3",NA,"A3",NA,0,"A1","A1",0.571428571428571,"A3",NA,"A2",NA,42,NA,NA,2,3,5,6,4,2,5,6,2,3,5,5,6,5,6,7,6,5,3,5,6,6,3,5,3,6,7,5,3,7,6,7,6,6,6,5,6,7,6,6,5,5,6,7,6,6,0,1,0.714285714285714,1,0.142857142857143,0,5,3,5,7,6,7,7,6,7,6,6,6,6,5,6,5,6,4,5,4,6,4,6,9,375,3,400,7,600,2,12,775,"A1",0,1,0,0,0,0,0,1,4,5,6,5,5,5,7,7,7,5,5,5,5,5,7,6,7,5,3,4,6,5,5,1,4,200,1,50,4,500,2,5,250,"A1",1,1,1,0,0,1,1,1,1,1,0,7,6,6,0,14,34,3.66666666666667,8,3.66666666666667,4,5.25,6.33333333333333,4.33333333333333,-1.47222222222222,4.83333333333333,6.5,5.75,6.33333333333333,5.33333333333333,-0.138888888888888,5.5,6.5,5.75,5.66666666666667,4.33333333333333,0.75,5,6.5,5,6.66666666666667,4,0.527777777777778,0,0,"Control",1,1,1,0,1,0,0,"352"
353,29,0,17,"A2","A1","A1","A1","A1","A1",0.142857142857143,"A1",0.428571428571429,"A1",0.285714285714286,0,"A1","A1",0.428571428571429,"A1",0.428571428571429,"A3",NA,86,NA,NA,5,6,4,7,4,5,5,5,7,4,2,2,4,5,5,4,6,5,5,4,2,3,4,4,5,5,7,5,7,7,7,7,7,3,5,5,7,5,5,7,7,5,5,5,7,5,0,1,0.285714285714286,1,0.285714285714286,0,5,5,5,7,4,7,7,7,7,7,3,3,2,5,4,5,5,5,3,4,5,5,4,6,350,5,530,1,100,0,11,880,"A2",0,0,0,1,0,0,0,0,4,4,5,7,5,5,5,7,7,7,4,1,4,4,5,3,5,6,5,5,5,5,5,0,7,180,1,180,0,0,1,8,360,"A2",1,1,0,1,0,0,0,0,1,1,0,7,6,4,0,13.5,51,3.66666666666667,8.5,5.16666666666667,5.25,3.25,5,4.66666666666667,0.902777777777778,5.5,7,5,5.66666666666667,5.66666666666667,0.805555555555554,5.5,7,3.25,4.66666666666667,4,2.27777777777778,5,6.5,3.25,4.33333333333333,5.33333333333333,1.44444444444444,1,0,"Control",1,0,1,1,1,0,0,"353"
354,19,1,12,"A1","A1","A1","A1","A2","A2",NA,"A2",NA,"A2",NA,0,"A2","A2",NA,"A2",NA,"A2",NA,59,NA,NA,1,1,1,6,1,4,5,5,3,4,7,7,7,7,7,7,7,4,2,7,4,4,1,3,5,1,7,2,7,6,7,5,6,7,7,7,7,7,7,7,1,1,7,4,4,2,0,0,NA,0,NA,0,4,5,1,7,1,7,6,7,4,6,7,7,7,7,7,7,7,1,1,7,4,1,4,6,1050,1,200,6,880,0,7,1250,"A2",0,0,0,0,0,1,0,0,2,4,1,5,1,3,7,7,5,4,7,7,7,7,7,7,7,1,1,7,4,4,2,0,3,250,4,700,7,1200,0,7,950,"A2",0,0,0,0,1,0,0,0,2,0,0,4,2,1,0,16,40,4,8.5,2.33333333333333,4.25,7,7,4.33333333333333,-2.81944444444444,4.16666666666667,6,7,7,3,-0.583333333333333,4.16666666666667,5.75,7,7,3,-0.708333333333333,2.66666666666667,5.75,7,7,3,-1.45833333333333,0,0,"Control",0,1,0,0,1,0,0,"354"
355,55,0,14,"A2","A1","A1","A1","A1","A1",0.107142857142857,"A1",0,"A3",NA,0,"A3","A3",NA,"A3",NA,"A3",NA,94,NA,NA,7,5,5,5,7,4,6,5,4,5,3,3,3,2,7,5,5,3,2,3,5,3,7,5,5,6,5,5,7,7,4,5,5,5,4,2,3,7,5,5,2,2,2,3,5,5,0,1,0.142857142857143,1,0,0,5,5,7,6,6,5,7,7,7,7,3,3,3,3,5,7,6,1,2,2,3,5,7,1,50,0,0,1,75,1,1,50,"A2",1,1,0,0,0,1,1,0,3,3,5,7,5,5,5,5,5,6,5,5,5,3,7,6,5,2,2,3,4,3,5,0,2,100,0,0,1,100,1,2,100,"A2",0,0,0,0,0,0,1,0,1,0,1,7,4,3,0,17,52,4.66666666666667,10,5.5,5,2.75,5.66666666666667,2.66666666666667,1.55555555555556,5.5,5.25,3.5,5.66666666666667,2,1.65277777777778,5.66666666666667,7,3,6,1.66666666666667,2.77777777777778,4.66666666666667,5.25,4.5,6,2.33333333333333,0.680555555555556,1,0,"Control",0,0,0,0,1,0,0,"355"
356,52,0,17,"A3","A2","A1","A1","A1","A1",0.107142857142857,"",NA,"A1",0,0,"A1","A1",0,"A4",NA,"A1",0.142857142857143,19,NA,NA,5,4,5,6,6,7,6,6,7,7,3,3,2,3,6,3,4,5,3,2,5,3,6,7,4,6,6,6,7,6,4,7,7,4,4,4,4,7,3,3,5,4,3,5,4,6,0,1,0,2,NA,0,7,5,6,5,6,6,7,6,7,7,2,3,2,2,7,5,3,3,3,2,4,3,7,8,400,0,0,1,100,3,8,400,"A2",0,1,0,1,0,0,1,0,7,5,7,5,7,6,7,6,7,7,3,2,2,3,6,4,2,1,3,2,4,3,7,0,1,50,0,0,0,0,0,1,50,"A2",1,2,1,1,0,1,1,0,1,2,1,6,7,7,0,13.5,42,3,8.5,5.5,6.5,2.75,4.33333333333333,3.33333333333333,2.52777777777778,6,6,4,4.33333333333333,4,1.88888888888889,5.83333333333333,6.75,2.25,5,2.66666666666667,2.98611111111111,6.16666666666667,6.75,2.5,4,2,3.625,1,0,"Control",0,1,1,0,1,0,0,"356"
357,35,0,15,"A1","A1","A1","A1","A3","A3",NA,"A3",NA,"A3",NA,0,"A3","A3",NA,"A3",NA,"A3",NA,51,NA,NA,3,4,3,3,4,6,6,4,4,4,5,5,5,5,7,4,4,5,3,3,5,4,4,3,4,3,5,4,5,5,5,4,4,5,5,5,5,5,5,5,5,4,5,4,4,4,0,0,NA,0,NA,0,5,4,4,5,4,7,7,5,4,4,5,5,5,5,7,5,5,5,4,5,4,4,4,3,250,3,700,2,300,0,6,950,"A2",0,0,0,0,2,0,0,1,4,4,4,6,4,6,6,5,4,4,5,5,5,5,7,4,5,5,4,4,4,4,4,0,5,250,5,1100,0,0,0,10,1350,"A1",0,0,0,1,2,0,0,0,0,0,0,5,3,2,0,17,44,3.66666666666667,8,3.83333333333333,4.5,5,5,3.66666666666667,-0.388888888888888,4,4.5,5,5,4.66666666666667,-0.638888888888889,4.83333333333333,5,5,5.66666666666667,4.66666666666667,-0.194444444444446,4.66666666666667,4.75,5,5.33333333333333,4.33333333333333,-0.180555555555554,0,0,"Control",0,0,1,0,1,0,0,"357"
358,47,1,17,"A1","A1","A1","A1","A2","A2",NA,"A2",NA,"A2",NA,0,"A2","A2",NA,"A2",NA,"A2",NA,11,NA,NA,2,3,1,5,2,5,5,4,2,1,6,6,6,4,7,5,7,5,4,5,5,5,4,3,2,4,5,6,6,6,6,3,5,5,4,5,4,5,6,6,5,3,5,4,4,5,0,1,0.285714285714286,1,0.285714285714286,0,4,3,4,5,6,6,7,5,4,5,5,4,5,4,5,6,6,5,5,5,4,4,6,5,275,6,710,0,0,3,11,985,"A2",0,0,0,0,0,0,0,1,4,3,5,6,5,6,6,4,3,4,5,4,5,4,6,6,5,5,5,6,3,5,5,0,4,250,5,480,1,100,4,9,730,"A2",0,0,0,0,0,0,0,0,2,0,0,6,6,4,0,13.5,54,4,5.5,3,3,5.5,6.33333333333333,4.66666666666667,-2.5,4.33333333333333,5,4.5,5.66666666666667,4.33333333333333,-0.166666666666667,4.66666666666667,5.25,4.5,5.66666666666667,5,-0.0972222222222223,4.83333333333333,4.25,4.5,5.66666666666667,5.33333333333333,-0.625000000000001,0,0,"Control",1,1,0,1,1,0,0,"358"
359,45,0,17,"A2","A1","A1","A1","A1","A3",NA,"A1",0,"A3",NA,0,"A1","A3",NA,"A1",0.107142857142857,"A3",NA,36,NA,NA,5,5,4,5,5,6,6,5,5,7,2,2,2,2,5,2,4,3,3,2,2,2,6,6,5,5,6,6,7,7,6,6,7,1,1,1,1,4,3,3,3,3,2,2,2,7,0,1,0.142857142857143,2,NA,0,7,6,6,6,6,7,7,6,7,7,6,1,1,1,4,2,2,2,2,2,2,1,7,6,225,1,100,2,200,1,7,325,"A2",0,0,0,0,0,0,0,1,7,5,5,6,6,7,7,6,5,7,1,1,1,1,6,1,3,2,2,2,2,2,6,0,0,0,0,0,0,0,3,0,0,"A2",0,0,1,1,0,1,1,0,1,1,1,7,6,5,0,12,54,3.66666666666667,5,5,5.75,2,3.66666666666667,2.66666666666667,2.59722222222222,5.83333333333333,6.5,1,3.33333333333333,2.66666666666667,3.83333333333333,6.33333333333333,6.75,2.25,2.66666666666667,2,4.23611111111111,6,6.25,1,3.33333333333333,2,4.01388888888889,1,0,"Control",1,1,1,1,1,0,0,"359"
360,43,0,14,"A1","A1","A1","A1","A1","A1",0.142857142857143,"A1",0.428571428571429,"A1",0.428571428571429,0,"A3","A3",NA,"A3",NA,"A3",NA,12,NA,NA,3,5,5,6,6,6,7,7,7,7,4,2,2,5,5,5,3,6,6,4,5,2,5,7,5,6,6,7,4,7,5,4,7,4,5,1,4,7,4,4,1,1,2,7,2,6,0,1,0,1,0,0,7,5,7,7,7,7,7,7,4,7,4,4,2,2,7,3,4,1,2,1,7,4,6,3,180,4,550,2,450,1,7,730,"A2",0,0,0,0,0,0,0,1,6,6,6,5,6,6,7,7,5,7,4,2,3,3,6,3,2,1,1,1,4,3,7,0,0,0,2,150,2,125,1,2,150,"A2",1,1,1,1,0,0,0,0,1,1,1,6,6,5,1,14,61,3.66666666666667,10,5.16666666666667,7,3.25,4.33333333333333,5.33333333333333,1.77777777777778,5.83333333333333,5.75,3.5,5,1.33333333333333,2.51388888888889,6.66666666666667,6.25,3,4.66666666666667,1.33333333333333,3.45833333333333,5.83333333333333,6.5,3,3.66666666666667,1,3.61111111111111,1,0,"Control",1,1,0,0,1,0,0,"360"
361,41,0,17,"A2","A2","A2","A1","A1","",NA,"",NA,"A1",0.107142857142857,0,"A3","A3",NA,"A3",NA,"A3",NA,49,NA,NA,6,6,6,6,4,7,7,6,5,7,4,4,2,1,5,4,3,5,2,2,1,2,6,6,6,6,7,6,5,7,7,7,7,1,1,1,1,6,1,4,2,4,2,4,1,7,0,2,NA,1,0,0,6,6,6,7,6,4,7,7,7,7,1,1,1,1,5,1,4,2,2,1,1,1,6,0,0,1,100,0,0,1,1,100,"A2",0,2,2,1,0,0,0,1,6,6,6,7,6,6,7,7,7,7,1,1,1,1,6,4,4,2,2,1,1,1,7,0,0,0,0,0,0,0,1,0,0,"A2",0,2,2,1,0,0,0,1,1,2,2,6,4,4,0,13,47,4,9.5,5.83333333333333,6.25,2.75,4,3,2.79166666666667,6,7,1,3.66666666666667,2.66666666666667,4.05555555555556,5.83333333333333,7,1,3.33333333333333,1.66666666666667,4.41666666666667,6.16666666666667,7,1,4.66666666666667,1.66666666666667,4.13888888888889,1,0,"Control",1,0,0,0,0,0,0,"361"
362,50,0,11,"A1","A1","A1","A1","A2","A2",NA,"A2",NA,"A2",NA,0,"A1","A2",NA,"A1",0.428571428571429,"A2",NA,27,NA,NA,5,5,3,3,4,5,2,6,6,5,5,5,5,5,5,7,7,7,6,5,2,2,2,3,6,4,7,6,4,7,6,7,4,5,5,5,2,7,7,7,7,4,5,6,1,5,0,1,0.428571428571429,1,0.428571428571429,0,7,5,4,5,5,7,7,7,7,1,5,5,5,1,7,7,7,5,2,5,2,1,7,9,500,5,500,4,500,0,14,1000,"A2",0,1,0,0,0,0,0,1,7,7,6,6,7,5,5,5,7,5,6,5,7,2,7,7,7,2,3,7,2,1,7,0,4,200,2,200,3,320,6,6,400,"A3",1,1,1,0,1,0,0,1,1,1,1,7,7,6,0,17,48,4,10,4.16666666666667,4.75,5,6.33333333333333,6,-1.31944444444444,5,6,4.25,7,5.33333333333333,-0.0277777777777777,5.5,5.5,4,7,4,0.5,6.33333333333333,5.5,5,7,4,0.583333333333333,0,0,"Control",1,1,1,1,1,0,0,"362"
363,31,1,20,"A1","A1","A1","A1","A2","A2",NA,"A2",NA,"A2",NA,0,"A1","A1",0.285714285714286,"A1",0.285714285714286,"A1",0.285714285714286,21,NA,NA,5,2,2,5,3,1,5,5,2,3,5,5,6,6,7,6,7,4,3,5,5,5,4,3,3,3,6,5,6,7,6,6,7,6,5,5,5,6,6,5,5,5,5,5,4,5,0,1,0.285714285714286,1,0.285714285714286,0,5,5,5,7,4,7,7,5,7,6,6,5,5,5,6,6,6,5,4,3,5,4,5,4,150,2,200,3,300,2,6,350,"A2",0,0,0,0,0,0,0,0,5,5,5,7,3,6,7,5,5,7,5,5,5,4,7,5,7,5,2,3,5,4,4,0,2,150,3,300,1,100,2,5,450,"A2",0,0,0,0,0,0,0,0,1,1,1,5,5,3,0,12,45,4.66666666666667,8.5,3,3.75,5.5,6.66666666666667,4,-2.01388888888889,4.33333333333333,6.5,5.25,5.66666666666667,5,0.11111111111111,5.5,6.25,5.25,6,4,0.791666666666667,5.16666666666667,6,4.75,6.33333333333333,3.33333333333333,0.777777777777779,0,0,"Control",0,1,1,0,1,0,0,"363"
364,28,0,15,"A1","A1","A1","A1","A2","A2",NA,"A2",NA,"A2",NA,1,"A1","A1",0.285714285714286,"A1",0.285714285714286,"A2",NA,32,NA,NA,1,4,2,4,2,5,6,5,4,6,7,7,7,7,7,7,7,7,6,7,7,4,2,3,5,3,3,3,6,7,6,7,7,6,6,6,7,6,7,7,7,6,4,6,4,2,0,1,0.142857142857143,1,0.142857142857143,0,3,4,3,3,4,7,7,6,7,7,6,5,5,6,6,7,7,3,6,5,6,4,3,7,325,3,450,3,300,0,10,775,"A2",0,0,0,1,0,0,0,0,2,5,3,3,4,7,7,6,7,7,5,5,5,6,7,7,7,7,7,6,6,3,4,0,6,312.5,4,350,3,150,1,10,662.5,"A2",0,0,0,1,0,1,0,0,0,0,0,6,5,4,0,15,49,4.33333333333333,9.5,3,5.25,7,7,6.66666666666667,-2.76388888888889,3.83333333333333,6.75,6.25,6.66666666666667,5.66666666666667,-0.902777777777779,4,6.75,5.5,6.66666666666667,4.66666666666667,-0.236111111111112,4,6.75,5.25,7,6.66666666666667,-0.930555555555556,0,1,"Control",0,1,0,1,1,0,0,"364"
365,52,1,12,"A1","A1","A1","A1","A3","A3",NA,"A3",NA,"A3",NA,0,"A1","A3",NA,"A1",0.285714285714286,"A2",NA,32,NA,NA,4,5,5,5,4,5,4,3,3,4,5,5,3,3,5,5,5,5,4,3,5,5,3,3,5,4,5,4,5,5,4,4,4,5,5,4,4,4,5,5,4,3,3,3,4,4,0,1,0.714285714285714,1,0.285714285714286,0,5,5,4,5,4,5,5,4,3,4,3,4,3,4,4,5,5,3,3,3,5,3,5,5,275,5,400,3,300,1,10,675,"A2",0,0,0,0,0,0,0,0,5,5,5,5,5,4,5,4,4,5,4,4,4,3,5,5,5,3,3,3,4,3,5,0,0,0,4,400,0,0,2,4,400,"A2",1,1,1,1,0,0,1,0,1,1,1,5,5,5,0,13.5,52,3.66666666666667,7,4.66666666666667,3.5,4,5,4,-0.249999999999999,4.33333333333333,4.25,4.5,4.66666666666667,3.33333333333333,0.124999999999999,4.66666666666667,4,3.5,4.66666666666667,3,0.611111111111111,4.83333333333333,4.5,3.75,5,3,0.75,0,0,"Control",1,1,1,1,1,0,0,"365"
366,54,0,12,"A1","A1","A1","A1","A2","A2",NA,"A2",NA,"A2",NA,0,"A3","A3",NA,"A3",NA,"A3",NA,41,NA,NA,4,2,1,5,3,3,6,6,7,5,5,5,5,6,7,7,7,5,4,5,5,4,4,3,5,3,5,3,5,5,6,6,6,5,5,5,6,7,7,7,6,4,5,6,4,5,0,1,0.428571428571429,1,0.142857142857143,0,3,3,3,5,4,5,7,7,7,7,5,5,6,6,7,6,7,6,5,5,5,4,5,10,500,4,500,3,400,0,14,1000,"A2",0,0,0,0,0,0,0,1,5,4,3,5,3,5,6,6,7,5,6,5,5,6,7,7,7,5,4,5,5,3,5,0,5,350,0,0,2,400,0,5,350,"A2",0,1,1,0,0,1,0,0,1,1,0,5,4,3,0,16,49,4.33333333333333,10,3,6,5.25,7,4.66666666666667,-1.13888888888889,4,5.75,5.25,7,5,-0.875,3.83333333333333,7,5.5,6.66666666666667,5.33333333333333,-0.416666666666666,4.16666666666667,6,5.5,7,4.66666666666667,-0.638888888888888,0,0,"Control",1,1,1,0,1,0,0,"366"
367,39,0,12,"A1","A1","A1","A1","A1","A1",0.142857142857143,"A2",NA,"A2",NA,0,"A3","A3",NA,"A3",NA,"A3",NA,57,NA,NA,7,6,4,5,4,7,7,7,5,5,4,4,4,4,5,7,6,4,1,3,4,4,5,7,7,4,7,5,7,6,4,4,7,5,5,6,7,6,7,7,2,1,4,4,3,5,0,1,0.142857142857143,0,NA,0,7,7,4,6,5,7,7,4,6,7,5,5,6,4,6,7,7,1,1,1,4,4,6,6,450,1,150,1,120,1,7,600,"A2",0,0,0,0,0,0,0,0,7,1,4,6,5,7,7,4,5,7,5,6,7,7,7,7,7,1,1,3,4,4,5,0,4,250,1,75,0,0,1,5,325,"A2",0,0,0,0,0,0,0,0,1,1,0,5,4,2,0,15.5,38,4,8.5,5.5,6,4,6,2.66666666666667,1.52777777777778,6.16666666666667,5.25,5.75,6.66666666666667,2.33333333333333,0.791666666666667,6,6,5,6.66666666666667,1,1.77777777777778,5,5.75,6.25,7,1.66666666666667,0.402777777777778,1,0,"Control",0,1,1,0,1,0,0,"367"
368,25,0,17,"A5","A2","A2","A2","","A4",NA,"A4",NA,"A4",NA,0,"A4","A4",NA,"A4",NA,"A4",NA,13,NA,NA,7,7,7,7,7,7,7,7,7,7,2,2,2,2,6,2,4,1,1,1,1,2,7,6,6,6,7,6,6,7,7,7,7,2,2,2,2,4,4,4,2,2,2,1,1,5,0,2,NA,2,NA,0,6,6,6,7,6,6,7,7,7,7,1,2,2,2,4,4,4,1,1,1,1,1,5,1,50,0,0,0,0,1,1,50,"A2",1,2,0,2,1,0,0,1,5,6,6,6,4,6,7,7,7,7,1,1,1,2,4,3,4,2,2,1,1,2,5,0,0,0,0,0,0,0,0,0,0,"A2",0,2,2,2,2,2,2,0,1,2,2,5,4,4,0,10,47,4,9,7,7,2,4,1,4.66666666666667,6.16666666666667,7,2,4,2,3.91666666666667,6.16666666666667,7,1.75,4,1,4.33333333333333,5.5,7,1.25,3.66666666666667,1.66666666666667,4.05555555555556,1,0,"Control",0,1,0,0,0,0,0,"368"
369,46,1,11,"A1","A1","A1","A1","A1","A3",NA,"A1",1,"A1",0.428571428571429,0,"A2","A2",NA,"A2",NA,"A2",NA,4,NA,NA,5,5,5,5,5,7,6,5,5,7,4,5,4,5,5,6,5,5,5,7,5,6,5,5,5,6,5,5,5,7,6,6,7,6,5,5,7,7,6,6,6,5,7,6,5,6,0,0,NA,1,0.714285714285714,0,2,3,5,5,5,5,5,6,5,6,7,7,7,6,7,6,6,6,6,5,6,7,5,3,250,10,1000,2,200,0,13,1250,"A2",0,0,0,2,0,0,0,0,7,3,3,5,5,6,7,6,6,6,7,7,7,4,7,6,6,6,6,7,6,6,4,0,3,260,11,1100,0,0,0,14,1360,"A2",0,0,0,1,0,0,1,0,1,1,1,5,5,5,0,13,42,3.66666666666667,9,5.33333333333333,5.75,4.5,5.33333333333333,5.66666666666667,0.374999999999999,5.16666666666667,6.5,5.75,6.33333333333333,6,-0.194444444444444,4.16666666666667,5.5,6.75,6.33333333333333,5.66666666666667,-1.41666666666667,4.83333333333333,6.25,6.25,6.33333333333333,6.33333333333333,-0.763888888888888,1,0,"Control",0,0,1,0,1,0,0,"369"
370,53,0,15,"A2","A1","A1","A1","A1","A1",0.142857142857143,"A1",0.428571428571429,"A1",0.285714285714286,0,"A1","A1",0.107142857142857,"A1",0.142857142857143,"A1",0.142857142857143,106,NA,NA,6,6,6,7,7,4,7,7,7,7,4,4,4,4,5,4,5,3,2,3,4,4,7,5,6,6,7,7,6,7,7,7,7,3,4,2,3,5,4,6,3,3,2,3,1,5,0,1,0.142857142857143,1,0.142857142857143,0,6,7,6,7,6,7,7,7,7,7,2,3,3,1,6,6,6,2,1,1,2,1,7,1,100,1,120,4,530,5,2,220,"A2",0,0,1,0,0,0,0,0,7,6,7,7,6,7,7,7,7,7,2,4,4,2,7,6,5,1,1,2,4,1,7,0,1,100,0,0,0,0,4,1,100,"A1",1,1,1,0,0,0,1,0,1,1,1,7,7,7,0,14,58,5,8.5,6,7,4,4.66666666666667,2.66666666666667,2.72222222222222,6.16666666666667,7,3,5,2.66666666666667,3.02777777777778,6.5,7,2.25,6,1.33333333333333,3.55555555555556,6.66666666666667,7,3,6,1.33333333333333,3.38888888888889,1,0,"Control",1,0,1,0,1,0,0,"370"
371,31,1,20,"A2","A1","A1","A1","A1","A1",0,"A1",0,"A1",0.285714285714286,0,"A1","A1",0,"A1",0,"A3",NA,18,NA,NA,7,7,4,6,4,7,7,7,1,1,4,4,2,4,7,6,6,1,1,3,1,4,6,5,5,3,5,4,6,6,5,3,5,4,4,5,4,6,5,5,2,2,2,3,3,6,0,1,0,2,NA,0,5,5,4,5,4,3,4,4,3,5,3,3,3,3,6,5,5,3,3,3,3,2,5,1,50,0,0,2,200,2,1,50,"A2",0,2,2,0,0,0,0,0,5,5,4,4,4,5,5,5,3,5,4,4,3,3,5,5,5,3,3,3,3,3,5,0,0,0,0,0,2,200,0,0,0,"A2",0,2,2,0,0,0,0,0,1,1,1,5,4,4,0,10,49,4,8,5.83333333333333,4,3.5,6.33333333333333,1.66666666666667,1.08333333333333,4.66666666666667,4.75,4.25,5.33333333333333,2,0.847222222222223,4.33333333333333,4,3,5.33333333333333,3,0.388888888888889,4.5,4.5,3.5,5,3,0.666666666666667,1,0,"Control",0,1,0,0,1,0,0,"371"
372,21,1,15,"A1","A1","A1","A1","A3","A3",NA,"A3",NA,"A3",NA,0,"A2","A2",NA,"A2",NA,"A2",NA,6,NA,NA,5,6,5,2,2,2,6,6,1,1,7,7,7,7,7,7,7,3,2,5,7,4,4,2,2,1,4,2,5,4,5,1,2,7,7,3,6,6,5,5,3,3,3,7,6,4,0,1,0.142857142857143,1,0.285714285714286,0,4,3,2,5,4,3,7,5,1,1,6,6,6,7,7,7,7,2,4,6,7,5,3,3,350,1,100,3,600,3,4,450,"A2",0,0,0,0,0,0,0,0,5,5,5,5,4,3,6,6,3,2,6,6,6,6,6,7,7,4,2,3,7,7,4,0,0,0,3,400,0,0,1,3,400,"A2",1,1,1,1,0,2,1,1,1,1,1,5,3,3,0,16,47,3.66666666666667,7,3.66666666666667,3.5,7,7,3.33333333333333,-2.19444444444444,2.66666666666667,3,5.75,5.33333333333333,3,-1.86111111111111,3.5,3.5,6.25,7,4,-2.25,4.5,4.25,6,6.66666666666667,3,-0.847222222222222,0,0,"Control",0,1,1,0,1,0,0,"372"
373,35,1,15,"A1","A1","A1","A1","A2","A2",NA,"A2",NA,"A2",NA,0,"A1","A2",NA,"A2",NA,"A2",NA,33,NA,NA,6,5,5,5,3,5,5,5,3,3,5,5,5,5,5,5,5,5,3,5,6,6,3,2,5,4,5,4,5,5,5,2,5,5,5,5,4,5,7,7,5,5,5,6,5,3,0,1,0.285714285714286,1,0.428571428571429,0,3,3,3,5,3,7,7,7,1,3,7,7,7,7,7,7,7,4,5,5,7,5,3,10,650,7,640,4,295,1,17,1290,"A2",0,0,0,0,0,0,0,1,3,3,3,5,3,1,7,3,1,1,7,5,7,7,7,7,7,5,5,7,7,5,5,0,3,250,1,120,11,175,1,4,370,"A1",1,1,1,1,0,1,1,0,1,1,1,7,7,5,0,16,51,4.66666666666667,8,4.83333333333333,4,5,5,4.33333333333333,-0.361111111111112,4.16666666666667,4.25,4.75,6.33333333333333,5,-1.15277777777778,4,4.5,7,7,4.66666666666667,-1.97222222222222,3,3,6.5,7,5.66666666666667,-3.38888888888889,0,0,"Control",1,1,0,0,1,0,0,"373"
374,57,0,14,"A1","A1","A1","A1","A2","A2",NA,"A2",NA,"A2",NA,0,"A2","A2",NA,"A2",NA,"A2",NA,16,NA,NA,2,3,3,5,3,3,4,3,3,3,6,7,6,5,5,7,7,4,2,5,6,6,3,2,3,3,4,2,2,4,4,2,3,6,5,5,4,6,6,6,3,2,6,5,4,3,0,0,NA,0,NA,0,2,3,4,5,2,3,4,4,3,3,5,5,5,4,5,6,6,2,2,6,7,5,2,4,300,5,630,2,200,2,9,930,"A2",0,1,1,0,0,0,1,0,3,1,4,5,3,2,5,4,2,2,7,6,5,5,5,7,7,3,1,6,6,7,2,0,5,500,3,330,1,100,3,8,830,"A1",1,1,1,0,1,0,1,0,1,1,1,5,4,5,0,13,56,3.66666666666667,8,3.16666666666667,3.25,6,6.33333333333333,3.66666666666667,-2.125,2.66666666666667,3.25,5,6,3.66666666666667,-1.93055555555556,3.16666666666667,3.5,4.75,5.66666666666667,3.33333333333333,-1.25,3,3.25,5.75,6.33333333333333,3.33333333333333,-2.01388888888889,0,0,"Control",1,0,1,1,1,0,0,"374"
375,44,0,12,"A1","A1","A1","A1","A2","A2",NA,"A2",NA,"A2",NA,0,"A1","A1",0.142857142857143,"A3",NA,"A3",NA,19,NA,NA,4,4,4,5,4,4,5,6,4,5,5,5,5,5,5,6,6,5,3,4,4,4,3,5,4,4,5,4,7,5,7,1,5,6,5,3,2,4,5,5,3,2,2,7,3,5,0,1,0.142857142857143,1,0.142857142857143,0,5,4,4,4,4,5,5,5,2,5,4,5,3,3,7,7,7,1,2,2,6,4,5,4,175,5,345,0,0,2,9,520,"A2",0,0,0,0,1,0,0,1,5,4,4,5,5,5,7,7,5,6,4,6,4,4,7,4,6,2,2,4,6,4,5,0,4,250,2,120,1,50,2,6,370,"A2",0,0,0,0,0,0,1,0,0,0,0,7,5,4,0,14,56,4,10,4.16666666666667,5,5,5.66666666666667,4,-0.305555555555555,4.83333333333333,4.5,4,4.66666666666667,2.33333333333333,0.999999999999999,4.33333333333333,4.25,3.75,7,1.66666666666667,0.152777777777778,4.66666666666667,6.25,4.5,5.66666666666667,2.66666666666667,1.18055555555556,0,0,"Control",1,0,0,0,1,0,0,"375"
376,25,1,17,"A1","A1","A1","A1","A2","A2",NA,"A2",NA,"A2",NA,0,"A3","A3",NA,"A3",NA,"A3",NA,31,NA,NA,6,4,4,3,5,7,6,4,1,4,5,5,4,5,7,5,7,3,2,5,5,3,4,5,4,4,1,7,7,7,4,1,4,5,4,4,4,6,5,5,2,2,4,4,4,5,0,0,NA,0,NA,0,7,4,5,4,4,7,7,6,3,2,5,4,4,4,7,5,6,3,2,3,4,5,6,1,100,4,550,2,250,0,5,650,"A2",0,0,0,1,0,0,0,1,5,4,4,5,5,7,7,4,1,4,5,4,6,4,7,4,7,2,2,4,4,3,6,0,2,80,3,440,2,400,1,5,520,"A2",0,0,0,1,0,0,0,1,0,0,0,4,3,2,0,12.5,49,3,6.5,4.83333333333333,3.75,4.75,6.33333333333333,3.33333333333333,-0.513888888888889,4.66666666666667,4,4.25,5.33333333333333,2.66666666666667,0.250000000000001,5.16666666666667,4.5,4.25,6,2.66666666666667,0.527777777777779,5,4,4.75,6,2.66666666666667,0.0277777777777777,0,0,"Control",1,0,0,1,1,0,0,"376"
377,27,1,20,"A2","A1","A1","A1","A1","A1",0.285714285714286,"A3",NA,"A3",NA,0,"A1","A1",0.142857142857143,"A3",NA,"A3",NA,38,NA,NA,6,4,6,7,5,4,6,5,2,1,4,4,3,2,6,7,5,1,1,3,4,4,6,6,5,6,6,5,5,5,4,4,4,3,4,5,3,5,6,6,1,1,1,2,2,6,0,1,0.142857142857143,0,NA,0,6,6,6,6,5,6,5,4,3,3,4,4,2,2,6,6,6,2,2,2,4,2,6,9,425,5,500,2,200,0,14,925,"A2",1,0,0,0,0,0,0,1,6,6,6,6,6,6,6,5,4,4,4,3,3,2,6,6,6,2,2,2,3,3,6,0,0,0,0,0,2,400,0,0,0,"A2",1,1,1,0,2,0,1,0,1,1,1,4,4,3,0,14.5,45,3.66666666666667,8.5,5.33333333333333,3.5,3.25,6,1.66666666666667,0.777777777777777,5.5,4.25,3.75,5.66666666666667,1,1.40277777777778,5.83333333333333,3.75,3,6,2,1.125,6,4.75,3,6,2,1.70833333333333,1,0,"Control",1,1,0,0,1,0,0,"377"
378,62,1,17,"A2","A1","A1","A1","A3","A3",NA,"A3",NA,"A3",NA,0,"A1","A1",0.142857142857143,"A1",0.142857142857143,"A3",NA,25,NA,NA,6,5,5,5,6,6,6,6,7,7,2,3,3,3,5,5,5,2,1,3,4,3,5,3,6,5,6,4,5,7,5,7,6,2,3,5,3,5,2,5,2,2,2,4,3,5,0,1,0.142857142857143,1,0.142857142857143,0,5,5,5,5,4,5,7,6,7,6,4,5,5,2,6,2,6,3,1,2,4,2,5,2,100,2,200,3,300,3,4,300,"A1",0,0,0,0,0,0,0,0,6,5,6,7,5,5,7,5,7,6,3,6,5,3,5,5,5,1,1,1,4,3,5,0,3,110,1,200,2,350,8,4,310,"A2",1,1,1,0,1,0,0,1,1,1,1,5,3,3,0,13.5,57,4.66666666666667,8,5.5,6.5,2.75,5,2,2.75,4.83333333333333,6.25,3.25,4,2,2.45833333333333,4.83333333333333,6.5,4,4.66666666666667,2,2.11111111111111,5.66666666666667,6.25,4.25,5,1,2.54166666666667,1,0,"Control",1,0,1,1,1,0,0,"378"
379,62,0,14,"A1","A1","A1","A1","A2","A2",NA,"A2",NA,"A2",NA,0,"A3","A3",NA,"A3",NA,"A3",NA,47,NA,NA,5,3,3,5,5,4,5,4,4,5,5,5,5,5,5,6,5,4,4,5,5,5,4,7,5,5,7,7,6,7,5,7,7,4,4,3,5,5,5,5,2,1,3,6,5,5,0,1,0.285714285714286,1,0.285714285714286,0,5,5,6,7,6,6,7,7,7,7,4,5,5,4,4,5,4,3,2,2,5,3,6,6,325,1,100,3,300,3,7,425,"A3",0,1,0,0,0,1,0,0,5,5,5,6,5,5,7,6,6,7,4,4,5,4,4,5,4,2,2,3,4,3,5,0,7,328.5,1,100,1,100,3,8,428.5,"A2",1,1,1,0,1,1,1,0,1,1,1,6,6,6,0,14,52,3.33333333333333,10,4.16666666666667,4.5,5,5.33333333333333,4.33333333333333,-0.555555555555554,6.16666666666667,6.5,4,5,2,2.66666666666667,5.83333333333333,7,4.5,4.33333333333333,2.33333333333333,2.69444444444444,5.16666666666667,6.5,4.25,4.33333333333333,2.33333333333333,2.19444444444445,0,0,"Control",0,0,1,0,1,0,0,"379"
380,60,0,15,"A1","A1","A1","A1","A2","A2",NA,"A2",NA,"A2",NA,0,"A1","A1",0.285714285714286,"A1",1,"A2",NA,14,NA,NA,3,2,2,3,3,5,4,5,4,4,5,6,5,4,4,5,7,4,3,5,4,4,2,6,4,4,5,6,7,7,7,7,6,7,7,7,2,7,6,6,2,2,3,2,4,5,0,1,0.142857142857143,1,0.142857142857143,0,7,4,3,5,7,6,7,7,7,5,6,6,6,2,6,5,5,2,2,4,2,4,6,3,225,2,250,2,200,2,5,475,"A2",0,0,0,0,0,0,0,0,6,4,4,6,6,6,7,6,7,5,6,7,6,3,6,6,6,3,3,5,4,3,5,0,1,50,0,0,3,450,3,1,50,"A2",1,0,1,0,1,1,0,0,1,0,1,6,6,5,0,12.5,50,4.33333333333333,7.5,3,4.25,5,5.33333333333333,4,-1.15277777777778,5.33333333333333,6.75,5.75,6.33333333333333,2.33333333333333,1.23611111111111,5.33333333333333,6.5,5,5.33333333333333,2.66666666666667,1.58333333333333,5.33333333333333,6.25,5.5,6,3.66666666666667,0.736111111111111,0,0,"Control",1,1,0,1,1,0,0,"380"
381,33,0,15,"A2","A1","A1","A1","A1","A1",0.107142857142857,"A3",NA,"A3",NA,0,"A3","A3",NA,"A3",NA,"A3",NA,81,NA,NA,5,5,5,6,6,7,7,5,4,6,2,2,2,3,4,7,4,7,6,2,1,3,6,6,3,6,5,6,6,7,5,4,6,2,1,3,3,4,7,5,7,3,2,2,2,6,0,1,0.142857142857143,1,0,0,6,3,5,5,6,7,6,6,7,6,2,2,2,2,4,5,4,5,3,2,3,3,6,7,232.5,2,200,1,50,0,9,432.5,"A2",0,0,0,0,0,0,0,0,6,4,6,5,6,6,7,6,3,5,2,1,3,2,4,6,4,5,3,2,3,2,7,0,1,25,1,50,1,50,2,2,75,"A2",0,0,0,0,0,0,0,0,1,0,0,5,4,4,0,18.5,41,4.33333333333333,10,5.66666666666667,5.5,2.25,5,5,1.5,5.33333333333333,5.5,2.25,5.33333333333333,4,1.55555555555556,5.33333333333333,6.25,2,4.33333333333333,3.33333333333333,2.56944444444444,5.5,5.25,2,4.66666666666667,3.33333333333333,2.04166666666667,1,0,"Control",1,1,0,1,1,0,0,"381"
382,30,0,17,"A5","A2","A2","A2","","A4",NA,"A4",NA,"A4",NA,0,"A4","A4",NA,"A4",NA,"A4",NA,38,NA,NA,7,5,7,7,4,7,7,6,7,7,1,1,1,1,4,7,4,2,2,1,3,1,4,7,6,7,7,5,7,7,6,7,7,2,2,3,2,4,6,5,2,2,1,3,2,4,0,2,NA,2,NA,0,6,6,7,7,5,7,7,6,7,7,2,2,3,2,4,7,5,2,2,1,3,3,4,0,0,0,0,0,0,0,0,0,"A2",0,2,2,2,2,2,0,0,6,5,6,6,5,7,7,6,7,7,2,2,2,2,4,7,5,1,1,1,2,2,4,0,0,0,0,0,0,0,0,0,0,"A2",0,2,2,2,2,2,0,0,2,2,2,3,3,1,0,13.5,49,5,10,6.16666666666667,6.75,1,5,1.66666666666667,3.90277777777778,6.5,6.75,2.25,5,1.66666666666667,3.65277777777778,6.33333333333333,6.75,2.25,5.33333333333333,1.66666666666667,3.45833333333333,5.83333333333333,6.75,2,5.33333333333333,1,3.51388888888889,1,0,"Control",0,0,0,0,0,0,0,"382"
383,25,1,17,"A1","A1","A1","A1","A2","A2",NA,"A2",NA,"A2",NA,0,"A1","A2",NA,"A1",0.285714285714286,"A1",0.285714285714286,24,NA,NA,4,4,5,6,3,4,5,4,5,3,5,5,6,3,6,6,6,5,4,4,5,5,4,5,3,7,6,5,6,4,4,7,6,5,4,4,5,7,5,5,5,6,5,4,5,7,0,1,0.142857142857143,1,0.285714285714286,0,5,3,5,6,4,4,6,5,6,6,4,4,5,5,7,6,6,4,4,5,4,5,4,5,350,2,220,4,650,0,7,570,"",NA,NA,NA,NA,NA,NA,NA,NA,5,4,5,5,5,6,5,5,6,6,4,3,4,3,6,6,6,4,4,4,4,6,6,0,2,100,4,330,3,420,0,6,430,"A2",0,0,0,0,0,0,0,1,1,0,0,6,5,5,1,15.5,36,3.66666666666667,7.5,4.33333333333333,4.25,4.75,6,4.33333333333333,-0.736111111111112,5.33333333333333,5.25,4.5,5.66666666666667,5.33333333333333,0.124999999999999,4.5,5.75,4.5,6.33333333333333,4.33333333333333,0.0694444444444455,5,5.5,3.5,6,4,0.75,0,0,"Control",0,1,1,0,1,0,0,"383"
384,50,0,14,"A1","A1","A1","A1","A2","A2",NA,"A2",NA,"A2",NA,0,"A1","A1",0.107142857142857,"A1",0,"A2",NA,25,NA,NA,3,2,4,5,3,3,6,4,3,4,5,5,4,3,4,4,6,4,3,4,5,4,4,5,4,5,5,6,4,5,1,4,7,1,1,2,1,4,1,4,1,1,1,5,1,7,0,1,0,1,0,0,5,3,6,5,5,6,7,1,4,7,1,1,2,1,4,1,5,1,1,1,4,1,7,1,50,2,200,1,100,1,3,250,"A2",0,0,1,0,0,0,1,0,5,2,5,5,7,6,7,4,6,7,1,4,2,1,7,4,5,1,1,1,5,1,7,0,0,0,0,0,0,0,0,0,0,"A2",1,1,1,1,2,1,1,0,1,1,1,7,4,5,0,14.5,60,4.66666666666667,10,3.33333333333333,4.25,4.25,4.66666666666667,3.66666666666667,-0.402777777777778,4.83333333333333,4.25,1.25,3,1,2.79166666666667,5,4.75,1.25,3.33333333333333,1,3.01388888888889,5,6,2,5.33333333333333,1,2.72222222222222,0,0,"Control",1,1,1,0,1,0,0,"384"
385,42,1,14,"A1","A1","A1","A1","A2","A2",NA,"A2",NA,"A2",NA,1,"A3","A3",NA,"A3",NA,"A3",NA,14,NA,NA,1,4,5,4,4,4,5,4,3,5,6,6,6,6,6,6,7,4,2,7,6,5,4,4,5,5,5,5,6,7,6,1,3,7,7,7,5,7,7,7,4,1,6,6,4,4,0,0,NA,0,NA,0,4,6,6,6,6,7,7,4,2,5,6,6,6,3,7,6,7,3,1,5,6,4,4,5,500,4,820,0,0,1,9,1320,"A2",0,1,0,0,0,0,0,1,5,5,4,5,4,6,6,4,3,4,7,6,5,6,7,7,7,4,2,6,6,3,5,0,3,300,2,500,2,400,1,5,800,"A2",1,1,1,1,0,0,1,0,2,1,1,6,5,5,0,15,51,4.33333333333333,10,3.66666666666667,4.25,6,6.33333333333333,4.33333333333333,-1.59722222222222,5,4.25,6.5,7,3.66666666666667,-1.09722222222222,5.83333333333333,4.5,5.25,6.66666666666667,3,0.194444444444444,4.83333333333333,4.25,6,7,4,-1.125,0,1,"Control",1,1,0,0,1,0,0,"385"
386,56,0,11,"A1","A1","A1","A1","A2","A2",NA,"A2",NA,"A2",NA,0,"A1","A3",NA,"A3",NA,"A2",NA,54,NA,NA,3,5,5,5,5,4,5,4,3,4,5,5,5,5,5,5,4,2,4,4,5,4,4,4,5,5,5,4,5,5,5,3,4,5,5,5,3,5,5,4,5,5,3,3,4,4,0,1,0.142857142857143,1,0.428571428571429,0,5,5,5,5,5,5,5,4,3,4,5,5,5,4,5,5,4,5,4,3,3,3,5,1,50,4,400,4,250,1,5,450,"A2",0,0,0,0,0,0,0,0,5,5,5,5,5,5,5,4,4,4,5,5,5,3,5,5,5,3,4,3,3,3,5,0,2,100,0,0,0,0,3,2,100,"A1",0,1,1,0,0,0,1,0,1,1,1,5,5,5,0,17,46,4,10,4.5,4,5,4.66666666666667,3.33333333333333,-0.0833333333333339,4.66666666666667,4.25,4.5,4.66666666666667,4.33333333333333,-0.0416666666666661,5,4,4.75,4.66666666666667,4,0.0277777777777777,5,4.25,4.5,5,3.33333333333333,0.347222222222222,0,0,"Control",1,0,1,1,1,0,0,"386"
387,45,1,12,"A2","A1","A1","A1","A1","A2",NA,"A1",0.428571428571429,"A2",NA,1,"A1","A1",0.142857142857143,"A1",0.142857142857143,"A1",0.142857142857143,65,NA,NA,3,7,4,4,4,5,7,7,6,4,3,4,3,5,5,5,4,2,1,2,2,2,5,4,7,3,4,7,7,7,7,6,7,2,1,7,6,4,7,6,1,6,1,4,1,7,0,1,0.142857142857143,1,0.142857142857143,0,2,7,5,7,6,1,7,7,4,7,1,1,1,5,7,7,6,1,1,1,6,1,7,2,100,4,475,0,0,2,6,575,"A2",0,0,0,0,0,0,0,1,7,6,5,4,4,7,7,7,5,5,3,4,3,4,7,7,5,1,1,1,3,3,7,0,3,225,2,125,1,150,1,5,350,"A2",1,1,1,0,0,0,1,1,1,1,1,7,3,5,0,9.5,43,5,9.5,4.5,6,3.75,4.66666666666667,1.66666666666667,1.88888888888889,5.33333333333333,6.75,4,5.66666666666667,2.66666666666667,1.93055555555555,4.66666666666667,6.25,2,6.66666666666667,1,2.23611111111111,5.5,6,3.5,6.33333333333333,1,2.13888888888889,1,1,"Control",1,0,0,0,1,0,0,"387"
388,55,1,17,"A1","A1","A1","A1","A2","A2",NA,"A2",NA,"A2",NA,0,"A2","A2",NA,"A2",NA,"A2",NA,94,NA,NA,5,2,2,4,2,4,5,5,3,2,5,5,6,5,7,7,7,5,3,3,5,5,3,4,4,4,5,2,6,5,5,5,4,5,4,3,3,7,7,6,5,3,3,6,5,2,0,1,0.142857142857143,0,NA,0,2,2,5,5,2,6,6,5,4,5,5,5,6,5,6,6,6,3,3,5,6,5,2,3,300,8,1400,2,100,5,11,1700,"A2",0,0,0,0,0,0,0,1,3,3,5,5,2,6,5,6,3,4,6,6,6,5,6,6,6,3,3,5,6,5,3,0,1,12.5,3,250,1,100,7,4,262.5,"A2",0,0,1,0,0,0,0,1,0,0,1,6,5,3,0,18,37,2.66666666666667,4,3.16666666666667,3.75,5.25,7,3.66666666666667,-1.84722222222222,4.16666666666667,4.75,3.75,6.66666666666667,3.66666666666667,-0.236111111111111,3.66666666666667,5,5.25,6,3.66666666666667,-0.638888888888889,4,4.5,5.75,6,3.66666666666667,-0.888888888888888,0,0,"Control",1,1,1,1,1,0,0,"388"
389,31,0,17,"A2","A1","A1","A1","A1","A1",0.107142857142857,"A1",0.107142857142857,"A1",0.107142857142857,0,"A1","A1",0.107142857142857,"A1",0.285714285714286,"A2",NA,49,NA,NA,7,7,6,7,6,7,7,4,6,7,1,1,1,1,7,4,5,3,3,2,4,4,7,7,5,6,7,7,7,7,4,7,7,1,1,1,1,7,5,6,2,2,1,2,3,7,0,1,0.142857142857143,1,0.285714285714286,0,7,5,6,7,7,7,7,4,7,7,1,1,1,1,7,5,5,2,2,1,2,1,7,0,0,2,240,1,100,2,2,240,"A3",0,0,2,1,0,0,0,0,7,6,7,7,7,7,7,4,7,7,1,1,1,1,7,6,7,3,2,2,2,1,7,0,0,0,3,250,4,325,4,3,250,"A2",1,0,0,0,0,0,0,1,0,0,0,7,7,5,0,13,51,4.33333333333333,6,6.66666666666667,6,1,5.33333333333333,2.66666666666667,3.33333333333333,6.5,6.25,1,6,1.66666666666667,3.48611111111111,6.5,6.25,1,5.66666666666667,1.66666666666667,3.59722222222222,6.83333333333333,6.25,1,6.66666666666667,2.33333333333333,3.20833333333333,1,0,"Control",0,0,0,1,1,0,0,"389"
390,51,0,14,"A1","A1","A1","A1","A3","A3",NA,"A3",NA,"A3",NA,0,"A1","A1",0.107142857142857,"A1",0.142857142857143,"A2",NA,35,NA,NA,5,6,6,7,7,7,7,7,6,7,3,3,1,1,7,6,6,2,1,1,5,1,7,6,6,6,7,7,7,7,7,5,7,7,1,1,2,7,6,7,1,1,1,5,1,5,0,1,0.142857142857143,1,0.142857142857143,0,6,7,6,7,7,7,7,7,5,7,7,1,1,1,7,7,7,1,1,1,2,7,7,3,150,3,275,5,475,2,6,425,"A2",0,0,0,0,0,0,0,0,7,6,7,7,7,7,7,7,7,7,3,2,1,3,7,7,7,1,1,1,1,2,7,0,1,50,1,100,4,400,3,2,150,"A2",1,1,0,0,0,1,1,0,1,1,0,7,7,5,0,11.5,58,4.66666666666667,9.5,6.33333333333333,6.75,2,6.33333333333333,1.33333333333333,3.31944444444444,6.5,6.5,2.75,6.66666666666667,1,3.02777777777778,6.66666666666667,6.5,2.5,7,1,3.08333333333333,6.83333333333333,7,2.25,7,1,3.5,1,0,"Control",1,1,1,1,1,0,0,"390"
391,23,0,15,"A4","A2","A2","A2","","A4",NA,"A4",NA,"A4",NA,0,"A4","A4",NA,"A4",NA,"A4",NA,39,NA,NA,7,6,7,7,6,5,7,4,5,7,2,1,1,1,5,7,5,1,1,1,1,2,6,7,5,7,7,5,7,7,4,5,6,1,1,1,1,7,7,6,2,1,1,1,1,6,0,2,NA,2,NA,0,7,5,7,7,5,7,7,4,5,6,1,1,1,1,6,7,6,1,1,1,1,2,6,0,0,0,0,0,0,1,0,0,"A2",0,2,2,2,0,0,1,0,6,6,7,7,7,7,7,4,5,7,1,1,1,1,6,7,5,2,1,1,2,3,6,0,0,0,0,0,0,0,1,0,0,"A2",0,2,2,2,1,0,1,1,2,2,2,5,4,2,0,14,45,5,10,6.33333333333333,5.75,1.25,5.66666666666667,1,3.40277777777778,6.33333333333333,5.5,1,6.66666666666667,1.33333333333333,2.91666666666667,6.33333333333333,5.5,1,6.33333333333333,1,3.13888888888889,6.66666666666667,5.75,1,6,1.33333333333333,3.43055555555556,1,0,"Control",0,0,0,0,0,0,0,"391"
392,45,0,15,"A2","A1","A1","A1","A1","A1",0.142857142857143,"A1",0.107142857142857,"A1",0.142857142857143,0,"A4","A4",NA,"A4",NA,"A4",NA,15,NA,NA,7,7,7,7,7,7,7,7,7,7,4,5,2,5,4,4,5,1,1,1,5,2,7,7,6,7,5,6,7,7,7,7,7,2,3,2,4,6,5,4,1,1,1,3,2,5,1,2,NA,2,NA,0,6,6,7,6,6,7,7,7,7,7,2,4,2,5,6,6,4,1,1,1,4,2,6,0,0,0,0,0,0,5,0,0,"A2",0,2,2,2,0,0,0,0,6,6,7,6,6,7,7,7,7,5,2,3,2,5,5,4,4,1,1,1,3,2,5,0,0,0,0,0,0,0,3,0,0,"A2",0,2,2,2,0,0,0,0,2,2,2,4,3,1,0,11,51,3.66666666666667,9,7,7,4,4.33333333333333,1,3.88888888888889,6.33333333333333,7,2.75,5,1,3.75,6.33333333333333,7,3.25,5.33333333333333,1,3.47222222222222,6.33333333333333,6.5,3,4.33333333333333,1,3.63888888888889,1,1,"Control",0,0,0,0,1,0,0,"392"
393,29,0,17,"A2","A1","A1","A1","A3","A3",NA,"A3",NA,"A3",NA,0,"A3","A3",NA,"A3",NA,"A3",NA,75,NA,NA,7,4,4,4,7,7,7,7,6,7,1,1,1,2,4,4,7,1,1,1,4,4,5,7,7,7,4,7,4,7,7,7,7,1,1,1,5,6,4,7,1,1,1,1,1,7,0,2,NA,2,NA,0,7,7,7,7,7,6,1,7,7,7,1,1,1,5,5,4,7,1,1,1,4,4,7,1,200,0,0,1,100,5,1,200,"A2",0,0,0,0,1,0,0,0,7,7,6,6,7,6,7,6,7,7,1,1,2,2,5,4,7,1,1,1,4,2,7,0,0,0,0,0,0,0,1,0,0,"A3",1,0,2,0,0,0,0,0,2,2,2,3,2,2,0,12.5,43,3.66666666666667,10,5.5,6.75,1.25,5,1,3.70833333333333,6,7,2,5.66666666666667,1,3.61111111111111,6.83333333333333,5.5,2,5.33333333333333,1,3.38888888888889,6.5,6.75,1.5,5.33333333333333,1,4.01388888888889,1,0,"Control",0,1,1,0,1,0,0,"393"
394,35,1,17,"A2","A1","A1","A1","A1","A1",0.107142857142857,"A1",0.285714285714286,"A1",0.142857142857143,0,"A4","A4",NA,"A4",NA,"A4",NA,16,NA,NA,5,5,6,6,7,6,7,7,7,7,3,2,2,1,4,2,4,1,1,1,3,2,5,5,5,6,6,6,7,7,7,7,7,2,2,2,1,4,1,4,1,1,1,4,1,5,0,2,NA,2,NA,0,6,7,7,6,6,7,7,7,7,7,1,1,1,1,4,1,4,1,1,1,1,1,6,0,0,0,0,0,0,0,0,0,"A2",0,2,2,2,2,0,0,0,6,6,7,6,6,7,7,7,7,7,2,2,1,1,4,1,4,1,1,1,1,1,6,0,0,0,0,0,0,0,0,0,0,"A2",0,2,2,2,2,0,0,0,1,2,2,6,4,4,0,10,53,3,7.5,5.83333333333333,7,2,3.33333333333333,1,4.30555555555556,5.83333333333333,7,1.75,3,1,4.5,6.5,7,1,3,1,5.08333333333333,6.33333333333333,7,1.5,3,1,4.83333333333333,1,0,"Control",0,0,0,0,1,0,0,"394"
395,25,0,17,"A1","A1","A1","A1","A2","A2",NA,"A2",NA,"A2",NA,0,"A2","A2",NA,"A2",NA,"A2",NA,45,NA,NA,5,4,4,5,4,4,4,3,2,3,6,6,7,7,7,7,7,7,4,6,4,4,4,4,4,2,5,3,4,5,4,4,4,6,5,7,7,7,7,7,7,5,6,6,4,4,0,1,0.285714285714286,0,NA,0,5,4,1,5,3,4,5,4,4,4,7,5,6,7,7,7,7,7,4,7,6,4,4,4,225,3,315,6,645,0,7,540,"A2",0,1,0,0,0,0,0,0,4,4,5,6,4,5,5,4,4,4,7,7,7,7,7,7,7,7,4,7,6,4,4,0,2,200,3,270,3,315,2,5,470,"A1",0,0,0,0,0,0,0,0,1,0,1,5,5,4,0,14,50,4.33333333333333,10,4.33333333333333,3,6.5,7,5.66666666666667,-2.72222222222222,3.66666666666667,4.25,6.25,7,6,-2.45833333333333,3.66666666666667,4.25,6.25,7,6,-2.45833333333333,4.66666666666667,4.25,7,7,6,-2.20833333333333,0,0,"Control",0,1,1,1,1,0,0,"395"
396,56,0,15,"A1","A1","A1","A1","A2","A2",NA,"A2",NA,"A2",NA,0,"A2","A2",NA,"A2",NA,"A2",NA,29,NA,NA,3,2,1,5,3,1,1,4,2,1,6,6,5,6,5,7,7,3,2,5,5,3,3,3,2,1,5,2,5,5,4,3,3,5,5,4,5,5,7,6,2,2,5,7,6,3,0,0,NA,0,NA,0,4,5,5,5,2,5,5,5,5,5,5,5,5,5,5,7,7,2,2,5,5,5,3,9,550,0,0,1,100,2,9,550,"A2",0,1,0,1,0,0,0,0,3,3,5,5,4,3,5,5,5,5,5,5,5,5,5,7,7,2,2,4,6,5,4,0,4,250,4,600,2,400,0,8,850,"A2",0,0,0,0,0,0,0,0,2,0,0,6,5,4,0,16,47,4.33333333333333,7,2.5,2,5.75,6.33333333333333,3.33333333333333,-2.88888888888889,3,3.75,4.75,6,3,-1.20833333333333,4.33333333333333,5,5,6.33333333333333,3,-0.111111111111112,3.83333333333333,5,5,6.33333333333333,2.66666666666667,-0.249999999999999,0,0,"Control",0,1,0,0,1,0,0,"396"
397,41,0,11,"A1","A1","A1","A1","A2","A2",NA,"A2",NA,"A2",NA,0,"A2","A2",NA,"A2",NA,"A2",NA,9,NA,NA,4,4,4,6,5,3,5,4,6,6,7,6,6,6,7,7,7,3,3,6,6,6,4,6,4,5,6,4,4,5,5,5,6,5,5,3,3,6,7,6,5,5,5,5,5,3,1,1,0.285714285714286,1,0.285714285714286,0,5,3,5,5,4,4,4,3,5,3,3,5,5,5,6,3,3,4,5,6,5,5,5,4,600,1,100,3,400,0,5,700,"A2",0,0,0,0,0,0,0,0,5,5,5,5,5,3,6,6,5,6,6,5,3,3,6,7,7,6,5,6,7,7,3,0,4,300,4,400,1,100,0,8,700,"A2",0,0,0,0,0,0,0,0,2,1,0,5,5,4,0,15,45,4,6.5,4.33333333333333,5.25,6.25,7,4,-0.958333333333334,4.83333333333333,5.25,4,6.33333333333333,5,-0.0694444444444446,4.33333333333333,3.75,4.5,4,5,-0.458333333333334,4.66666666666667,5.75,4.25,6.66666666666667,5.66666666666667,-0.319444444444445,0,1,"Control",0,0,1,0,1,0,0,"397"
398,38,0,17,"A4","A2","A2","A2","","A4",NA,"A4",NA,"A4",NA,0,"A4","A4",NA,"A4",NA,"A4",NA,11,NA,NA,6,6,7,6,6,7,7,7,7,7,4,4,3,3,2,2,1,1,2,1,3,2,4,5,5,5,5,5,5,5,5,7,7,2,4,3,3,2,4,1,1,1,1,4,3,5,0,2,NA,2,NA,0,5,3,3,5,5,5,5,5,6,6,2,4,3,4,2,3,1,3,3,1,4,3,5,0,0,0,0,0,0,1,0,0,"A2",0,2,2,2,1,0,0,0,5,3,4,5,5,5,5,5,7,7,3,2,4,4,1,1,1,1,1,1,5,3,5,0,0,0,0,0,0,0,2,0,0,"A2",0,2,2,2,0,0,0,0,0,2,2,5,4,3,0,14.5,32,3.33333333333333,5.5,6.33333333333333,7,3.5,1.66666666666667,1.33333333333333,4.5,5,6,3,2.33333333333333,1,3.38888888888889,4.33333333333333,5.5,3.25,2,2.33333333333333,2.38888888888889,4.5,6,3.25,1,1,3.5,1,0,"Control",0,0,0,1,0,0,0,"398"
399,64,0,17,"A2","A1","A1","A1","A3","A3",NA,"A3",NA,"A3",NA,0,"A3","A3",NA,"A3",NA,"A3",NA,32,NA,NA,7,5,6,7,5,6,7,7,7,7,1,1,1,1,3,2,1,1,1,1,2,1,7,7,7,7,7,7,7,4,7,7,6,3,3,3,1,5,1,1,1,1,1,3,1,7,0,1,0.142857142857143,2,NA,0,7,7,7,6,7,5,7,7,7,7,1,3,3,1,4,1,1,1,1,1,2,4,7,0,0,1,80,0,0,0,1,80,"A2",0,0,1,1,0,0,1,0,7,7,7,7,7,7,7,7,7,7,2,3,5,1,3,1,1,1,1,1,3,3,7,0,0,0,1,125,1,100,1,1,125,"A2",1,0,1,0,1,0,0,1,1,0,1,5,4,4,0,12,42,4.33333333333333,9,6,7,1,2,1,5.16666666666667,7,6,2.5,2.33333333333333,1,4.55555555555556,6.5,7,2,2,1,5.08333333333333,7,7,2.75,1.66666666666667,1,5.19444444444444,1,0,"Control",0,0,0,1,1,0,0,"399"
400,55,0,14,"A1","A1","A1","A1","A1","A1",0.428571428571429,"A1",0.428571428571429,"A2",NA,0,"A1","A1",0.142857142857143,"A1",0.428571428571429,"A2",NA,45,NA,NA,7,4,5,5,7,5,7,5,4,5,3,4,2,1,7,7,6,3,3,3,5,3,7,7,4,7,6,7,5,7,4,4,4,3,3,3,1,7,7,6,4,1,1,2,2,7,0,1,0.285714285714286,1,0.285714285714286,0,6,4,7,6,6,6,7,5,4,4,4,4,4,1,7,7,7,4,3,3,5,4,6,5,300,3,250,3,300,2,8,550,"A1",0,0,0,0,1,0,0,0,5,4,5,6,5,5,7,7,4,4,4,4,5,3,7,7,6,4,3,4,4,5,6,0,1,50,2,200,1,100,2,3,250,"A2",0,1,1,0,1,0,1,0,1,1,1,5,5,5,0,15.5,50,4.33333333333333,10,5.5,5.25,2.5,6.66666666666667,3,1.31944444444444,6,4.75,2.5,6.66666666666667,2,1.65277777777778,5.83333333333333,5,3.25,7,3.33333333333333,0.888888888888888,5,5.5,4,6.66666666666667,3.66666666666667,0.472222222222222,1,0,"Control",1,1,1,0,1,0,0,"400"
401,46,0,17,"A4","A2","A2","A2","","A4",NA,"A4",NA,"A4",NA,0,"A4","A4",NA,"A4",NA,"A4",NA,29,NA,NA,7,7,7,7,7,7,7,6,2,3,3,3,3,1,7,1,1,1,1,1,1,1,7,6,7,4,5,5,6,7,6,2,4,1,3,3,1,7,2,1,1,1,1,1,2,7,0,2,NA,2,NA,0,6,7,4,5,6,6,7,6,2,4,2,3,2,1,7,2,1,1,1,1,1,2,7,0,0,0,0,0,0,3,0,0,"A2",0,2,2,2,1,0,0,0,6,6,4,6,6,5,7,5,1,2,1,3,2,1,6,1,1,1,1,4,2,3,7,0,0,0,0,0,0,0,0,0,0,"A2",0,2,2,2,0,0,0,0,2,2,2,6,1,1,0,12.5,50,3.66666666666667,9.5,7,4.5,2.5,3,1,3.58333333333333,5.5,4.75,2,3.33333333333333,1,3.01388888888889,5.66666666666667,4.75,2,3.33333333333333,1,3.09722222222222,5.5,3.75,1.75,2.66666666666667,2,2.48611111111111,1,0,"Control",0,0,0,0,0,0,0,"401"
402,20,0,12,"A5","A2","A2","A2","","A4",NA,"A4",NA,"A4",NA,0,"A4","A4",NA,"A4",NA,"A4",NA,30,NA,NA,7,5,7,5,6,7,7,7,7,7,1,1,1,2,3,1,3,2,4,1,3,1,4,6,6,7,6,5,7,7,6,7,7,1,1,1,2,2,4,4,1,1,1,3,2,5,0,2,NA,2,NA,0,5,6,7,6,6,7,7,6,7,7,1,1,2,4,2,4,2,1,1,1,2,2,5,0,0,0,0,0,0,0,0,0,"A2",0,2,2,2,2,0,0,0,5,6,7,7,5,7,7,6,7,7,1,1,2,4,4,4,1,1,1,1,1,1,5,0,0,0,0,0,0,0,0,0,0,"A2",0,2,2,2,2,0,0,0,2,2,2,4,2,2,0,14,40,3.33333333333333,7.5,6.16666666666667,7,1.25,2.33333333333333,2.33333333333333,4.61111111111111,6.16666666666667,6.75,1.25,3.33333333333333,1,4.59722222222222,6.16666666666667,6.75,2,2.66666666666667,1,4.56944444444445,6.16666666666667,6.75,2,3,1,4.45833333333333,1,0,"Control",0,0,0,0,0,0,0,"402"
403,25,0,17,"A2","A1","A1","A1","A1","A1",0.285714285714286,"A1",0.285714285714286,"A3",NA,0,"A1","A1",0.428571428571429,"A3",NA,"A1",0.285714285714286,79,NA,NA,7,6,6,7,5,6,7,5,5,6,3,4,4,3,4,5,5,3,3,3,4,3,7,7,6,6,6,6,7,7,6,5,7,4,5,4,3,7,5,4,2,2,3,5,4,7,0,1,0.285714285714286,2,NA,0,7,6,6,6,7,7,7,6,5,6,4,5,4,2,7,5,4,3,3,3,4,3,7,8,375,0,0,1,50,0,8,375,"A2",0,2,0,1,0,0,0,0,7,6,7,6,5,6,6,5,5,6,4,5,4,2,5,4,3,3,2,3,4,3,7,0,1,50,0,0,1,100,1,1,50,"A2",0,2,1,1,0,1,0,0,1,2,1,6,5,5,0,10.5,49,3.33333333333333,8.5,6.16666666666667,5.75,3.5,4.66666666666667,3,2.23611111111111,6.33333333333333,6.25,4,5.33333333333333,2.33333333333333,2.40277777777778,6.5,6,3.75,5.33333333333333,3,2.22222222222222,6.16666666666667,5.5,3.75,4,2.66666666666667,2.36111111111111,1,0,"Control",0,1,0,1,1,0,0,"403"
404,59,0,14,"A1","A1","A1","A1","A2","A2",NA,"A2",NA,"A2",NA,0,"A3","A3",NA,"A3",NA,"A3",NA,65,NA,NA,1,3,2,3,1,1,7,7,4,1,6,6,6,7,7,7,7,6,6,7,4,4,2,6,2,5,6,4,7,7,7,7,7,6,6,6,4,7,7,7,7,6,5,6,6,2,0,1,0.285714285714286,1,0.142857142857143,0,5,2,6,6,4,7,7,7,7,7,6,6,5,5,7,7,7,6,6,3,3,4,5,4,150,8,600,2,0,1,12,750,"A1",0,1,0,0,0,0,0,1,5,6,6,6,5,7,7,7,7,6,6,6,5,5,7,7,7,5,6,5,5,4,5,0,7,300,5,300,4,300,3,12,600,"A1",1,1,1,1,0,0,1,1,1,1,1,6,6,6,0,14.5,55,4,8,1.83333333333333,4.75,6.25,7,6.33333333333333,-3.23611111111111,5,7,5.5,7,6,-0.166666666666667,5,7,5.5,7,5,0.166666666666667,5.83333333333333,6.75,5.5,7,5.33333333333333,0.347222222222222,0,0,"Control",1,0,0,1,1,0,0,"404"
405,36,0,14,"A1","A1","A1","A1","A1","A1",0.285714285714286,"A1",0.571428571428571,"A2",NA,0,"A1","A3",NA,"A1",0.285714285714286,"A2",NA,85,NA,NA,5,6,5,5,6,7,6,5,4,5,4,4,3,5,5,6,7,4,1,2,4,5,5,5,6,7,6,6,3,5,4,5,6,2,2,2,5,5,6,6,3,2,2,3,5,6,0,1,0.142857142857143,1,0.285714285714286,0,7,7,7,6,6,3,5,5,5,6,3,3,3,3,4,6,6,3,2,2,4,4,5,3,200,5,600,2,200,3,8,800,"A2",0,0,0,0,0,0,0,0,7,5,7,6,6,4,5,5,5,7,4,3,3,5,4,5,6,2,2,3,3,5,6,0,1,100,2,200,0,0,6,3,300,"A1",0,1,0,1,1,0,0,1,1,1,1,7,7,6,0,14.5,54,4,8,5.66666666666667,5,4,6,2.33333333333333,1.22222222222222,5.5,5,2.75,5.66666666666667,2.33333333333333,1.66666666666667,6,5.25,3,5.33333333333333,2.33333333333333,2.06944444444444,5.83333333333333,5.5,3.75,5,2.33333333333333,1.97222222222222,1,0,"Control",1,1,1,1,1,0,0,"405"
406,19,0,14,"A2","A1","A1","A1","A3","A3",NA,"A3",NA,"A3",NA,0,"A3","A3",NA,"A3",NA,"A3",NA,59,NA,NA,6,4,5,7,5,7,7,7,5,7,1,1,2,1,4,2,4,3,1,1,4,2,6,7,5,6,7,7,7,7,7,2,6,1,2,2,1,6,2,3,3,2,2,5,3,6,0,1,0.285714285714286,1,0.142857142857143,0,7,6,6,7,6,7,7,5,2,6,1,1,2,2,6,2,5,2,2,2,5,3,7,1,50,5,500,2,200,0,6,550,"A2",0,0,0,0,0,0,0,0,7,5,6,7,6,7,7,6,2,6,1,2,3,1,6,3,6,3,2,2,5,4,7,0,3,100,2,200,2,150,1,5,300,"A2",0,0,0,0,0,0,0,0,2,1,0,7,5,3,0,10.5,47,4,5,5.66666666666667,6.5,1.25,3.33333333333333,1.66666666666667,4,6.5,5.5,1.5,3.66666666666667,2.33333333333333,3.5,6.5,5,1.5,4.33333333333333,2,3.13888888888889,6.33333333333333,5.25,1.75,5,2.33333333333333,2.76388888888889,1,0,"Control",1,0,0,1,1,0,0,"406"
407,32,1,17,"A2","A1","A1","A1","A3","A3",NA,"A3",NA,"A3",NA,0,"A3","A3",NA,"A3",NA,"A3",NA,33,NA,NA,6,6,6,6,6,7,7,7,6,7,2,2,3,2,6,4,5,2,2,2,4,2,6,7,6,7,6,7,7,7,7,6,7,3,3,3,1,7,4,5,2,1,2,3,1,7,0,0,NA,0,NA,0,7,6,7,6,6,7,7,7,6,7,3,2,3,1,7,4,5,2,2,1,3,2,7,1,75,2,220,4,420,1,3,295,"A3",0,0,0,0,0,0,0,0,7,6,7,6,7,7,7,6,6,7,4,3,4,2,7,5,5,2,2,2,3,2,7,0,0,0,3,315,5,520,2,3,315,"A2",0,0,0,0,0,0,0,1,2,0,0,2,2,2,0,14,50,4,8,6.16666666666667,6.75,2.25,5,2,3.375,6.66666666666667,6.75,2.5,5.33333333333333,1.66666666666667,3.54166666666667,6.5,6.75,2.25,5.33333333333333,1.66666666666667,3.54166666666667,6.66666666666667,6.5,3.25,5.66666666666667,2,2.94444444444444,1,0,"Control",0,1,0,1,1,0,0,"407"
408,39,0,17,"A2","A1","A1","A1","A3","A3",NA,"A3",NA,"A3",NA,0,"A1","A4",NA,"A1",0.107142857142857,"A3",NA,70,NA,NA,6,4,5,6,6,4,7,5,5,5,3,4,4,5,5,5,4,3,2,2,1,3,7,6,5,7,6,4,7,6,5,4,5,4,5,2,5,6,6,5,3,1,5,2,1,7,0,2,NA,1,0,0,7,5,6,5,4,7,7,6,5,6,3,5,4,4,6,6,5,2,1,4,1,1,7,0,0,2,175,2,300,2,2,175,"A2",0,0,2,0,0,0,0,1,6,5,6,6,4,7,7,5,5,6,4,5,5,3,7,5,5,3,3,4,2,2,7,0,0,0,0,0,2,125,0,0,0,"A3",0,1,2,1,0,0,0,0,1,0,2,5,4,4,0,15,39,4,9.5,5.16666666666667,5.5,4,4.66666666666667,2.33333333333333,1.66666666666667,5.83333333333333,5,4,5.66666666666667,3,1.19444444444444,5.66666666666667,6,4,5.66666666666667,2.33333333333333,1.83333333333333,5.66666666666667,5.75,4.25,5.66666666666667,3.33333333333333,1.29166666666667,1,0,"Control",1,0,0,0,1,0,0,"408"
409,49,0,12,"A1","A1","A1","A1","A2","A2",NA,"A2",NA,"A2",NA,0,"A2","A2",NA,"A2",NA,"A2",NA,85,NA,NA,1,4,2,4,2,4,4,4,4,2,5,5,5,4,5,5,4,4,4,5,5,5,1,3,5,3,5,4,5,5,5,5,5,5,5,4,5,5,6,6,4,4,6,4,4,4,0,1,0.142857142857143,0,NA,0,5,4,4,6,4,4,6,6,6,4,4,5,5,4,5,6,6,5,4,4,4,5,6,4,300,4,425,2,200,1,8,725,"A2",0,0,0,0,0,0,0,0,4,2,4,5,4,4,5,5,5,5,4,5,5,4,5,7,4,4,4,5,4,4,6,0,5,230,2,150,5,340,2,7,380,"A2",0,1,0,0,1,0,0,0,1,1,0,7,7,5,0,15.5,42,3.66666666666667,6,2.83333333333333,3.5,4.75,4.66666666666667,4.33333333333333,-1.41666666666667,4.16666666666667,5,4.75,5.66666666666667,4.66666666666667,-0.444444444444445,4.5,5.5,4.5,5.66666666666667,4.33333333333333,0.166666666666667,3.83333333333333,5,4.5,5.33333333333333,4.33333333333333,-0.305555555555554,0,0,"Control",1,0,0,1,1,0,0,"409"
410,55,0,12,"A1","A1","A1","A1","A2","A2",NA,"A2",NA,"A2",NA,0,"A1","A3",NA,"A1",0.142857142857143,"A3",NA,36,NA,NA,1,4,4,3,5,4,5,6,7,7,7,6,7,4,7,7,7,3,2,6,7,5,3,7,6,5,7,7,6,6,7,7,7,5,4,4,4,6,6,7,4,3,7,7,6,6,0,1,0.142857142857143,1,0.142857142857143,0,7,6,6,6,6,6,7,6,7,7,5,6,6,4,6,6,5,3,2,6,6,3,6,4,200,7,680,2,200,1,11,880,"A2",0,1,1,1,0,0,0,0,4,5,5,7,5,4,7,7,6,7,4,2,4,3,5,6,4,1,2,5,7,2,7,0,2,100,1,100,0,0,0,3,200,"A2",1,1,1,1,0,0,0,0,1,1,0,7,6,5,0,10.5,54,4.33333333333333,9,3.5,6.25,6,7,3.66666666666667,-0.680555555555556,6.33333333333333,6.75,4.25,6.33333333333333,4.66666666666667,1.45833333333333,6.16666666666667,6.75,5.25,5.66666666666667,3.66666666666667,1.59722222222222,5,6.75,3.25,5,2.66666666666667,2.23611111111111,0,0,"Control",1,1,1,0,1,0,0,"410"
411,37,0,15,"A1","A1","A1","A1","A1","A1",0.107142857142857,"A1",0.107142857142857,"A1",0.107142857142857,0,"A1","A1",0.142857142857143,"A1",0.107142857142857,"A1",0.142857142857143,61,NA,NA,7,6,7,6,7,7,7,7,7,7,1,1,1,1,6,6,6,2,1,3,1,2,7,7,5,6,6,7,7,7,7,7,7,1,1,6,1,4,6,6,2,2,3,2,2,7,0,0,NA,0,NA,0,7,6,6,6,7,7,7,7,7,7,1,1,2,1,4,5,5,2,2,2,2,3,7,2,75,4,500,4,400,2,6,575,"A2",0,0,0,0,0,0,1,0,7,6,6,6,6,7,7,7,7,7,1,1,1,1,4,6,6,2,2,3,2,3,7,0,1,100,4,500,4,400,2,5,600,"A2",1,0,0,0,1,0,1,1,2,0,0,6,4,3,0,15,30,4,9.5,6.66666666666667,7,1,6,2,3.83333333333333,6.33333333333333,7,2.25,5.33333333333333,2.33333333333333,3.36111111111111,6.5,7,1.25,4.66666666666667,2,4.11111111111111,6.33333333333333,7,1,5.33333333333333,2.33333333333333,3.77777777777778,1,0,"Control",0,1,0,0,1,0,0,"411"
412,47,0,12,"A2","A1","A1","A1","A3","A3",NA,"A3",NA,"A3",NA,0,"A1","A1",0.142857142857143,"A1",0.107142857142857,"A3",NA,16,NA,NA,4,3,5,4,5,6,6,6,3,5,2,2,3,1,6,5,2,5,5,3,4,1,6,5,7,5,5,5,7,7,5,7,7,1,3,3,1,4,7,4,5,5,3,5,5,7,0,0,NA,2,NA,0,5,3,5,5,5,5,7,5,7,7,1,1,3,1,4,7,5,1,1,1,7,4,7,1,50,0,0,3,100,1,1,50,"A1",0,2,0,0,0,0,1,0,4,3,5,5,5,7,7,7,7,7,2,2,1,1,7,7,5,1,5,1,7,1,6,0,0,0,1,200,1,100,2,1,200,"A2",1,1,1,0,0,0,1,0,1,1,1,7,6,5,0,18,35,3.33333333333333,5,4.5,5,2,4.33333333333333,4.33333333333333,1.19444444444444,5.66666666666667,6.5,2,5,4.33333333333333,2.30555555555556,4.66666666666667,6.5,1.5,5.33333333333333,1,2.97222222222222,4.83333333333333,7,1.5,6.33333333333333,2.33333333333333,2.52777777777778,1,0,"Control",0,1,1,1,1,0,0,"412"
413,21,0,12,"A1","A1","A1","A1","A1","A1",0.428571428571429,"A1",0.142857142857143,"A1",0.428571428571429,0,"A1","A1",0.428571428571429,"A1",0.285714285714286,"A2",NA,61,NA,NA,6,2,6,6,4,6,7,5,2,5,2,2,4,5,4,6,5,5,6,6,4,3,6,7,3,5,6,5,6,6,5,2,6,1,1,1,5,4,6,6,5,6,3,2,2,5,0,1,0.285714285714286,1,0.142857142857143,0,6,3,6,7,4,6,7,6,2,7,2,2,2,5,4,6,6,5,5,3,2,4,6,3,235,3,320,0,0,1,6,555,"A2",0,1,0,1,0,0,1,0,6,4,6,6,4,7,6,5,4,6,2,2,2,4,6,6,5,3,4,2,2,4,6,0,0,0,0,0,5,440,1,0,0,"A2",1,1,1,0,0,0,0,1,1,1,1,5,5,5,0,12,44,4.33333333333333,6.5,5,4.75,3.25,5,5.66666666666667,0.236111111111111,5.33333333333333,4.75,2,5.33333333333333,4.66666666666667,1.04166666666667,5.33333333333333,5.5,2.75,5.33333333333333,4.33333333333333,1.27777777777778,5.5,5.25,2.5,5.66666666666667,3,1.65277777777778,1,0,"Control",1,1,0,0,1,0,0,"413"
414,58,0,11,"A2","A1","A1","A1","A1","A1",0.285714285714286,"A1",0.428571428571429,"A1",0.428571428571429,1,"A1","A1",0,"A1",0.107142857142857,"A1",0.107142857142857,14,NA,NA,5,5,5,5,5,5,5,5,5,5,2,4,4,1,4,4,5,4,1,1,4,3,7,1,7,7,7,7,7,7,7,7,7,7,7,1,1,1,1,2,1,7,7,1,7,7,0,1,0,1,0,0,7,7,7,7,7,7,7,7,7,7,1,1,1,1,1,1,1,1,1,1,1,1,7,4,150,2,200,6,600,2,6,350,"A3",0,1,1,1,0,0,0,1,7,7,7,7,7,7,7,7,7,7,1,1,1,1,1,1,2,1,1,7,7,7,7,1,1,50,3,230,3,260,4,4,280,"A2",1,1,1,1,0,2,1,1,2,1,1,7,7,7,0,12,32,4.33333333333333,8,5,5,2.75,4.33333333333333,2,1.97222222222222,6,7,4,1.33333333333333,5,3.05555555555556,7,7,1,1,1,6,7,7,1,1.33333333333333,3,5.22222222222222,1,1,"Control",0,1,1,1,1,0,0,"414"
415,36,0,15,"A1","A1","A1","A1","A2","A2",NA,"A2",NA,"A2",NA,0,"A1","A1",0.285714285714286,"A1",0.285714285714286,"A1",0.571428571428571,143,NA,NA,6,5,4,6,5,5,6,5,5,3,7,6,7,6,6,6,7,6,5,4,6,5,4,6,6,7,6,6,7,6,6,7,5,5,6,6,5,5,6,7,4,3,3,5,4,5,0,1,0.285714285714286,1,0.428571428571429,0,5,6,7,6,6,6,7,6,7,6,6,5,7,4,5,5,7,4,3,3,3,4,6,7,550,5,800,5,600,4,12,1350,"A2",0,0,1,0,1,0,0,1,6,7,7,7,6,4,6,6,6,7,5,4,5,3,5,5,6,3,3,3,2,2,7,1,1,150,2,300,1,100,5,3,450,"A2",1,1,1,1,0,0,1,1,1,1,1,7,6,7,0,14,52,4.33333333333333,8,5.16666666666667,4.75,6.5,6.33333333333333,5,-0.98611111111111,6.33333333333333,6,5.5,6,3.33333333333333,1.22222222222222,6,6.5,5.5,5.66666666666667,3.33333333333333,1.41666666666667,6.16666666666667,6.25,4.25,5.33333333333333,3,2.01388888888889,0,0,"Control",1,1,1,1,1,0,0,"415"
416,64,1,17,"A1","A1","A1","A1","A1","A1",0.285714285714286,"A1",0.714285714285714,"A1",0.107142857142857,0,"A3","A3",NA,"A3",NA,"A3",NA,10,NA,NA,5,7,6,7,6,6,7,7,6,7,4,4,4,4,5,4,5,3,3,2,5,4,4,4,5,4,5,4,6,7,5,5,6,4,4,4,5,4,5,6,4,3,2,5,4,4,0,1,0.428571428571429,1,0.428571428571429,0,4,6,5,5,5,4,6,5,6,6,4,4,3,4,4,6,6,3,1,2,5,4,5,8,650,5,720,0,0,2,13,1370,"A2",0,0,0,1,0,0,0,0,4,5,4,5,4,5,5,5,4,5,4,4,3,4,5,5,5,3,4,4,6,4,4,0,6,550,0,0,5,900,3,6,550,"A2",0,0,0,0,0,0,0,0,2,0,0,5,4,4,0,13.5,50,4.66666666666667,7.5,6.16666666666667,6.75,4,4.66666666666667,2.66666666666667,2.68055555555556,4.66666666666667,5.75,4.25,5,3,1.125,4.83333333333333,5.75,3.75,5.33333333333333,2,1.59722222222222,4.5,4.75,3.75,5,3.66666666666667,0.486111111111112,1,0,"Control",1,1,0,1,1,0,0,"416"
417,36,0,17,"A1","A1","A1","A1","A2","A2",NA,"A2",NA,"A2",NA,1,"A2","A2",NA,"A2",NA,"A2",NA,37,NA,NA,1,1,1,1,1,1,1,1,1,3,7,7,7,7,7,7,7,7,7,7,7,6,2,1,1,1,1,1,3,3,1,1,1,1,6,7,7,7,7,7,7,1,1,1,1,1,1,1,0.428571428571429,1,0.428571428571429,0,5,3,4,5,4,5,4,4,4,4,5,5,5,5,5,5,5,4,3,3,4,4,5,4,200,2,200,2,200,4,6,400,"A2",0,0,0,0,0,0,0,0,5,5,5,5,5,5,5,4,4,5,5,5,4,5,5,7,7,3,3,3,3,4,5,0,0,0,2,200,2,200,0,2,200,"A2",1,1,1,1,0,0,0,0,1,1,1,7,7,7,0,18,44,4.33333333333333,8.5,1,1.5,7,7,7,-5.75,1.33333333333333,1.5,5.25,7,3,-3.66666666666667,4.33333333333333,4,5,5,3.33333333333333,-0.277777777777779,5,4.5,4.75,6.33333333333333,3,0.0555555555555562,0,1,"Control",0,1,0,0,1,0,0,"417"
418,41,0,17,"A3","A2","A2","A1","A2","A2",NA,"A2",NA,"A2",NA,0,"A1","A4",NA,"A4",NA,"A1",0.428571428571429,44,NA,NA,5,5,3,5,5,5,7,7,3,4,2,2,2,2,5,2,2,2,2,2,2,3,6,6,5,4,6,7,7,7,7,2,5,1,1,1,1,6,1,1,2,2,1,1,3,7,0,2,NA,2,NA,0,6,6,6,6,7,6,7,7,3,6,1,1,1,1,4,1,1,1,1,1,1,1,7,0,0,0,0,3,250,2,0,0,"A2",0,2,2,1,0,0,0,0,6,5,5,6,6,6,7,7,3,6,1,1,1,2,4,1,1,1,1,1,1,3,7,0,0,0,0,0,2,150,1,0,0,"A2",0,2,2,1,0,0,0,0,1,2,2,5,1,2,0,14,55,3.66666666666667,10,4.66666666666667,5.25,2,3,2,2.625,5.83333333333333,5.25,1,2.66666666666667,1.66666666666667,3.76388888888889,6.16666666666667,5.75,1,2,1,4.625,5.66666666666667,5.75,1.25,2,1,4.29166666666667,1,0,"Control",0,0,1,0,0,0,0,"418"
419,24,1,17,"A5","A1","A1","A1","","",NA,"",NA,"",NA,0,"A1","A1",0.107142857142857,"A1",0,"A1",0.107142857142857,21,NA,NA,5,5,5,5,3,7,7,4,3,5,2,1,2,2,4,5,2,3,2,2,2,1,6,7,5,6,7,3,7,7,4,3,3,2,2,2,2,4,3,4,2,2,2,2,2,7,0,1,0,1,0,0,7,6,6,6,3,6,7,4,3,6,2,2,1,1,4,2,5,2,3,1,2,2,7,0,0,0,0,0,0,0,0,0,"A3",0,0,0,0,0,0,0,1,5,5,7,6,3,7,7,4,3,7,2,2,2,2,4,5,5,3,2,3,3,2,7,0,0,0,0,0,0,0,1,0,0,"A2",0,0,0,0,0,0,0,0,1,0,0,1,1,1,0,10,43,3.33333333333333,7.5,5,4.75,1.75,3.66666666666667,2.33333333333333,2.29166666666667,5.83333333333333,4.25,2,3.66666666666667,2,2.48611111111111,5.66666666666667,5,1.5,3.66666666666667,2,2.94444444444445,5.5,5.25,2,4.66666666666667,2.66666666666667,2.26388888888889,1,0,"Control",0,0,0,1,1,0,0,"419"
420,38,0,12,"A1","A1","A1","A1","A2","A2",NA,"A2",NA,"A2",NA,0,"A1","A1",0.142857142857143,"A1",0.571428571428571,"A2",NA,12,NA,NA,3,5,5,5,5,5,5,5,5,5,5,5,5,5,7,7,5,5,5,5,5,6,3,7,5,5,5,5,7,5,5,5,5,5,5,5,1,5,5,5,3,3,3,3,3,5,0,1,0.142857142857143,1,0.142857142857143,0,7,7,7,7,7,7,7,7,4,7,4,4,6,1,6,5,5,1,1,1,2,1,7,3,125,6,400,7,650,5,9,525,"A2",0,1,0,0,0,0,1,1,7,6,7,7,6,6,7,7,4,7,5,5,5,2,7,6,6,1,1,1,2,2,7,0,1,50,7,650,2,150,5,8,700,"A2",1,1,2,1,0,0,1,1,1,1,2,7,7,7,0,16,54,4.33333333333333,9,4.66666666666667,5,5,6.33333333333333,5,-0.61111111111111,5.66666666666667,5,4,5,3,1.33333333333333,7,6.25,3.75,5.33333333333333,1,3.26388888888889,6.5,6.25,4.25,6.33333333333333,1,2.51388888888889,0,0,"Control",0,1,1,0,1,0,0,"420"
421,44,0,11,"A1","A1","A1","A1","A2","A2",NA,"A2",NA,"A2",NA,0,"A3","A3",NA,"A3",NA,"A3",NA,10,NA,NA,1,7,1,1,1,7,7,7,7,7,7,7,7,7,7,7,7,1,1,7,7,7,4,1,7,3,5,3,7,7,7,7,7,7,7,7,7,7,7,7,7,1,1,7,6,4,0,1,0.285714285714286,1,0.285714285714286,0,1,7,2,5,4,7,7,7,7,7,7,7,7,6,7,7,7,7,1,1,7,7,4,6,690,0,0,1,100,3,6,690,"A2",0,1,0,0,0,0,0,0,3,7,1,5,4,7,7,7,7,7,7,7,7,7,7,7,7,1,1,1,7,7,7,0,5,450,5,600,0,0,1,10,1050,"A2",0,0,0,0,0,1,0,0,1,1,0,7,1,1,0,18,50,5,10,3,7,7,7,3,-0.666666666666667,4.33333333333333,7,7,7,3,-8.88178419700125e-16,4.33333333333333,7,6.75,7,3,0.083333333333333,4.5,7,7,7,1,0.75,0,0,"Control",0,1,1,0,1,0,0,"421"
422,40,0,17,"A1","A1","A1","A1","A2","A2",NA,"A2",NA,"A2",NA,0,"A2","A2",NA,"A2",NA,"A2",NA,22,NA,NA,3,3,2,2,4,2,4,4,3,3,5,5,5,5,5,5,7,5,5,5,5,6,3,3,2,3,5,4,7,7,6,3,5,7,7,6,3,6,6,7,4,3,3,5,3,4,0,1,0.142857142857143,1,0.142857142857143,0,3,5,3,3,2,7,7,6,3,5,6,7,6,3,6,7,7,5,3,4,6,3,4,6,300,2,150,1,100,1,8,450,"A2",0,0,0,1,0,0,0,0,3,5,3,3,4,7,7,6,3,5,5,5,5,6,6,6,7,6,3,6,6,3,3,0,4,200,1,100,1,100,4,5,300,"A2",0,0,0,0,0,0,0,1,0,0,0,3,3,3,0,17,57,4.33333333333333,10,2.66666666666667,3.5,5,5.66666666666667,5,-2.13888888888889,4,5.25,5.75,6.33333333333333,3.33333333333333,-0.513888888888888,3.83333333333333,5.25,5.5,6.66666666666667,4,-0.847222222222222,4.16666666666667,5.25,5.25,6.33333333333333,5,-0.819444444444444,0,0,"Control",1,1,0,1,1,0,0,"422"
423,42,0,15,"A2","A1","A1","A1","A3","A3",NA,"A3",NA,"A3",NA,0,"A1","A1",0.285714285714286,"A3",NA,"A2",NA,114,NA,NA,7,4,6,6,5,7,7,7,4,5,3,4,3,6,7,5,3,2,2,2,5,1,7,7,5,7,6,7,6,4,6,3,6,3,2,4,5,6,5,4,2,1,1,3,3,7,0,1,0.142857142857143,0,NA,0,7,6,6,7,6,6,5,6,5,6,2,1,2,5,4,5,3,2,1,1,4,5,7,3,100,0,0,2,200,3,3,100,"A3",0,0,0,0,1,0,0,0,7,6,7,6,7,6,5,5,4,6,3,2,2,5,5,5,3,2,2,1,5,4,7,0,2,25,2,100,1,70,3,4,125,"A3",1,0,1,0,1,1,0,1,1,0,1,7,5,4,0,15,51,3.66666666666667,10,5.83333333333333,5.75,4,5,2,2.125,6.33333333333333,4.75,3.5,5,1.33333333333333,2.26388888888889,6.33333333333333,5.5,2.5,4,1.33333333333333,3.30555555555555,6.5,5,3,4.33333333333333,1.66666666666667,2.75,1,0,"Control",0,1,1,0,1,0,0,"423"
424,22,1,15,"A2","A1","A1","A1","A1","A1",0.107142857142857,"A2",NA,"A2",NA,0,"A1","A1",0.107142857142857,"A1",0.285714285714286,"A2",NA,31,NA,NA,6,2,6,7,6,6,7,6,5,6,4,4,4,3,3,7,6,3,3,3,3,4,5,7,6,6,7,6,5,5,4,3,5,5,3,5,2,5,6,6,2,1,2,3,1,5,0,1,0.142857142857143,1,0.285714285714286,0,7,7,7,7,7,7,7,6,5,5,5,5,5,2,5,6,6,1,1,1,2,1,7,4,175,8,700,0,0,1,12,875,"A2",0,0,0,0,1,0,0,0,7,7,6,7,7,7,7,7,5,6,5,4,4,1,5,7,6,1,1,3,4,1,7,0,7,220,0,0,3,450,0,7,220,"A3",1,0,0,0,0,0,0,1,0,1,1,7,7,7,0,12.5,57,4.33333333333333,10,5.5,6,3.75,5.33333333333333,3,1.72222222222222,6.16666666666667,4.25,3.75,5.66666666666667,1.66666666666667,1.51388888888889,7,5.75,4.25,5.66666666666667,1,2.73611111111111,6.83333333333333,6.25,3.5,6,1.66666666666667,2.81944444444444,1,0,"Control",1,0,0,0,1,0,0,"424"
425,47,0,17,"A1","A1","A1","A1","A1","A1",0.428571428571429,"A1",0.571428571428571,"A1",0.571428571428571,0,"A3","A3",NA,"A3",NA,"A3",NA,78,NA,NA,4,3,5,5,5,5,7,7,3,5,3,3,3,4,5,5,5,3,5,5,4,5,5,6,4,4,3,5,6,7,7,6,6,5,6,6,3,6,7,7,5,5,3,6,3,4,0,0,NA,0,NA,0,7,5,5,4,7,6,7,7,6,6,5,5,5,3,6,7,6,4,4,3,5,2,6,11,375,1,50,5,350,0,12,425,"A2",0,1,0,0,0,0,0,0,6,4,5,5,5,5,7,7,3,4,6,6,5,3,5,7,6,5,5,3,5,5,5,0,7,212.5,4,400,2,175,2,11,612.5,"A2",0,0,0,1,0,0,0,0,0,1,0,7,6,6,0,14,60,3.33333333333333,10,4.5,5.5,3.25,5,4.33333333333333,0.805555555555556,4.66666666666667,6.5,5,6.66666666666667,4.33333333333333,0.250000000000001,5.66666666666667,6.5,4.5,6.33333333333333,3.66666666666667,1.25,5,5.25,5,6,4.33333333333333,0.0138888888888893,1,0,"Control",0,1,1,1,1,0,0,"425"
426,34,0,15,"A2","A1","A2","A1","A1","",NA,"A1",0,"A1",0.285714285714286,0,"A1","A1",0.107142857142857,"A3",NA,"A3",NA,24,NA,NA,7,3,5,3,7,7,7,7,1,5,1,3,1,1,5,1,3,4,5,2,1,5,7,6,6,7,7,7,7,6,6,5,7,4,3,1,1,6,4,5,1,1,1,1,1,6,0,1,0,1,0.142857142857143,0,7,6,7,6,7,7,7,5,4,7,4,1,1,1,7,2,5,1,1,1,1,1,7,0,0,1,100,1,100,1,1,100,"A2",0,1,2,0,0,0,0,0,7,5,7,7,7,7,6,7,3,7,1,4,1,1,7,1,4,1,1,1,1,4,7,0,0,0,0,0,0,0,1,0,0,"A2",0,1,1,0,0,0,1,0,1,1,1,7,7,7,0,12,55,4,10,5.33333333333333,5,1.5,3,3.66666666666667,2.44444444444444,6.66666666666667,6,2.25,5,1,3.58333333333333,6.66666666666667,5.75,1.75,4.66666666666667,1,3.73611111111111,6.66666666666667,5.75,1.75,4,1,3.95833333333333,1,0,"Control",1,0,1,0,1,0,0,"426"
427,29,0,15,"A1","A1","A1","A1","A3","A3",NA,"A3",NA,"A3",NA,1,"A2","A2",NA,"A2",NA,"A2",NA,18,NA,NA,7,5,3,5,4,4,5,4,1,2,5,5,5,3,7,7,7,1,1,3,6,4,4,1,4,1,5,4,4,5,5,1,1,6,6,6,3,7,7,7,2,2,4,6,4,3,0,1,0,1,0.285714285714286,0,5,5,2,6,3,4,7,7,1,2,6,6,7,5,7,7,7,2,3,4,6,5,4,12,700,5,400,4,200,0,17,1100,"A2",0,1,0,0,2,0,0,0,4,5,2,5,2,4,5,3,1,1,6,6,6,6,7,7,7,3,2,6,7,5,3,0,14,700,3,300,2,200,0,17,1000,"A2",0,0,1,0,2,0,0,0,2,0,1,4,1,1,0,16,55,4.33333333333333,10,4.66666666666667,3,4.5,7,1.66666666666667,-0.555555555555555,3.16666666666667,3,5.25,7,2.66666666666667,-1.88888888888889,4.16666666666667,4.25,6,7,3,-1.125,3.66666666666667,2.5,6,7,3.66666666666667,-2.47222222222222,0,1,"Control",1,0,1,0,1,0,0,"427"
428,42,0,17,"A2","A1","A1","A1","A1","A3",NA,"A1",0.107142857142857,"A3",NA,0,"A3","A3",NA,"A3",NA,"A3",NA,92,NA,NA,6,5,5,6,6,7,7,7,6,6,4,4,3,3,5,2,3,3,3,2,2,2,7,5,6,6,6,5,7,7,6,5,6,4,4,5,2,5,2,4,2,2,2,2,2,7,0,1,0.142857142857143,1,0.142857142857143,0,5,6,6,6,5,7,7,6,5,6,3,3,4,3,5,2,4,2,2,2,2,2,7,1,50,1,25,2,175,1,2,75,"A2",0,0,0,0,0,0,0,0,4,6,6,6,5,7,7,6,5,6,2,2,3,2,4,2,3,2,2,2,2,2,7,0,2,40,0,0,1,50,3,2,40,"A2",1,0,0,0,1,0,0,1,0,0,0,6,3,3,0,13.5,48,4.33333333333333,9,5.83333333333333,6.5,3.5,3.33333333333333,2.66666666666667,3,5.83333333333333,6,3.75,3.66666666666667,2,2.77777777777778,5.83333333333333,6,3.25,3.66666666666667,2,2.94444444444444,5.66666666666667,6,2.25,3,2,3.41666666666667,1,0,"Control",1,0,1,1,1,0,0,"428"
429,37,0,14,"A4","A2","A2","A2","","A4",NA,"A4",NA,"A4",NA,0,"A4","A4",NA,"A4",NA,"A4",NA,21,NA,NA,7,7,7,7,7,7,7,7,7,7,1,1,1,1,7,1,1,1,1,1,1,1,7,7,6,7,7,1,7,7,7,7,7,1,1,1,4,7,7,6,1,1,1,1,1,4,0,2,NA,2,NA,0,7,7,4,7,4,7,7,7,7,7,1,1,1,4,7,7,5,4,1,1,4,1,4,0,0,0,0,0,0,0,0,0,"A2",0,2,2,2,2,0,0,1,7,5,7,7,7,7,7,7,7,7,1,1,1,4,5,7,5,1,1,1,1,1,4,0,0,0,0,0,0,0,0,0,0,"A3",0,2,2,2,2,0,0,0,1,2,2,4,4,4,0,17.5,53,4,10,7,7,1,3,1,5.33333333333333,5.83333333333333,7,1.75,6.66666666666667,1,3.27777777777778,6,7,1.75,6.33333333333333,2,3.13888888888889,6.66666666666667,7,1.75,5.66666666666667,1,4.02777777777778,1,0,"Control",0,0,0,0,0,0,0,"429"
430,65,0,15,"A1","A1","A1","A1","A2","A2",NA,"A2",NA,"A2",NA,0,"A3","A3",NA,"A3",NA,"A3",NA,64,NA,NA,3,4,3,4,3,4,4,5,3,3,5,5,6,5,7,7,7,7,4,5,7,4,3,4,4,4,5,4,5,5,5,4,5,5,5,5,5,6,7,7,6,4,5,5,4,4,0,1,0.285714285714286,1,0.142857142857143,0,3,4,4,5,4,6,7,7,5,5,6,6,5,5,7,7,6,5,3,4,4,4,4,12,600,2,300,2,200,3,14,900,"A2",0,1,0,0,0,0,0,0,4,4,4,5,4,5,6,6,7,5,5,5,5,4,7,6,6,5,4,5,5,4,4,0,2,100,1,100,6,600,2,3,200,"A2",0,1,1,0,0,0,0,0,1,1,1,5,4,5,0,15,38,4.33333333333333,6.5,3.5,3.75,5.25,7,5.33333333333333,-2.23611111111111,4.33333333333333,4.75,5,6.66666666666667,5,-1.01388888888889,4.33333333333333,6,5.5,6.66666666666667,4,-0.222222222222223,4.33333333333333,6,4.75,6.33333333333333,4.66666666666667,-0.0833333333333339,0,0,"Control",1,1,0,0,1,0,0,"430"
431,50,0,14,"A1","A1","A1","A1","A2","A2",NA,"A2",NA,"A2",NA,0,"A1","A1",0.107142857142857,"A1",0.142857142857143,"A2",NA,32,NA,NA,2,7,5,6,1,3,3,1,1,5,7,7,7,4,7,6,7,1,1,7,7,7,3,1,7,6,7,7,7,1,7,7,7,7,7,7,1,7,5,5,5,5,5,5,5,5,0,1,0.142857142857143,1,0.142857142857143,0,5,2,5,5,5,5,5,5,5,5,5,5,5,5,5,5,5,5,5,5,5,5,5,2,100,7,600,0,0,6,9,700,"A2",0,0,0,0,0,0,0,0,6,6,6,6,6,4,6,6,6,6,6,6,6,6,6,6,6,1,1,1,4,5,7,1,0,0,0,0,1,100,0,0,0,"A1",1,1,1,1,0,0,0,0,1,1,1,7,7,7,1,12,53,3.66666666666667,10,4,2.5,6.25,6.66666666666667,3,-2.05555555555556,5.83333333333333,5.5,5.5,5.66666666666667,5,0.277777777777777,4.5,5,5,5,5,-0.25,5.66666666666667,6,6,6,1,1.5,0,0,"Control",1,1,0,0,1,0,0,"431"
432,35,0,11,"A1","A1","A1","A1","A3","A3",NA,"A3",NA,"A3",NA,0,"A3","A3",NA,"A3",NA,"A3",NA,6,NA,NA,2,2,2,1,1,1,7,7,3,3,7,7,7,7,7,7,7,6,2,6,7,7,1,5,5,5,6,4,3,7,7,7,7,5,5,5,5,5,5,5,5,2,3,3,4,4,0,1,0.285714285714286,1,0.428571428571429,0,5,5,5,5,5,5,7,7,7,7,5,3,3,5,5,5,5,5,3,6,4,5,6,3,180,7,400,1,0,1,10,580,"A2",1,0,0,0,0,0,0,1,5,5,4,5,3,6,7,7,7,7,7,7,7,5,7,5,5,4,1,3,4,6,6,0,9,200,3,100,0,0,1,12,300,"A2",0,1,1,1,0,0,0,0,1,1,0,5,4,4,0,14,55,4.66666666666667,10,1.5,5,7,7,4.66666666666667,-2.97222222222222,4.66666666666667,7,5,5,3.33333333333333,1.38888888888889,5,7,4,5,4.66666666666667,1.44444444444444,4.66666666666667,7,6.5,5.66666666666667,2.66666666666667,0.888888888888889,0,0,"Control",1,0,1,0,1,0,0,"432"
433,23,0,17,"A5","A2","A2","A2","","A4",NA,"A4",NA,"A4",NA,0,"A4","A4",NA,"A4",NA,"A4",NA,11,NA,NA,7,7,6,7,2,7,7,7,7,7,1,1,1,1,6,5,5,7,2,1,1,3,4,7,7,7,7,4,7,7,7,7,7,1,1,1,1,5,5,5,1,1,1,1,1,3,0,2,NA,2,NA,0,7,7,7,7,4,7,7,7,7,7,1,1,1,1,4,5,5,1,1,1,1,1,3,0,0,0,0,0,0,0,0,0,"A2",0,2,2,2,2,0,0,1,7,6,4,7,3,7,7,7,7,7,1,1,1,1,4,5,5,1,1,1,1,5,3,0,0,0,0,0,0,0,0,0,0,"A2",0,2,2,2,2,0,0,0,2,2,2,2,1,1,0,8,31,2.66666666666667,8,6,7,1,5.33333333333333,3.33333333333333,3.27777777777778,6.5,7,1,5,1,4.41666666666667,6.5,7,1,4.66666666666667,1,4.52777777777778,5.66666666666667,7,1,4.66666666666667,1,4.11111111111111,1,0,"Control",0,0,0,0,0,0,0,"433"
434,41,0,14,"A1","A1","A1","A1","A2","A2",NA,"A2",NA,"A2",NA,0,"A1","A1",0.285714285714286,"A2",NA,"A2",NA,11,NA,NA,3,3,5,5,4,4,5,4,4,4,5,5,5,5,4,6,6,5,4,4,5,5,4,1,2,5,6,4,5,5,5,4,4,4,5,3,3,2,6,6,3,4,5,4,4,3,0,1,0.285714285714286,0,NA,0,5,2,5,6,6,7,5,6,5,4,3,5,2,4,4,6,6,4,4,5,4,3,5,6,310,3,320,2,290,0,9,630,"A2",0,0,0,1,0,0,0,1,6,4,4,5,3,4,5,5,3,5,3,3,4,4,5,5,4,5,4,4,3,4,4,1,4,250,2,260,3,300,0,6,510,"A2",0,1,0,0,0,0,0,1,1,1,0,5,5,5,0,14,54,3.66666666666667,6,4,4.25,5,5.33333333333333,4.33333333333333,-0.763888888888888,3.83333333333333,4.5,3.75,4.66666666666667,4,0.0277777777777777,5.16666666666667,5,3.5,5.33333333333333,4.33333333333333,0.694444444444446,4.33333333333333,4.5,3.5,4.66666666666667,4.33333333333333,0.249999999999999,0,0,"Control",1,1,0,0,1,0,0,"434"
435,61,0,14,"A2","A1","A1","A1","A1","A1",0.285714285714286,"A1",0.285714285714286,"A1",0.142857142857143,0,"A3","A3",NA,"A3",NA,"A3",NA,12,NA,NA,6,5,6,6,6,6,7,7,4,4,4,5,4,4,7,7,6,2,2,3,4,2,6,7,4,4,6,4,6,7,7,6,6,4,4,3,4,5,6,7,7,6,5,4,4,2,0,1,0.428571428571429,1,0.285714285714286,0,4,2,4,6,4,5,7,7,5,6,5,4,4,4,7,6,6,7,7,1,6,4,4,8,500,7,800,1,100,1,15,1300,"A3",0,0,0,0,0,0,0,0,6,6,5,5,4,4,7,7,6,7,4,4,5,5,7,4,6,6,1,4,5,2,5,0,0,0,1,50,2,150,0,1,50,"A1",1,1,1,2,0,0,0,0,1,1,1,7,7,7,0,15,54,4.66666666666667,10,5.83333333333333,5.5,4.25,6.66666666666667,2.33333333333333,1.25,5.16666666666667,6.5,3.75,6,6,0.583333333333334,4.16666666666667,6.25,4.25,6.33333333333333,5,0.0138888888888902,5,6.75,4.5,5.66666666666667,3.66666666666667,1.26388888888889,1,0,"Control",1,1,0,0,1,0,0,"435"
436,55,0,11,"A1","A1","A1","A1","A2","A2",NA,"A2",NA,"A2",NA,0,"A1","A3",NA,"A3",NA,"A2",NA,32,NA,NA,3,2,2,5,2,5,5,7,5,7,5,6,5,2,7,7,5,2,3,5,6,5,2,2,2,3,6,4,6,6,7,6,7,6,6,3,4,7,7,6,7,7,2,7,5,2,0,0,NA,0,NA,0,2,1,2,5,2,7,2,6,6,7,6,6,6,6,7,7,7,6,6,7,7,6,2,7,350,1,100,2,200,1,8,450,"A2",0,1,0,0,0,0,0,0,3,2,3,3,3,2,2,3,6,6,7,6,5,6,7,7,7,7,5,6,5,5,4,0,2,100,1,100,0,0,1,3,200,"A2",0,0,0,0,0,0,0,0,0,0,0,5,3,3,0,15,50,3.66666666666667,10,3.16666666666667,6,4.5,6.33333333333333,3.33333333333333,-0.138888888888889,3.83333333333333,6.5,4.75,6.66666666666667,5.33333333333333,-0.416666666666666,3.16666666666667,5.25,6,7,6.33333333333333,-2.23611111111111,2.66666666666667,4.25,6,7,6,-2.875,0,0,"Control",0,1,1,0,1,0,0,"436"
437,38,0,11,"A1","A1","A1","A1","A2","A2",NA,"A2",NA,"A2",NA,0,"A3","A3",NA,"A3",NA,"A3",NA,13,NA,NA,1,6,4,5,1,4,5,3,2,2,6,6,6,4,7,7,7,2,2,7,7,6,4,4,6,5,7,5,6,7,6,7,5,6,6,7,7,7,7,7,5,2,3,7,4,5,0,1,0.142857142857143,1,0.285714285714286,0,3,6,5,7,4,7,7,7,3,7,5,6,6,6,6,7,6,2,3,5,7,4,1,6,400,5,600,1,200,1,11,1000,"A1",0,0,0,0,0,0,1,1,3,5,4,5,5,6,7,7,5,5,5,5,6,7,7,7,6,5,4,4,7,5,5,0,2,100,0,0,0,0,0,2,100,"A1",1,1,1,1,0,0,0,1,1,1,1,7,6,6,0,17.5,43,4.66666666666667,7,3.5,3,5.5,7,3.66666666666667,-2.13888888888889,5.5,6.25,6.5,7,3.33333333333333,0.263888888888889,5.33333333333333,6,5.75,6.33333333333333,3.33333333333333,0.527777777777778,4.66666666666667,6,5.75,6.66666666666667,4.33333333333333,-0.249999999999999,0,0,"Control",1,1,1,0,1,0,0,"437"
438,19,1,12,"A1","A1","A1","A1","A2","A2",NA,"A2",NA,"A2",NA,1,"A2","A2",NA,"A2",NA,"A2",NA,34,NA,NA,3,5,2,5,2,6,4,2,2,2,7,7,7,7,7,6,7,4,2,6,7,5,4,3,5,3,5,1,6,4,2,1,1,6,6,7,7,7,7,6,5,3,5,7,2,4,0,1,0.428571428571429,1,0.428571428571429,0,2,5,1,6,2,6,5,1,1,2,7,7,7,5,7,7,7,5,2,6,7,4,4,4,175,2,200,1,100,2,6,375,"A2",0,0,0,1,0,0,0,0,3,6,1,5,2,5,4,2,1,2,7,7,7,7,7,7,7,5,2,7,7,3,4,0,6,375,3,295,0,0,2,9,670,"A2",0,0,0,1,0,0,0,0,1,0,0,5,6,3,0,18,53,3.66666666666667,9,3.83333333333333,2.5,7,6.66666666666667,4,-2.72222222222222,3.83333333333333,2,6.5,6.66666666666667,4.33333333333333,-2.91666666666667,3.66666666666667,2.25,6.5,7,4.33333333333333,-2.98611111111111,3.66666666666667,2.25,7,7,4.66666666666667,-3.26388888888889,0,1,"Control",0,0,1,0,1,0,0,"438"
439,19,1,12,"A1","A1","A1","A1","A2","A2",NA,"A2",NA,"A2",NA,0,"A2","A2",NA,"A2",NA,"A2",NA,16,NA,NA,5,2,5,5,5,5,5,5,3,2,6,6,6,6,6,6,6,6,4,5,6,5,3,5,2,4,6,2,2,6,4,2,2,6,6,6,4,7,7,7,2,2,2,6,6,2,0,1,0.142857142857143,1,0.285714285714286,0,2,2,4,6,2,6,6,6,2,2,6,6,6,6,7,7,7,2,2,7,6,6,5,6,450,1,150,2,300,3,7,600,"A2",0,0,0,0,0,0,0,0,5,3,5,5,4,1,5,5,2,2,7,7,7,6,7,7,7,1,1,6,6,7,4,1,1,100,1,200,4,400,3,2,300,"A2",0,1,1,1,1,0,0,0,1,1,1,5,4,5,0,16,46,3.66666666666667,8,4.5,3.75,6,6,5,-1.54166666666667,3.5,3.5,5.5,7,2,-1.33333333333333,3.66666666666667,4,6,7,3.66666666666667,-1.72222222222222,3.83333333333333,3.5,6.75,7,2.66666666666667,-1.80555555555556,0,0,"Control",0,1,0,0,1,0,0,"439"
440,41,0,12,"A1","A1","A1","A1","A2","A2",NA,"A2",NA,"A2",NA,0,"A2","A2",NA,"A2",NA,"A2",NA,7,NA,NA,1,1,1,1,1,1,1,1,1,1,7,7,7,7,7,7,7,1,4,1,7,7,1,4,7,7,5,4,4,4,5,5,1,7,7,1,7,7,7,7,5,4,1,7,4,4,0,2,NA,0,NA,0,1,4,4,4,4,4,7,7,5,1,7,7,4,4,7,7,7,4,4,4,7,4,1,3,130,1,100,8,700,1,4,230,"A2",0,0,1,0,0,0,1,0,4,4,1,1,4,1,1,1,4,1,6,6,1,4,7,7,7,4,4,4,7,7,4,0,3,85,0,0,4,260,3,3,85,"A3",0,0,0,1,0,0,0,0,1,0,1,5,4,1,0,18,55,4.33333333333333,6,1,1,7,7,2,-4.33333333333333,5.16666666666667,3.75,5.5,7,3.33333333333333,-0.819444444444444,3.5,5,5.5,7,4,-1.25,2.5,1.75,4.25,7,4,-2.95833333333333,0,0,"Control",1,0,1,1,1,0,0,"440"
441,41,0,14,"A1","A1","A1","A1","A2","A2",NA,"A2",NA,"A2",NA,0,"A1","A3",NA,"A1",0.142857142857143,"A2",NA,19,NA,NA,1,2,1,5,3,5,6,3,2,2,7,5,5,5,7,7,7,1,3,5,5,5,4,4,4,3,7,4,5,5,5,3,3,7,5,5,3,5,7,6,6,5,4,5,4,4,0,1,0.142857142857143,1,0.428571428571429,0,4,3,3,6,3,4,5,5,1,3,6,1,4,3,7,7,6,2,5,4,5,5,5,1,50,4,400,9,900,0,5,450,"A2",0,0,2,0,0,2,0,0,5,4,4,7,5,5,5,5,4,4,4,4,4,5,7,7,5,4,3,4,3,3,5,0,6,200,2,200,2,200,1,8,400,"A2",0,1,1,0,0,0,0,0,1,1,1,7,5,5,0,17,51,4.66666666666667,5.5,2.83333333333333,3.25,5.5,7,3,-2.125,4.5,4,5,6,5,-1.08333333333333,3.83333333333333,3.5,3.5,6.66666666666667,3.66666666666667,-0.944444444444445,5,4.5,4.25,6.33333333333333,3.66666666666667,8.88178419700125e-16,0,0,"Control",1,0,1,1,1,0,0,"441"
442,26,0,15,"A1","A1","A1","A1","A2","A2",NA,"A2",NA,"A2",NA,0,"A2","A2",NA,"A2",NA,"A2",NA,8,NA,NA,4,5,5,7,3,3,6,5,4,5,5,4,5,2,4,6,6,6,6,4,5,4,4,2,2,2,5,4,4,5,2,4,4,5,4,5,4,7,7,7,7,6,7,7,5,2,0,0,NA,0,NA,0,2,2,2,6,4,4,5,4,5,4,5,5,5,5,7,7,7,5,5,7,7,7,4,4,150,3,450,2,225,2,7,600,"A2",0,0,0,0,0,0,0,1,4,4,4,5,4,5,4,4,2,2,7,6,6,5,7,7,7,7,7,7,7,7,4,0,2,100,2,200,2,200,1,4,300,"A2",0,0,0,0,0,0,0,0,2,0,1,4,4,4,0,12.5,51,4.33333333333333,7.5,4.5,5,4,5.33333333333333,5.33333333333333,-0.138888888888888,3.16666666666667,3.75,4.5,7,6.66666666666667,-2.59722222222222,3.33333333333333,4.5,5,7,5.66666666666667,-1.97222222222222,4.33333333333333,3,6,7,7,-3,0,0,"Control",1,1,0,0,1,0,0,"442"
443,52,0,14,"A1","A1","A1","A1","A3","A3",NA,"A3",NA,"A3",NA,0,"A3","A3",NA,"A3",NA,"A3",NA,36,NA,NA,6,2,2,2,2,2,7,6,5,5,6,6,6,6,6,5,5,2,4,5,4,4,4,6,5,4,5,4,4,4,5,5,4,5,6,5,6,7,5,6,3,2,2,4,5,4,1,2,NA,1,0.142857142857143,0,5,5,4,5,4,4,5,6,4,5,5,6,6,4,7,5,2,1,1,3,3,7,5,2,100,3,300,2,300,0,5,400,"A1",0,1,0,1,2,1,0,0,4,4,3,3,3,3,4,5,4,5,5,5,5,4,6,5,5,4,3,3,3,5,4,1,0,0,0,0,3,300,0,0,0,"A2",0,1,1,0,0,1,0,0,1,1,1,3,3,3,0,13,50,3,10,2.66666666666667,5.75,6,5.33333333333333,3.66666666666667,-0.791666666666666,4.66666666666667,4.5,5.5,6,2.33333333333333,-0.0277777777777777,4.5,5,5.25,4.66666666666667,1.66666666666667,0.888888888888889,3.33333333333333,4.5,4.75,5.33333333333333,3.33333333333333,-0.555555555555555,0,1,"Control",1,1,0,0,1,0,0,"443"
444,61,0,12,"A1","A1","A1","A1","A2","A2",NA,"A2",NA,"A2",NA,1,"A3","A3",NA,"A3",NA,"A3",NA,21,NA,NA,5,3,3,5,4,3,4,4,4,4,5,5,5,5,5,5,5,5,3,5,5,4,4,3,2,5,5,3,5,5,5,4,3,5,5,5,5,5,5,5,5,5,5,5,5,4,0,2,NA,0,NA,0,4,1,3,5,4,5,6,5,5,4,5,5,5,5,5,5,5,5,5,5,5,5,4,5,225,5,950,2,350,2,10,1175,"A2",0,0,0,0,0,0,0,0,5,2,5,5,2,5,5,6,5,4,6,6,6,6,6,6,6,6,6,6,6,6,4,0,4,400,6,700,0,0,4,10,1100,"A2",0,0,0,0,0,0,0,0,2,0,0,3,3,3,0,14.5,45,3.66666666666667,8,3.83333333333333,4,5,5,4.33333333333333,-0.861111111111111,3.83333333333333,4.25,5,5,5,-0.958333333333333,3.66666666666667,5,5,5,5,-0.666666666666667,4,5,6,6,6,-1.5,0,1,"Control",0,1,1,1,1,0,0,"444"
445,19,0,12,"A1","A1","A1","A1","A3","A3",NA,"A3",NA,"A3",NA,0,"A1","A1",0.571428571428571,"A1",0.428571428571429,"A3",NA,18,NA,NA,6,5,3,5,6,6,6,4,6,6,6,7,5,6,7,4,5,7,6,7,6,5,3,4,5,3,3,3,6,7,5,6,5,6,7,5,6,7,6,5,7,6,7,5,4,3,0,1,0.714285714285714,1,0.285714285714286,0,3,3,3,5,2,6,6,4,5,6,6,6,5,6,7,6,5,7,6,5,5,6,5,2,62.5,3,100,5,275,2,5,162.5,"A3",1,1,1,1,0,0,0,1,5,3,3,5,3,7,6,6,5,6,5,6,5,5,6,6,3,6,5,6,5,3,5,0,0,0,2,150,4,420,3,2,150,"A2",1,1,1,0,0,0,0,1,1,1,1,7,5,5,0,18,49,4.33333333333333,8,5.16666666666667,5.5,6,5.33333333333333,6.66666666666667,-0.666666666666666,4,5.75,6,6,6.66666666666667,-1.34722222222222,3.66666666666667,5.25,5.75,6,6,-1.45833333333333,4.33333333333333,5.75,5.25,5,5.66666666666667,-0.26388888888889,0,0,"Control",1,1,1,1,1,0,0,"445"
446,48,0,14,"A2","A1","A1","A1","A1","A1",0.142857142857143,"A3",NA,"A1",0.285714285714286,0,"A3","A3",NA,"A3",NA,"A3",NA,33,NA,NA,5,4,5,4,5,4,7,7,7,7,4,4,4,5,5,5,5,6,5,4,5,5,5,7,7,7,5,7,7,7,7,7,7,7,3,2,1,7,5,4,2,2,2,2,1,7,0,1,0,1,0.142857142857143,0,7,7,6,5,7,7,7,7,7,7,2,1,2,1,7,5,3,2,2,2,3,1,7,1,50,2,175,2,200,2,3,225,"A2",0,0,0,0,0,0,0,1,7,7,7,4,7,7,7,7,7,7,2,1,3,1,7,1,4,4,4,1,1,1,7,0,0,0,0,0,2,200,2,0,0,"A2",0,1,2,1,0,0,0,0,0,1,1,7,7,6,0,15.5,50,4.33333333333333,10,4.5,7,4.25,5,5,1,6.66666666666667,7,3.25,5.33333333333333,2,3.30555555555556,6.5,7,1.5,5,2,3.91666666666667,6.5,7,1.75,4,3,3.83333333333333,1,0,"Control",1,1,0,0,1,0,0,"446"
447,45,0,17,"A1","A1","A1","A1","A2","A2",NA,"A2",NA,"A2",NA,0,"A2","A2",NA,"A2",NA,"A2",NA,42,NA,NA,2,2,2,4,1,1,5,5,3,1,7,7,7,5,5,7,7,7,7,7,5,6,2,5,3,4,5,5,7,7,5,3,5,5,5,3,3,5,5,6,6,1,1,5,5,3,0,2,NA,1,0.285714285714286,0,5,3,3,5,3,7,7,7,3,6,5,5,5,5,7,7,7,5,1,3,3,5,3,2,210,1,150,6,645,1,3,360,"A2",0,0,0,0,0,0,1,0,3,1,5,7,4,7,7,6,3,5,6,6,7,1,7,7,7,7,1,5,4,7,3,0,1,60,1,50,4,290,4,2,110,"A2",1,1,0,0,1,0,1,0,1,1,0,6,6,7,0,17.5,53,5,7.5,2,3.5,6.5,6.33333333333333,7,-3.86111111111111,4.83333333333333,5,4,5.33333333333333,2.66666666666667,0.916666666666667,4.33333333333333,5.75,5,7,3,0.0416666666666661,4.5,5.25,5,7,4.33333333333333,-0.569444444444444,0,0,"Control",0,1,1,1,1,0,0,"447"
448,49,0,12,"A2","A1","A1","A1","A1","A1",0.428571428571429,"A1",0.428571428571429,"A3",NA,0,"A3","A3",NA,"A3",NA,"A3",NA,100,NA,NA,4,5,4,5,7,5,6,6,6,6,4,5,4,5,5,5,4,3,1,1,6,3,4,5,5,6,7,6,6,7,7,4,4,2,4,5,7,7,5,4,5,1,2,5,2,7,1,1,0.142857142857143,1,0.142857142857143,0,5,5,6,7,6,7,7,4,2,4,4,5,5,7,7,4,4,3,2,2,5,4,4,0,0,2,100,4,400,5,2,100,"A1",0,0,1,0,0,0,0,1,5,6,7,7,6,7,7,7,5,3,4,5,5,7,7,5,4,3,6,2,4,3,6,0,0,0,0,0,2,200,7,0,0,"A3",1,2,0,1,1,0,0,1,1,2,1,5,6,5,0,10,45,4,9,5,6,4.5,4.66666666666667,1.66666666666667,1.88888888888889,5.83333333333333,5.5,4.5,5.33333333333333,2.66666666666667,1.5,6,4.25,5.25,5,2.33333333333333,0.930555555555555,6.33333333333333,5.5,5.25,5.33333333333333,3.66666666666667,1.16666666666667,1,1,"Control",1,0,1,1,1,0,0,"448"
449,21,0,15,"A2","A1","A1","A1","A3","A3",NA,"A3",NA,"A3",NA,0,"A3","A3",NA,"A3",NA,"A3",NA,16,NA,NA,5,5,5,6,5,7,7,7,5,5,2,2,1,1,6,2,5,2,2,2,3,3,7,7,5,5,7,6,7,7,7,6,6,3,4,1,2,6,2,5,2,1,2,2,3,6,0,0,NA,0,NA,0,7,6,6,6,6,7,7,7,6,7,2,2,1,1,4,5,5,1,1,1,1,2,6,4,150,0,0,0,0,1,4,150,"A2",0,0,0,0,0,0,0,0,6,6,5,6,6,7,7,7,6,6,2,2,1,3,5,5,5,2,2,2,2,2,6,0,1,50,0,0,1,100,1,1,50,"A2",0,2,0,0,0,0,0,0,2,0,0,6,5,2,0,12.5,39,3.33333333333333,9,5.5,6,1.5,4.33333333333333,2,3.13888888888889,6.16666666666667,6.5,2.5,4.33333333333333,1.66666666666667,3.5,6.33333333333333,6.75,1.5,4.66666666666667,1,4.15277777777778,6,6.5,2,5,2,3.25,1,0,"Control",0,1,0,0,1,0,0,"449"
450,54,0,14,"A2","A1","A1","A1","A3","A3",NA,"A3",NA,"A3",NA,0,"A3","A3",NA,"A3",NA,"A3",NA,68,NA,NA,5,5,6,7,6,5,5,5,4,5,4,4,4,4,6,6,5,5,4,4,5,5,6,6,5,5,5,5,6,6,5,5,7,5,5,5,5,5,6,5,5,1,4,6,5,5,0,1,0.142857142857143,1,0,0,6,6,6,6,5,5,6,5,5,5,5,5,5,5,5,5,5,5,1,2,6,5,6,5,211,3,350,2,200,2,8,561,"A2",0,0,0,0,0,0,0,0,6,6,7,7,6,6,7,6,6,7,5,5,5,4,6,6,5,4,1,4,6,5,7,0,2,150,7,700,2,100,4,9,850,"A3",0,0,1,0,1,0,0,0,1,0,1,7,7,6,0,14,58,4,10,5.66666666666667,4.75,4,5.66666666666667,4.33333333333333,0.541666666666667,5.33333333333333,5.75,5,5.33333333333333,3.33333333333333,0.986111111111111,5.66666666666667,5.25,5,5,2.66666666666667,1.23611111111111,6.33333333333333,6.5,4.75,5.66666666666667,3,1.94444444444444,1,0,"Control",0,1,0,1,1,0,0,"450"
451,35,1,12,"A2","A1","A1","A1","A1","A1",0,"A1",0.107142857142857,"A1",0.107142857142857,0,"A1","A1",0,"A1",0,"A1",0,34,NA,NA,6,6,6,6,7,7,7,7,7,7,3,4,4,4,5,6,5,4,2,3,4,4,5,6,7,7,6,6,7,7,7,7,7,2,3,2,4,5,6,5,2,1,2,5,3,7,0,1,0,1,0,0,6,7,7,6,6,7,7,7,7,7,2,2,2,4,4,6,4,2,1,1,5,2,7,0,0,0,0,2,300,5,0,0,"A1",0,2,1,0,0,0,1,1,7,7,7,5,6,7,7,7,7,7,2,2,2,2,4,5,4,7,1,1,4,2,7,0,0,0,0,0,0,0,5,0,0,"A2",1,2,1,1,0,0,1,0,1,2,1,6,5,5,0,15.5,49,3.33333333333333,10,6.33333333333333,7,3.75,5.33333333333333,3,2.63888888888889,6.5,7,2.75,5.33333333333333,1.66666666666667,3.5,6.5,7,2.5,4.66666666666667,1.33333333333333,3.91666666666667,6.5,7,2,4.33333333333333,3,3.63888888888889,1,0,"Control",0,0,1,0,1,0,0,"451"
452,55,0,12,"A5","A2","A1","A1","","",NA,"A4",NA,"",NA,0,"A3","A3",NA,"A3",NA,"A3",NA,56,NA,NA,5,4,5,6,6,6,7,6,5,4,2,3,2,1,6,4,4,2,1,1,2,1,4,5,5,5,5,5,4,5,5,5,3,3,3,3,2,6,4,4,2,2,2,2,4,5,0,2,NA,2,NA,0,5,5,6,5,5,6,7,7,7,4,2,2,2,2,5,4,2,1,2,1,2,3,5,1,50,1,100,0,0,2,2,150,"A1",1,2,0,0,1,0,0,1,5,5,7,5,5,6,7,5,7,4,2,2,4,1,5,4,4,1,1,1,2,2,6,0,0,0,0,0,0,0,0,0,0,"A3",1,2,1,1,0,0,1,0,1,2,1,6,5,5,0,11,39,3,7.5,5.33333333333333,5.5,2,4.66666666666667,1.33333333333333,2.75,4.83333333333333,4.5,2.75,4.66666666666667,2,1.52777777777778,5.33333333333333,6.25,2,3.66666666666667,1.33333333333333,3.45833333333333,5.5,5.75,2.25,4.33333333333333,1,3.09722222222222,1,0,"Control",1,1,0,0,1,0,0,"452"
453,22,0,15,"A2","A1","A1","A1","A1","A1",0.107142857142857,"A1",0.142857142857143,"A1",0.285714285714286,0,"A1","A3",NA,"A1",0.142857142857143,"A3",NA,33,NA,NA,4,5,5,5,5,5,5,5,5,7,2,3,3,4,4,4,5,4,3,2,3,5,6,6,7,7,6,4,5,5,6,5,6,4,3,3,4,5,6,6,5,3,3,4,5,6,0,1,0.285714285714286,1,0.285714285714286,0,6,6,6,4,5,4,5,5,4,6,4,4,4,4,5,6,6,5,4,3,4,4,6,0,0,0,0,0,0,3,0,0,"A2",0,1,1,1,0,1,1,0,5,5,5,5,5,7,4,6,5,6,3,3,3,4,5,5,5,3,3,3,5,5,5,0,0,0,0,0,0,0,0,0,0,"A1",0,1,1,1,0,0,1,0,1,1,1,6,5,5,0,9.5,53,3.66666666666667,8,4.83333333333333,5.5,3,4.33333333333333,3,1.72222222222222,5.83333333333333,5.5,3.5,5.66666666666667,3.66666666666667,1.38888888888889,5.16666666666667,5,4,5.66666666666667,4,0.527777777777778,5.33333333333333,5.25,3.25,5,3,1.54166666666667,1,0,"Control",0,0,0,0,1,0,0,"453"
454,21,1,15,"A3","A1","A1","A1","A1","A1",0.142857142857143,"A3",NA,"A1",0.142857142857143,0,"A1","A1",0.107142857142857,"A4",NA,"A1",0.571428571428571,33,NA,NA,7,7,5,6,7,7,7,6,5,5,4,3,3,5,3,6,7,5,2,2,1,1,7,7,6,5,6,6,6,7,7,5,6,2,3,4,2,3,5,7,3,2,2,2,1,7,0,1,0,1,0,0,7,6,5,6,6,7,7,7,6,7,2,3,4,3,2,5,7,3,2,3,2,1,7,0,0,1,100,3,300,2,1,100,"A2",0,2,0,0,0,0,0,1,7,7,6,6,6,7,7,7,3,7,2,2,2,3,3,5,6,4,2,2,2,2,7,0,1,50,1,100,11,1000,0,2,150,"A3",1,2,0,0,0,0,0,0,1,2,0,6,6,6,0,13.5,41,4,8,6.5,5.75,3.75,5.33333333333333,3,2.09722222222222,6,6.25,2.75,5,2.33333333333333,2.76388888888889,6.16666666666667,6.75,3,4.66666666666667,2.66666666666667,3.01388888888889,6.5,6,2.25,4.66666666666667,2.66666666666667,3.05555555555556,1,0,"Control",0,0,0,0,1,0,0,"454"
455,30,0,15,"A1","A1","A1","A1","A1","A1",0.285714285714286,"A2",NA,"A2",NA,0,"A1","A1",0.107142857142857,"A1",0.428571428571429,"A2",NA,64,NA,NA,4,5,6,4,4,6,6,6,5,6,2,3,2,3,7,6,6,5,3,3,5,5,5,4,6,7,5,3,5,7,6,7,7,6,5,5,5,7,7,7,6,2,4,5,4,5,0,1,0.142857142857143,1,0.285714285714286,0,3,6,6,3,4,6,7,6,7,6,5,5,5,6,7,7,7,3,3,4,6,4,5,1,150,5,505,2,195,4,6,655,"A3",1,0,0,1,0,0,0,1,5,5,4,5,4,6,7,6,7,7,5,5,4,2,7,7,7,2,2,3,5,4,6,0,0,0,1,175,8,980,2,1,175,"A3",1,1,2,0,0,0,1,1,1,1,1,7,7,7,0,16,42,4.33333333333333,9.5,4.83333333333333,5.75,2.5,6.33333333333333,3.66666666666667,1.125,5,6.75,5.25,7,4,0.458333333333333,4.66666666666667,6.5,5.25,7,3.33333333333333,0.388888888888889,4.83333333333333,6.75,4,7,2.33333333333333,1.34722222222222,1,0,"Control",1,1,0,0,1,0,0,"455"
456,59,0,14,"A1","A1","A1","A1","A2","A2",NA,"A2",NA,"A2",NA,1,"A2","A2",NA,"A2",NA,"A2",NA,7,NA,NA,1,3,2,4,3,3,5,5,1,3,5,5,5,7,6,4,5,4,1,5,5,6,2,1,2,2,2,2,2,4,4,2,2,5,5,5,5,5,5,5,4,5,5,6,6,1,0,0,NA,0,NA,0,1,1,2,5,2,2,5,5,2,2,5,5,5,5,5,6,6,6,6,6,7,7,1,5,400,3,200,2,200,4,8,600,"A3",0,1,0,0,0,0,0,0,1,3,2,5,2,2,5,4,2,2,5,5,5,5,6,5,7,5,5,6,7,5,2,0,4,300,9,800,5,500,3,13,1100,"A2",0,0,0,0,0,0,0,1,2,0,0,4,3,3,1,16.5,47,4.66666666666667,6,2.66666666666667,3.5,5.5,5,3.33333333333333,-1.52777777777778,1.83333333333333,3,5,5,4.66666666666667,-2.47222222222222,2.16666666666667,3.5,5,5.66666666666667,6,-2.72222222222222,2.5,3.25,5,6,5.33333333333333,-2.56944444444444,0,1,"Control",0,1,0,0,1,0,0,"456"
457,54,0,20,"A1","A1","A1","A1","A3","A3",NA,"A3",NA,"A3",NA,0,"A3","A3",NA,"A3",NA,"A3",NA,65,NA,NA,5,3,3,3,5,3,7,6,4,4,7,7,6,5,7,4,4,1,1,6,5,4,2,3,3,4,5,3,7,7,7,3,5,7,5,5,4,7,7,5,2,2,5,5,5,2,0,1,0.714285714285714,1,0.714285714285714,0,3,3,4,5,3,5,7,7,2,5,5,4,5,6,7,6,5,3,3,3,5,5,2,2,100,1,200,2,200,3,3,300,"A1",1,1,1,0,1,1,1,0,5,3,3,5,3,5,7,5,3,5,5,3,5,5,5,5,5,2,3,3,5,5,2,1,2,100,1,200,1,100,2,3,300,"A3",1,1,1,0,0,1,1,0,1,1,1,3,5,3,0,14.5,55,4,8,3.66666666666667,5.25,6.25,5,2.66666666666667,-0.180555555555555,4.16666666666667,5.5,5.25,6.33333333333333,3,-0.0277777777777768,3.83333333333333,5.25,5,6,3,-0.125,4,5,4.5,5,2.66666666666667,0.444444444444445,0,0,"Control",0,0,1,0,1,0,0,"457"
458,26,0,17,"A1","A1","A1","A1","A1","A1",0.107142857142857,"A1",0.285714285714286,"A2",NA,0,"A1","A1",0,"A1",0.285714285714286,"A2",NA,34,NA,NA,5,3,5,6,5,6,7,7,7,7,3,3,2,5,7,7,3,5,2,2,2,2,7,3,5,5,6,3,7,7,7,5,5,5,6,6,7,7,7,3,5,3,3,3,2,6,0,1,0,1,0.285714285714286,0,4,6,5,6,3,7,7,7,6,7,5,5,5,5,7,5,3,5,2,3,3,2,7,0,0,3,300,3,211,4,3,300,"A3",0,1,0,0,0,0,0,1,5,5,5,6,6,7,7,7,6,6,5,5,6,6,7,7,3,4,1,2,4,2,6,0,2,200,2,175,2,275,0,4,375,"A1",1,1,1,1,0,1,1,1,1,1,1,7,7,5,0,15,53,4.33333333333333,6,5,7,3.25,5.66666666666667,3,2.02777777777778,4.83333333333333,6,6,5.66666666666667,3.66666666666667,0.305555555555554,5.16666666666667,6.75,5,5,3.33333333333333,1.51388888888889,5.66666666666667,6.5,5.5,5.66666666666667,2.33333333333333,1.58333333333333,1,0,"Control",1,0,1,0,1,0,0,"458"
459,64,0,17,"A1","A1","A1","A1","A2","A2",NA,"A2",NA,"A2",NA,0,"A3","A3",NA,"A3",NA,"A3",NA,17,NA,NA,4,4,4,5,4,1,5,5,1,4,7,7,4,5,5,7,7,5,5,6,7,6,4,5,5,3,5,4,5,5,5,3,5,5,5,3,5,5,5,5,5,4,5,5,5,5,0,0,NA,1,0.428571428571429,0,2,5,2,5,4,5,5,5,3,5,5,5,5,4,5,5,5,5,5,2,5,5,5,8,270,10,1000,10,1300,6,18,1270,"A2",1,0,0,1,0,0,0,0,2,2,4,5,4,5,5,5,3,5,5,5,5,5,5,5,5,5,5,5,5,5,4,1,7,294,2,200,9,900,2,9,494,"A1",1,1,1,0,0,1,0,0,1,1,1,5,5,5,0,12,56,4,8.5,3.66666666666667,3.75,5.75,6.33333333333333,5.33333333333333,-2.09722222222222,4.5,4.5,4.5,5,4.66666666666667,-0.222222222222222,3.83333333333333,4.5,4.75,5,4,-0.416666666666666,3.66666666666667,4.5,5,5,5,-0.916666666666667,0,0,"Control",1,1,1,0,1,0,0,"459"
