model_type,current_condition,selected_debate_id,debate_label,pro_count,anti_count,convergence_rate,confidence_threshold,repulsion_threshold,repulsion_strength,use_distinct_agents,convergence_rate_sd,confidence_threshold_sd,repulsion_threshold_sd,repulsion_strength_sd,seed,convergence_cycle,speaking_mode,initial_variance,mae,opinion_variance,polarization_index,num_clusters,initial_num_clusters,neutral_zone_width,mean_net_repulsion_abs,current_experiment_id
no_change,heterogeneous,37,M34,3,3,0.2,0.5,0.6,0.1,false,0.05,0.1,0.1,0.05,7240713591891685400.0,15,false,0.03352094317986969,0.03202160493827153,0.03352094317986969,0.02451947349870446,4,4,0.0,0.0,no_change_exp
no_change,heterogeneous,37,M34,3,3,0.2,0.5,0.6,0.1,false,0.05,0.1,0.1,0.05,7139002048363152400.0,15,false,0.03352094317986969,0.03202160493827153,0.03352094317986969,0.02451947349870446,4,4,0.0,0.0,no_change_exp
no_change,homogeneous,29,H14,0,4,0.2,0.5,0.6,0.1,false,0.05,0.1,0.1,0.05,7240713591891685400.0,15,false,0.00370154361175412,0.0465856481481481,0.00370154361175412,0.00276465721926917,2,2,0.0,0.0,no_change_exp
no_change,heterogeneous,37,M34,3,3,0.2,0.5,0.6,0.1,false,0.05,0.1,0.1,0.05,4692690466958798800.0,15,false,0.03352094317986969,0.03202160493827153,0.03352094317986969,0.02451947349870446,4,4,0.0,0.0,no_change_exp
no_change,heterogeneous,11,M10,2,3,0.2,0.5,0.6,0.1,false,0.05,0.1,0.1,0.05,4398895106259038200.0,15,false,0.01932656035665295,0.04768518518518505,0.01932656035665295,0.0135065157750343,3,3,0.0,0.0,no_change_exp
no_change,heterogeneous,37,M34,3,3,0.2,0.5,0.6,0.1,false,0.05,0.1,0.1,0.05,5702577027890589700.0,15,false,0.03352094317986969,0.03202160493827153,0.03352094317986969,0.02451947349870446,4,4,0.0,0.0,no_change_exp
no_change,homogeneous,29,H14,0,4,0.2,0.5,0.6,0.1,false,0.05,0.1,0.1,0.05,7139002048363152400.0,15,false,0.00370154361175412,0.0465856481481481,0.00370154361175412,0.00276465721926917,2,2,0.0,0.0,no_change_exp
no_change,heterogeneous,37,M34,3,3,0.2,0.5,0.6,0.1,false,0.05,0.1,0.1,0.05,4398895106259038200.0,15,false,0.03352094317986969,0.03202160493827153,0.03352094317986969,0.02451947349870446,4,4,0.0,0.0,no_change_exp
no_change,heterogeneous,11,M10,2,3,0.2,0.5,0.6,0.1,false,0.05,0.1,0.1,0.05,5702577027890589700.0,15,false,0.01932656035665295,0.04768518518518505,0.01932656035665295,0.0135065157750343,3,3,0.0,0.0,no_change_exp
no_change,heterogeneous,11,M10,2,3,0.2,0.5,0.6,0.1,false,0.05,0.1,0.1,0.05,109591146466576384.0,15,false,0.01932656035665295,0.04768518518518505,0.01932656035665295,0.0135065157750343,3,3,0.0,0.0,no_change_exp
no_change,heterogeneous,37,M34,3,3,0.2,0.5,0.6,0.1,false,0.05,0.1,0.1,0.05,7128893484183252000.0,15,false,0.03352094317986969,0.03202160493827153,0.03352094317986969,0.02451947349870446,4,4,0.0,0.0,no_change_exp
no_change,heterogeneous,11,M10,2,3,0.2,0.5,0.6,0.1,false,0.05,0.1,0.1,0.05,7043372089166577700.0,15,false,0.01932656035665295,0.04768518518518505,0.01932656035665295,0.0135065157750343,3,3,0.0,0.0,no_change_exp
no_change,heterogeneous,11,M10,2,3,0.2,0.5,0.6,0.1,false,0.05,0.1,0.1,0.05,7139002048363152400.0,15,false,0.01932656035665295,0.04768518518518505,0.01932656035665295,0.0135065157750343,3,3,0.0,0.0,no_change_exp
no_change,heterogeneous,37,M34,3,3,0.2,0.5,0.6,0.1,false,0.05,0.1,0.1,0.05,109591146466576384.0,15,false,0.03352094317986969,0.03202160493827153,0.03352094317986969,0.02451947349870446,4,4,0.0,0.0,no_change_exp
no_change,heterogeneous,11,M10,2,3,0.2,0.5,0.6,0.1,false,0.05,0.1,0.1,0.05,8803618445054126100.0,15,false,0.01932656035665295,0.04768518518518505,0.01932656035665295,0.0135065157750343,3,3,0.0,0.0,no_change_exp
no_change,heterogeneous,37,M34,3,3,0.2,0.5,0.6,0.1,false,0.05,0.1,0.1,0.05,1841142524168585220.0,15,false,0.03352094317986969,0.03202160493827153,0.03352094317986969,0.02451947349870446,4,4,0.0,0.0,no_change_exp
no_change,heterogeneous,37,M34,3,3,0.2,0.5,0.6,0.1,false,0.05,0.1,0.1,0.05,4286360386944651300.0,15,false,0.03352094317986969,0.03202160493827153,0.03352094317986969,0.02451947349870446,4,4,0.0,0.0,no_change_exp
no_change,heterogeneous,37,M34,3,3,0.2,0.5,0.6,0.1,false,0.05,0.1,0.1,0.05,7043372089166577700.0,15,false,0.03352094317986969,0.03202160493827153,0.03352094317986969,0.02451947349870446,4,4,0.0,0.0,no_change_exp
no_change,heterogeneous,37,M34,3,3,0.2,0.5,0.6,0.1,false,0.05,0.1,0.1,0.05,6905470370856337400.0,15,false,0.03352094317986969,0.03202160493827153,0.03352094317986969,0.02451947349870446,4,4,0.0,0.0,no_change_exp
no_change,heterogeneous,11,M10,2,3,0.2,0.5,0.6,0.1,false,0.05,0.1,0.1,0.05,7128893484183252000.0,15,false,0.01932656035665295,0.04768518518518505,0.01932656035665295,0.0135065157750343,3,3,0.0,0.0,no_change_exp
no_change,heterogeneous,11,M10,2,3,0.2,0.5,0.6,0.1,false,0.05,0.1,0.1,0.05,4342572612484808700.0,15,false,0.01932656035665295,0.04768518518518505,0.01932656035665295,0.0135065157750343,3,3,0.0,0.0,no_change_exp
no_change,heterogeneous,11,M10,2,3,0.2,0.5,0.6,0.1,false,0.05,0.1,0.1,0.05,1841142524168585220.0,15,false,0.01932656035665295,0.04768518518518505,0.01932656035665295,0.0135065157750343,3,3,0.0,0.0,no_change_exp
no_change,heterogeneous,11,M10,2,3,0.2,0.5,0.6,0.1,false,0.05,0.1,0.1,0.05,4692690466958798800.0,15,false,0.01932656035665295,0.04768518518518505,0.01932656035665295,0.0135065157750343,3,3,0.0,0.0,no_change_exp
no_change,heterogeneous,37,M34,3,3,0.2,0.5,0.6,0.1,false,0.05,0.1,0.1,0.05,8803618445054126100.0,15,false,0.03352094317986969,0.03202160493827153,0.03352094317986969,0.02451947349870446,4,4,0.0,0.0,no_change_exp
no_change,heterogeneous,37,M34,3,3,0.2,0.5,0.6,0.1,false,0.05,0.1,0.1,0.05,8636175130330607600.0,15,false,0.03352094317986969,0.03202160493827153,0.03352094317986969,0.02451947349870446,4,4,0.0,0.0,no_change_exp
no_change,heterogeneous,37,M34,3,3,0.2,0.5,0.6,0.1,false,0.05,0.1,0.1,0.05,4342572612484808700.0,15,false,0.03352094317986969,0.03202160493827153,0.03352094317986969,0.02451947349870446,4,4,0.0,0.0,no_change_exp
no_change,heterogeneous,37,M34,3,3,0.2,0.5,0.6,0.1,false,0.05,0.1,0.1,0.05,4477927936947039200.0,15,false,0.03352094317986969,0.03202160493827153,0.03352094317986969,0.02451947349870446,4,4,0.0,0.0,no_change_exp
no_change,heterogeneous,11,M10,2,3,0.2,0.5,0.6,0.1,false,0.05,0.1,0.1,0.05,4477927936947039200.0,15,false,0.01932656035665295,0.04768518518518505,0.01932656035665295,0.0135065157750343,3,3,0.0,0.0,no_change_exp
no_change,heterogeneous,11,M10,2,3,0.2,0.5,0.6,0.1,false,0.05,0.1,0.1,0.05,4286360386944651300.0,15,false,0.01932656035665295,0.04768518518518505,0.01932656035665295,0.0135065157750343,3,3,0.0,0.0,no_change_exp
no_change,heterogeneous,11,M10,2,3,0.2,0.5,0.6,0.1,false,0.05,0.1,0.1,0.05,7240713591891685400.0,15,false,0.01932656035665295,0.04768518518518505,0.01932656035665295,0.0135065157750343,3,3,0.0,0.0,no_change_exp
no_change,heterogeneous,11,M10,2,3,0.2,0.5,0.6,0.1,false,0.05,0.1,0.1,0.05,8636175130330607600.0,15,false,0.01932656035665295,0.04768518518518505,0.01932656035665295,0.0135065157750343,3,3,0.0,0.0,no_change_exp
no_change,heterogeneous,11,M10,2,3,0.2,0.5,0.6,0.1,false,0.05,0.1,0.1,0.05,6905470370856337400.0,15,false,0.01932656035665295,0.04768518518518505,0.01932656035665295,0.0135065157750343,3,3,0.0,0.0,no_change_exp
no_change,homogeneous,29,H14,0,4,0.2,0.5,0.6,0.1,false,0.05,0.1,0.1,0.05,6905470370856337400.0,15,false,0.00370154361175412,0.0465856481481481,0.00370154361175412,0.00276465721926917,2,2,0.0,0.0,no_change_exp
no_change,homogeneous,29,H14,0,4,0.2,0.5,0.6,0.1,false,0.05,0.1,0.1,0.05,4692690466958798800.0,15,false,0.00370154361175412,0.0465856481481481,0.00370154361175412,0.00276465721926917,2,2,0.0,0.0,no_change_exp
no_change,homogeneous,29,H14,0,4,0.2,0.5,0.6,0.1,false,0.05,0.1,0.1,0.05,8636175130330607600.0,15,false,0.00370154361175412,0.0465856481481481,0.00370154361175412,0.00276465721926917,2,2,0.0,0.0,no_change_exp
no_change,homogeneous,29,H14,0,4,0.2,0.5,0.6,0.1,false,0.05,0.1,0.1,0.05,109591146466576384.0,15,false,0.00370154361175412,0.0465856481481481,0.00370154361175412,0.00276465721926917,2,2,0.0,0.0,no_change_exp
no_change,homogeneous,29,H14,0,4,0.2,0.5,0.6,0.1,false,0.05,0.1,0.1,0.05,5702577027890589700.0,15,false,0.00370154361175412,0.0465856481481481,0.00370154361175412,0.00276465721926917,2,2,0.0,0.0,no_change_exp
no_change,homogeneous,29,H14,0,4,0.2,0.5,0.6,0.1,false,0.05,0.1,0.1,0.05,7043372089166577700.0,15,false,0.00370154361175412,0.0465856481481481,0.00370154361175412,0.00276465721926917,2,2,0.0,0.0,no_change_exp
no_change,homogeneous,29,H14,0,4,0.2,0.5,0.6,0.1,false,0.05,0.1,0.1,0.05,4398895106259038200.0,15,false,0.00370154361175412,0.0465856481481481,0.00370154361175412,0.00276465721926917,2,2,0.0,0.0,no_change_exp
no_change,homogeneous,29,H14,0,4,0.2,0.5,0.6,0.1,false,0.05,0.1,0.1,0.05,8803618445054126100.0,15,false,0.00370154361175412,0.0465856481481481,0.00370154361175412,0.00276465721926917,2,2,0.0,0.0,no_change_exp
no_change,homogeneous,29,H14,0,4,0.2,0.5,0.6,0.1,false,0.05,0.1,0.1,0.05,1841142524168585220.0,15,false,0.00370154361175412,0.0465856481481481,0.00370154361175412,0.00276465721926917,2,2,0.0,0.0,no_change_exp
no_change,heterogeneous,1,M1,3,3,0.2,0.5,0.6,0.1,false,0.05,0.1,0.1,0.05,1841142524168585220.0,15,false,0.0306388856143309,0.01562500000000004,0.0306388856143309,0.02287359729843013,3,3,0.0,0.0,no_change_exp
no_change,homogeneous,29,H14,0,4,0.2,0.5,0.6,0.1,false,0.05,0.1,0.1,0.05,4342572612484808700.0,15,false,0.00370154361175412,0.0465856481481481,0.00370154361175412,0.00276465721926917,2,2,0.0,0.0,no_change_exp
no_change,homogeneous,29,H14,0,4,0.2,0.5,0.6,0.1,false,0.05,0.1,0.1,0.05,4286360386944651300.0,15,false,0.00370154361175412,0.0465856481481481,0.00370154361175412,0.00276465721926917,2,2,0.0,0.0,no_change_exp
no_change,heterogeneous,1,M1,3,3,0.2,0.5,0.6,0.1,false,0.05,0.1,0.1,0.05,7128893484183252000.0,15,false,0.0306388856143309,0.01562500000000004,0.0306388856143309,0.02287359729843013,3,3,0.0,0.0,no_change_exp
no_change,homogeneous,29,H14,0,4,0.2,0.5,0.6,0.1,false,0.05,0.1,0.1,0.05,4477927936947039200.0,15,false,0.00370154361175412,0.0465856481481481,0.00370154361175412,0.00276465721926917,2,2,0.0,0.0,no_change_exp
no_change,homogeneous,29,H14,0,4,0.2,0.5,0.6,0.1,false,0.05,0.1,0.1,0.05,7128893484183252000.0,15,false,0.00370154361175412,0.0465856481481481,0.00370154361175412,0.00276465721926917,2,2,0.0,0.0,no_change_exp
no_change,heterogeneous,1,M1,3,3,0.2,0.5,0.6,0.1,false,0.05,0.1,0.1,0.05,7139002048363152400.0,15,false,0.0306388856143309,0.01562500000000004,0.0306388856143309,0.02287359729843013,3,3,0.0,0.0,no_change_exp
no_change,heterogeneous,2,M2,2,3,0.2,0.5,0.6,0.1,false,0.05,0.1,0.1,0.05,8636175130330607600.0,15,false,0.03720528978052128,0.04537037037037028,0.03720528978052128,0.02422844864540466,4,4,0.0,0.0,no_change_exp
no_change,heterogeneous,1,M1,3,3,0.2,0.5,0.6,0.1,false,0.05,0.1,0.1,0.05,6905470370856337400.0,15,false,0.0306388856143309,0.01562500000000004,0.0306388856143309,0.02287359729843013,3,3,0.0,0.0,no_change_exp
no_change,heterogeneous,1,M1,3,3,0.2,0.5,0.6,0.1,false,0.05,0.1,0.1,0.05,7240713591891685400.0,15,false,0.0306388856143309,0.01562500000000004,0.0306388856143309,0.02287359729843013,3,3,0.0,0.0,no_change_exp
no_change,heterogeneous,1,M1,3,3,0.2,0.5,0.6,0.1,false,0.05,0.1,0.1,0.05,7043372089166577700.0,15,false,0.0306388856143309,0.01562500000000004,0.0306388856143309,0.02287359729843013,3,3,0.0,0.0,no_change_exp
no_change,heterogeneous,1,M1,3,3,0.2,0.5,0.6,0.1,false,0.05,0.1,0.1,0.05,8636175130330607600.0,15,false,0.0306388856143309,0.01562500000000004,0.0306388856143309,0.02287359729843013,3,3,0.0,0.0,no_change_exp
no_change,heterogeneous,1,M1,3,3,0.2,0.5,0.6,0.1,false,0.05,0.1,0.1,0.05,4342572612484808700.0,15,false,0.0306388856143309,0.01562500000000004,0.0306388856143309,0.02287359729843013,3,3,0.0,0.0,no_change_exp
no_change,heterogeneous,1,M1,3,3,0.2,0.5,0.6,0.1,false,0.05,0.1,0.1,0.05,8803618445054126100.0,15,false,0.0306388856143309,0.01562500000000004,0.0306388856143309,0.02287359729843013,3,3,0.0,0.0,no_change_exp
no_change,heterogeneous,1,M1,3,3,0.2,0.5,0.6,0.1,false,0.05,0.1,0.1,0.05,5702577027890589700.0,15,false,0.0306388856143309,0.01562500000000004,0.0306388856143309,0.02287359729843013,3,3,0.0,0.0,no_change_exp
no_change,heterogeneous,1,M1,3,3,0.2,0.5,0.6,0.1,false,0.05,0.1,0.1,0.05,4692690466958798800.0,15,false,0.0306388856143309,0.01562500000000004,0.0306388856143309,0.02287359729843013,3,3,0.0,0.0,no_change_exp
no_change,heterogeneous,1,M1,3,3,0.2,0.5,0.6,0.1,false,0.05,0.1,0.1,0.05,4477927936947039200.0,15,false,0.0306388856143309,0.01562500000000004,0.0306388856143309,0.02287359729843013,3,3,0.0,0.0,no_change_exp
no_change,heterogeneous,1,M1,3,3,0.2,0.5,0.6,0.1,false,0.05,0.1,0.1,0.05,4286360386944651300.0,15,false,0.0306388856143309,0.01562500000000004,0.0306388856143309,0.02287359729843013,3,3,0.0,0.0,no_change_exp
no_change,heterogeneous,1,M1,3,3,0.2,0.5,0.6,0.1,false,0.05,0.1,0.1,0.05,109591146466576384.0,15,false,0.0306388856143309,0.01562500000000004,0.0306388856143309,0.02287359729843013,3,3,0.0,0.0,no_change_exp
no_change,heterogeneous,1,M1,3,3,0.2,0.5,0.6,0.1,false,0.05,0.1,0.1,0.05,4398895106259038200.0,15,false,0.0306388856143309,0.01562500000000004,0.0306388856143309,0.02287359729843013,3,3,0.0,0.0,no_change_exp
no_change,heterogeneous,2,M2,2,3,0.2,0.5,0.6,0.1,false,0.05,0.1,0.1,0.05,7139002048363152400.0,15,false,0.03720528978052128,0.04537037037037028,0.03720528978052128,0.02422844864540466,4,4,0.0,0.0,no_change_exp
no_change,heterogeneous,2,M2,2,3,0.2,0.5,0.6,0.1,false,0.05,0.1,0.1,0.05,4692690466958798800.0,15,false,0.03720528978052128,0.04537037037037028,0.03720528978052128,0.02422844864540466,4,4,0.0,0.0,no_change_exp
no_change,heterogeneous,2,M2,2,3,0.2,0.5,0.6,0.1,false,0.05,0.1,0.1,0.05,7240713591891685400.0,15,false,0.03720528978052128,0.04537037037037028,0.03720528978052128,0.02422844864540466,4,4,0.0,0.0,no_change_exp
no_change,heterogeneous,2,M2,2,3,0.2,0.5,0.6,0.1,false,0.05,0.1,0.1,0.05,6905470370856337400.0,15,false,0.03720528978052128,0.04537037037037028,0.03720528978052128,0.02422844864540466,4,4,0.0,0.0,no_change_exp
no_change,heterogeneous,2,M2,2,3,0.2,0.5,0.6,0.1,false,0.05,0.1,0.1,0.05,1841142524168585220.0,15,false,0.03720528978052128,0.04537037037037028,0.03720528978052128,0.02422844864540466,4,4,0.0,0.0,no_change_exp
no_change,heterogeneous,2,M2,2,3,0.2,0.5,0.6,0.1,false,0.05,0.1,0.1,0.05,5702577027890589700.0,15,false,0.03720528978052128,0.04537037037037028,0.03720528978052128,0.02422844864540466,4,4,0.0,0.0,no_change_exp
no_change,heterogeneous,2,M2,2,3,0.2,0.5,0.6,0.1,false,0.05,0.1,0.1,0.05,4398895106259038200.0,15,false,0.03720528978052128,0.04537037037037028,0.03720528978052128,0.02422844864540466,4,4,0.0,0.0,no_change_exp
no_change,heterogeneous,2,M2,2,3,0.2,0.5,0.6,0.1,false,0.05,0.1,0.1,0.05,8803618445054126100.0,15,false,0.03720528978052128,0.04537037037037028,0.03720528978052128,0.02422844864540466,4,4,0.0,0.0,no_change_exp
no_change,heterogeneous,2,M2,2,3,0.2,0.5,0.6,0.1,false,0.05,0.1,0.1,0.05,4342572612484808700.0,15,false,0.03720528978052128,0.04537037037037028,0.03720528978052128,0.02422844864540466,4,4,0.0,0.0,no_change_exp
no_change,heterogeneous,2,M2,2,3,0.2,0.5,0.6,0.1,false,0.05,0.1,0.1,0.05,109591146466576384.0,15,false,0.03720528978052128,0.04537037037037028,0.03720528978052128,0.02422844864540466,4,4,0.0,0.0,no_change_exp
no_change,heterogeneous,2,M2,2,3,0.2,0.5,0.6,0.1,false,0.05,0.1,0.1,0.05,7043372089166577700.0,15,false,0.03720528978052128,0.04537037037037028,0.03720528978052128,0.02422844864540466,4,4,0.0,0.0,no_change_exp
no_change,heterogeneous,2,M2,2,3,0.2,0.5,0.6,0.1,false,0.05,0.1,0.1,0.05,7128893484183252000.0,15,false,0.03720528978052128,0.04537037037037028,0.03720528978052128,0.02422844864540466,4,4,0.0,0.0,no_change_exp
no_change,heterogeneous,2,M2,2,3,0.2,0.5,0.6,0.1,false,0.05,0.1,0.1,0.05,4286360386944651300.0,15,false,0.03720528978052128,0.04537037037037028,0.03720528978052128,0.02422844864540466,4,4,0.0,0.0,no_change_exp
no_change,heterogeneous,2,M2,2,3,0.2,0.5,0.6,0.1,false,0.05,0.1,0.1,0.05,4477927936947039200.0,15,false,0.03720528978052128,0.04537037037037028,0.03720528978052128,0.02422844864540466,4,4,0.0,0.0,no_change_exp
no_change,heterogeneous,14,M15,3,3,0.2,0.5,0.6,0.1,false,0.05,0.1,0.1,0.05,7139002048363152400.0,15,false,0.02458731638660266,0.04205246913580235,0.02458731638660266,0.015927688233501,5,5,0.0,0.0,no_change_exp
no_change,heterogeneous,14,M15,3,3,0.2,0.5,0.6,0.1,false,0.05,0.1,0.1,0.05,4692690466958798800.0,15,false,0.02458731638660266,0.04205246913580235,0.02458731638660266,0.015927688233501,5,5,0.0,0.0,no_change_exp
no_change,heterogeneous,14,M15,3,3,0.2,0.5,0.6,0.1,false,0.05,0.1,0.1,0.05,7240713591891685400.0,15,false,0.02458731638660266,0.04205246913580235,0.02458731638660266,0.015927688233501,5,5,0.0,0.0,no_change_exp
no_change,heterogeneous,14,M15,3,3,0.2,0.5,0.6,0.1,false,0.05,0.1,0.1,0.05,8636175130330607600.0,15,false,0.02458731638660266,0.04205246913580235,0.02458731638660266,0.015927688233501,5,5,0.0,0.0,no_change_exp
no_change,heterogeneous,14,M15,3,3,0.2,0.5,0.6,0.1,false,0.05,0.1,0.1,0.05,6905470370856337400.0,15,false,0.02458731638660266,0.04205246913580235,0.02458731638660266,0.015927688233501,5,5,0.0,0.0,no_change_exp
no_change,heterogeneous,14,M15,3,3,0.2,0.5,0.6,0.1,false,0.05,0.1,0.1,0.05,7128893484183252000.0,15,false,0.02458731638660266,0.04205246913580235,0.02458731638660266,0.015927688233501,5,5,0.0,0.0,no_change_exp
no_change,heterogeneous,14,M15,3,3,0.2,0.5,0.6,0.1,false,0.05,0.1,0.1,0.05,5702577027890589700.0,15,false,0.02458731638660266,0.04205246913580235,0.02458731638660266,0.015927688233501,5,5,0.0,0.0,no_change_exp
no_change,heterogeneous,14,M15,3,3,0.2,0.5,0.6,0.1,false,0.05,0.1,0.1,0.05,4342572612484808700.0,15,false,0.02458731638660266,0.04205246913580235,0.02458731638660266,0.015927688233501,5,5,0.0,0.0,no_change_exp
no_change,heterogeneous,14,M15,3,3,0.2,0.5,0.6,0.1,false,0.05,0.1,0.1,0.05,1841142524168585220.0,15,false,0.02458731638660266,0.04205246913580235,0.02458731638660266,0.015927688233501,5,5,0.0,0.0,no_change_exp
no_change,heterogeneous,14,M15,3,3,0.2,0.5,0.6,0.1,false,0.05,0.1,0.1,0.05,8803618445054126100.0,15,false,0.02458731638660266,0.04205246913580235,0.02458731638660266,0.015927688233501,5,5,0.0,0.0,no_change_exp
no_change,heterogeneous,14,M15,3,3,0.2,0.5,0.6,0.1,false,0.05,0.1,0.1,0.05,4398895106259038200.0,15,false,0.02458731638660266,0.04205246913580235,0.02458731638660266,0.015927688233501,5,5,0.0,0.0,no_change_exp
no_change,heterogeneous,14,M15,3,3,0.2,0.5,0.6,0.1,false,0.05,0.1,0.1,0.05,7043372089166577700.0,15,false,0.02458731638660266,0.04205246913580235,0.02458731638660266,0.015927688233501,5,5,0.0,0.0,no_change_exp
no_change,heterogeneous,14,M15,3,3,0.2,0.5,0.6,0.1,false,0.05,0.1,0.1,0.05,4477927936947039200.0,15,false,0.02458731638660266,0.04205246913580235,0.02458731638660266,0.015927688233501,5,5,0.0,0.0,no_change_exp
no_change,heterogeneous,20,M26,2,2,0.2,0.5,0.6,0.1,false,0.05,0.1,0.1,0.05,7139002048363152400.0,15,false,0.04088593575853047,0.031828703703704,0.04088593575853047,0.02719166910770077,3,3,0.0,0.0,no_change_exp
no_change,heterogeneous,14,M15,3,3,0.2,0.5,0.6,0.1,false,0.05,0.1,0.1,0.05,109591146466576384.0,15,false,0.02458731638660266,0.04205246913580235,0.02458731638660266,0.015927688233501,5,5,0.0,0.0,no_change_exp
no_change,heterogeneous,20,M26,2,2,0.2,0.5,0.6,0.1,false,0.05,0.1,0.1,0.05,4692690466958798800.0,15,false,0.04088593575853047,0.031828703703704,0.04088593575853047,0.02719166910770077,3,3,0.0,0.0,no_change_exp
no_change,heterogeneous,20,M26,2,2,0.2,0.5,0.6,0.1,false,0.05,0.1,0.1,0.05,7240713591891685400.0,15,false,0.04088593575853047,0.031828703703704,0.04088593575853047,0.02719166910770077,3,3,0.0,0.0,no_change_exp
no_change,heterogeneous,14,M15,3,3,0.2,0.5,0.6,0.1,false,0.05,0.1,0.1,0.05,4286360386944651300.0,15,false,0.02458731638660266,0.04205246913580235,0.02458731638660266,0.015927688233501,5,5,0.0,0.0,no_change_exp
no_change,heterogeneous,20,M26,2,2,0.2,0.5,0.6,0.1,false,0.05,0.1,0.1,0.05,6905470370856337400.0,15,false,0.04088593575853047,0.031828703703704,0.04088593575853047,0.02719166910770077,3,3,0.0,0.0,no_change_exp
no_change,heterogeneous,20,M26,2,2,0.2,0.5,0.6,0.1,false,0.05,0.1,0.1,0.05,8636175130330607600.0,15,false,0.04088593575853047,0.031828703703704,0.04088593575853047,0.02719166910770077,3,3,0.0,0.0,no_change_exp
no_change,heterogeneous,20,M26,2,2,0.2,0.5,0.6,0.1,false,0.05,0.1,0.1,0.05,5702577027890589700.0,15,false,0.04088593575853047,0.031828703703704,0.04088593575853047,0.02719166910770077,3,3,0.0,0.0,no_change_exp
no_change,heterogeneous,20,M26,2,2,0.2,0.5,0.6,0.1,false,0.05,0.1,0.1,0.05,1841142524168585220.0,15,false,0.04088593575853047,0.031828703703704,0.04088593575853047,0.02719166910770077,3,3,0.0,0.0,no_change_exp
no_change,heterogeneous,20,M26,2,2,0.2,0.5,0.6,0.1,false,0.05,0.1,0.1,0.05,7043372089166577700.0,15,false,0.04088593575853047,0.031828703703704,0.04088593575853047,0.02719166910770077,3,3,0.0,0.0,no_change_exp
no_change,heterogeneous,20,M26,2,2,0.2,0.5,0.6,0.1,false,0.05,0.1,0.1,0.05,4398895106259038200.0,15,false,0.04088593575853047,0.031828703703704,0.04088593575853047,0.02719166910770077,3,3,0.0,0.0,no_change_exp
no_change,heterogeneous,20,M26,2,2,0.2,0.5,0.6,0.1,false,0.05,0.1,0.1,0.05,4342572612484808700.0,15,false,0.04088593575853047,0.031828703703704,0.04088593575853047,0.02719166910770077,3,3,0.0,0.0,no_change_exp
no_change,heterogeneous,20,M26,2,2,0.2,0.5,0.6,0.1,false,0.05,0.1,0.1,0.05,8803618445054126100.0,15,false,0.04088593575853047,0.031828703703704,0.04088593575853047,0.02719166910770077,3,3,0.0,0.0,no_change_exp
no_change,heterogeneous,20,M26,2,2,0.2,0.5,0.6,0.1,false,0.05,0.1,0.1,0.05,4477927936947039200.0,15,false,0.04088593575853047,0.031828703703704,0.04088593575853047,0.02719166910770077,3,3,0.0,0.0,no_change_exp
no_change,heterogeneous,31,M30,1,2,0.2,0.5,0.6,0.1,false,0.05,0.1,0.1,0.05,4692690466958798800.0,15,false,0.01686903435070872,0.02353395061728388,0.01686903435070872,0.0097382377876848,2,2,0.0,0.0,no_change_exp
no_change,heterogeneous,20,M26,2,2,0.2,0.5,0.6,0.1,false,0.05,0.1,0.1,0.05,109591146466576384.0,15,false,0.04088593575853047,0.031828703703704,0.04088593575853047,0.02719166910770077,3,3,0.0,0.0,no_change_exp
no_change,heterogeneous,20,M26,2,2,0.2,0.5,0.6,0.1,false,0.05,0.1,0.1,0.05,4286360386944651300.0,15,false,0.04088593575853047,0.031828703703704,0.04088593575853047,0.02719166910770077,3,3,0.0,0.0,no_change_exp
no_change,heterogeneous,20,M26,2,2,0.2,0.5,0.6,0.1,false,0.05,0.1,0.1,0.05,7128893484183252000.0,15,false,0.04088593575853047,0.031828703703704,0.04088593575853047,0.02719166910770077,3,3,0.0,0.0,no_change_exp
no_change,heterogeneous,31,M30,1,2,0.2,0.5,0.6,0.1,false,0.05,0.1,0.1,0.05,7240713591891685400.0,15,false,0.01686903435070872,0.02353395061728388,0.01686903435070872,0.0097382377876848,2,2,0.0,0.0,no_change_exp
no_change,heterogeneous,31,M30,1,2,0.2,0.5,0.6,0.1,false,0.05,0.1,0.1,0.05,7139002048363152400.0,15,false,0.01686903435070872,0.02353395061728388,0.01686903435070872,0.0097382377876848,2,2,0.0,0.0,no_change_exp
no_change,heterogeneous,31,M30,1,2,0.2,0.5,0.6,0.1,false,0.05,0.1,0.1,0.05,6905470370856337400.0,15,false,0.01686903435070872,0.02353395061728388,0.01686903435070872,0.0097382377876848,2,2,0.0,0.0,no_change_exp
no_change,heterogeneous,31,M30,1,2,0.2,0.5,0.6,0.1,false,0.05,0.1,0.1,0.05,5702577027890589700.0,15,false,0.01686903435070872,0.02353395061728388,0.01686903435070872,0.0097382377876848,2,2,0.0,0.0,no_change_exp
no_change,heterogeneous,31,M30,1,2,0.2,0.5,0.6,0.1,false,0.05,0.1,0.1,0.05,1841142524168585220.0,15,false,0.01686903435070872,0.02353395061728388,0.01686903435070872,0.0097382377876848,2,2,0.0,0.0,no_change_exp
no_change,heterogeneous,31,M30,1,2,0.2,0.5,0.6,0.1,false,0.05,0.1,0.1,0.05,8636175130330607600.0,15,false,0.01686903435070872,0.02353395061728388,0.01686903435070872,0.0097382377876848,2,2,0.0,0.0,no_change_exp
no_change,heterogeneous,31,M30,1,2,0.2,0.5,0.6,0.1,false,0.05,0.1,0.1,0.05,8803618445054126100.0,15,false,0.01686903435070872,0.02353395061728388,0.01686903435070872,0.0097382377876848,2,2,0.0,0.0,no_change_exp
no_change,heterogeneous,31,M30,1,2,0.2,0.5,0.6,0.1,false,0.05,0.1,0.1,0.05,4398895106259038200.0,15,false,0.01686903435070872,0.02353395061728388,0.01686903435070872,0.0097382377876848,2,2,0.0,0.0,no_change_exp
no_change,heterogeneous,31,M30,1,2,0.2,0.5,0.6,0.1,false,0.05,0.1,0.1,0.05,4477927936947039200.0,15,false,0.01686903435070872,0.02353395061728388,0.01686903435070872,0.0097382377876848,2,2,0.0,0.0,no_change_exp
no_change,heterogeneous,31,M30,1,2,0.2,0.5,0.6,0.1,false,0.05,0.1,0.1,0.05,4342572612484808700.0,15,false,0.01686903435070872,0.02353395061728388,0.01686903435070872,0.0097382377876848,2,2,0.0,0.0,no_change_exp
no_change,heterogeneous,31,M30,1,2,0.2,0.5,0.6,0.1,false,0.05,0.1,0.1,0.05,7128893484183252000.0,15,false,0.01686903435070872,0.02353395061728388,0.01686903435070872,0.0097382377876848,2,2,0.0,0.0,no_change_exp
no_change,heterogeneous,31,M30,1,2,0.2,0.5,0.6,0.1,false,0.05,0.1,0.1,0.05,7043372089166577700.0,15,false,0.01686903435070872,0.02353395061728388,0.01686903435070872,0.0097382377876848,2,2,0.0,0.0,no_change_exp
no_change,heterogeneous,31,M30,1,2,0.2,0.5,0.6,0.1,false,0.05,0.1,0.1,0.05,4286360386944651300.0,15,false,0.01686903435070872,0.02353395061728388,0.01686903435070872,0.0097382377876848,2,2,0.0,0.0,no_change_exp
no_change,heterogeneous,3,M4,3,3,0.2,0.5,0.6,0.1,false,0.05,0.1,0.1,0.05,4398895106259038200.0,15,false,0.0361340032483615,0.03472222222222238,0.0361340032483615,0.02704394337753388,4,4,0.0,0.0,no_change_exp
no_change,heterogeneous,31,M30,1,2,0.2,0.5,0.6,0.1,false,0.05,0.1,0.1,0.05,109591146466576384.0,15,false,0.01686903435070872,0.02353395061728388,0.01686903435070872,0.0097382377876848,2,2,0.0,0.0,no_change_exp
no_change,heterogeneous,3,M4,3,3,0.2,0.5,0.6,0.1,false,0.05,0.1,0.1,0.05,7139002048363152400.0,15,false,0.0361340032483615,0.03472222222222238,0.0361340032483615,0.02704394337753388,4,4,0.0,0.0,no_change_exp
no_change,heterogeneous,3,M4,3,3,0.2,0.5,0.6,0.1,false,0.05,0.1,0.1,0.05,7240713591891685400.0,15,false,0.0361340032483615,0.03472222222222238,0.0361340032483615,0.02704394337753388,4,4,0.0,0.0,no_change_exp
no_change,heterogeneous,3,M4,3,3,0.2,0.5,0.6,0.1,false,0.05,0.1,0.1,0.05,4692690466958798800.0,15,false,0.0361340032483615,0.03472222222222238,0.0361340032483615,0.02704394337753388,4,4,0.0,0.0,no_change_exp
no_change,heterogeneous,3,M4,3,3,0.2,0.5,0.6,0.1,false,0.05,0.1,0.1,0.05,6905470370856337400.0,15,false,0.0361340032483615,0.03472222222222238,0.0361340032483615,0.02704394337753388,4,4,0.0,0.0,no_change_exp
no_change,heterogeneous,3,M4,3,3,0.2,0.5,0.6,0.1,false,0.05,0.1,0.1,0.05,8636175130330607600.0,15,false,0.0361340032483615,0.03472222222222238,0.0361340032483615,0.02704394337753388,4,4,0.0,0.0,no_change_exp
no_change,heterogeneous,3,M4,3,3,0.2,0.5,0.6,0.1,false,0.05,0.1,0.1,0.05,5702577027890589700.0,15,false,0.0361340032483615,0.03472222222222238,0.0361340032483615,0.02704394337753388,4,4,0.0,0.0,no_change_exp
no_change,heterogeneous,3,M4,3,3,0.2,0.5,0.6,0.1,false,0.05,0.1,0.1,0.05,1841142524168585220.0,15,false,0.0361340032483615,0.03472222222222238,0.0361340032483615,0.02704394337753388,4,4,0.0,0.0,no_change_exp
no_change,heterogeneous,3,M4,3,3,0.2,0.5,0.6,0.1,false,0.05,0.1,0.1,0.05,8803618445054126100.0,15,false,0.0361340032483615,0.03472222222222238,0.0361340032483615,0.02704394337753388,4,4,0.0,0.0,no_change_exp
no_change,heterogeneous,3,M4,3,3,0.2,0.5,0.6,0.1,false,0.05,0.1,0.1,0.05,4342572612484808700.0,15,false,0.0361340032483615,0.03472222222222238,0.0361340032483615,0.02704394337753388,4,4,0.0,0.0,no_change_exp
no_change,heterogeneous,3,M4,3,3,0.2,0.5,0.6,0.1,false,0.05,0.1,0.1,0.05,4286360386944651300.0,15,false,0.0361340032483615,0.03472222222222238,0.0361340032483615,0.02704394337753388,4,4,0.0,0.0,no_change_exp
no_change,heterogeneous,3,M4,3,3,0.2,0.5,0.6,0.1,false,0.05,0.1,0.1,0.05,7128893484183252000.0,15,false,0.0361340032483615,0.03472222222222238,0.0361340032483615,0.02704394337753388,4,4,0.0,0.0,no_change_exp
no_change,heterogeneous,3,M4,3,3,0.2,0.5,0.6,0.1,false,0.05,0.1,0.1,0.05,109591146466576384.0,15,false,0.0361340032483615,0.03472222222222238,0.0361340032483615,0.02704394337753388,4,4,0.0,0.0,no_change_exp
no_change,heterogeneous,3,M4,3,3,0.2,0.5,0.6,0.1,false,0.05,0.1,0.1,0.05,7043372089166577700.0,15,false,0.0361340032483615,0.03472222222222238,0.0361340032483615,0.02704394337753388,4,4,0.0,0.0,no_change_exp
no_change,heterogeneous,4,M5,3,3,0.2,0.5,0.6,0.1,false,0.05,0.1,0.1,0.05,8636175130330607600.0,15,false,0.03097746746875476,0.04706790123456809,0.03097746746875476,0.02461967497332723,4,4,0.0,0.0,no_change_exp
no_change,heterogeneous,4,M5,3,3,0.2,0.5,0.6,0.1,false,0.05,0.1,0.1,0.05,5702577027890589700.0,15,false,0.03097746746875476,0.04706790123456809,0.03097746746875476,0.02461967497332723,4,4,0.0,0.0,no_change_exp
no_change,heterogeneous,4,M5,3,3,0.2,0.5,0.6,0.1,false,0.05,0.1,0.1,0.05,7043372089166577700.0,15,false,0.03097746746875476,0.04706790123456809,0.03097746746875476,0.02461967497332723,4,4,0.0,0.0,no_change_exp
no_change,heterogeneous,3,M4,3,3,0.2,0.5,0.6,0.1,false,0.05,0.1,0.1,0.05,4477927936947039200.0,15,false,0.0361340032483615,0.03472222222222238,0.0361340032483615,0.02704394337753388,4,4,0.0,0.0,no_change_exp
no_change,heterogeneous,4,M5,3,3,0.2,0.5,0.6,0.1,false,0.05,0.1,0.1,0.05,4692690466958798800.0,15,false,0.03097746746875476,0.04706790123456809,0.03097746746875476,0.02461967497332723,4,4,0.0,0.0,no_change_exp
no_change,heterogeneous,19,M25,2,2,0.2,0.5,0.6,0.1,false,0.05,0.1,0.1,0.05,8636175130330607600.0,15,false,0.0138563200606567,0.04571759259259268,0.0138563200606567,0.01223378587724812,3,3,0.0,0.0,no_change_exp
no_change,heterogeneous,4,M5,3,3,0.2,0.5,0.6,0.1,false,0.05,0.1,0.1,0.05,7240713591891685400.0,15,false,0.03097746746875476,0.04706790123456809,0.03097746746875476,0.02461967497332723,4,4,0.0,0.0,no_change_exp
no_change,heterogeneous,4,M5,3,3,0.2,0.5,0.6,0.1,false,0.05,0.1,0.1,0.05,7139002048363152400.0,15,false,0.03097746746875476,0.04706790123456809,0.03097746746875476,0.02461967497332723,4,4,0.0,0.0,no_change_exp
no_change,heterogeneous,4,M5,3,3,0.2,0.5,0.6,0.1,false,0.05,0.1,0.1,0.05,1841142524168585220.0,15,false,0.03097746746875476,0.04706790123456809,0.03097746746875476,0.02461967497332723,4,4,0.0,0.0,no_change_exp
no_change,heterogeneous,4,M5,3,3,0.2,0.5,0.6,0.1,false,0.05,0.1,0.1,0.05,6905470370856337400.0,15,false,0.03097746746875476,0.04706790123456809,0.03097746746875476,0.02461967497332723,4,4,0.0,0.0,no_change_exp
no_change,heterogeneous,19,M25,2,2,0.2,0.5,0.6,0.1,false,0.05,0.1,0.1,0.05,4398895106259038200.0,15,false,0.0138563200606567,0.04571759259259268,0.0138563200606567,0.01223378587724812,3,3,0.0,0.0,no_change_exp
no_change,heterogeneous,4,M5,3,3,0.2,0.5,0.6,0.1,false,0.05,0.1,0.1,0.05,4398895106259038200.0,15,false,0.03097746746875476,0.04706790123456809,0.03097746746875476,0.02461967497332723,4,4,0.0,0.0,no_change_exp
no_change,heterogeneous,4,M5,3,3,0.2,0.5,0.6,0.1,false,0.05,0.1,0.1,0.05,8803618445054126100.0,15,false,0.03097746746875476,0.04706790123456809,0.03097746746875476,0.02461967497332723,4,4,0.0,0.0,no_change_exp
no_change,heterogeneous,4,M5,3,3,0.2,0.5,0.6,0.1,false,0.05,0.1,0.1,0.05,4342572612484808700.0,15,false,0.03097746746875476,0.04706790123456809,0.03097746746875476,0.02461967497332723,4,4,0.0,0.0,no_change_exp
no_change,heterogeneous,4,M5,3,3,0.2,0.5,0.6,0.1,false,0.05,0.1,0.1,0.05,109591146466576384.0,15,false,0.03097746746875476,0.04706790123456809,0.03097746746875476,0.02461967497332723,4,4,0.0,0.0,no_change_exp
no_change,heterogeneous,4,M5,3,3,0.2,0.5,0.6,0.1,false,0.05,0.1,0.1,0.05,7128893484183252000.0,15,false,0.03097746746875476,0.04706790123456809,0.03097746746875476,0.02461967497332723,4,4,0.0,0.0,no_change_exp
no_change,heterogeneous,4,M5,3,3,0.2,0.5,0.6,0.1,false,0.05,0.1,0.1,0.05,4477927936947039200.0,15,false,0.03097746746875476,0.04706790123456809,0.03097746746875476,0.02461967497332723,4,4,0.0,0.0,no_change_exp
no_change,heterogeneous,4,M5,3,3,0.2,0.5,0.6,0.1,false,0.05,0.1,0.1,0.05,4286360386944651300.0,15,false,0.03097746746875476,0.04706790123456809,0.03097746746875476,0.02461967497332723,4,4,0.0,0.0,no_change_exp
no_change,heterogeneous,19,M25,2,2,0.2,0.5,0.6,0.1,false,0.05,0.1,0.1,0.05,7139002048363152400.0,15,false,0.0138563200606567,0.04571759259259268,0.0138563200606567,0.01223378587724812,3,3,0.0,0.0,no_change_exp
no_change,heterogeneous,19,M25,2,2,0.2,0.5,0.6,0.1,false,0.05,0.1,0.1,0.05,5702577027890589700.0,15,false,0.0138563200606567,0.04571759259259268,0.0138563200606567,0.01223378587724812,3,3,0.0,0.0,no_change_exp
no_change,heterogeneous,19,M25,2,2,0.2,0.5,0.6,0.1,false,0.05,0.1,0.1,0.05,7240713591891685400.0,15,false,0.0138563200606567,0.04571759259259268,0.0138563200606567,0.01223378587724812,3,3,0.0,0.0,no_change_exp
no_change,heterogeneous,19,M25,2,2,0.2,0.5,0.6,0.1,false,0.05,0.1,0.1,0.05,6905470370856337400.0,15,false,0.0138563200606567,0.04571759259259268,0.0138563200606567,0.01223378587724812,3,3,0.0,0.0,no_change_exp
no_change,heterogeneous,19,M25,2,2,0.2,0.5,0.6,0.1,false,0.05,0.1,0.1,0.05,1841142524168585220.0,15,false,0.0138563200606567,0.04571759259259268,0.0138563200606567,0.01223378587724812,3,3,0.0,0.0,no_change_exp
no_change,heterogeneous,19,M25,2,2,0.2,0.5,0.6,0.1,false,0.05,0.1,0.1,0.05,4692690466958798800.0,15,false,0.0138563200606567,0.04571759259259268,0.0138563200606567,0.01223378587724812,3,3,0.0,0.0,no_change_exp
no_change,heterogeneous,19,M25,2,2,0.2,0.5,0.6,0.1,false,0.05,0.1,0.1,0.05,8803618445054126100.0,15,false,0.0138563200606567,0.04571759259259268,0.0138563200606567,0.01223378587724812,3,3,0.0,0.0,no_change_exp
no_change,heterogeneous,19,M25,2,2,0.2,0.5,0.6,0.1,false,0.05,0.1,0.1,0.05,4342572612484808700.0,15,false,0.0138563200606567,0.04571759259259268,0.0138563200606567,0.01223378587724812,3,3,0.0,0.0,no_change_exp
no_change,heterogeneous,19,M25,2,2,0.2,0.5,0.6,0.1,false,0.05,0.1,0.1,0.05,7043372089166577700.0,15,false,0.0138563200606567,0.04571759259259268,0.0138563200606567,0.01223378587724812,3,3,0.0,0.0,no_change_exp
no_change,heterogeneous,19,M25,2,2,0.2,0.5,0.6,0.1,false,0.05,0.1,0.1,0.05,109591146466576384.0,15,false,0.0138563200606567,0.04571759259259268,0.0138563200606567,0.01223378587724812,3,3,0.0,0.0,no_change_exp
no_change,heterogeneous,19,M25,2,2,0.2,0.5,0.6,0.1,false,0.05,0.1,0.1,0.05,7128893484183252000.0,15,false,0.0138563200606567,0.04571759259259268,0.0138563200606567,0.01223378587724812,3,3,0.0,0.0,no_change_exp
no_change,heterogeneous,19,M25,2,2,0.2,0.5,0.6,0.1,false,0.05,0.1,0.1,0.05,4477927936947039200.0,15,false,0.0138563200606567,0.04571759259259268,0.0138563200606567,0.01223378587724812,3,3,0.0,0.0,no_change_exp
no_change,heterogeneous,19,M25,2,2,0.2,0.5,0.6,0.1,false,0.05,0.1,0.1,0.05,4286360386944651300.0,15,false,0.0138563200606567,0.04571759259259268,0.0138563200606567,0.01223378587724812,3,3,0.0,0.0,no_change_exp
consensus,heterogeneous,37,M34,3,3,0.3,0.0,0.0,0.0,false,0.05,0.1,0.1,0.05,4286360386944651300.0,15,false,0.03352094317986969,0.14339851572757148,0.00000107646371917,0.0000009423823368,1,4,0.0,0.0,cons_ndist_nospeak
consensus,heterogeneous,37,M34,3,3,0.3,0.0,0.0,0.0,false,0.05,0.1,0.1,0.05,4398895106259038200.0,15,false,0.03352094317986969,0.14339851572757148,0.00000107646371917,0.0000009423823368,1,4,0.0,0.0,cons_ndist_nospeak
consensus,heterogeneous,37,M34,3,3,0.3,0.0,0.0,0.0,false,0.05,0.1,0.1,0.05,8803618445054126100.0,15,false,0.03352094317986969,0.14339851572757148,0.00000107646371917,0.0000009423823368,1,4,0.0,0.0,cons_ndist_nospeak
consensus,heterogeneous,1,M1,3,3,0.5,0.0,0.0,0.0,false,0.05,0.1,0.1,0.05,7240713591891685400.0,15,false,0.0306388856143309,0.17591654113482155,0.00000000016366867,0.00000000012142792,1,3,0.0,0.0,cons_ndist_nospeak
consensus,heterogeneous,37,M34,3,3,0.3,0.0,0.0,0.0,false,0.05,0.1,0.1,0.05,8636175130330607600.0,15,false,0.03352094317986969,0.14339851572757148,0.00000107646371917,0.0000009423823368,1,4,0.0,0.0,cons_ndist_nospeak
consensus,heterogeneous,37,M34,3,3,0.3,0.0,0.0,0.0,false,0.05,0.1,0.1,0.05,7240713591891685400.0,15,false,0.03352094317986969,0.14339851572757148,0.00000107646371917,0.0000009423823368,1,4,0.0,0.0,cons_ndist_nospeak
consensus,heterogeneous,37,M34,3,3,0.3,0.0,0.0,0.0,false,0.05,0.1,0.1,0.05,109591146466576384.0,15,false,0.03352094317986969,0.14339851572757148,0.00000107646371917,0.0000009423823368,1,4,0.0,0.0,cons_ndist_nospeak
consensus,heterogeneous,37,M34,3,3,0.3,0.0,0.0,0.0,false,0.05,0.1,0.1,0.05,4477927936947039200.0,15,false,0.03352094317986969,0.14339851572757148,0.00000107646371917,0.0000009423823368,1,4,0.0,0.0,cons_ndist_nospeak
consensus,heterogeneous,37,M34,3,3,0.3,0.0,0.0,0.0,false,0.05,0.1,0.1,0.05,7043372089166577700.0,15,false,0.03352094317986969,0.14339851572757148,0.00000107646371917,0.0000009423823368,1,4,0.0,0.0,cons_ndist_nospeak
consensus,heterogeneous,37,M34,3,3,0.3,0.0,0.0,0.0,false,0.05,0.1,0.1,0.05,6905470370856337400.0,15,false,0.03352094317986969,0.14339851572757148,0.00000107646371917,0.0000009423823368,1,4,0.0,0.0,cons_ndist_nospeak
consensus,heterogeneous,37,M34,3,3,0.3,0.0,0.0,0.0,false,0.05,0.1,0.1,0.05,7128893484183252000.0,15,false,0.03352094317986969,0.14339851572757148,0.00000107646371917,0.0000009423823368,1,4,0.0,0.0,cons_ndist_nospeak
consensus,heterogeneous,37,M34,3,3,0.3,0.0,0.0,0.0,false,0.05,0.1,0.1,0.05,7139002048363152400.0,15,false,0.03352094317986969,0.14339851572757148,0.00000107646371917,0.0000009423823368,1,4,0.0,0.0,cons_ndist_nospeak
consensus,heterogeneous,37,M34,3,3,0.3,0.0,0.0,0.0,false,0.05,0.1,0.1,0.05,1841142524168585220.0,15,false,0.03352094317986969,0.14339851572757148,0.00000107646371917,0.0000009423823368,1,4,0.0,0.0,cons_ndist_nospeak
consensus,heterogeneous,37,M34,3,3,0.3,0.0,0.0,0.0,false,0.05,0.1,0.1,0.05,4342572612484808700.0,15,false,0.03352094317986969,0.14339851572757148,0.00000107646371917,0.0000009423823368,1,4,0.0,0.0,cons_ndist_nospeak
consensus,heterogeneous,37,M34,3,3,0.3,0.0,0.0,0.0,false,0.05,0.1,0.1,0.05,5702577027890589700.0,15,false,0.03352094317986969,0.14339851572757148,0.00000107646371917,0.0000009423823368,1,4,0.0,0.0,cons_ndist_nospeak
consensus,heterogeneous,37,M34,3,3,0.3,0.0,0.0,0.0,false,0.05,0.1,0.1,0.05,4692690466958798800.0,15,false,0.03352094317986969,0.14339851572757148,0.00000107646371917,0.0000009423823368,1,4,0.0,0.0,cons_ndist_nospeak
consensus,heterogeneous,1,M1,3,3,0.5,0.0,0.0,0.0,false,0.05,0.1,0.1,0.05,7139002048363152400.0,15,false,0.0306388856143309,0.17591654113482155,0.00000000016366867,0.00000000012142792,1,3,0.0,0.0,cons_ndist_nospeak
consensus,heterogeneous,11,M10,2,3,0.2,0.0,0.0,0.0,false,0.05,0.1,0.1,0.05,7240713591891685400.0,20,false,0.01932656035665295,0.10315001289706167,0.00000319956230611,0.00000219004057519,1,3,0.0,0.0,cons_ndist_nospeak
consensus,heterogeneous,11,M10,2,3,0.2,0.0,0.0,0.0,false,0.05,0.1,0.1,0.05,7139002048363152400.0,20,false,0.01932656035665295,0.10315001289706167,0.00000319956230611,0.00000219004057519,1,3,0.0,0.0,cons_ndist_nospeak
consensus,heterogeneous,11,M10,2,3,0.2,0.0,0.0,0.0,false,0.05,0.1,0.1,0.05,4692690466958798800.0,20,false,0.01932656035665295,0.10315001289706167,0.00000319956230611,0.00000219004057519,1,3,0.0,0.0,cons_ndist_nospeak
consensus,heterogeneous,11,M10,2,3,0.2,0.0,0.0,0.0,false,0.05,0.1,0.1,0.05,4286360386944651300.0,20,false,0.01932656035665295,0.10315001289706167,0.00000319956230611,0.00000219004057519,1,3,0.0,0.0,cons_ndist_nospeak
consensus,heterogeneous,11,M10,2,3,0.2,0.0,0.0,0.0,false,0.05,0.1,0.1,0.05,8803618445054126100.0,20,false,0.01932656035665295,0.10315001289706167,0.00000319956230611,0.00000219004057519,1,3,0.0,0.0,cons_ndist_nospeak
consensus,heterogeneous,11,M10,2,3,0.2,0.0,0.0,0.0,false,0.05,0.1,0.1,0.05,7043372089166577700.0,20,false,0.01932656035665295,0.10315001289706167,0.00000319956230611,0.00000219004057519,1,3,0.0,0.0,cons_ndist_nospeak
consensus,heterogeneous,11,M10,2,3,0.2,0.0,0.0,0.0,false,0.05,0.1,0.1,0.05,8636175130330607600.0,20,false,0.01932656035665295,0.10315001289706167,0.00000319956230611,0.00000219004057519,1,3,0.0,0.0,cons_ndist_nospeak
consensus,heterogeneous,11,M10,2,3,0.2,0.0,0.0,0.0,false,0.05,0.1,0.1,0.05,4477927936947039200.0,20,false,0.01932656035665295,0.10315001289706167,0.00000319956230611,0.00000219004057519,1,3,0.0,0.0,cons_ndist_nospeak
consensus,heterogeneous,11,M10,2,3,0.2,0.0,0.0,0.0,false,0.05,0.1,0.1,0.05,4342572612484808700.0,20,false,0.01932656035665295,0.10315001289706167,0.00000319956230611,0.00000219004057519,1,3,0.0,0.0,cons_ndist_nospeak
consensus,heterogeneous,11,M10,2,3,0.2,0.0,0.0,0.0,false,0.05,0.1,0.1,0.05,109591146466576384.0,20,false,0.01932656035665295,0.10315001289706167,0.00000319956230611,0.00000219004057519,1,3,0.0,0.0,cons_ndist_nospeak
consensus,heterogeneous,11,M10,2,3,0.2,0.0,0.0,0.0,false,0.05,0.1,0.1,0.05,4398895106259038200.0,20,false,0.01932656035665295,0.10315001289706167,0.00000319956230611,0.00000219004057519,1,3,0.0,0.0,cons_ndist_nospeak
consensus,heterogeneous,11,M10,2,3,0.2,0.0,0.0,0.0,false,0.05,0.1,0.1,0.05,7128893484183252000.0,20,false,0.01932656035665295,0.10315001289706167,0.00000319956230611,0.00000219004057519,1,3,0.0,0.0,cons_ndist_nospeak
consensus,heterogeneous,11,M10,2,3,0.2,0.0,0.0,0.0,false,0.05,0.1,0.1,0.05,5702577027890589700.0,20,false,0.01932656035665295,0.10315001289706167,0.00000319956230611,0.00000219004057519,1,3,0.0,0.0,cons_ndist_nospeak
consensus,heterogeneous,11,M10,2,3,0.2,0.0,0.0,0.0,false,0.05,0.1,0.1,0.05,6905470370856337400.0,20,false,0.01932656035665295,0.10315001289706167,0.00000319956230611,0.00000219004057519,1,3,0.0,0.0,cons_ndist_nospeak
consensus,heterogeneous,11,M10,2,3,0.2,0.0,0.0,0.0,false,0.05,0.1,0.1,0.05,1841142524168585220.0,20,false,0.01932656035665295,0.10315001289706167,0.00000319956230611,0.00000219004057519,1,3,0.0,0.0,cons_ndist_nospeak
consensus,heterogeneous,1,M1,3,3,0.5,0.0,0.0,0.0,false,0.05,0.1,0.1,0.05,4692690466958798800.0,15,false,0.0306388856143309,0.17591654113482155,0.00000000016366867,0.00000000012142792,1,3,0.0,0.0,cons_ndist_nospeak
consensus,heterogeneous,1,M1,3,3,0.5,0.0,0.0,0.0,false,0.05,0.1,0.1,0.05,5702577027890589700.0,15,false,0.0306388856143309,0.17591654113482155,0.00000000016366867,0.00000000012142792,1,3,0.0,0.0,cons_ndist_nospeak
consensus,heterogeneous,1,M1,3,3,0.5,0.0,0.0,0.0,false,0.05,0.1,0.1,0.05,8636175130330607600.0,15,false,0.0306388856143309,0.17591654113482155,0.00000000016366867,0.00000000012142792,1,3,0.0,0.0,cons_ndist_nospeak
consensus,heterogeneous,1,M1,3,3,0.5,0.0,0.0,0.0,false,0.05,0.1,0.1,0.05,7043372089166577700.0,15,false,0.0306388856143309,0.17591654113482155,0.00000000016366867,0.00000000012142792,1,3,0.0,0.0,cons_ndist_nospeak
consensus,heterogeneous,1,M1,3,3,0.5,0.0,0.0,0.0,false,0.05,0.1,0.1,0.05,1841142524168585220.0,15,false,0.0306388856143309,0.17591654113482155,0.00000000016366867,0.00000000012142792,1,3,0.0,0.0,cons_ndist_nospeak
consensus,heterogeneous,1,M1,3,3,0.5,0.0,0.0,0.0,false,0.05,0.1,0.1,0.05,4342572612484808700.0,15,false,0.0306388856143309,0.17591654113482155,0.00000000016366867,0.00000000012142792,1,3,0.0,0.0,cons_ndist_nospeak
consensus,heterogeneous,1,M1,3,3,0.5,0.0,0.0,0.0,false,0.05,0.1,0.1,0.05,109591146466576384.0,15,false,0.0306388856143309,0.17591654113482155,0.00000000016366867,0.00000000012142792,1,3,0.0,0.0,cons_ndist_nospeak
consensus,heterogeneous,1,M1,3,3,0.5,0.0,0.0,0.0,false,0.05,0.1,0.1,0.05,8803618445054126100.0,15,false,0.0306388856143309,0.17591654113482155,0.00000000016366867,0.00000000012142792,1,3,0.0,0.0,cons_ndist_nospeak
consensus,heterogeneous,1,M1,3,3,0.5,0.0,0.0,0.0,false,0.05,0.1,0.1,0.05,6905470370856337400.0,15,false,0.0306388856143309,0.17591654113482155,0.00000000016366867,0.00000000012142792,1,3,0.0,0.0,cons_ndist_nospeak
consensus,heterogeneous,1,M1,3,3,0.5,0.0,0.0,0.0,false,0.05,0.1,0.1,0.05,7128893484183252000.0,15,false,0.0306388856143309,0.17591654113482155,0.00000000016366867,0.00000000012142792,1,3,0.0,0.0,cons_ndist_nospeak
consensus,heterogeneous,1,M1,3,3,0.5,0.0,0.0,0.0,false,0.05,0.1,0.1,0.05,4398895106259038200.0,15,false,0.0306388856143309,0.17591654113482155,0.00000000016366867,0.00000000012142792,1,3,0.0,0.0,cons_ndist_nospeak
consensus,heterogeneous,1,M1,3,3,0.5,0.0,0.0,0.0,false,0.05,0.1,0.1,0.05,4477927936947039200.0,15,false,0.0306388856143309,0.17591654113482155,0.00000000016366867,0.00000000012142792,1,3,0.0,0.0,cons_ndist_nospeak
consensus,heterogeneous,1,M1,3,3,0.5,0.0,0.0,0.0,false,0.05,0.1,0.1,0.05,4286360386944651300.0,15,false,0.0306388856143309,0.17591654113482155,0.00000000016366867,0.00000000012142792,1,3,0.0,0.0,cons_ndist_nospeak
consensus,heterogeneous,20,M26,2,2,0.2,0.0,0.0,0.0,false,0.05,0.1,0.1,0.05,7240713591891685400.0,20,false,0.04088593575853047,0.21755253561704646,0.00000717874566207,0.00000461671687544,1,3,0.0,0.0,cons_ndist_nospeak
consensus,heterogeneous,20,M26,2,2,0.2,0.0,0.0,0.0,false,0.05,0.1,0.1,0.05,7139002048363152400.0,20,false,0.04088593575853047,0.21755253561704646,0.00000717874566207,0.00000461671687544,1,3,0.0,0.0,cons_ndist_nospeak
consensus,heterogeneous,20,M26,2,2,0.2,0.0,0.0,0.0,false,0.05,0.1,0.1,0.05,8636175130330607600.0,20,false,0.04088593575853047,0.21755253561704646,0.00000717874566207,0.00000461671687544,1,3,0.0,0.0,cons_ndist_nospeak
consensus,heterogeneous,20,M26,2,2,0.2,0.0,0.0,0.0,false,0.05,0.1,0.1,0.05,4692690466958798800.0,20,false,0.04088593575853047,0.21755253561704646,0.00000717874566207,0.00000461671687544,1,3,0.0,0.0,cons_ndist_nospeak
consensus,heterogeneous,20,M26,2,2,0.2,0.0,0.0,0.0,false,0.05,0.1,0.1,0.05,4286360386944651300.0,20,false,0.04088593575853047,0.21755253561704646,0.00000717874566207,0.00000461671687544,1,3,0.0,0.0,cons_ndist_nospeak
consensus,heterogeneous,2,M2,2,3,0.1,0.0,0.0,0.0,false,0.05,0.1,0.1,0.05,8636175130330607600.0,35,false,0.03720528978052128,0.16305326339673365,0.00002528604271897,0.00001596244710088,1,4,0.0,0.0,cons_ndist_nospeak
consensus,heterogeneous,20,M26,2,2,0.2,0.0,0.0,0.0,false,0.05,0.1,0.1,0.05,5702577027890589700.0,20,false,0.04088593575853047,0.21755253561704646,0.00000717874566207,0.00000461671687544,1,3,0.0,0.0,cons_ndist_nospeak
consensus,heterogeneous,20,M26,2,2,0.2,0.0,0.0,0.0,false,0.05,0.1,0.1,0.05,8803618445054126100.0,20,false,0.04088593575853047,0.21755253561704646,0.00000717874566207,0.00000461671687544,1,3,0.0,0.0,cons_ndist_nospeak
consensus,heterogeneous,20,M26,2,2,0.2,0.0,0.0,0.0,false,0.05,0.1,0.1,0.05,6905470370856337400.0,20,false,0.04088593575853047,0.21755253561704646,0.00000717874566207,0.00000461671687544,1,3,0.0,0.0,cons_ndist_nospeak
consensus,heterogeneous,20,M26,2,2,0.2,0.0,0.0,0.0,false,0.05,0.1,0.1,0.05,1841142524168585220.0,20,false,0.04088593575853047,0.21755253561704646,0.00000717874566207,0.00000461671687544,1,3,0.0,0.0,cons_ndist_nospeak
consensus,heterogeneous,20,M26,2,2,0.2,0.0,0.0,0.0,false,0.05,0.1,0.1,0.05,7128893484183252000.0,20,false,0.04088593575853047,0.21755253561704646,0.00000717874566207,0.00000461671687544,1,3,0.0,0.0,cons_ndist_nospeak
consensus,heterogeneous,2,M2,2,3,0.1,0.0,0.0,0.0,false,0.05,0.1,0.1,0.05,4692690466958798800.0,35,false,0.03720528978052128,0.16305326339673365,0.00002528604271897,0.00001596244710088,1,4,0.0,0.0,cons_ndist_nospeak
consensus,heterogeneous,20,M26,2,2,0.2,0.0,0.0,0.0,false,0.05,0.1,0.1,0.05,109591146466576384.0,20,false,0.04088593575853047,0.21755253561704646,0.00000717874566207,0.00000461671687544,1,3,0.0,0.0,cons_ndist_nospeak
consensus,heterogeneous,2,M2,2,3,0.1,0.0,0.0,0.0,false,0.05,0.1,0.1,0.05,7139002048363152400.0,35,false,0.03720528978052128,0.16305326339673365,0.00002528604271897,0.00001596244710088,1,4,0.0,0.0,cons_ndist_nospeak
consensus,heterogeneous,20,M26,2,2,0.2,0.0,0.0,0.0,false,0.05,0.1,0.1,0.05,4342572612484808700.0,20,false,0.04088593575853047,0.21755253561704646,0.00000717874566207,0.00000461671687544,1,3,0.0,0.0,cons_ndist_nospeak
consensus,heterogeneous,2,M2,2,3,0.1,0.0,0.0,0.0,false,0.05,0.1,0.1,0.05,7240713591891685400.0,35,false,0.03720528978052128,0.16305326339673365,0.00002528604271897,0.00001596244710088,1,4,0.0,0.0,cons_ndist_nospeak
consensus,heterogeneous,20,M26,2,2,0.2,0.0,0.0,0.0,false,0.05,0.1,0.1,0.05,4398895106259038200.0,20,false,0.04088593575853047,0.21755253561704646,0.00000717874566207,0.00000461671687544,1,3,0.0,0.0,cons_ndist_nospeak
consensus,heterogeneous,20,M26,2,2,0.2,0.0,0.0,0.0,false,0.05,0.1,0.1,0.05,7043372089166577700.0,20,false,0.04088593575853047,0.21755253561704646,0.00000717874566207,0.00000461671687544,1,3,0.0,0.0,cons_ndist_nospeak
consensus,heterogeneous,20,M26,2,2,0.2,0.0,0.0,0.0,false,0.05,0.1,0.1,0.05,4477927936947039200.0,20,false,0.04088593575853047,0.21755253561704646,0.00000717874566207,0.00000461671687544,1,3,0.0,0.0,cons_ndist_nospeak
consensus,heterogeneous,2,M2,2,3,0.1,0.0,0.0,0.0,false,0.05,0.1,0.1,0.05,5702577027890589700.0,35,false,0.03720528978052128,0.16305326339673365,0.00002528604271897,0.00001596244710088,1,4,0.0,0.0,cons_ndist_nospeak
consensus,heterogeneous,2,M2,2,3,0.1,0.0,0.0,0.0,false,0.05,0.1,0.1,0.05,6905470370856337400.0,35,false,0.03720528978052128,0.16305326339673365,0.00002528604271897,0.00001596244710088,1,4,0.0,0.0,cons_ndist_nospeak
consensus,heterogeneous,2,M2,2,3,0.1,0.0,0.0,0.0,false,0.05,0.1,0.1,0.05,4398895106259038200.0,35,false,0.03720528978052128,0.16305326339673365,0.00002528604271897,0.00001596244710088,1,4,0.0,0.0,cons_ndist_nospeak
consensus,heterogeneous,2,M2,2,3,0.1,0.0,0.0,0.0,false,0.05,0.1,0.1,0.05,8803618445054126100.0,35,false,0.03720528978052128,0.16305326339673365,0.00002528604271897,0.00001596244710088,1,4,0.0,0.0,cons_ndist_nospeak
consensus,heterogeneous,2,M2,2,3,0.1,0.0,0.0,0.0,false,0.05,0.1,0.1,0.05,7128893484183252000.0,35,false,0.03720528978052128,0.16305326339673365,0.00002528604271897,0.00001596244710088,1,4,0.0,0.0,cons_ndist_nospeak
consensus,heterogeneous,2,M2,2,3,0.1,0.0,0.0,0.0,false,0.05,0.1,0.1,0.05,109591146466576384.0,35,false,0.03720528978052128,0.16305326339673365,0.00002528604271897,0.00001596244710088,1,4,0.0,0.0,cons_ndist_nospeak
consensus,heterogeneous,2,M2,2,3,0.1,0.0,0.0,0.0,false,0.05,0.1,0.1,0.05,1841142524168585220.0,35,false,0.03720528978052128,0.16305326339673365,0.00002528604271897,0.00001596244710088,1,4,0.0,0.0,cons_ndist_nospeak
consensus,heterogeneous,2,M2,2,3,0.1,0.0,0.0,0.0,false,0.05,0.1,0.1,0.05,7043372089166577700.0,35,false,0.03720528978052128,0.16305326339673365,0.00002528604271897,0.00001596244710088,1,4,0.0,0.0,cons_ndist_nospeak
consensus,heterogeneous,2,M2,2,3,0.1,0.0,0.0,0.0,false,0.05,0.1,0.1,0.05,4286360386944651300.0,35,false,0.03720528978052128,0.16305326339673365,0.00002528604271897,0.00001596244710088,1,4,0.0,0.0,cons_ndist_nospeak
consensus,heterogeneous,2,M2,2,3,0.1,0.0,0.0,0.0,false,0.05,0.1,0.1,0.05,4342572612484808700.0,35,false,0.03720528978052128,0.16305326339673365,0.00002528604271897,0.00001596244710088,1,4,0.0,0.0,cons_ndist_nospeak
consensus,heterogeneous,2,M2,2,3,0.1,0.0,0.0,0.0,false,0.05,0.1,0.1,0.05,4477927936947039200.0,35,false,0.03720528978052128,0.16305326339673365,0.00002528604271897,0.00001596244710088,1,4,0.0,0.0,cons_ndist_nospeak
consensus,heterogeneous,3,M4,3,3,0.2,0.0,0.0,0.0,false,0.05,0.1,0.1,0.05,7240713591891685400.0,25,false,0.0361340032483615,0.15404393919521195,0.00000064439447571,0.00000040974755903,1,4,0.0,0.0,cons_ndist_nospeak
consensus,heterogeneous,3,M4,3,3,0.2,0.0,0.0,0.0,false,0.05,0.1,0.1,0.05,7139002048363152400.0,25,false,0.0361340032483615,0.15404393919521195,0.00000064439447571,0.00000040974755903,1,4,0.0,0.0,cons_ndist_nospeak
consensus,heterogeneous,3,M4,3,3,0.2,0.0,0.0,0.0,false,0.05,0.1,0.1,0.05,8636175130330607600.0,25,false,0.0361340032483615,0.15404393919521195,0.00000064439447571,0.00000040974755903,1,4,0.0,0.0,cons_ndist_nospeak
consensus,heterogeneous,3,M4,3,3,0.2,0.0,0.0,0.0,false,0.05,0.1,0.1,0.05,6905470370856337400.0,25,false,0.0361340032483615,0.15404393919521195,0.00000064439447571,0.00000040974755903,1,4,0.0,0.0,cons_ndist_nospeak
consensus,heterogeneous,4,M5,3,3,0.5,0.0,0.0,0.0,false,0.05,0.1,0.1,0.05,7139002048363152400.0,15,false,0.03097746746875476,0.17244446873984587,0.0000000001701797,0.00000000010211659,1,4,0.0,0.0,cons_ndist_nospeak
consensus,heterogeneous,4,M5,3,3,0.5,0.0,0.0,0.0,false,0.05,0.1,0.1,0.05,7240713591891685400.0,15,false,0.03097746746875476,0.17244446873984587,0.0000000001701797,0.00000000010211659,1,4,0.0,0.0,cons_ndist_nospeak
consensus,heterogeneous,3,M4,3,3,0.2,0.0,0.0,0.0,false,0.05,0.1,0.1,0.05,4692690466958798800.0,25,false,0.0361340032483615,0.15404393919521195,0.00000064439447571,0.00000040974755903,1,4,0.0,0.0,cons_ndist_nospeak
consensus,heterogeneous,4,M5,3,3,0.5,0.0,0.0,0.0,false,0.05,0.1,0.1,0.05,8636175130330607600.0,15,false,0.03097746746875476,0.17244446873984587,0.0000000001701797,0.00000000010211659,1,4,0.0,0.0,cons_ndist_nospeak
consensus,heterogeneous,4,M5,3,3,0.5,0.0,0.0,0.0,false,0.05,0.1,0.1,0.05,6905470370856337400.0,15,false,0.03097746746875476,0.17244446873984587,0.0000000001701797,0.00000000010211659,1,4,0.0,0.0,cons_ndist_nospeak
consensus,heterogeneous,4,M5,3,3,0.5,0.0,0.0,0.0,false,0.05,0.1,0.1,0.05,5702577027890589700.0,15,false,0.03097746746875476,0.17244446873984587,0.0000000001701797,0.00000000010211659,1,4,0.0,0.0,cons_ndist_nospeak
consensus,heterogeneous,4,M5,3,3,0.5,0.0,0.0,0.0,false,0.05,0.1,0.1,0.05,4692690466958798800.0,15,false,0.03097746746875476,0.17244446873984587,0.0000000001701797,0.00000000010211659,1,4,0.0,0.0,cons_ndist_nospeak
consensus,heterogeneous,3,M4,3,3,0.2,0.0,0.0,0.0,false,0.05,0.1,0.1,0.05,5702577027890589700.0,25,false,0.0361340032483615,0.15404393919521195,0.00000064439447571,0.00000040974755903,1,4,0.0,0.0,cons_ndist_nospeak
consensus,heterogeneous,4,M5,3,3,0.5,0.0,0.0,0.0,false,0.05,0.1,0.1,0.05,1841142524168585220.0,15,false,0.03097746746875476,0.17244446873984587,0.0000000001701797,0.00000000010211659,1,4,0.0,0.0,cons_ndist_nospeak
consensus,heterogeneous,4,M5,3,3,0.5,0.0,0.0,0.0,false,0.05,0.1,0.1,0.05,4398895106259038200.0,15,false,0.03097746746875476,0.17244446873984587,0.0000000001701797,0.00000000010211659,1,4,0.0,0.0,cons_ndist_nospeak
consensus,heterogeneous,4,M5,3,3,0.5,0.0,0.0,0.0,false,0.05,0.1,0.1,0.05,8803618445054126100.0,15,false,0.03097746746875476,0.17244446873984587,0.0000000001701797,0.00000000010211659,1,4,0.0,0.0,cons_ndist_nospeak
consensus,heterogeneous,4,M5,3,3,0.5,0.0,0.0,0.0,false,0.05,0.1,0.1,0.05,7043372089166577700.0,15,false,0.03097746746875476,0.17244446873984587,0.0000000001701797,0.00000000010211659,1,4,0.0,0.0,cons_ndist_nospeak
consensus,heterogeneous,4,M5,3,3,0.5,0.0,0.0,0.0,false,0.05,0.1,0.1,0.05,109591146466576384.0,15,false,0.03097746746875476,0.17244446873984587,0.0000000001701797,0.00000000010211659,1,4,0.0,0.0,cons_ndist_nospeak
consensus,heterogeneous,4,M5,3,3,0.5,0.0,0.0,0.0,false,0.05,0.1,0.1,0.05,4342572612484808700.0,15,false,0.03097746746875476,0.17244446873984587,0.0000000001701797,0.00000000010211659,1,4,0.0,0.0,cons_ndist_nospeak
consensus,heterogeneous,4,M5,3,3,0.5,0.0,0.0,0.0,false,0.05,0.1,0.1,0.05,7128893484183252000.0,15,false,0.03097746746875476,0.17244446873984587,0.0000000001701797,0.00000000010211659,1,4,0.0,0.0,cons_ndist_nospeak
consensus,heterogeneous,4,M5,3,3,0.5,0.0,0.0,0.0,false,0.05,0.1,0.1,0.05,4477927936947039200.0,15,false,0.03097746746875476,0.17244446873984587,0.0000000001701797,0.00000000010211659,1,4,0.0,0.0,cons_ndist_nospeak
consensus,heterogeneous,4,M5,3,3,0.5,0.0,0.0,0.0,false,0.05,0.1,0.1,0.05,4286360386944651300.0,15,false,0.03097746746875476,0.17244446873984587,0.0000000001701797,0.00000000010211659,1,4,0.0,0.0,cons_ndist_nospeak
consensus,heterogeneous,3,M4,3,3,0.2,0.0,0.0,0.0,false,0.05,0.1,0.1,0.05,1841142524168585220.0,25,false,0.0361340032483615,0.15404393919521195,0.00000064439447571,0.00000040974755903,1,4,0.0,0.0,cons_ndist_nospeak
consensus,heterogeneous,3,M4,3,3,0.2,0.0,0.0,0.0,false,0.05,0.1,0.1,0.05,8803618445054126100.0,25,false,0.0361340032483615,0.15404393919521195,0.00000064439447571,0.00000040974755903,1,4,0.0,0.0,cons_ndist_nospeak
consensus,heterogeneous,3,M4,3,3,0.2,0.0,0.0,0.0,false,0.05,0.1,0.1,0.05,7043372089166577700.0,25,false,0.0361340032483615,0.15404393919521195,0.00000064439447571,0.00000040974755903,1,4,0.0,0.0,cons_ndist_nospeak
consensus,heterogeneous,3,M4,3,3,0.2,0.0,0.0,0.0,false,0.05,0.1,0.1,0.05,4398895106259038200.0,25,false,0.0361340032483615,0.15404393919521195,0.00000064439447571,0.00000040974755903,1,4,0.0,0.0,cons_ndist_nospeak
consensus,heterogeneous,3,M4,3,3,0.2,0.0,0.0,0.0,false,0.05,0.1,0.1,0.05,7128893484183252000.0,25,false,0.0361340032483615,0.15404393919521195,0.00000064439447571,0.00000040974755903,1,4,0.0,0.0,cons_ndist_nospeak
consensus,heterogeneous,3,M4,3,3,0.2,0.0,0.0,0.0,false,0.05,0.1,0.1,0.05,4286360386944651300.0,25,false,0.0361340032483615,0.15404393919521195,0.00000064439447571,0.00000040974755903,1,4,0.0,0.0,cons_ndist_nospeak
consensus,heterogeneous,3,M4,3,3,0.2,0.0,0.0,0.0,false,0.05,0.1,0.1,0.05,4342572612484808700.0,25,false,0.0361340032483615,0.15404393919521195,0.00000064439447571,0.00000040974755903,1,4,0.0,0.0,cons_ndist_nospeak
consensus,heterogeneous,3,M4,3,3,0.2,0.0,0.0,0.0,false,0.05,0.1,0.1,0.05,109591146466576384.0,25,false,0.0361340032483615,0.15404393919521195,0.00000064439447571,0.00000040974755903,1,4,0.0,0.0,cons_ndist_nospeak
consensus,heterogeneous,3,M4,3,3,0.2,0.0,0.0,0.0,false,0.05,0.1,0.1,0.05,4477927936947039200.0,25,false,0.0361340032483615,0.15404393919521195,0.00000064439447571,0.00000040974755903,1,4,0.0,0.0,cons_ndist_nospeak
consensus,heterogeneous,9,M9,2,2,0.1,0.0,0.0,0.0,false,0.05,0.1,0.1,0.05,7139002048363152400.0,30,false,0.01965549714934841,0.10267658995250545,0.00003853874157786,0.00002479437950467,1,3,0.0,0.0,cons_ndist_nospeak
consensus,heterogeneous,9,M9,2,2,0.1,0.0,0.0,0.0,false,0.05,0.1,0.1,0.05,7240713591891685400.0,30,false,0.01965549714934841,0.10267658995250545,0.00003853874157786,0.00002479437950467,1,3,0.0,0.0,cons_ndist_nospeak
consensus,heterogeneous,9,M9,2,2,0.1,0.0,0.0,0.0,false,0.05,0.1,0.1,0.05,8636175130330607600.0,30,false,0.01965549714934841,0.10267658995250545,0.00003853874157786,0.00002479437950467,1,3,0.0,0.0,cons_ndist_nospeak
consensus,heterogeneous,9,M9,2,2,0.1,0.0,0.0,0.0,false,0.05,0.1,0.1,0.05,4692690466958798800.0,30,false,0.01965549714934841,0.10267658995250545,0.00003853874157786,0.00002479437950467,1,3,0.0,0.0,cons_ndist_nospeak
consensus,homogeneous,33,H15,0,5,0.1,0.0,0.0,0.0,false,0.05,0.1,0.1,0.05,7139002048363152400.0,20,false,0.00240269204389574,0.03945356942185117,0.00003712557065553,0.00002012709904528,1,3,0.0,0.0,cons_ndist_nospeak
consensus,homogeneous,33,H15,0,5,0.1,0.0,0.0,0.0,false,0.05,0.1,0.1,0.05,8636175130330607600.0,20,false,0.00240269204389574,0.03945356942185117,0.00003712557065553,0.00002012709904528,1,3,0.0,0.0,cons_ndist_nospeak
consensus,homogeneous,33,H15,0,5,0.1,0.0,0.0,0.0,false,0.05,0.1,0.1,0.05,6905470370856337400.0,20,false,0.00240269204389574,0.03945356942185117,0.00003712557065553,0.00002012709904528,1,3,0.0,0.0,cons_ndist_nospeak
consensus,homogeneous,33,H15,0,5,0.1,0.0,0.0,0.0,false,0.05,0.1,0.1,0.05,7240713591891685400.0,20,false,0.00240269204389574,0.03945356942185117,0.00003712557065553,0.00002012709904528,1,3,0.0,0.0,cons_ndist_nospeak
consensus,homogeneous,33,H15,0,5,0.1,0.0,0.0,0.0,false,0.05,0.1,0.1,0.05,5702577027890589700.0,20,false,0.00240269204389574,0.03945356942185117,0.00003712557065553,0.00002012709904528,1,3,0.0,0.0,cons_ndist_nospeak
consensus,homogeneous,33,H15,0,5,0.1,0.0,0.0,0.0,false,0.05,0.1,0.1,0.05,4692690466958798800.0,20,false,0.00240269204389574,0.03945356942185117,0.00003712557065553,0.00002012709904528,1,3,0.0,0.0,cons_ndist_nospeak
consensus,homogeneous,33,H15,0,5,0.1,0.0,0.0,0.0,false,0.05,0.1,0.1,0.05,1841142524168585220.0,20,false,0.00240269204389574,0.03945356942185117,0.00003712557065553,0.00002012709904528,1,3,0.0,0.0,cons_ndist_nospeak
consensus,homogeneous,33,H15,0,5,0.1,0.0,0.0,0.0,false,0.05,0.1,0.1,0.05,4398895106259038200.0,20,false,0.00240269204389574,0.03945356942185117,0.00003712557065553,0.00002012709904528,1,3,0.0,0.0,cons_ndist_nospeak
consensus,homogeneous,33,H15,0,5,0.1,0.0,0.0,0.0,false,0.05,0.1,0.1,0.05,8803618445054126100.0,20,false,0.00240269204389574,0.03945356942185117,0.00003712557065553,0.00002012709904528,1,3,0.0,0.0,cons_ndist_nospeak
consensus,homogeneous,33,H15,0,5,0.1,0.0,0.0,0.0,false,0.05,0.1,0.1,0.05,4342572612484808700.0,20,false,0.00240269204389574,0.03945356942185117,0.00003712557065553,0.00002012709904528,1,3,0.0,0.0,cons_ndist_nospeak
consensus,heterogeneous,9,M9,2,2,0.1,0.0,0.0,0.0,false,0.05,0.1,0.1,0.05,1841142524168585220.0,30,false,0.01965549714934841,0.10267658995250545,0.00003853874157786,0.00002479437950467,1,3,0.0,0.0,cons_ndist_nospeak
consensus,homogeneous,33,H15,0,5,0.1,0.0,0.0,0.0,false,0.05,0.1,0.1,0.05,7128893484183252000.0,20,false,0.00240269204389574,0.03945356942185117,0.00003712557065553,0.00002012709904528,1,3,0.0,0.0,cons_ndist_nospeak
consensus,heterogeneous,9,M9,2,2,0.1,0.0,0.0,0.0,false,0.05,0.1,0.1,0.05,8803618445054126100.0,30,false,0.01965549714934841,0.10267658995250545,0.00003853874157786,0.00002479437950467,1,3,0.0,0.0,cons_ndist_nospeak
consensus,homogeneous,33,H15,0,5,0.1,0.0,0.0,0.0,false,0.05,0.1,0.1,0.05,7043372089166577700.0,20,false,0.00240269204389574,0.03945356942185117,0.00003712557065553,0.00002012709904528,1,3,0.0,0.0,cons_ndist_nospeak
consensus,homogeneous,33,H15,0,5,0.1,0.0,0.0,0.0,false,0.05,0.1,0.1,0.05,109591146466576384.0,20,false,0.00240269204389574,0.03945356942185117,0.00003712557065553,0.00002012709904528,1,3,0.0,0.0,cons_ndist_nospeak
consensus,heterogeneous,9,M9,2,2,0.1,0.0,0.0,0.0,false,0.05,0.1,0.1,0.05,6905470370856337400.0,30,false,0.01965549714934841,0.10267658995250545,0.00003853874157786,0.00002479437950467,1,3,0.0,0.0,cons_ndist_nospeak
consensus,heterogeneous,9,M9,2,2,0.1,0.0,0.0,0.0,false,0.05,0.1,0.1,0.05,5702577027890589700.0,30,false,0.01965549714934841,0.10267658995250545,0.00003853874157786,0.00002479437950467,1,3,0.0,0.0,cons_ndist_nospeak
consensus,heterogeneous,9,M9,2,2,0.1,0.0,0.0,0.0,false,0.05,0.1,0.1,0.05,4342572612484808700.0,30,false,0.01965549714934841,0.10267658995250545,0.00003853874157786,0.00002479437950467,1,3,0.0,0.0,cons_ndist_nospeak
consensus,heterogeneous,9,M9,2,2,0.1,0.0,0.0,0.0,false,0.05,0.1,0.1,0.05,7043372089166577700.0,30,false,0.01965549714934841,0.10267658995250545,0.00003853874157786,0.00002479437950467,1,3,0.0,0.0,cons_ndist_nospeak
consensus,heterogeneous,9,M9,2,2,0.1,0.0,0.0,0.0,false,0.05,0.1,0.1,0.05,4398895106259038200.0,30,false,0.01965549714934841,0.10267658995250545,0.00003853874157786,0.00002479437950467,1,3,0.0,0.0,cons_ndist_nospeak
consensus,heterogeneous,9,M9,2,2,0.1,0.0,0.0,0.0,false,0.05,0.1,0.1,0.05,109591146466576384.0,30,false,0.01965549714934841,0.10267658995250545,0.00003853874157786,0.00002479437950467,1,3,0.0,0.0,cons_ndist_nospeak
consensus,homogeneous,33,H15,0,5,0.1,0.0,0.0,0.0,false,0.05,0.1,0.1,0.05,4286360386944651300.0,20,false,0.00240269204389574,0.03945356942185117,0.00003712557065553,0.00002012709904528,1,3,0.0,0.0,cons_ndist_nospeak
consensus,homogeneous,33,H15,0,5,0.1,0.0,0.0,0.0,false,0.05,0.1,0.1,0.05,4477927936947039200.0,20,false,0.00240269204389574,0.03945356942185117,0.00003712557065553,0.00002012709904528,1,3,0.0,0.0,cons_ndist_nospeak
consensus,heterogeneous,9,M9,2,2,0.1,0.0,0.0,0.0,false,0.05,0.1,0.1,0.05,7128893484183252000.0,30,false,0.01965549714934841,0.10267658995250545,0.00003853874157786,0.00002479437950467,1,3,0.0,0.0,cons_ndist_nospeak
consensus,heterogeneous,9,M9,2,2,0.1,0.0,0.0,0.0,false,0.05,0.1,0.1,0.05,4286360386944651300.0,30,false,0.01965549714934841,0.10267658995250545,0.00003853874157786,0.00002479437950467,1,3,0.0,0.0,cons_ndist_nospeak
consensus,heterogeneous,9,M9,2,2,0.1,0.0,0.0,0.0,false,0.05,0.1,0.1,0.05,4477927936947039200.0,30,false,0.01965549714934841,0.10267658995250545,0.00003853874157786,0.00002479437950467,1,3,0.0,0.0,cons_ndist_nospeak
consensus,homogeneous,38,H19,0,6,0.3,0.0,0.0,0.0,false,0.05,0.1,0.1,0.05,7139002048363152400.0,15,false,0.00801496443234644,0.07239382209311071,0.00000025242560371,0.00000014793532985,1,3,0.0,0.0,cons_ndist_nospeak
consensus,homogeneous,38,H19,0,6,0.3,0.0,0.0,0.0,false,0.05,0.1,0.1,0.05,4692690466958798800.0,15,false,0.00801496443234644,0.07239382209311071,0.00000025242560371,0.00000014793532985,1,3,0.0,0.0,cons_ndist_nospeak
consensus,homogeneous,38,H19,0,6,0.3,0.0,0.0,0.0,false,0.05,0.1,0.1,0.05,8636175130330607600.0,15,false,0.00801496443234644,0.07239382209311071,0.00000025242560371,0.00000014793532985,1,3,0.0,0.0,cons_ndist_nospeak
consensus,homogeneous,38,H19,0,6,0.3,0.0,0.0,0.0,false,0.05,0.1,0.1,0.05,5702577027890589700.0,15,false,0.00801496443234644,0.07239382209311071,0.00000025242560371,0.00000014793532985,1,3,0.0,0.0,cons_ndist_nospeak
consensus,homogeneous,38,H19,0,6,0.3,0.0,0.0,0.0,false,0.05,0.1,0.1,0.05,4398895106259038200.0,15,false,0.00801496443234644,0.07239382209311071,0.00000025242560371,0.00000014793532985,1,3,0.0,0.0,cons_ndist_nospeak
consensus,homogeneous,38,H19,0,6,0.3,0.0,0.0,0.0,false,0.05,0.1,0.1,0.05,7240713591891685400.0,15,false,0.00801496443234644,0.07239382209311071,0.00000025242560371,0.00000014793532985,1,3,0.0,0.0,cons_ndist_nospeak
consensus,homogeneous,38,H19,0,6,0.3,0.0,0.0,0.0,false,0.05,0.1,0.1,0.05,6905470370856337400.0,15,false,0.00801496443234644,0.07239382209311071,0.00000025242560371,0.00000014793532985,1,3,0.0,0.0,cons_ndist_nospeak
consensus,homogeneous,38,H19,0,6,0.3,0.0,0.0,0.0,false,0.05,0.1,0.1,0.05,1841142524168585220.0,15,false,0.00801496443234644,0.07239382209311071,0.00000025242560371,0.00000014793532985,1,3,0.0,0.0,cons_ndist_nospeak
consensus,homogeneous,38,H19,0,6,0.3,0.0,0.0,0.0,false,0.05,0.1,0.1,0.05,8803618445054126100.0,15,false,0.00801496443234644,0.07239382209311071,0.00000025242560371,0.00000014793532985,1,3,0.0,0.0,cons_ndist_nospeak
consensus,heterogeneous,37,M34,3,3,0.1,0.0,0.0,0.0,false,0.05,0.1,0.1,0.05,7240713591891685400.0,35,false,0.03352094317986969,0.13823348945796324,0.00002245247194325,0.00001711560265249,1,4,0.0,0.0,cons_ndist_nospeak
consensus,homogeneous,38,H19,0,6,0.3,0.0,0.0,0.0,false,0.05,0.1,0.1,0.05,4342572612484808700.0,15,false,0.00801496443234644,0.07239382209311071,0.00000025242560371,0.00000014793532985,1,3,0.0,0.0,cons_ndist_nospeak
consensus,homogeneous,38,H19,0,6,0.3,0.0,0.0,0.0,false,0.05,0.1,0.1,0.05,7043372089166577700.0,15,false,0.00801496443234644,0.07239382209311071,0.00000025242560371,0.00000014793532985,1,3,0.0,0.0,cons_ndist_nospeak
consensus,homogeneous,38,H19,0,6,0.3,0.0,0.0,0.0,false,0.05,0.1,0.1,0.05,109591146466576384.0,15,false,0.00801496443234644,0.07239382209311071,0.00000025242560371,0.00000014793532985,1,3,0.0,0.0,cons_ndist_nospeak
consensus,homogeneous,38,H19,0,6,0.3,0.0,0.0,0.0,false,0.05,0.1,0.1,0.05,7128893484183252000.0,15,false,0.00801496443234644,0.07239382209311071,0.00000025242560371,0.00000014793532985,1,3,0.0,0.0,cons_ndist_nospeak
consensus,homogeneous,38,H19,0,6,0.3,0.0,0.0,0.0,false,0.05,0.1,0.1,0.05,4477927936947039200.0,15,false,0.00801496443234644,0.07239382209311071,0.00000025242560371,0.00000014793532985,1,3,0.0,0.0,cons_ndist_nospeak
consensus,heterogeneous,15,M20,2,2,0.5,0.0,0.0,0.0,false,0.05,0.1,0.1,0.05,7139002048363152400.0,15,false,0.01619926630551272,0.15768748847416614,0.00000000013748181,0.00000000007267084,1,3,0.0,0.0,cons_ndist_nospeak
consensus,homogeneous,38,H19,0,6,0.3,0.0,0.0,0.0,false,0.05,0.1,0.1,0.05,4286360386944651300.0,15,false,0.00801496443234644,0.07239382209311071,0.00000025242560371,0.00000014793532985,1,3,0.0,0.0,cons_ndist_nospeak
consensus,heterogeneous,37,M34,3,3,0.1,0.0,0.0,0.0,false,0.05,0.1,0.1,0.05,7139002048363152400.0,35,false,0.03352094317986969,0.13823348945796324,0.00002245247194325,0.00001711560265249,1,4,0.0,0.0,cons_ndist_nospeak
consensus,heterogeneous,15,M20,2,2,0.5,0.0,0.0,0.0,false,0.05,0.1,0.1,0.05,7240713591891685400.0,15,false,0.01619926630551272,0.15768748847416614,0.00000000013748181,0.00000000007267084,1,3,0.0,0.0,cons_ndist_nospeak
consensus,heterogeneous,37,M34,3,3,0.1,0.0,0.0,0.0,false,0.05,0.1,0.1,0.05,4692690466958798800.0,35,false,0.03352094317986969,0.13823348945796324,0.00002245247194325,0.00001711560265249,1,4,0.0,0.0,cons_ndist_nospeak
consensus,heterogeneous,37,M34,3,3,0.1,0.0,0.0,0.0,false,0.05,0.1,0.1,0.05,1841142524168585220.0,35,false,0.03352094317986969,0.13823348945796324,0.00002245247194325,0.00001711560265249,1,4,0.0,0.0,cons_ndist_nospeak
consensus,heterogeneous,37,M34,3,3,0.1,0.0,0.0,0.0,false,0.05,0.1,0.1,0.05,4398895106259038200.0,35,false,0.03352094317986969,0.13823348945796324,0.00002245247194325,0.00001711560265249,1,4,0.0,0.0,cons_ndist_nospeak
consensus,heterogeneous,37,M34,3,3,0.1,0.0,0.0,0.0,false,0.05,0.1,0.1,0.05,8636175130330607600.0,35,false,0.03352094317986969,0.13823348945796324,0.00002245247194325,0.00001711560265249,1,4,0.0,0.0,cons_ndist_nospeak
consensus,heterogeneous,37,M34,3,3,0.1,0.0,0.0,0.0,false,0.05,0.1,0.1,0.05,5702577027890589700.0,35,false,0.03352094317986969,0.13823348945796324,0.00002245247194325,0.00001711560265249,1,4,0.0,0.0,cons_ndist_nospeak
consensus,heterogeneous,37,M34,3,3,0.1,0.0,0.0,0.0,false,0.05,0.1,0.1,0.05,6905470370856337400.0,35,false,0.03352094317986969,0.13823348945796324,0.00002245247194325,0.00001711560265249,1,4,0.0,0.0,cons_ndist_nospeak
consensus,heterogeneous,37,M34,3,3,0.1,0.0,0.0,0.0,false,0.05,0.1,0.1,0.05,8803618445054126100.0,35,false,0.03352094317986969,0.13823348945796324,0.00002245247194325,0.00001711560265249,1,4,0.0,0.0,cons_ndist_nospeak
consensus,heterogeneous,15,M20,2,2,0.5,0.0,0.0,0.0,false,0.05,0.1,0.1,0.05,4692690466958798800.0,15,false,0.01619926630551272,0.15768748847416614,0.00000000013748181,0.00000000007267084,1,3,0.0,0.0,cons_ndist_nospeak
consensus,heterogeneous,15,M20,2,2,0.5,0.0,0.0,0.0,false,0.05,0.1,0.1,0.05,6905470370856337400.0,15,false,0.01619926630551272,0.15768748847416614,0.00000000013748181,0.00000000007267084,1,3,0.0,0.0,cons_ndist_nospeak
consensus,heterogeneous,15,M20,2,2,0.5,0.0,0.0,0.0,false,0.05,0.1,0.1,0.05,1841142524168585220.0,15,false,0.01619926630551272,0.15768748847416614,0.00000000013748181,0.00000000007267084,1,3,0.0,0.0,cons_ndist_nospeak
consensus,heterogeneous,15,M20,2,2,0.5,0.0,0.0,0.0,false,0.05,0.1,0.1,0.05,4398895106259038200.0,15,false,0.01619926630551272,0.15768748847416614,0.00000000013748181,0.00000000007267084,1,3,0.0,0.0,cons_ndist_nospeak
consensus,heterogeneous,15,M20,2,2,0.5,0.0,0.0,0.0,false,0.05,0.1,0.1,0.05,8636175130330607600.0,15,false,0.01619926630551272,0.15768748847416614,0.00000000013748181,0.00000000007267084,1,3,0.0,0.0,cons_ndist_nospeak
consensus,heterogeneous,37,M34,3,3,0.1,0.0,0.0,0.0,false,0.05,0.1,0.1,0.05,4342572612484808700.0,35,false,0.03352094317986969,0.13823348945796324,0.00002245247194325,0.00001711560265249,1,4,0.0,0.0,cons_ndist_nospeak
consensus,heterogeneous,37,M34,3,3,0.1,0.0,0.0,0.0,false,0.05,0.1,0.1,0.05,7043372089166577700.0,35,false,0.03352094317986969,0.13823348945796324,0.00002245247194325,0.00001711560265249,1,4,0.0,0.0,cons_ndist_nospeak
consensus,heterogeneous,37,M34,3,3,0.1,0.0,0.0,0.0,false,0.05,0.1,0.1,0.05,109591146466576384.0,35,false,0.03352094317986969,0.13823348945796324,0.00002245247194325,0.00001711560265249,1,4,0.0,0.0,cons_ndist_nospeak
consensus,heterogeneous,37,M34,3,3,0.1,0.0,0.0,0.0,false,0.05,0.1,0.1,0.05,4477927936947039200.0,35,false,0.03352094317986969,0.13823348945796324,0.00002245247194325,0.00001711560265249,1,4,0.0,0.0,cons_ndist_nospeak
consensus,heterogeneous,15,M20,2,2,0.5,0.0,0.0,0.0,false,0.05,0.1,0.1,0.05,5702577027890589700.0,15,false,0.01619926630551272,0.15768748847416614,0.00000000013748181,0.00000000007267084,1,3,0.0,0.0,cons_ndist_nospeak
consensus,heterogeneous,15,M20,2,2,0.5,0.0,0.0,0.0,false,0.05,0.1,0.1,0.05,8803618445054126100.0,15,false,0.01619926630551272,0.15768748847416614,0.00000000013748181,0.00000000007267084,1,3,0.0,0.0,cons_ndist_nospeak
consensus,heterogeneous,15,M20,2,2,0.5,0.0,0.0,0.0,false,0.05,0.1,0.1,0.05,7043372089166577700.0,15,false,0.01619926630551272,0.15768748847416614,0.00000000013748181,0.00000000007267084,1,3,0.0,0.0,cons_ndist_nospeak
consensus,heterogeneous,37,M34,3,3,0.1,0.0,0.0,0.0,false,0.05,0.1,0.1,0.05,7128893484183252000.0,35,false,0.03352094317986969,0.13823348945796324,0.00002245247194325,0.00001711560265249,1,4,0.0,0.0,cons_ndist_nospeak
consensus,homogeneous,40,H18,0,4,0.3,0.0,0.0,0.0,false,0.05,0.1,0.1,0.05,4692690466958798800.0,15,false,0.00975649903013544,0.13494490796796077,0.00000038457079856,0.00000021553980253,1,2,0.0,0.0,cons_ndist_nospeak
consensus,heterogeneous,15,M20,2,2,0.5,0.0,0.0,0.0,false,0.05,0.1,0.1,0.05,4342572612484808700.0,15,false,0.01619926630551272,0.15768748847416614,0.00000000013748181,0.00000000007267084,1,3,0.0,0.0,cons_ndist_nospeak
consensus,heterogeneous,15,M20,2,2,0.5,0.0,0.0,0.0,false,0.05,0.1,0.1,0.05,109591146466576384.0,15,false,0.01619926630551272,0.15768748847416614,0.00000000013748181,0.00000000007267084,1,3,0.0,0.0,cons_ndist_nospeak
consensus,homogeneous,40,H18,0,4,0.3,0.0,0.0,0.0,false,0.05,0.1,0.1,0.05,6905470370856337400.0,15,false,0.00975649903013544,0.13494490796796077,0.00000038457079856,0.00000021553980253,1,2,0.0,0.0,cons_ndist_nospeak
consensus,heterogeneous,15,M20,2,2,0.5,0.0,0.0,0.0,false,0.05,0.1,0.1,0.05,4477927936947039200.0,15,false,0.01619926630551272,0.15768748847416614,0.00000000013748181,0.00000000007267084,1,3,0.0,0.0,cons_ndist_nospeak
consensus,heterogeneous,15,M20,2,2,0.5,0.0,0.0,0.0,false,0.05,0.1,0.1,0.05,4286360386944651300.0,15,false,0.01619926630551272,0.15768748847416614,0.00000000013748181,0.00000000007267084,1,3,0.0,0.0,cons_ndist_nospeak
consensus,heterogeneous,15,M20,2,2,0.5,0.0,0.0,0.0,false,0.05,0.1,0.1,0.05,7128893484183252000.0,15,false,0.01619926630551272,0.15768748847416614,0.00000000013748181,0.00000000007267084,1,3,0.0,0.0,cons_ndist_nospeak
consensus,heterogeneous,37,M34,3,3,0.1,0.0,0.0,0.0,false,0.05,0.1,0.1,0.05,4286360386944651300.0,35,false,0.03352094317986969,0.13823348945796324,0.00002245247194325,0.00001711560265249,1,4,0.0,0.0,cons_ndist_nospeak
consensus,homogeneous,40,H18,0,4,0.3,0.0,0.0,0.0,false,0.05,0.1,0.1,0.05,7240713591891685400.0,15,false,0.00975649903013544,0.13494490796796077,0.00000038457079856,0.00000021553980253,1,2,0.0,0.0,cons_ndist_nospeak
consensus,homogeneous,40,H18,0,4,0.3,0.0,0.0,0.0,false,0.05,0.1,0.1,0.05,7139002048363152400.0,15,false,0.00975649903013544,0.13494490796796077,0.00000038457079856,0.00000021553980253,1,2,0.0,0.0,cons_ndist_nospeak
consensus,homogeneous,40,H18,0,4,0.3,0.0,0.0,0.0,false,0.05,0.1,0.1,0.05,8636175130330607600.0,15,false,0.00975649903013544,0.13494490796796077,0.00000038457079856,0.00000021553980253,1,2,0.0,0.0,cons_ndist_nospeak
consensus,homogeneous,40,H18,0,4,0.3,0.0,0.0,0.0,false,0.05,0.1,0.1,0.05,5702577027890589700.0,15,false,0.00975649903013544,0.13494490796796077,0.00000038457079856,0.00000021553980253,1,2,0.0,0.0,cons_ndist_nospeak
consensus,homogeneous,40,H18,0,4,0.3,0.0,0.0,0.0,false,0.05,0.1,0.1,0.05,4398895106259038200.0,15,false,0.00975649903013544,0.13494490796796077,0.00000038457079856,0.00000021553980253,1,2,0.0,0.0,cons_ndist_nospeak
consensus,homogeneous,40,H18,0,4,0.3,0.0,0.0,0.0,false,0.05,0.1,0.1,0.05,1841142524168585220.0,15,false,0.00975649903013544,0.13494490796796077,0.00000038457079856,0.00000021553980253,1,2,0.0,0.0,cons_ndist_nospeak
consensus,homogeneous,40,H18,0,4,0.3,0.0,0.0,0.0,false,0.05,0.1,0.1,0.05,7128893484183252000.0,15,false,0.00975649903013544,0.13494490796796077,0.00000038457079856,0.00000021553980253,1,2,0.0,0.0,cons_ndist_nospeak
consensus,homogeneous,40,H18,0,4,0.3,0.0,0.0,0.0,false,0.05,0.1,0.1,0.05,4477927936947039200.0,15,false,0.00975649903013544,0.13494490796796077,0.00000038457079856,0.00000021553980253,1,2,0.0,0.0,cons_ndist_nospeak
consensus,homogeneous,40,H18,0,4,0.3,0.0,0.0,0.0,false,0.05,0.1,0.1,0.05,4286360386944651300.0,15,false,0.00975649903013544,0.13494490796796077,0.00000038457079856,0.00000021553980253,1,2,0.0,0.0,cons_ndist_nospeak
consensus,homogeneous,40,H18,0,4,0.3,0.0,0.0,0.0,false,0.05,0.1,0.1,0.05,8803618445054126100.0,15,false,0.00975649903013544,0.13494490796796077,0.00000038457079856,0.00000021553980253,1,2,0.0,0.0,cons_ndist_nospeak
consensus,homogeneous,40,H18,0,4,0.3,0.0,0.0,0.0,false,0.05,0.1,0.1,0.05,4342572612484808700.0,15,false,0.00975649903013544,0.13494490796796077,0.00000038457079856,0.00000021553980253,1,2,0.0,0.0,cons_ndist_nospeak
consensus,homogeneous,40,H18,0,4,0.3,0.0,0.0,0.0,false,0.05,0.1,0.1,0.05,7043372089166577700.0,15,false,0.00975649903013544,0.13494490796796077,0.00000038457079856,0.00000021553980253,1,2,0.0,0.0,cons_ndist_nospeak
consensus,homogeneous,40,H18,0,4,0.3,0.0,0.0,0.0,false,0.05,0.1,0.1,0.05,109591146466576384.0,15,false,0.00975649903013544,0.13494490796796077,0.00000038457079856,0.00000021553980253,1,2,0.0,0.0,cons_ndist_nospeak
consensus,heterogeneous,1,M1,3,3,0.5,0.0,0.0,0.0,true,0.0,0.0,0.0,0.0,7240713591891685400.0,15,false,0.0306388856143309,0.17591654113482155,0.00000000016366867,0.00000000012142792,1,3,0.0,0.0,cons_dist_nospeak
consensus,heterogeneous,1,M1,3,3,0.5,0.0,0.0,0.0,true,0.0,0.0,0.0,0.0,8636175130330607600.0,15,false,0.0306388856143309,0.17591654113482155,0.00000000016366867,0.00000000012142792,1,3,0.0,0.0,cons_dist_nospeak
consensus,heterogeneous,1,M1,3,3,0.5,0.0,0.0,0.0,true,0.0,0.0,0.0,0.0,5702577027890589700.0,15,false,0.0306388856143309,0.17591654113482155,0.00000000016366867,0.00000000012142792,1,3,0.0,0.0,cons_dist_nospeak
consensus,heterogeneous,1,M1,3,3,0.5,0.0,0.0,0.0,true,0.0,0.0,0.0,0.0,4692690466958798800.0,15,false,0.0306388856143309,0.17591654113482155,0.00000000016366867,0.00000000012142792,1,3,0.0,0.0,cons_dist_nospeak
consensus,heterogeneous,1,M1,3,3,0.5,0.0,0.0,0.0,true,0.0,0.0,0.0,0.0,4286360386944651300.0,15,false,0.0306388856143309,0.17591654113482155,0.00000000016366867,0.00000000012142792,1,3,0.0,0.0,cons_dist_nospeak
consensus,heterogeneous,1,M1,3,3,0.5,0.0,0.0,0.0,true,0.0,0.0,0.0,0.0,4398895106259038200.0,15,false,0.0306388856143309,0.17591654113482155,0.00000000016366867,0.00000000012142792,1,3,0.0,0.0,cons_dist_nospeak
consensus,heterogeneous,1,M1,3,3,0.5,0.0,0.0,0.0,true,0.0,0.0,0.0,0.0,7128893484183252000.0,15,false,0.0306388856143309,0.17591654113482155,0.00000000016366867,0.00000000012142792,1,3,0.0,0.0,cons_dist_nospeak
consensus,heterogeneous,1,M1,3,3,0.5,0.0,0.0,0.0,true,0.0,0.0,0.0,0.0,6905470370856337400.0,15,false,0.0306388856143309,0.17591654113482155,0.00000000016366867,0.00000000012142792,1,3,0.0,0.0,cons_dist_nospeak
consensus,heterogeneous,1,M1,3,3,0.5,0.0,0.0,0.0,true,0.0,0.0,0.0,0.0,4342572612484808700.0,15,false,0.0306388856143309,0.17591654113482155,0.00000000016366867,0.00000000012142792,1,3,0.0,0.0,cons_dist_nospeak
consensus,heterogeneous,1,M1,3,3,0.5,0.0,0.0,0.0,true,0.0,0.0,0.0,0.0,7139002048363152400.0,15,false,0.0306388856143309,0.17591654113482155,0.00000000016366867,0.00000000012142792,1,3,0.0,0.0,cons_dist_nospeak
consensus,heterogeneous,1,M1,3,3,0.5,0.0,0.0,0.0,true,0.0,0.0,0.0,0.0,4477927936947039200.0,15,false,0.0306388856143309,0.17591654113482155,0.00000000016366867,0.00000000012142792,1,3,0.0,0.0,cons_dist_nospeak
consensus,heterogeneous,1,M1,3,3,0.5,0.0,0.0,0.0,true,0.0,0.0,0.0,0.0,7043372089166577700.0,15,false,0.0306388856143309,0.17591654113482155,0.00000000016366867,0.00000000012142792,1,3,0.0,0.0,cons_dist_nospeak
consensus,heterogeneous,1,M1,3,3,0.5,0.0,0.0,0.0,true,0.0,0.0,0.0,0.0,1841142524168585220.0,15,false,0.0306388856143309,0.17591654113482155,0.00000000016366867,0.00000000012142792,1,3,0.0,0.0,cons_dist_nospeak
consensus,heterogeneous,1,M1,3,3,0.5,0.0,0.0,0.0,true,0.0,0.0,0.0,0.0,8803618445054126100.0,15,false,0.0306388856143309,0.17591654113482155,0.00000000016366867,0.00000000012142792,1,3,0.0,0.0,cons_dist_nospeak
consensus,heterogeneous,1,M1,3,3,0.5,0.0,0.0,0.0,true,0.0,0.0,0.0,0.0,109591146466576384.0,15,false,0.0306388856143309,0.17591654113482155,0.00000000016366867,0.00000000012142792,1,3,0.0,0.0,cons_dist_nospeak
consensus,heterogeneous,3,M4,3,3,0.2,0.0,0.0,0.0,true,0.0,0.0,0.0,0.0,7139002048363152400.0,25,false,0.0361340032483615,0.15404393919521195,0.00000064439447571,0.00000040974755903,1,4,0.0,0.0,cons_dist_nospeak
consensus,heterogeneous,3,M4,3,3,0.2,0.0,0.0,0.0,true,0.0,0.0,0.0,0.0,7240713591891685400.0,25,false,0.0361340032483615,0.15404393919521195,0.00000064439447571,0.00000040974755903,1,4,0.0,0.0,cons_dist_nospeak
consensus,heterogeneous,14,M15,3,3,0.5,0.0,0.0,0.0,true,0.05,0.0,0.0,0.0,7240713591891685400.0,15,false,0.02458731638660266,0.12497602862010015,0.00000000139562658,0.00000000122280272,1,5,0.0,0.0,cons_dist_nospeak
consensus,heterogeneous,14,M15,3,3,0.5,0.0,0.0,0.0,true,0.05,0.0,0.0,0.0,7139002048363152400.0,15,false,0.02458731638660266,0.12497602862010015,0.00000000139562658,0.00000000122280272,1,5,0.0,0.0,cons_dist_nospeak
consensus,heterogeneous,3,M4,3,3,0.2,0.0,0.0,0.0,true,0.0,0.0,0.0,0.0,4692690466958798800.0,25,false,0.0361340032483615,0.15404393919521195,0.00000064439447571,0.00000040974755903,1,4,0.0,0.0,cons_dist_nospeak
consensus,heterogeneous,3,M4,3,3,0.2,0.0,0.0,0.0,true,0.0,0.0,0.0,0.0,4342572612484808700.0,25,false,0.0361340032483615,0.15404393919521195,0.00000064439447571,0.00000040974755903,1,4,0.0,0.0,cons_dist_nospeak
consensus,heterogeneous,3,M4,3,3,0.2,0.0,0.0,0.0,true,0.0,0.0,0.0,0.0,7128893484183252000.0,25,false,0.0361340032483615,0.15404393919521195,0.00000064439447571,0.00000040974755903,1,4,0.0,0.0,cons_dist_nospeak
consensus,heterogeneous,3,M4,3,3,0.2,0.0,0.0,0.0,true,0.0,0.0,0.0,0.0,8636175130330607600.0,25,false,0.0361340032483615,0.15404393919521195,0.00000064439447571,0.00000040974755903,1,4,0.0,0.0,cons_dist_nospeak
consensus,heterogeneous,3,M4,3,3,0.2,0.0,0.0,0.0,true,0.0,0.0,0.0,0.0,1841142524168585220.0,25,false,0.0361340032483615,0.15404393919521195,0.00000064439447571,0.00000040974755903,1,4,0.0,0.0,cons_dist_nospeak
consensus,heterogeneous,14,M15,3,3,0.5,0.0,0.0,0.0,true,0.05,0.0,0.0,0.0,4692690466958798800.0,15,false,0.02458731638660266,0.12497602862010015,0.00000000139562658,0.00000000122280272,1,5,0.0,0.0,cons_dist_nospeak
consensus,heterogeneous,3,M4,3,3,0.2,0.0,0.0,0.0,true,0.0,0.0,0.0,0.0,4398895106259038200.0,25,false,0.0361340032483615,0.15404393919521195,0.00000064439447571,0.00000040974755903,1,4,0.0,0.0,cons_dist_nospeak
consensus,heterogeneous,3,M4,3,3,0.2,0.0,0.0,0.0,true,0.0,0.0,0.0,0.0,4477927936947039200.0,25,false,0.0361340032483615,0.15404393919521195,0.00000064439447571,0.00000040974755903,1,4,0.0,0.0,cons_dist_nospeak
consensus,heterogeneous,3,M4,3,3,0.2,0.0,0.0,0.0,true,0.0,0.0,0.0,0.0,8803618445054126100.0,25,false,0.0361340032483615,0.15404393919521195,0.00000064439447571,0.00000040974755903,1,4,0.0,0.0,cons_dist_nospeak
consensus,heterogeneous,3,M4,3,3,0.2,0.0,0.0,0.0,true,0.0,0.0,0.0,0.0,6905470370856337400.0,25,false,0.0361340032483615,0.15404393919521195,0.00000064439447571,0.00000040974755903,1,4,0.0,0.0,cons_dist_nospeak
consensus,heterogeneous,3,M4,3,3,0.2,0.0,0.0,0.0,true,0.0,0.0,0.0,0.0,7043372089166577700.0,25,false,0.0361340032483615,0.15404393919521195,0.00000064439447571,0.00000040974755903,1,4,0.0,0.0,cons_dist_nospeak
consensus,heterogeneous,3,M4,3,3,0.2,0.0,0.0,0.0,true,0.0,0.0,0.0,0.0,109591146466576384.0,25,false,0.0361340032483615,0.15404393919521195,0.00000064439447571,0.00000040974755903,1,4,0.0,0.0,cons_dist_nospeak
consensus,heterogeneous,3,M4,3,3,0.2,0.0,0.0,0.0,true,0.0,0.0,0.0,0.0,4286360386944651300.0,25,false,0.0361340032483615,0.15404393919521195,0.00000064439447571,0.00000040974755903,1,4,0.0,0.0,cons_dist_nospeak
consensus,heterogeneous,3,M4,3,3,0.2,0.0,0.0,0.0,true,0.0,0.0,0.0,0.0,5702577027890589700.0,25,false,0.0361340032483615,0.15404393919521195,0.00000064439447571,0.00000040974755903,1,4,0.0,0.0,cons_dist_nospeak
consensus,heterogeneous,14,M15,3,3,0.5,0.0,0.0,0.0,true,0.05,0.0,0.0,0.0,8636175130330607600.0,15,false,0.02458731638660266,0.12497602862010015,0.00000000139562658,0.00000000122280272,1,5,0.0,0.0,cons_dist_nospeak
consensus,heterogeneous,14,M15,3,3,0.1,0.0,0.0,0.0,true,0.05,0.0,0.0,0.0,7128893484183252000.0,50,false,0.02458731638660266,0.13114461141650305,0.000277359894465,0.0003545748104965,2,5,0.0,0.0,cons_dist_nospeak
consensus,heterogeneous,14,M15,3,3,0.1,0.0,0.0,0.0,true,0.05,0.0,0.0,0.0,4477927936947039200.0,50,false,0.02458731638660266,0.13114461141650305,0.000277359894465,0.0003545748104965,2,5,0.0,0.0,cons_dist_nospeak
consensus,heterogeneous,14,M15,3,3,0.1,0.0,0.0,0.0,true,0.05,0.0,0.0,0.0,5702577027890589700.0,50,false,0.02458731638660266,0.13114461141650305,0.000277359894465,0.0003545748104965,2,5,0.0,0.0,cons_dist_nospeak
consensus,heterogeneous,14,M15,3,3,0.1,0.0,0.0,0.0,true,0.05,0.0,0.0,0.0,4692690466958798800.0,50,false,0.02458731638660266,0.13114461141650305,0.000277359894465,0.0003545748104965,2,5,0.0,0.0,cons_dist_nospeak
consensus,heterogeneous,14,M15,3,3,0.1,0.0,0.0,0.0,true,0.05,0.0,0.0,0.0,8636175130330607600.0,50,false,0.02458731638660266,0.13114461141650305,0.000277359894465,0.0003545748104965,2,5,0.0,0.0,cons_dist_nospeak
consensus,heterogeneous,14,M15,3,3,0.1,0.0,0.0,0.0,true,0.05,0.0,0.0,0.0,1841142524168585220.0,50,false,0.02458731638660266,0.13114461141650305,0.000277359894465,0.0003545748104965,2,5,0.0,0.0,cons_dist_nospeak
consensus,heterogeneous,14,M15,3,3,0.1,0.0,0.0,0.0,true,0.05,0.0,0.0,0.0,6905470370856337400.0,50,false,0.02458731638660266,0.13114461141650305,0.000277359894465,0.0003545748104965,2,5,0.0,0.0,cons_dist_nospeak
consensus,heterogeneous,14,M15,3,3,0.1,0.0,0.0,0.0,true,0.05,0.0,0.0,0.0,8803618445054126100.0,50,false,0.02458731638660266,0.13114461141650305,0.000277359894465,0.0003545748104965,2,5,0.0,0.0,cons_dist_nospeak
consensus,heterogeneous,14,M15,3,3,0.1,0.0,0.0,0.0,true,0.05,0.0,0.0,0.0,7043372089166577700.0,50,false,0.02458731638660266,0.13114461141650305,0.000277359894465,0.0003545748104965,2,5,0.0,0.0,cons_dist_nospeak
consensus,heterogeneous,14,M15,3,3,0.1,0.0,0.0,0.0,true,0.05,0.0,0.0,0.0,4286360386944651300.0,50,false,0.02458731638660266,0.13114461141650305,0.000277359894465,0.0003545748104965,2,5,0.0,0.0,cons_dist_nospeak
consensus,heterogeneous,14,M15,3,3,0.1,0.0,0.0,0.0,true,0.05,0.0,0.0,0.0,4342572612484808700.0,50,false,0.02458731638660266,0.13114461141650305,0.000277359894465,0.0003545748104965,2,5,0.0,0.0,cons_dist_nospeak
consensus,heterogeneous,14,M15,3,3,0.1,0.0,0.0,0.0,true,0.05,0.0,0.0,0.0,4398895106259038200.0,50,false,0.02458731638660266,0.13114461141650305,0.000277359894465,0.0003545748104965,2,5,0.0,0.0,cons_dist_nospeak
consensus,heterogeneous,14,M15,3,3,0.1,0.0,0.0,0.0,true,0.05,0.0,0.0,0.0,7240713591891685400.0,50,false,0.02458731638660266,0.13114461141650305,0.000277359894465,0.0003545748104965,2,5,0.0,0.0,cons_dist_nospeak
consensus,heterogeneous,14,M15,3,3,0.1,0.0,0.0,0.0,true,0.05,0.0,0.0,0.0,7139002048363152400.0,50,false,0.02458731638660266,0.13114461141650305,0.000277359894465,0.0003545748104965,2,5,0.0,0.0,cons_dist_nospeak
consensus,heterogeneous,14,M15,3,3,0.1,0.0,0.0,0.0,true,0.05,0.0,0.0,0.0,109591146466576384.0,50,false,0.02458731638660266,0.13114461141650305,0.000277359894465,0.0003545748104965,2,5,0.0,0.0,cons_dist_nospeak
consensus,heterogeneous,14,M15,3,3,0.5,0.0,0.0,0.0,true,0.05,0.0,0.0,0.0,6905470370856337400.0,15,false,0.02458731638660266,0.12497602862010015,0.00000000139562658,0.00000000122280272,1,5,0.0,0.0,cons_dist_nospeak
consensus,heterogeneous,14,M15,3,3,0.5,0.0,0.0,0.0,true,0.05,0.0,0.0,0.0,5702577027890589700.0,15,false,0.02458731638660266,0.12497602862010015,0.00000000139562658,0.00000000122280272,1,5,0.0,0.0,cons_dist_nospeak
consensus,heterogeneous,14,M15,3,3,0.5,0.0,0.0,0.0,true,0.05,0.0,0.0,0.0,8803618445054126100.0,15,false,0.02458731638660266,0.12497602862010015,0.00000000139562658,0.00000000122280272,1,5,0.0,0.0,cons_dist_nospeak
consensus,heterogeneous,14,M15,3,3,0.5,0.0,0.0,0.0,true,0.05,0.0,0.0,0.0,4342572612484808700.0,15,false,0.02458731638660266,0.12497602862010015,0.00000000139562658,0.00000000122280272,1,5,0.0,0.0,cons_dist_nospeak
consensus,heterogeneous,14,M15,3,3,0.5,0.0,0.0,0.0,true,0.05,0.0,0.0,0.0,4398895106259038200.0,15,false,0.02458731638660266,0.12497602862010015,0.00000000139562658,0.00000000122280272,1,5,0.0,0.0,cons_dist_nospeak
consensus,heterogeneous,14,M15,3,3,0.5,0.0,0.0,0.0,true,0.05,0.0,0.0,0.0,1841142524168585220.0,15,false,0.02458731638660266,0.12497602862010015,0.00000000139562658,0.00000000122280272,1,5,0.0,0.0,cons_dist_nospeak
consensus,heterogeneous,14,M15,3,3,0.5,0.0,0.0,0.0,true,0.05,0.0,0.0,0.0,4477927936947039200.0,15,false,0.02458731638660266,0.12497602862010015,0.00000000139562658,0.00000000122280272,1,5,0.0,0.0,cons_dist_nospeak
consensus,heterogeneous,14,M15,3,3,0.5,0.0,0.0,0.0,true,0.05,0.0,0.0,0.0,7128893484183252000.0,15,false,0.02458731638660266,0.12497602862010015,0.00000000139562658,0.00000000122280272,1,5,0.0,0.0,cons_dist_nospeak
consensus,heterogeneous,14,M15,3,3,0.5,0.0,0.0,0.0,true,0.05,0.0,0.0,0.0,109591146466576384.0,15,false,0.02458731638660266,0.12497602862010015,0.00000000139562658,0.00000000122280272,1,5,0.0,0.0,cons_dist_nospeak
consensus,heterogeneous,14,M15,3,3,0.5,0.0,0.0,0.0,true,0.05,0.0,0.0,0.0,7043372089166577700.0,15,false,0.02458731638660266,0.12497602862010015,0.00000000139562658,0.00000000122280272,1,5,0.0,0.0,cons_dist_nospeak
consensus,heterogeneous,14,M15,3,3,0.5,0.0,0.0,0.0,true,0.05,0.0,0.0,0.0,4286360386944651300.0,15,false,0.02458731638660266,0.12497602862010015,0.00000000139562658,0.00000000122280272,1,5,0.0,0.0,cons_dist_nospeak
consensus,heterogeneous,12,M13,3,3,0.3,0.0,0.0,0.0,true,0.1,0.0,0.0,0.0,5702577027890589700.0,20,false,0.03278937715525453,0.16715489894293287,0.00001487059542567,0.00001994021247503,1,5,0.0,0.0,cons_dist_nospeak
consensus,heterogeneous,12,M13,3,3,0.3,0.0,0.0,0.0,true,0.1,0.0,0.0,0.0,4692690466958798800.0,20,false,0.03278937715525453,0.16715489894293287,0.00001487059542567,0.00001994021247503,1,5,0.0,0.0,cons_dist_nospeak
consensus,heterogeneous,12,M13,3,3,0.3,0.0,0.0,0.0,true,0.1,0.0,0.0,0.0,8636175130330607600.0,20,false,0.03278937715525453,0.16715489894293287,0.00001487059542567,0.00001994021247503,1,5,0.0,0.0,cons_dist_nospeak
consensus,heterogeneous,12,M13,3,3,0.3,0.0,0.0,0.0,true,0.1,0.0,0.0,0.0,7139002048363152400.0,20,false,0.03278937715525453,0.16715489894293287,0.00001487059542567,0.00001994021247503,1,5,0.0,0.0,cons_dist_nospeak
consensus,heterogeneous,12,M13,3,3,0.3,0.0,0.0,0.0,true,0.1,0.0,0.0,0.0,7240713591891685400.0,20,false,0.03278937715525453,0.16715489894293287,0.00001487059542567,0.00001994021247503,1,5,0.0,0.0,cons_dist_nospeak
consensus,heterogeneous,12,M13,3,3,0.3,0.0,0.0,0.0,true,0.1,0.0,0.0,0.0,6905470370856337400.0,20,false,0.03278937715525453,0.16715489894293287,0.00001487059542567,0.00001994021247503,1,5,0.0,0.0,cons_dist_nospeak
consensus,homogeneous,38,H19,0,6,0.3,0.0,0.0,0.0,true,0.0,0.0,0.0,0.0,6905470370856337400.0,15,false,0.00801496443234644,0.07239382209311071,0.00000025242560371,0.00000014793532985,1,3,0.0,0.0,cons_dist_nospeak
consensus,homogeneous,38,H19,0,6,0.3,0.0,0.0,0.0,true,0.0,0.0,0.0,0.0,4692690466958798800.0,15,false,0.00801496443234644,0.07239382209311071,0.00000025242560371,0.00000014793532985,1,3,0.0,0.0,cons_dist_nospeak
consensus,homogeneous,38,H19,0,6,0.3,0.0,0.0,0.0,true,0.0,0.0,0.0,0.0,7240713591891685400.0,15,false,0.00801496443234644,0.07239382209311071,0.00000025242560371,0.00000014793532985,1,3,0.0,0.0,cons_dist_nospeak
consensus,homogeneous,38,H19,0,6,0.3,0.0,0.0,0.0,true,0.0,0.0,0.0,0.0,7139002048363152400.0,15,false,0.00801496443234644,0.07239382209311071,0.00000025242560371,0.00000014793532985,1,3,0.0,0.0,cons_dist_nospeak
consensus,homogeneous,38,H19,0,6,0.3,0.0,0.0,0.0,true,0.0,0.0,0.0,0.0,8636175130330607600.0,15,false,0.00801496443234644,0.07239382209311071,0.00000025242560371,0.00000014793532985,1,3,0.0,0.0,cons_dist_nospeak
consensus,homogeneous,38,H19,0,6,0.3,0.0,0.0,0.0,true,0.0,0.0,0.0,0.0,5702577027890589700.0,15,false,0.00801496443234644,0.07239382209311071,0.00000025242560371,0.00000014793532985,1,3,0.0,0.0,cons_dist_nospeak
consensus,homogeneous,38,H19,0,6,0.3,0.0,0.0,0.0,true,0.0,0.0,0.0,0.0,1841142524168585220.0,15,false,0.00801496443234644,0.07239382209311071,0.00000025242560371,0.00000014793532985,1,3,0.0,0.0,cons_dist_nospeak
consensus,homogeneous,38,H19,0,6,0.3,0.0,0.0,0.0,true,0.0,0.0,0.0,0.0,4398895106259038200.0,15,false,0.00801496443234644,0.07239382209311071,0.00000025242560371,0.00000014793532985,1,3,0.0,0.0,cons_dist_nospeak
consensus,heterogeneous,12,M13,3,3,0.3,0.0,0.0,0.0,true,0.1,0.0,0.0,0.0,1841142524168585220.0,20,false,0.03278937715525453,0.16715489894293287,0.00001487059542567,0.00001994021247503,1,5,0.0,0.0,cons_dist_nospeak
consensus,heterogeneous,12,M13,3,3,0.3,0.0,0.0,0.0,true,0.1,0.0,0.0,0.0,4398895106259038200.0,20,false,0.03278937715525453,0.16715489894293287,0.00001487059542567,0.00001994021247503,1,5,0.0,0.0,cons_dist_nospeak
consensus,heterogeneous,12,M13,3,3,0.3,0.0,0.0,0.0,true,0.1,0.0,0.0,0.0,7128893484183252000.0,20,false,0.03278937715525453,0.16715489894293287,0.00001487059542567,0.00001994021247503,1,5,0.0,0.0,cons_dist_nospeak
consensus,heterogeneous,12,M13,3,3,0.3,0.0,0.0,0.0,true,0.1,0.0,0.0,0.0,8803618445054126100.0,20,false,0.03278937715525453,0.16715489894293287,0.00001487059542567,0.00001994021247503,1,5,0.0,0.0,cons_dist_nospeak
consensus,heterogeneous,12,M13,3,3,0.3,0.0,0.0,0.0,true,0.1,0.0,0.0,0.0,4342572612484808700.0,20,false,0.03278937715525453,0.16715489894293287,0.00001487059542567,0.00001994021247503,1,5,0.0,0.0,cons_dist_nospeak
consensus,heterogeneous,12,M13,3,3,0.3,0.0,0.0,0.0,true,0.1,0.0,0.0,0.0,7043372089166577700.0,20,false,0.03278937715525453,0.16715489894293287,0.00001487059542567,0.00001994021247503,1,5,0.0,0.0,cons_dist_nospeak
consensus,heterogeneous,12,M13,3,3,0.3,0.0,0.0,0.0,true,0.1,0.0,0.0,0.0,109591146466576384.0,20,false,0.03278937715525453,0.16715489894293287,0.00001487059542567,0.00001994021247503,1,5,0.0,0.0,cons_dist_nospeak
consensus,heterogeneous,12,M13,3,3,0.3,0.0,0.0,0.0,true,0.1,0.0,0.0,0.0,4477927936947039200.0,20,false,0.03278937715525453,0.16715489894293287,0.00001487059542567,0.00001994021247503,1,5,0.0,0.0,cons_dist_nospeak
consensus,heterogeneous,12,M13,3,3,0.3,0.0,0.0,0.0,true,0.1,0.0,0.0,0.0,4286360386944651300.0,20,false,0.03278937715525453,0.16715489894293287,0.00001487059542567,0.00001994021247503,1,5,0.0,0.0,cons_dist_nospeak
consensus,homogeneous,38,H19,0,6,0.3,0.0,0.0,0.0,true,0.0,0.0,0.0,0.0,8803618445054126100.0,15,false,0.00801496443234644,0.07239382209311071,0.00000025242560371,0.00000014793532985,1,3,0.0,0.0,cons_dist_nospeak
consensus,homogeneous,38,H19,0,6,0.3,0.0,0.0,0.0,true,0.0,0.0,0.0,0.0,4342572612484808700.0,15,false,0.00801496443234644,0.07239382209311071,0.00000025242560371,0.00000014793532985,1,3,0.0,0.0,cons_dist_nospeak
consensus,homogeneous,38,H19,0,6,0.3,0.0,0.0,0.0,true,0.0,0.0,0.0,0.0,7043372089166577700.0,15,false,0.00801496443234644,0.07239382209311071,0.00000025242560371,0.00000014793532985,1,3,0.0,0.0,cons_dist_nospeak
consensus,homogeneous,38,H19,0,6,0.3,0.0,0.0,0.0,true,0.0,0.0,0.0,0.0,109591146466576384.0,15,false,0.00801496443234644,0.07239382209311071,0.00000025242560371,0.00000014793532985,1,3,0.0,0.0,cons_dist_nospeak
consensus,homogeneous,38,H19,0,6,0.3,0.0,0.0,0.0,true,0.0,0.0,0.0,0.0,4477927936947039200.0,15,false,0.00801496443234644,0.07239382209311071,0.00000025242560371,0.00000014793532985,1,3,0.0,0.0,cons_dist_nospeak
consensus,homogeneous,38,H19,0,6,0.3,0.0,0.0,0.0,true,0.0,0.0,0.0,0.0,7128893484183252000.0,15,false,0.00801496443234644,0.07239382209311071,0.00000025242560371,0.00000014793532985,1,3,0.0,0.0,cons_dist_nospeak
consensus,homogeneous,38,H19,0,6,0.3,0.0,0.0,0.0,true,0.0,0.0,0.0,0.0,4286360386944651300.0,15,false,0.00801496443234644,0.07239382209311071,0.00000025242560371,0.00000014793532985,1,3,0.0,0.0,cons_dist_nospeak
consensus,heterogeneous,12,M13,3,3,0.2,0.0,0.0,0.0,true,0.05,0.0,0.0,0.0,7139002048363152400.0,25,false,0.03278937715525453,0.16544698229418167,0.00000774827976489,0.00000793736218128,1,5,0.0,0.0,cons_dist_nospeak
consensus,heterogeneous,12,M13,3,3,0.2,0.0,0.0,0.0,true,0.05,0.0,0.0,0.0,7240713591891685400.0,25,false,0.03278937715525453,0.16544698229418167,0.00000774827976489,0.00000793736218128,1,5,0.0,0.0,cons_dist_nospeak
consensus,heterogeneous,13,M14,3,3,0.1,0.0,0.0,0.0,true,0.2,0.0,0.0,0.0,7139002048363152400.0,15,false,0.0108926683241884,0.0698075971440024,0.00065999083513418,0.00053360603156581,2,4,0.0,0.0,cons_dist_nospeak
consensus,heterogeneous,13,M14,3,3,0.1,0.0,0.0,0.0,true,0.2,0.0,0.0,0.0,7240713591891685400.0,15,false,0.0108926683241884,0.0698075971440024,0.00065999083513418,0.00053360603156581,2,4,0.0,0.0,cons_dist_nospeak
consensus,heterogeneous,13,M14,3,3,0.1,0.0,0.0,0.0,true,0.2,0.0,0.0,0.0,4692690466958798800.0,15,false,0.0108926683241884,0.0698075971440024,0.00065999083513418,0.00053360603156581,2,4,0.0,0.0,cons_dist_nospeak
consensus,heterogeneous,13,M14,3,3,0.1,0.0,0.0,0.0,true,0.2,0.0,0.0,0.0,1841142524168585220.0,15,false,0.0108926683241884,0.0698075971440024,0.00065999083513418,0.00053360603156581,2,4,0.0,0.0,cons_dist_nospeak
consensus,heterogeneous,13,M14,3,3,0.1,0.0,0.0,0.0,true,0.2,0.0,0.0,0.0,4398895106259038200.0,15,false,0.0108926683241884,0.0698075971440024,0.00065999083513418,0.00053360603156581,2,4,0.0,0.0,cons_dist_nospeak
consensus,heterogeneous,13,M14,3,3,0.1,0.0,0.0,0.0,true,0.2,0.0,0.0,0.0,8636175130330607600.0,15,false,0.0108926683241884,0.0698075971440024,0.00065999083513418,0.00053360603156581,2,4,0.0,0.0,cons_dist_nospeak
consensus,heterogeneous,13,M14,3,3,0.1,0.0,0.0,0.0,true,0.2,0.0,0.0,0.0,8803618445054126100.0,15,false,0.0108926683241884,0.0698075971440024,0.00065999083513418,0.00053360603156581,2,4,0.0,0.0,cons_dist_nospeak
consensus,heterogeneous,13,M14,3,3,0.1,0.0,0.0,0.0,true,0.2,0.0,0.0,0.0,4342572612484808700.0,15,false,0.0108926683241884,0.0698075971440024,0.00065999083513418,0.00053360603156581,2,4,0.0,0.0,cons_dist_nospeak
consensus,heterogeneous,12,M13,3,3,0.2,0.0,0.0,0.0,true,0.05,0.0,0.0,0.0,4692690466958798800.0,25,false,0.03278937715525453,0.16544698229418167,0.00000774827976489,0.00000793736218128,1,5,0.0,0.0,cons_dist_nospeak
consensus,heterogeneous,13,M14,3,3,0.1,0.0,0.0,0.0,true,0.2,0.0,0.0,0.0,6905470370856337400.0,15,false,0.0108926683241884,0.0698075971440024,0.00065999083513418,0.00053360603156581,2,4,0.0,0.0,cons_dist_nospeak
consensus,heterogeneous,13,M14,3,3,0.1,0.0,0.0,0.0,true,0.2,0.0,0.0,0.0,5702577027890589700.0,15,false,0.0108926683241884,0.0698075971440024,0.00065999083513418,0.00053360603156581,2,4,0.0,0.0,cons_dist_nospeak
consensus,heterogeneous,13,M14,3,3,0.1,0.0,0.0,0.0,true,0.2,0.0,0.0,0.0,109591146466576384.0,15,false,0.0108926683241884,0.0698075971440024,0.00065999083513418,0.00053360603156581,2,4,0.0,0.0,cons_dist_nospeak
consensus,heterogeneous,13,M14,3,3,0.1,0.0,0.0,0.0,true,0.2,0.0,0.0,0.0,7043372089166577700.0,15,false,0.0108926683241884,0.0698075971440024,0.00065999083513418,0.00053360603156581,2,4,0.0,0.0,cons_dist_nospeak
consensus,heterogeneous,13,M14,3,3,0.1,0.0,0.0,0.0,true,0.2,0.0,0.0,0.0,7128893484183252000.0,15,false,0.0108926683241884,0.0698075971440024,0.00065999083513418,0.00053360603156581,2,4,0.0,0.0,cons_dist_nospeak
consensus,heterogeneous,13,M14,3,3,0.1,0.0,0.0,0.0,true,0.2,0.0,0.0,0.0,4477927936947039200.0,15,false,0.0108926683241884,0.0698075971440024,0.00065999083513418,0.00053360603156581,2,4,0.0,0.0,cons_dist_nospeak
consensus,heterogeneous,13,M14,3,3,0.1,0.0,0.0,0.0,true,0.2,0.0,0.0,0.0,4286360386944651300.0,15,false,0.0108926683241884,0.0698075971440024,0.00065999083513418,0.00053360603156581,2,4,0.0,0.0,cons_dist_nospeak
consensus,heterogeneous,12,M13,3,3,0.2,0.0,0.0,0.0,true,0.05,0.0,0.0,0.0,6905470370856337400.0,25,false,0.03278937715525453,0.16544698229418167,0.00000774827976489,0.00000793736218128,1,5,0.0,0.0,cons_dist_nospeak
consensus,heterogeneous,12,M13,3,3,0.2,0.0,0.0,0.0,true,0.05,0.0,0.0,0.0,1841142524168585220.0,25,false,0.03278937715525453,0.16544698229418167,0.00000774827976489,0.00000793736218128,1,5,0.0,0.0,cons_dist_nospeak
consensus,heterogeneous,12,M13,3,3,0.2,0.0,0.0,0.0,true,0.05,0.0,0.0,0.0,8636175130330607600.0,25,false,0.03278937715525453,0.16544698229418167,0.00000774827976489,0.00000793736218128,1,5,0.0,0.0,cons_dist_nospeak
consensus,heterogeneous,12,M13,3,3,0.2,0.0,0.0,0.0,true,0.05,0.0,0.0,0.0,5702577027890589700.0,25,false,0.03278937715525453,0.16544698229418167,0.00000774827976489,0.00000793736218128,1,5,0.0,0.0,cons_dist_nospeak
consensus,heterogeneous,12,M13,3,3,0.2,0.0,0.0,0.0,true,0.05,0.0,0.0,0.0,4398895106259038200.0,25,false,0.03278937715525453,0.16544698229418167,0.00000774827976489,0.00000793736218128,1,5,0.0,0.0,cons_dist_nospeak
consensus,heterogeneous,12,M13,3,3,0.2,0.0,0.0,0.0,true,0.05,0.0,0.0,0.0,8803618445054126100.0,25,false,0.03278937715525453,0.16544698229418167,0.00000774827976489,0.00000793736218128,1,5,0.0,0.0,cons_dist_nospeak
consensus,heterogeneous,12,M13,3,3,0.2,0.0,0.0,0.0,true,0.05,0.0,0.0,0.0,4342572612484808700.0,25,false,0.03278937715525453,0.16544698229418167,0.00000774827976489,0.00000793736218128,1,5,0.0,0.0,cons_dist_nospeak
consensus,heterogeneous,12,M13,3,3,0.2,0.0,0.0,0.0,true,0.05,0.0,0.0,0.0,4477927936947039200.0,25,false,0.03278937715525453,0.16544698229418167,0.00000774827976489,0.00000793736218128,1,5,0.0,0.0,cons_dist_nospeak
consensus,heterogeneous,12,M13,3,3,0.2,0.0,0.0,0.0,true,0.05,0.0,0.0,0.0,109591146466576384.0,25,false,0.03278937715525453,0.16544698229418167,0.00000774827976489,0.00000793736218128,1,5,0.0,0.0,cons_dist_nospeak
consensus,heterogeneous,12,M13,3,3,0.2,0.0,0.0,0.0,true,0.05,0.0,0.0,0.0,7043372089166577700.0,25,false,0.03278937715525453,0.16544698229418167,0.00000774827976489,0.00000793736218128,1,5,0.0,0.0,cons_dist_nospeak
consensus,heterogeneous,12,M13,3,3,0.2,0.0,0.0,0.0,true,0.05,0.0,0.0,0.0,7128893484183252000.0,25,false,0.03278937715525453,0.16544698229418167,0.00000774827976489,0.00000793736218128,1,5,0.0,0.0,cons_dist_nospeak
consensus,heterogeneous,12,M13,3,3,0.2,0.0,0.0,0.0,true,0.05,0.0,0.0,0.0,4286360386944651300.0,25,false,0.03278937715525453,0.16544698229418167,0.00000774827976489,0.00000793736218128,1,5,0.0,0.0,cons_dist_nospeak
consensus,heterogeneous,27,M16,2,2,0.1,0.0,0.0,0.0,true,0.0,0.0,0.0,0.0,7139002048363152400.0,30,false,0.01252610529728226,0.14642063534497152,0.00002457298265129,0.00001743436986859,1,3,0.0,0.0,cons_dist_nospeak
consensus,heterogeneous,27,M16,2,2,0.1,0.0,0.0,0.0,true,0.0,0.0,0.0,0.0,7240713591891685400.0,30,false,0.01252610529728226,0.14642063534497152,0.00002457298265129,0.00001743436986859,1,3,0.0,0.0,cons_dist_nospeak
consensus,homogeneous,41,H20,0,4,0.3,0.0,0.0,0.0,true,0.0,0.0,0.0,0.0,7139002048363152400.0,15,false,0.00048024369855967,0.06642862509383095,0.00000001820738624,0.00000001018036919,1,1,0.0,0.0,cons_dist_nospeak
consensus,homogeneous,41,H20,0,4,0.3,0.0,0.0,0.0,true,0.0,0.0,0.0,0.0,7240713591891685400.0,15,false,0.00048024369855967,0.06642862509383095,0.00000001820738624,0.00000001018036919,1,1,0.0,0.0,cons_dist_nospeak
consensus,heterogeneous,27,M16,2,2,0.1,0.0,0.0,0.0,true,0.0,0.0,0.0,0.0,4692690466958798800.0,30,false,0.01252610529728226,0.14642063534497152,0.00002457298265129,0.00001743436986859,1,3,0.0,0.0,cons_dist_nospeak
consensus,heterogeneous,27,M16,2,2,0.1,0.0,0.0,0.0,true,0.0,0.0,0.0,0.0,8636175130330607600.0,30,false,0.01252610529728226,0.14642063534497152,0.00002457298265129,0.00001743436986859,1,3,0.0,0.0,cons_dist_nospeak
consensus,heterogeneous,27,M16,2,2,0.1,0.0,0.0,0.0,true,0.0,0.0,0.0,0.0,6905470370856337400.0,30,false,0.01252610529728226,0.14642063534497152,0.00002457298265129,0.00001743436986859,1,3,0.0,0.0,cons_dist_nospeak
consensus,heterogeneous,27,M16,2,2,0.1,0.0,0.0,0.0,true,0.0,0.0,0.0,0.0,4398895106259038200.0,30,false,0.01252610529728226,0.14642063534497152,0.00002457298265129,0.00001743436986859,1,3,0.0,0.0,cons_dist_nospeak
consensus,heterogeneous,27,M16,2,2,0.1,0.0,0.0,0.0,true,0.0,0.0,0.0,0.0,8803618445054126100.0,30,false,0.01252610529728226,0.14642063534497152,0.00002457298265129,0.00001743436986859,1,3,0.0,0.0,cons_dist_nospeak
consensus,heterogeneous,27,M16,2,2,0.1,0.0,0.0,0.0,true,0.0,0.0,0.0,0.0,4342572612484808700.0,30,false,0.01252610529728226,0.14642063534497152,0.00002457298265129,0.00001743436986859,1,3,0.0,0.0,cons_dist_nospeak
consensus,heterogeneous,27,M16,2,2,0.1,0.0,0.0,0.0,true,0.0,0.0,0.0,0.0,7043372089166577700.0,30,false,0.01252610529728226,0.14642063534497152,0.00002457298265129,0.00001743436986859,1,3,0.0,0.0,cons_dist_nospeak
consensus,heterogeneous,27,M16,2,2,0.1,0.0,0.0,0.0,true,0.0,0.0,0.0,0.0,1841142524168585220.0,30,false,0.01252610529728226,0.14642063534497152,0.00002457298265129,0.00001743436986859,1,3,0.0,0.0,cons_dist_nospeak
consensus,heterogeneous,27,M16,2,2,0.1,0.0,0.0,0.0,true,0.0,0.0,0.0,0.0,5702577027890589700.0,30,false,0.01252610529728226,0.14642063534497152,0.00002457298265129,0.00001743436986859,1,3,0.0,0.0,cons_dist_nospeak
consensus,heterogeneous,27,M16,2,2,0.1,0.0,0.0,0.0,true,0.0,0.0,0.0,0.0,4477927936947039200.0,30,false,0.01252610529728226,0.14642063534497152,0.00002457298265129,0.00001743436986859,1,3,0.0,0.0,cons_dist_nospeak
consensus,heterogeneous,27,M16,2,2,0.1,0.0,0.0,0.0,true,0.0,0.0,0.0,0.0,4286360386944651300.0,30,false,0.01252610529728226,0.14642063534497152,0.00002457298265129,0.00001743436986859,1,3,0.0,0.0,cons_dist_nospeak
consensus,heterogeneous,27,M16,2,2,0.1,0.0,0.0,0.0,true,0.0,0.0,0.0,0.0,7128893484183252000.0,30,false,0.01252610529728226,0.14642063534497152,0.00002457298265129,0.00001743436986859,1,3,0.0,0.0,cons_dist_nospeak
consensus,heterogeneous,27,M16,2,2,0.1,0.0,0.0,0.0,true,0.0,0.0,0.0,0.0,109591146466576384.0,30,false,0.01252610529728226,0.14642063534497152,0.00002457298265129,0.00001743436986859,1,3,0.0,0.0,cons_dist_nospeak
consensus,homogeneous,41,H20,0,4,0.3,0.0,0.0,0.0,true,0.0,0.0,0.0,0.0,4692690466958798800.0,15,false,0.00048024369855967,0.06642862509383095,0.00000001820738624,0.00000001018036919,1,1,0.0,0.0,cons_dist_nospeak
consensus,homogeneous,41,H20,0,4,0.3,0.0,0.0,0.0,true,0.0,0.0,0.0,0.0,8636175130330607600.0,15,false,0.00048024369855967,0.06642862509383095,0.00000001820738624,0.00000001018036919,1,1,0.0,0.0,cons_dist_nospeak
consensus,homogeneous,41,H20,0,4,0.3,0.0,0.0,0.0,true,0.0,0.0,0.0,0.0,6905470370856337400.0,15,false,0.00048024369855967,0.06642862509383095,0.00000001820738624,0.00000001018036919,1,1,0.0,0.0,cons_dist_nospeak
consensus,homogeneous,41,H20,0,4,0.3,0.0,0.0,0.0,true,0.0,0.0,0.0,0.0,5702577027890589700.0,15,false,0.00048024369855967,0.06642862509383095,0.00000001820738624,0.00000001018036919,1,1,0.0,0.0,cons_dist_nospeak
consensus,homogeneous,41,H20,0,4,0.3,0.0,0.0,0.0,true,0.0,0.0,0.0,0.0,8803618445054126100.0,15,false,0.00048024369855967,0.06642862509383095,0.00000001820738624,0.00000001018036919,1,1,0.0,0.0,cons_dist_nospeak
consensus,homogeneous,41,H20,0,4,0.3,0.0,0.0,0.0,true,0.0,0.0,0.0,0.0,1841142524168585220.0,15,false,0.00048024369855967,0.06642862509383095,0.00000001820738624,0.00000001018036919,1,1,0.0,0.0,cons_dist_nospeak
consensus,homogeneous,41,H20,0,4,0.3,0.0,0.0,0.0,true,0.0,0.0,0.0,0.0,4398895106259038200.0,15,false,0.00048024369855967,0.06642862509383095,0.00000001820738624,0.00000001018036919,1,1,0.0,0.0,cons_dist_nospeak
consensus,homogeneous,41,H20,0,4,0.3,0.0,0.0,0.0,true,0.0,0.0,0.0,0.0,4342572612484808700.0,15,false,0.00048024369855967,0.06642862509383095,0.00000001820738624,0.00000001018036919,1,1,0.0,0.0,cons_dist_nospeak
consensus,homogeneous,41,H20,0,4,0.3,0.0,0.0,0.0,true,0.0,0.0,0.0,0.0,7043372089166577700.0,15,false,0.00048024369855967,0.06642862509383095,0.00000001820738624,0.00000001018036919,1,1,0.0,0.0,cons_dist_nospeak
consensus,homogeneous,41,H20,0,4,0.3,0.0,0.0,0.0,true,0.0,0.0,0.0,0.0,109591146466576384.0,15,false,0.00048024369855967,0.06642862509383095,0.00000001820738624,0.00000001018036919,1,1,0.0,0.0,cons_dist_nospeak
consensus,homogeneous,41,H20,0,4,0.3,0.0,0.0,0.0,true,0.0,0.0,0.0,0.0,7128893484183252000.0,15,false,0.00048024369855967,0.06642862509383095,0.00000001820738624,0.00000001018036919,1,1,0.0,0.0,cons_dist_nospeak
consensus,homogeneous,41,H20,0,4,0.3,0.0,0.0,0.0,true,0.0,0.0,0.0,0.0,4477927936947039200.0,15,false,0.00048024369855967,0.06642862509383095,0.00000001820738624,0.00000001018036919,1,1,0.0,0.0,cons_dist_nospeak
consensus,homogeneous,41,H20,0,4,0.3,0.0,0.0,0.0,true,0.0,0.0,0.0,0.0,4286360386944651300.0,15,false,0.00048024369855967,0.06642862509383095,0.00000001820738624,0.00000001018036919,1,1,0.0,0.0,cons_dist_nospeak
consensus,heterogeneous,39,M35,3,3,0.1,0.0,0.0,0.0,true,0.1,0.0,0.0,0.0,4692690466958798800.0,50,false,0.01380628072130774,0.12203659389040673,0.00033581369317397,0.00036849610551699,2,4,0.0,0.0,cons_dist_nospeak
consensus,heterogeneous,39,M35,3,3,0.1,0.0,0.0,0.0,true,0.1,0.0,0.0,0.0,7240713591891685400.0,50,false,0.01380628072130774,0.12203659389040673,0.00033581369317397,0.00036849610551699,2,4,0.0,0.0,cons_dist_nospeak
consensus,heterogeneous,39,M35,3,3,0.1,0.0,0.0,0.0,true,0.1,0.0,0.0,0.0,8636175130330607600.0,50,false,0.01380628072130774,0.12203659389040673,0.00033581369317397,0.00036849610551699,2,4,0.0,0.0,cons_dist_nospeak
consensus,heterogeneous,39,M35,3,3,0.1,0.0,0.0,0.0,true,0.1,0.0,0.0,0.0,5702577027890589700.0,50,false,0.01380628072130774,0.12203659389040673,0.00033581369317397,0.00036849610551699,2,4,0.0,0.0,cons_dist_nospeak
consensus,heterogeneous,39,M35,3,3,0.1,0.0,0.0,0.0,true,0.1,0.0,0.0,0.0,7139002048363152400.0,50,false,0.01380628072130774,0.12203659389040673,0.00033581369317397,0.00036849610551699,2,4,0.0,0.0,cons_dist_nospeak
consensus,heterogeneous,39,M35,3,3,0.1,0.0,0.0,0.0,true,0.1,0.0,0.0,0.0,6905470370856337400.0,50,false,0.01380628072130774,0.12203659389040673,0.00033581369317397,0.00036849610551699,2,4,0.0,0.0,cons_dist_nospeak
consensus,heterogeneous,39,M35,3,3,0.1,0.0,0.0,0.0,true,0.1,0.0,0.0,0.0,8803618445054126100.0,50,false,0.01380628072130774,0.12203659389040673,0.00033581369317397,0.00036849610551699,2,4,0.0,0.0,cons_dist_nospeak
consensus,heterogeneous,39,M35,3,3,0.1,0.0,0.0,0.0,true,0.1,0.0,0.0,0.0,1841142524168585220.0,50,false,0.01380628072130774,0.12203659389040673,0.00033581369317397,0.00036849610551699,2,4,0.0,0.0,cons_dist_nospeak
consensus,heterogeneous,39,M35,3,3,0.1,0.0,0.0,0.0,true,0.1,0.0,0.0,0.0,4342572612484808700.0,50,false,0.01380628072130774,0.12203659389040673,0.00033581369317397,0.00036849610551699,2,4,0.0,0.0,cons_dist_nospeak
consensus,heterogeneous,39,M35,3,3,0.1,0.0,0.0,0.0,true,0.1,0.0,0.0,0.0,4398895106259038200.0,50,false,0.01380628072130774,0.12203659389040673,0.00033581369317397,0.00036849610551699,2,4,0.0,0.0,cons_dist_nospeak
consensus,heterogeneous,39,M35,3,3,0.1,0.0,0.0,0.0,true,0.1,0.0,0.0,0.0,7043372089166577700.0,50,false,0.01380628072130774,0.12203659389040673,0.00033581369317397,0.00036849610551699,2,4,0.0,0.0,cons_dist_nospeak
consensus,heterogeneous,39,M35,3,3,0.1,0.0,0.0,0.0,true,0.1,0.0,0.0,0.0,109591146466576384.0,50,false,0.01380628072130774,0.12203659389040673,0.00033581369317397,0.00036849610551699,2,4,0.0,0.0,cons_dist_nospeak
consensus,heterogeneous,39,M35,3,3,0.1,0.0,0.0,0.0,true,0.1,0.0,0.0,0.0,7128893484183252000.0,50,false,0.01380628072130774,0.12203659389040673,0.00033581369317397,0.00036849610551699,2,4,0.0,0.0,cons_dist_nospeak
consensus,heterogeneous,39,M35,3,3,0.1,0.0,0.0,0.0,true,0.1,0.0,0.0,0.0,4477927936947039200.0,50,false,0.01380628072130774,0.12203659389040673,0.00033581369317397,0.00036849610551699,2,4,0.0,0.0,cons_dist_nospeak
consensus,heterogeneous,39,M35,3,3,0.1,0.0,0.0,0.0,true,0.1,0.0,0.0,0.0,4286360386944651300.0,50,false,0.01380628072130774,0.12203659389040673,0.00033581369317397,0.00036849610551699,2,4,0.0,0.0,cons_dist_nospeak
consensus,heterogeneous,1,M1,3,3,0.5,0.0,0.0,0.0,false,0.05,0.1,0.1,0.05,7240713591891685400.0,20,true,0.0306388856143309,0.17552447765529997,0.00000017331894137,0.00000012939203204,1,3,0.0,0.0,cons_ndist_speak
consensus,heterogeneous,1,M1,3,3,0.5,0.0,0.0,0.0,false,0.05,0.1,0.1,0.05,7139002048363152400.0,20,true,0.0306388856143309,0.17552447765530008,0.00000017331894137,0.00000012939203204,1,3,0.0,0.0,cons_ndist_speak
consensus,heterogeneous,37,M34,3,3,0.3,0.0,0.0,0.0,false,0.05,0.1,0.1,0.05,1841142524168585220.0,25,true,0.03352094317986969,0.13991514418188145,0.0000071630893268,0.00000523956554489,1,4,0.0,0.0,cons_ndist_speak
consensus,heterogeneous,37,M34,3,3,0.3,0.0,0.0,0.0,false,0.05,0.1,0.1,0.05,4398895106259038200.0,25,true,0.03352094317986969,0.1628547340901846,0.0000071630893268,0.00000523956554489,1,4,0.0,0.0,cons_ndist_speak
consensus,heterogeneous,37,M34,3,3,0.3,0.0,0.0,0.0,false,0.05,0.1,0.1,0.05,4692690466958798800.0,25,true,0.03352094317986969,0.13991514418188142,0.0000071630893268,0.00000523956554489,1,4,0.0,0.0,cons_ndist_speak
consensus,heterogeneous,37,M34,3,3,0.3,0.0,0.0,0.0,false,0.05,0.1,0.1,0.05,7139002048363152400.0,25,true,0.03352094317986969,0.1437642771418397,0.0000071630893268,0.00000523956554489,2,4,0.0,0.0,cons_ndist_speak
consensus,heterogeneous,37,M34,3,3,0.3,0.0,0.0,0.0,false,0.05,0.1,0.1,0.05,8636175130330607600.0,25,true,0.03352094317986969,0.14725315610399167,0.0000071630893268,0.00000523956554489,1,4,0.0,0.0,cons_ndist_speak
consensus,heterogeneous,37,M34,3,3,0.3,0.0,0.0,0.0,false,0.05,0.1,0.1,0.05,7043372089166577700.0,25,true,0.03352094317986969,0.15766529119746553,0.0000071630893268,0.00000523956554489,1,4,0.0,0.0,cons_ndist_speak
consensus,heterogeneous,37,M34,3,3,0.3,0.0,0.0,0.0,false,0.05,0.1,0.1,0.05,8803618445054126100.0,25,true,0.03352094317986969,0.15128171025752035,0.0000071630893268,0.00000523956554489,1,4,0.0,0.0,cons_ndist_speak
consensus,heterogeneous,11,M10,2,3,0.2,0.0,0.0,0.0,false,0.05,0.1,0.1,0.05,4477927936947039200.0,30,true,0.01932656035665295,0.09479319415868774,0.00002813132269849,0.00001965979185059,1,3,0.0,0.0,cons_ndist_speak
consensus,heterogeneous,37,M34,3,3,0.3,0.0,0.0,0.0,false,0.05,0.1,0.1,0.05,4342572612484808700.0,30,true,0.03352094317986969,0.14116851265841024,0.00000141022894445,0.00000103153634565,1,4,0.0,0.0,cons_ndist_speak
consensus,heterogeneous,11,M10,2,3,0.2,0.0,0.0,0.0,false,0.05,0.1,0.1,0.05,8803618445054126100.0,30,true,0.01932656035665295,0.08608199901154634,0.00002813132269849,0.00001965979185059,1,3,0.0,0.0,cons_ndist_speak
consensus,heterogeneous,11,M10,2,3,0.2,0.0,0.0,0.0,false,0.05,0.1,0.1,0.05,7128893484183252000.0,30,true,0.01932656035665295,0.09601336905082243,0.00002813132269849,0.00001965979185059,1,3,0.0,0.0,cons_ndist_speak
consensus,heterogeneous,11,M10,2,3,0.2,0.0,0.0,0.0,false,0.05,0.1,0.1,0.05,5702577027890589700.0,30,true,0.01932656035665295,0.10097719914225893,0.00002813132269849,0.00001965979185059,1,3,0.0,0.0,cons_ndist_speak
consensus,heterogeneous,37,M34,3,3,0.3,0.0,0.0,0.0,false,0.05,0.1,0.1,0.05,109591146466576384.0,30,true,0.03352094317986969,0.14116851265841032,0.00000141022894445,0.00000103153634565,1,4,0.0,0.0,cons_ndist_speak
consensus,heterogeneous,37,M34,3,3,0.3,0.0,0.0,0.0,false,0.05,0.1,0.1,0.05,5702577027890589700.0,30,true,0.03352094317986969,0.14256495136403954,0.00000141022894445,0.00000103153634565,1,4,0.0,0.0,cons_ndist_speak
consensus,heterogeneous,37,M34,3,3,0.3,0.0,0.0,0.0,false,0.05,0.1,0.1,0.05,7240713591891685400.0,30,true,0.03352094317986969,0.15477332912074668,0.00000141022894445,0.00000103153634565,1,4,0.0,0.0,cons_ndist_speak
consensus,heterogeneous,37,M34,3,3,0.3,0.0,0.0,0.0,false,0.05,0.1,0.1,0.05,4477927936947039200.0,30,true,0.03352094317986969,0.15431567873119365,0.00000141022894445,0.00000103153634565,1,4,0.0,0.0,cons_ndist_speak
consensus,heterogeneous,11,M10,2,3,0.2,0.0,0.0,0.0,false,0.05,0.1,0.1,0.05,4692690466958798800.0,30,true,0.01932656035665295,0.10968723366812498,0.00002813132269849,0.00001965979185059,1,3,0.0,0.0,cons_ndist_speak
consensus,heterogeneous,37,M34,3,3,0.3,0.0,0.0,0.0,false,0.05,0.1,0.1,0.05,6905470370856337400.0,30,true,0.03352094317986969,0.14116851265841027,0.00000141022894445,0.00000103153634565,1,4,0.0,0.0,cons_ndist_speak
consensus,heterogeneous,11,M10,2,3,0.2,0.0,0.0,0.0,false,0.05,0.1,0.1,0.05,4342572612484808700.0,30,true,0.01932656035665295,0.12107881047534899,0.00002813132269849,0.00001965979185059,2,3,0.0,0.0,cons_ndist_speak
consensus,heterogeneous,37,M34,3,3,0.3,0.0,0.0,0.0,false,0.05,0.1,0.1,0.05,7128893484183252000.0,30,true,0.03352094317986969,0.14116851265841032,0.00000141022894445,0.00000103153634565,1,4,0.0,0.0,cons_ndist_speak
consensus,heterogeneous,37,M34,3,3,0.3,0.0,0.0,0.0,false,0.05,0.1,0.1,0.05,4286360386944651300.0,30,true,0.03352094317986969,0.14116851265841032,0.00000141022894445,0.00000103153634565,1,4,0.0,0.0,cons_ndist_speak
consensus,heterogeneous,11,M10,2,3,0.2,0.0,0.0,0.0,false,0.05,0.1,0.1,0.05,4286360386944651300.0,35,true,0.01932656035665295,0.13952513522024593,0.00000980878571646,0.00000685494555515,1,3,0.0,0.0,cons_ndist_speak
consensus,heterogeneous,11,M10,2,3,0.2,0.0,0.0,0.0,false,0.05,0.1,0.1,0.05,6905470370856337400.0,35,true,0.01932656035665295,0.1290458292240854,0.00000980878571646,0.00000685494555515,1,3,0.0,0.0,cons_ndist_speak
consensus,heterogeneous,11,M10,2,3,0.2,0.0,0.0,0.0,false,0.05,0.1,0.1,0.05,109591146466576384.0,35,true,0.01932656035665295,0.08782324431170305,0.00000980878571646,0.00000685494555516,1,3,0.0,0.0,cons_ndist_speak
consensus,heterogeneous,11,M10,2,3,0.2,0.0,0.0,0.0,false,0.05,0.1,0.1,0.05,4398895106259038200.0,35,true,0.01932656035665295,0.08952531978852547,0.00000980878571646,0.00000685494555515,1,3,0.0,0.0,cons_ndist_speak
consensus,heterogeneous,11,M10,2,3,0.2,0.0,0.0,0.0,false,0.05,0.1,0.1,0.05,7043372089166577700.0,35,true,0.01932656035665295,0.10861580037124616,0.00000980878571646,0.00000685494555515,1,3,0.0,0.0,cons_ndist_speak
consensus,heterogeneous,11,M10,2,3,0.2,0.0,0.0,0.0,false,0.05,0.1,0.1,0.05,8636175130330607600.0,35,true,0.01932656035665295,0.10210481619296852,0.00000980878571646,0.00000685494555515,1,3,0.0,0.0,cons_ndist_speak
consensus,heterogeneous,11,M10,2,3,0.2,0.0,0.0,0.0,false,0.05,0.1,0.1,0.05,7139002048363152400.0,40,true,0.01932656035665295,0.09464020573216439,0.00000342011210289,0.00000239017172314,1,3,0.0,0.0,cons_ndist_speak
consensus,heterogeneous,11,M10,2,3,0.2,0.0,0.0,0.0,false,0.05,0.1,0.1,0.05,7240713591891685400.0,40,true,0.01932656035665295,0.09854156026148428,0.00000342011210289,0.00000239017172314,1,3,0.0,0.0,cons_ndist_speak
consensus,heterogeneous,1,M1,3,3,0.5,0.0,0.0,0.0,false,0.05,0.1,0.1,0.05,8803618445054126100.0,15,true,0.0306388856143309,0.17423422621760887,0.00000307775038134,0.00000229770833358,1,3,0.0,0.0,cons_ndist_speak
consensus,heterogeneous,1,M1,3,3,0.5,0.0,0.0,0.0,false,0.05,0.1,0.1,0.05,6905470370856337400.0,15,true,0.0306388856143309,0.17982171205567524,0.00000307775038134,0.00000229770833358,1,3,0.0,0.0,cons_ndist_speak
consensus,heterogeneous,11,M10,2,3,0.2,0.0,0.0,0.0,false,0.05,0.1,0.1,0.05,1841142524168585220.0,40,true,0.01932656035665295,0.1268039977938192,0.00000342011210289,0.00000239017172314,1,3,0.0,0.0,cons_ndist_speak
consensus,heterogeneous,1,M1,3,3,0.5,0.0,0.0,0.0,false,0.05,0.1,0.1,0.05,4692690466958798800.0,20,true,0.0306388856143309,0.18975161697314388,0.00000017331894137,0.00000012939203204,1,3,0.0,0.0,cons_ndist_speak
consensus,heterogeneous,1,M1,3,3,0.5,0.0,0.0,0.0,false,0.05,0.1,0.1,0.05,4342572612484808700.0,15,true,0.0306388856143309,0.17423422621760895,0.00000307775038134,0.00000229770833358,1,3,0.0,0.0,cons_ndist_speak
consensus,heterogeneous,1,M1,3,3,0.5,0.0,0.0,0.0,false,0.05,0.1,0.1,0.05,8636175130330607600.0,20,true,0.0306388856143309,0.17552447765530008,0.00000017331894137,0.00000012939203204,1,3,0.0,0.0,cons_ndist_speak
consensus,heterogeneous,1,M1,3,3,0.5,0.0,0.0,0.0,false,0.05,0.1,0.1,0.05,5702577027890589700.0,20,true,0.0306388856143309,0.17552447765530008,0.00000017331894137,0.00000012939203204,1,3,0.0,0.0,cons_ndist_speak
consensus,heterogeneous,1,M1,3,3,0.5,0.0,0.0,0.0,false,0.05,0.1,0.1,0.05,4398895106259038200.0,20,true,0.0306388856143309,0.17552447765530002,0.00000017331894137,0.00000012939203204,1,3,0.0,0.0,cons_ndist_speak
consensus,heterogeneous,1,M1,3,3,0.5,0.0,0.0,0.0,false,0.05,0.1,0.1,0.05,1841142524168585220.0,20,true,0.0306388856143309,0.17552447765530008,0.00000017331894137,0.00000012939203204,1,3,0.0,0.0,cons_ndist_speak
consensus,heterogeneous,1,M1,3,3,0.5,0.0,0.0,0.0,false,0.05,0.1,0.1,0.05,7043372089166577700.0,20,true,0.0306388856143309,0.17552447765530008,0.00000017331894137,0.00000012939203204,1,3,0.0,0.0,cons_ndist_speak
consensus,heterogeneous,1,M1,3,3,0.5,0.0,0.0,0.0,false,0.05,0.1,0.1,0.05,109591146466576384.0,20,true,0.0306388856143309,0.17552447765530008,0.00000017331894137,0.00000012939203204,1,3,0.0,0.0,cons_ndist_speak
consensus,heterogeneous,1,M1,3,3,0.5,0.0,0.0,0.0,false,0.05,0.1,0.1,0.05,7128893484183252000.0,20,true,0.0306388856143309,0.17552447765530008,0.00000017331894137,0.00000012939203204,1,3,0.0,0.0,cons_ndist_speak
consensus,heterogeneous,1,M1,3,3,0.5,0.0,0.0,0.0,false,0.05,0.1,0.1,0.05,4477927936947039200.0,20,true,0.0306388856143309,0.17552447765530008,0.00000017331894137,0.00000012939203204,1,3,0.0,0.0,cons_ndist_speak
consensus,heterogeneous,1,M1,3,3,0.5,0.0,0.0,0.0,false,0.05,0.1,0.1,0.05,4286360386944651300.0,20,true,0.0306388856143309,0.18857638626594364,0.00000017331894137,0.00000012939203204,1,3,0.0,0.0,cons_ndist_speak
consensus,heterogeneous,20,M26,2,2,0.2,0.0,0.0,0.0,false,0.05,0.1,0.1,0.05,4398895106259038200.0,35,true,0.04088593575853047,0.21571845761360747,0.00002075078934231,0.00001380055481308,1,3,0.0,0.0,cons_ndist_speak
consensus,heterogeneous,20,M26,2,2,0.2,0.0,0.0,0.0,false,0.05,0.1,0.1,0.05,7240713591891685400.0,40,true,0.04088593575853047,0.21755236692051844,0.00000723535285872,0.00000481195592474,1,3,0.0,0.0,cons_ndist_speak
consensus,heterogeneous,20,M26,2,2,0.2,0.0,0.0,0.0,false,0.05,0.1,0.1,0.05,7139002048363152400.0,40,true,0.04088593575853047,0.21755236692051838,0.00000723535285872,0.00000481195592474,1,3,0.0,0.0,cons_ndist_speak
consensus,heterogeneous,20,M26,2,2,0.2,0.0,0.0,0.0,false,0.05,0.1,0.1,0.05,7043372089166577700.0,35,true,0.04088593575853047,0.21571845761360736,0.00002075078934231,0.00001380055481308,1,3,0.0,0.0,cons_ndist_speak
consensus,heterogeneous,20,M26,2,2,0.2,0.0,0.0,0.0,false,0.05,0.1,0.1,0.05,8636175130330607600.0,40,true,0.04088593575853047,0.21755236692051838,0.00000723535285872,0.00000481195592474,1,3,0.0,0.0,cons_ndist_speak
consensus,heterogeneous,20,M26,2,2,0.2,0.0,0.0,0.0,false,0.05,0.1,0.1,0.05,4692690466958798800.0,40,true,0.04088593575853047,0.21755236692051838,0.00000723535285872,0.00000481195592474,1,3,0.0,0.0,cons_ndist_speak
consensus,heterogeneous,20,M26,2,2,0.2,0.0,0.0,0.0,false,0.05,0.1,0.1,0.05,5702577027890589700.0,40,true,0.04088593575853047,0.21755236692051838,0.00000723535285872,0.00000481195592474,1,3,0.0,0.0,cons_ndist_speak
consensus,heterogeneous,20,M26,2,2,0.2,0.0,0.0,0.0,false,0.05,0.1,0.1,0.05,6905470370856337400.0,40,true,0.04088593575853047,0.21755236692051838,0.00000723535285872,0.00000481195592474,1,3,0.0,0.0,cons_ndist_speak
consensus,heterogeneous,20,M26,2,2,0.2,0.0,0.0,0.0,false,0.05,0.1,0.1,0.05,1841142524168585220.0,40,true,0.04088593575853047,0.21755236692051833,0.00000723535285872,0.00000481195592474,1,3,0.0,0.0,cons_ndist_speak
consensus,heterogeneous,20,M26,2,2,0.2,0.0,0.0,0.0,false,0.05,0.1,0.1,0.05,8803618445054126100.0,40,true,0.04088593575853047,0.21755236692051833,0.00000723535285872,0.00000481195592474,1,3,0.0,0.0,cons_ndist_speak
consensus,heterogeneous,20,M26,2,2,0.2,0.0,0.0,0.0,false,0.05,0.1,0.1,0.05,4342572612484808700.0,40,true,0.04088593575853047,0.21755236692051838,0.00000723535285872,0.00000481195592474,1,3,0.0,0.0,cons_ndist_speak
consensus,heterogeneous,20,M26,2,2,0.2,0.0,0.0,0.0,false,0.05,0.1,0.1,0.05,109591146466576384.0,40,true,0.04088593575853047,0.21755236692051838,0.00000723535285872,0.00000481195592474,1,3,0.0,0.0,cons_ndist_speak
consensus,heterogeneous,3,M4,3,3,0.2,0.0,0.0,0.0,false,0.05,0.1,0.1,0.05,7139002048363152400.0,35,true,0.0361340032483615,0.15127364281626116,0.000018339046804,0.00001372557975258,2,4,0.0,0.0,cons_ndist_speak
consensus,heterogeneous,20,M26,2,2,0.2,0.0,0.0,0.0,false,0.05,0.1,0.1,0.05,7128893484183252000.0,40,true,0.04088593575853047,0.21755236692051838,0.00000723535285872,0.00000481195592474,1,3,0.0,0.0,cons_ndist_speak
consensus,heterogeneous,20,M26,2,2,0.2,0.0,0.0,0.0,false,0.05,0.1,0.1,0.05,4477927936947039200.0,40,true,0.04088593575853047,0.21755236692051833,0.00000723535285872,0.00000481195592474,1,3,0.0,0.0,cons_ndist_speak
consensus,heterogeneous,20,M26,2,2,0.2,0.0,0.0,0.0,false,0.05,0.1,0.1,0.05,4286360386944651300.0,40,true,0.04088593575853047,0.21755236692051833,0.00000723535285872,0.00000481195592474,1,3,0.0,0.0,cons_ndist_speak
consensus,heterogeneous,2,M2,2,3,0.1,0.0,0.0,0.0,false,0.05,0.1,0.1,0.05,1841142524168585220.0,60,true,0.03720528978052128,0.16409680046650413,0.0000712663533327,0.00004640934641425,1,4,0.0,0.0,cons_ndist_speak
consensus,heterogeneous,2,M2,2,3,0.1,0.0,0.0,0.0,false,0.05,0.1,0.1,0.05,4692690466958798800.0,60,true,0.03720528978052128,0.16283877503709293,0.0000712663533327,0.00004640934641425,1,4,0.0,0.0,cons_ndist_speak
consensus,heterogeneous,2,M2,2,3,0.1,0.0,0.0,0.0,false,0.05,0.1,0.1,0.05,4342572612484808700.0,60,true,0.03720528978052128,0.16731467042699905,0.0000712663533327,0.00004640934641425,1,4,0.0,0.0,cons_ndist_speak
consensus,heterogeneous,3,M4,3,3,0.2,0.0,0.0,0.0,false,0.05,0.1,0.1,0.05,7240713591891685400.0,40,true,0.0361340032483615,0.1526795509700308,0.00000639443023254,0.0000047858137376,1,4,0.0,0.0,cons_ndist_speak
consensus,heterogeneous,2,M2,2,3,0.1,0.0,0.0,0.0,false,0.05,0.1,0.1,0.05,4477927936947039200.0,60,true,0.03720528978052128,0.15638498859483585,0.0000712663533327,0.00004640934641425,1,4,0.0,0.0,cons_ndist_speak
consensus,heterogeneous,2,M2,2,3,0.1,0.0,0.0,0.0,false,0.05,0.1,0.1,0.05,7128893484183252000.0,60,true,0.03720528978052128,0.16095100287550596,0.0000712663533327,0.00004640934641425,1,4,0.0,0.0,cons_ndist_speak
consensus,heterogeneous,2,M2,2,3,0.1,0.0,0.0,0.0,false,0.05,0.1,0.1,0.05,8636175130330607600.0,65,true,0.03720528978052128,0.16046817234370786,0.0000426697982651,0.00002778699002412,1,4,0.0,0.0,cons_ndist_speak
consensus,heterogeneous,2,M2,2,3,0.1,0.0,0.0,0.0,false,0.05,0.1,0.1,0.05,7139002048363152400.0,65,true,0.03720528978052128,0.16000792327399196,0.0000426697982651,0.00002778699002412,1,4,0.0,0.0,cons_ndist_speak
consensus,heterogeneous,2,M2,2,3,0.1,0.0,0.0,0.0,false,0.05,0.1,0.1,0.05,5702577027890589700.0,65,true,0.03720528978052128,0.161449368169212,0.0000426697982651,0.00002778699002412,1,4,0.0,0.0,cons_ndist_speak
consensus,heterogeneous,2,M2,2,3,0.1,0.0,0.0,0.0,false,0.05,0.1,0.1,0.05,7240713591891685400.0,65,true,0.03720528978052128,0.16128964334450413,0.0000426697982651,0.00002778699002412,1,4,0.0,0.0,cons_ndist_speak
consensus,heterogeneous,2,M2,2,3,0.1,0.0,0.0,0.0,false,0.05,0.1,0.1,0.05,4398895106259038200.0,65,true,0.03720528978052128,0.15139760302573615,0.0000426697982651,0.00002778699002412,2,4,0.0,0.0,cons_ndist_speak
consensus,heterogeneous,2,M2,2,3,0.1,0.0,0.0,0.0,false,0.05,0.1,0.1,0.05,6905470370856337400.0,65,true,0.03720528978052128,0.1675386237712005,0.0000426697982651,0.00002778699002412,1,4,0.0,0.0,cons_ndist_speak
consensus,heterogeneous,2,M2,2,3,0.1,0.0,0.0,0.0,false,0.05,0.1,0.1,0.05,8803618445054126100.0,65,true,0.03720528978052128,0.15783329020569353,0.0000426697982651,0.00002778699002412,1,4,0.0,0.0,cons_ndist_speak
consensus,heterogeneous,2,M2,2,3,0.1,0.0,0.0,0.0,false,0.05,0.1,0.1,0.05,109591146466576384.0,65,true,0.03720528978052128,0.15871980450541373,0.0000426697982651,0.00002778699002412,1,4,0.0,0.0,cons_ndist_speak
consensus,heterogeneous,2,M2,2,3,0.1,0.0,0.0,0.0,false,0.05,0.1,0.1,0.05,4286360386944651300.0,65,true,0.03720528978052128,0.1675920008396373,0.0000426697982651,0.00002778699002412,1,4,0.0,0.0,cons_ndist_speak
consensus,heterogeneous,2,M2,2,3,0.1,0.0,0.0,0.0,false,0.05,0.1,0.1,0.05,7043372089166577700.0,65,true,0.03720528978052128,0.16559393584202042,0.0000426697982651,0.00002778699002412,1,4,0.0,0.0,cons_ndist_speak
consensus,heterogeneous,4,M5,3,3,0.5,0.0,0.0,0.0,false,0.05,0.1,0.1,0.05,7139002048363152400.0,20,true,0.03097746746875476,0.17210226441764712,0.00000017523424108,0.00000013926929514,1,4,0.0,0.0,cons_ndist_speak
consensus,heterogeneous,4,M5,3,3,0.5,0.0,0.0,0.0,false,0.05,0.1,0.1,0.05,7240713591891685400.0,20,true,0.03097746746875476,0.17210226441764712,0.00000017523424108,0.00000013926929514,1,4,0.0,0.0,cons_ndist_speak
consensus,heterogeneous,4,M5,3,3,0.5,0.0,0.0,0.0,false,0.05,0.1,0.1,0.05,4692690466958798800.0,20,true,0.03097746746875476,0.17210226441764712,0.00000017523424108,0.00000013926929514,1,4,0.0,0.0,cons_ndist_speak
consensus,heterogeneous,3,M4,3,3,0.2,0.0,0.0,0.0,false,0.05,0.1,0.1,0.05,4692690466958798800.0,35,true,0.0361340032483615,0.155089798249251,0.000018339046804,0.00001372557975258,1,4,0.0,0.0,cons_ndist_speak
consensus,heterogeneous,4,M5,3,3,0.5,0.0,0.0,0.0,false,0.05,0.1,0.1,0.05,8636175130330607600.0,20,true,0.03097746746875476,0.1730376083128294,0.00000017523424108,0.00000013926929514,1,4,0.0,0.0,cons_ndist_speak
consensus,heterogeneous,4,M5,3,3,0.5,0.0,0.0,0.0,false,0.05,0.1,0.1,0.05,6905470370856337400.0,20,true,0.03097746746875476,0.17210226441764712,0.00000017523424108,0.00000013926929514,1,4,0.0,0.0,cons_ndist_speak
consensus,heterogeneous,4,M5,3,3,0.5,0.0,0.0,0.0,false,0.05,0.1,0.1,0.05,5702577027890589700.0,20,true,0.03097746746875476,0.17210226441764717,0.00000017523424108,0.00000013926929514,1,4,0.0,0.0,cons_ndist_speak
consensus,heterogeneous,4,M5,3,3,0.5,0.0,0.0,0.0,false,0.05,0.1,0.1,0.05,1841142524168585220.0,20,true,0.03097746746875476,0.17489990449952333,0.00000017523424108,0.00000013926929514,1,4,0.0,0.0,cons_ndist_speak
consensus,heterogeneous,3,M4,3,3,0.2,0.0,0.0,0.0,false,0.05,0.1,0.1,0.05,4342572612484808700.0,35,true,0.0361340032483615,0.15127364281626116,0.000018339046804,0.00001372557975258,1,4,0.0,0.0,cons_ndist_speak
consensus,heterogeneous,4,M5,3,3,0.5,0.0,0.0,0.0,false,0.05,0.1,0.1,0.05,4398895106259038200.0,20,true,0.03097746746875476,0.2073279739720928,0.00000017523424108,0.00000013926929514,1,4,0.0,0.0,cons_ndist_speak
consensus,heterogeneous,4,M5,3,3,0.5,0.0,0.0,0.0,false,0.05,0.1,0.1,0.05,8803618445054126100.0,20,true,0.03097746746875476,0.1797515733305207,0.00000017523424108,0.00000013926929514,1,4,0.0,0.0,cons_ndist_speak
consensus,heterogeneous,4,M5,3,3,0.5,0.0,0.0,0.0,false,0.05,0.1,0.1,0.05,4342572612484808700.0,20,true,0.03097746746875476,0.17210226441764712,0.00000017523424108,0.00000013926929514,1,4,0.0,0.0,cons_ndist_speak
consensus,heterogeneous,4,M5,3,3,0.5,0.0,0.0,0.0,false,0.05,0.1,0.1,0.05,7043372089166577700.0,20,true,0.03097746746875476,0.17210226441764712,0.00000017523424108,0.00000013926929514,1,4,0.0,0.0,cons_ndist_speak
consensus,heterogeneous,4,M5,3,3,0.5,0.0,0.0,0.0,false,0.05,0.1,0.1,0.05,109591146466576384.0,20,true,0.03097746746875476,0.1854168857536432,0.00000017523424108,0.00000013926929514,1,4,0.0,0.0,cons_ndist_speak
consensus,heterogeneous,4,M5,3,3,0.5,0.0,0.0,0.0,false,0.05,0.1,0.1,0.05,7128893484183252000.0,20,true,0.03097746746875476,0.17210226441764712,0.00000017523424108,0.00000013926929514,1,4,0.0,0.0,cons_ndist_speak
consensus,heterogeneous,4,M5,3,3,0.5,0.0,0.0,0.0,false,0.05,0.1,0.1,0.05,4477927936947039200.0,20,true,0.03097746746875476,0.17210226441764712,0.00000017523424108,0.00000013926929514,1,4,0.0,0.0,cons_ndist_speak
consensus,heterogeneous,3,M4,3,3,0.2,0.0,0.0,0.0,false,0.05,0.1,0.1,0.05,8636175130330607600.0,40,true,0.0361340032483615,0.15267955097003075,0.00000639443023254,0.0000047858137376,1,4,0.0,0.0,cons_ndist_speak
consensus,heterogeneous,4,M5,3,3,0.5,0.0,0.0,0.0,false,0.05,0.1,0.1,0.05,4286360386944651300.0,20,true,0.03097746746875476,0.17210226441764712,0.00000017523424108,0.00000013926929514,1,4,0.0,0.0,cons_ndist_speak
consensus,heterogeneous,3,M4,3,3,0.2,0.0,0.0,0.0,false,0.05,0.1,0.1,0.05,6905470370856337400.0,40,true,0.0361340032483615,0.15708438635717956,0.00000639443023254,0.0000047858137376,1,4,0.0,0.0,cons_ndist_speak
consensus,heterogeneous,3,M4,3,3,0.2,0.0,0.0,0.0,false,0.05,0.1,0.1,0.05,5702577027890589700.0,40,true,0.0361340032483615,0.1526795509700308,0.00000639443023254,0.0000047858137376,1,4,0.0,0.0,cons_ndist_speak
consensus,heterogeneous,3,M4,3,3,0.2,0.0,0.0,0.0,false,0.05,0.1,0.1,0.05,4398895106259038200.0,40,true,0.0361340032483615,0.1526795509700308,0.00000639443023254,0.0000047858137376,1,4,0.0,0.0,cons_ndist_speak
consensus,heterogeneous,3,M4,3,3,0.2,0.0,0.0,0.0,false,0.05,0.1,0.1,0.05,8803618445054126100.0,40,true,0.0361340032483615,0.1526795509700308,0.00000639443023254,0.0000047858137376,1,4,0.0,0.0,cons_ndist_speak
consensus,heterogeneous,3,M4,3,3,0.2,0.0,0.0,0.0,false,0.05,0.1,0.1,0.05,7043372089166577700.0,40,true,0.0361340032483615,0.1526795509700308,0.00000639443023254,0.0000047858137376,1,4,0.0,0.0,cons_ndist_speak
consensus,heterogeneous,3,M4,3,3,0.2,0.0,0.0,0.0,false,0.05,0.1,0.1,0.05,1841142524168585220.0,40,true,0.0361340032483615,0.15267955097003078,0.00000639443023254,0.0000047858137376,1,4,0.0,0.0,cons_ndist_speak
consensus,heterogeneous,3,M4,3,3,0.2,0.0,0.0,0.0,false,0.05,0.1,0.1,0.05,4477927936947039200.0,35,true,0.0361340032483615,0.15127364281626116,0.000018339046804,0.00001372557975258,1,4,0.0,0.0,cons_ndist_speak
consensus,heterogeneous,3,M4,3,3,0.2,0.0,0.0,0.0,false,0.05,0.1,0.1,0.05,109591146466576384.0,40,true,0.0361340032483615,0.15267955097003078,0.00000639443023254,0.0000047858137376,1,4,0.0,0.0,cons_ndist_speak
consensus,heterogeneous,3,M4,3,3,0.2,0.0,0.0,0.0,false,0.05,0.1,0.1,0.05,7128893484183252000.0,40,true,0.0361340032483615,0.15267955097003078,0.00000639443023254,0.0000047858137376,1,4,0.0,0.0,cons_ndist_speak
consensus,heterogeneous,3,M4,3,3,0.2,0.0,0.0,0.0,false,0.05,0.1,0.1,0.05,4286360386944651300.0,40,true,0.0361340032483615,0.1526795509700308,0.00000639443023254,0.0000047858137376,1,4,0.0,0.0,cons_ndist_speak
consensus,homogeneous,33,H15,0,5,0.1,0.0,0.0,0.0,false,0.05,0.1,0.1,0.05,4692690466958798800.0,30,true,0.00240269204389574,0.03643680546635025,0.00009989911438957,0.00005454794640308,1,3,0.0,0.0,cons_ndist_speak
consensus,homogeneous,33,H15,0,5,0.1,0.0,0.0,0.0,false,0.05,0.1,0.1,0.05,5702577027890589700.0,30,true,0.00240269204389574,0.03759171234979958,0.00009989911438957,0.00005454794640308,1,3,0.0,0.0,cons_ndist_speak
consensus,homogeneous,33,H15,0,5,0.1,0.0,0.0,0.0,false,0.05,0.1,0.1,0.05,7240713591891685400.0,30,true,0.00240269204389574,0.03789442548004521,0.00009989911438957,0.00005454794640308,1,3,0.0,0.0,cons_ndist_speak
consensus,homogeneous,33,H15,0,5,0.1,0.0,0.0,0.0,false,0.05,0.1,0.1,0.05,4342572612484808700.0,30,true,0.00240269204389574,0.03674435068960297,0.00009989911438957,0.00005454794640308,1,3,0.0,0.0,cons_ndist_speak
consensus,homogeneous,33,H15,0,5,0.1,0.0,0.0,0.0,false,0.05,0.1,0.1,0.05,8803618445054126100.0,30,true,0.00240269204389574,0.03864116636706222,0.00009989911438957,0.00005454794640308,1,3,0.0,0.0,cons_ndist_speak
consensus,homogeneous,33,H15,0,5,0.1,0.0,0.0,0.0,false,0.05,0.1,0.1,0.05,4477927936947039200.0,30,true,0.00240269204389574,0.03653344210277683,0.00009989911438957,0.00005454794640308,1,3,0.0,0.0,cons_ndist_speak
consensus,homogeneous,33,H15,0,5,0.1,0.0,0.0,0.0,false,0.05,0.1,0.1,0.05,7128893484183252000.0,30,true,0.00240269204389574,0.0379759436169454,0.00009989911438957,0.00005454794640308,1,3,0.0,0.0,cons_ndist_speak
consensus,homogeneous,33,H15,0,5,0.1,0.0,0.0,0.0,false,0.05,0.1,0.1,0.05,4398895106259038200.0,35,true,0.00240269204389574,0.03770886159723909,0.00005981328998223,0.00003265987047112,1,3,0.0,0.0,cons_ndist_speak
consensus,homogeneous,33,H15,0,5,0.1,0.0,0.0,0.0,false,0.05,0.1,0.1,0.05,7139002048363152400.0,35,true,0.00240269204389574,0.03870422626047346,0.00005981328998223,0.00003265987047112,1,3,0.0,0.0,cons_ndist_speak
consensus,homogeneous,33,H15,0,5,0.1,0.0,0.0,0.0,false,0.05,0.1,0.1,0.05,8636175130330607600.0,35,true,0.00240269204389574,0.03910910087565149,0.00005981328998223,0.00003265987047112,1,3,0.0,0.0,cons_ndist_speak
consensus,homogeneous,33,H15,0,5,0.1,0.0,0.0,0.0,false,0.05,0.1,0.1,0.05,6905470370856337400.0,35,true,0.00240269204389574,0.03844913897161843,0.00005981328998223,0.00003265987047112,1,3,0.0,0.0,cons_ndist_speak
consensus,heterogeneous,9,M9,2,2,0.1,0.0,0.0,0.0,false,0.05,0.1,0.1,0.05,7139002048363152400.0,55,true,0.01965549714934841,0.1010387119895777,0.00006288221415663,0.00003743607125341,1,3,0.0,0.0,cons_ndist_speak
consensus,homogeneous,33,H15,0,5,0.1,0.0,0.0,0.0,false,0.05,0.1,0.1,0.05,109591146466576384.0,35,true,0.00240269204389574,0.03767572711792511,0.00005981328998223,0.00003265987047112,1,3,0.0,0.0,cons_ndist_speak
consensus,heterogeneous,9,M9,2,2,0.1,0.0,0.0,0.0,false,0.05,0.1,0.1,0.05,8636175130330607600.0,55,true,0.01965549714934841,0.1010387119895777,0.00006288221415663,0.00003743607125342,1,3,0.0,0.0,cons_ndist_speak
consensus,homogeneous,33,H15,0,5,0.1,0.0,0.0,0.0,false,0.05,0.1,0.1,0.05,7043372089166577700.0,35,true,0.00240269204389574,0.03873918406630528,0.00005981328998223,0.00003265987047112,1,3,0.0,0.0,cons_ndist_speak
consensus,heterogeneous,9,M9,2,2,0.1,0.0,0.0,0.0,false,0.05,0.1,0.1,0.05,7240713591891685400.0,55,true,0.01965549714934841,0.10103871198957776,0.00006288221415663,0.00003743607125341,1,3,0.0,0.0,cons_ndist_speak
consensus,heterogeneous,9,M9,2,2,0.1,0.0,0.0,0.0,false,0.05,0.1,0.1,0.05,4692690466958798800.0,55,true,0.01965549714934841,0.1010387119895777,0.00006288221415663,0.00003743607125341,2,3,0.0,0.0,cons_ndist_speak
consensus,homogeneous,33,H15,0,5,0.1,0.0,0.0,0.0,false,0.05,0.1,0.1,0.05,4286360386944651300.0,35,true,0.00240269204389574,0.03781823511385078,0.00005981328998223,0.00003265987047112,1,3,0.0,0.0,cons_ndist_speak
consensus,homogeneous,33,H15,0,5,0.1,0.0,0.0,0.0,false,0.05,0.1,0.1,0.05,1841142524168585220.0,40,true,0.00240269204389574,0.03982518480139043,0.00003581242616974,0.0000195546708818,1,3,0.0,0.0,cons_ndist_speak
consensus,heterogeneous,9,M9,2,2,0.1,0.0,0.0,0.0,false,0.05,0.1,0.1,0.05,6905470370856337400.0,55,true,0.01965549714934841,0.1010387119895777,0.00006288221415663,0.00003743607125341,1,3,0.0,0.0,cons_ndist_speak
consensus,heterogeneous,9,M9,2,2,0.1,0.0,0.0,0.0,false,0.05,0.1,0.1,0.05,5702577027890589700.0,55,true,0.01965549714934841,0.10103871198957781,0.00006288221415663,0.00003743607125341,1,3,0.0,0.0,cons_ndist_speak
consensus,heterogeneous,9,M9,2,2,0.1,0.0,0.0,0.0,false,0.05,0.1,0.1,0.05,1841142524168585220.0,55,true,0.01965549714934841,0.10103871198957773,0.00006288221415663,0.00003743607125341,2,3,0.0,0.0,cons_ndist_speak
consensus,heterogeneous,9,M9,2,2,0.1,0.0,0.0,0.0,false,0.05,0.1,0.1,0.05,4398895106259038200.0,55,true,0.01965549714934841,0.10883426297126697,0.00006288221415663,0.00003743607125341,1,3,0.0,0.0,cons_ndist_speak
consensus,heterogeneous,9,M9,2,2,0.1,0.0,0.0,0.0,false,0.05,0.1,0.1,0.05,8803618445054126100.0,55,true,0.01965549714934841,0.10103871198957773,0.00006288221415663,0.00003743607125341,1,3,0.0,0.0,cons_ndist_speak
consensus,heterogeneous,9,M9,2,2,0.1,0.0,0.0,0.0,false,0.05,0.1,0.1,0.05,4342572612484808700.0,55,true,0.01965549714934841,0.1010387119895777,0.00006288221415663,0.00003743607125341,2,3,0.0,0.0,cons_ndist_speak
consensus,heterogeneous,9,M9,2,2,0.1,0.0,0.0,0.0,false,0.05,0.1,0.1,0.05,7043372089166577700.0,55,true,0.01965549714934841,0.10103871198957767,0.00006288221415663,0.00003743607125342,1,3,0.0,0.0,cons_ndist_speak
consensus,heterogeneous,9,M9,2,2,0.1,0.0,0.0,0.0,false,0.05,0.1,0.1,0.05,109591146466576384.0,55,true,0.01965549714934841,0.10103871198957776,0.00006288221415663,0.00003743607125341,1,3,0.0,0.0,cons_ndist_speak
consensus,heterogeneous,9,M9,2,2,0.1,0.0,0.0,0.0,false,0.05,0.1,0.1,0.05,7128893484183252000.0,55,true,0.01965549714934841,0.10103871198957773,0.00006288221415663,0.00003743607125341,1,3,0.0,0.0,cons_ndist_speak
consensus,heterogeneous,9,M9,2,2,0.1,0.0,0.0,0.0,false,0.05,0.1,0.1,0.05,4477927936947039200.0,55,true,0.01965549714934841,0.10103871198957767,0.00006288221415663,0.00003743607125341,1,3,0.0,0.0,cons_ndist_speak
consensus,heterogeneous,9,M9,2,2,0.1,0.0,0.0,0.0,false,0.05,0.1,0.1,0.05,4286360386944651300.0,55,true,0.01965549714934841,0.1010387119895777,0.00006288221415663,0.00003743607125341,1,3,0.0,0.0,cons_ndist_speak
consensus,heterogeneous,37,M34,3,3,0.1,0.0,0.0,0.0,false,0.05,0.1,0.1,0.05,7139002048363152400.0,55,true,0.03352094317986969,0.13575249760885788,0.00010724079435654,0.00007844313332998,2,4,0.0,0.0,cons_ndist_speak
consensus,homogeneous,38,H19,0,6,0.3,0.0,0.0,0.0,false,0.05,0.1,0.1,0.05,7240713591891685400.0,25,true,0.00801496443234644,0.0773614148019545,0.00000171271750535,0.00000105787232038,1,3,0.0,0.0,cons_ndist_speak
consensus,homogeneous,38,H19,0,6,0.3,0.0,0.0,0.0,false,0.05,0.1,0.1,0.05,7139002048363152400.0,25,true,0.00801496443234644,0.06801584554790213,0.00000171271750535,0.00000105787232038,1,3,0.0,0.0,cons_ndist_speak
consensus,homogeneous,38,H19,0,6,0.3,0.0,0.0,0.0,false,0.05,0.1,0.1,0.05,6905470370856337400.0,25,true,0.00801496443234644,0.07114810172154742,0.00000171271750535,0.00000105787232038,1,3,0.0,0.0,cons_ndist_speak
consensus,homogeneous,38,H19,0,6,0.3,0.0,0.0,0.0,false,0.05,0.1,0.1,0.05,5702577027890589700.0,25,true,0.00801496443234644,0.07292909715679761,0.00000171271750535,0.00000105787232038,1,3,0.0,0.0,cons_ndist_speak
consensus,homogeneous,38,H19,0,6,0.3,0.0,0.0,0.0,false,0.05,0.1,0.1,0.05,4692690466958798800.0,25,true,0.00801496443234644,0.07625225829881749,0.00000171271750535,0.00000105787232038,1,3,0.0,0.0,cons_ndist_speak
consensus,homogeneous,38,H19,0,6,0.3,0.0,0.0,0.0,false,0.05,0.1,0.1,0.05,8636175130330607600.0,25,true,0.00801496443234644,0.07662163318117683,0.00000171271750535,0.00000105787232038,1,3,0.0,0.0,cons_ndist_speak
consensus,heterogeneous,15,M20,2,2,0.5,0.0,0.0,0.0,false,0.05,0.1,0.1,0.05,7139002048363152400.0,15,true,0.01619926630551272,0.15643523461962833,0.00000162725559528,0.00000108552671046,1,3,0.0,0.0,cons_ndist_speak
consensus,heterogeneous,15,M20,2,2,0.5,0.0,0.0,0.0,false,0.05,0.1,0.1,0.05,7240713591891685400.0,15,true,0.01619926630551272,0.15643523461962833,0.00000162725559528,0.00000108552671046,1,3,0.0,0.0,cons_ndist_speak
consensus,homogeneous,38,H19,0,6,0.3,0.0,0.0,0.0,false,0.05,0.1,0.1,0.05,1841142524168585220.0,25,true,0.00801496443234644,0.07278922013069597,0.00000171271750535,0.00000105787232038,1,3,0.0,0.0,cons_ndist_speak
consensus,homogeneous,38,H19,0,6,0.3,0.0,0.0,0.0,false,0.05,0.1,0.1,0.05,8803618445054126100.0,25,true,0.00801496443234644,0.0853875881526014,0.00000171271750535,0.00000105787232038,1,3,0.0,0.0,cons_ndist_speak
consensus,homogeneous,38,H19,0,6,0.3,0.0,0.0,0.0,false,0.05,0.1,0.1,0.05,4398895106259038200.0,25,true,0.00801496443234644,0.0665635179148372,0.00000171271750535,0.00000105787232038,1,3,0.0,0.0,cons_ndist_speak
consensus,heterogeneous,37,M34,3,3,0.1,0.0,0.0,0.0,false,0.05,0.1,0.1,0.05,7240713591891685400.0,65,true,0.03352094317986969,0.13822329773340356,0.00003844431508473,0.00002812075900841,2,4,0.0,0.0,cons_ndist_speak
consensus,homogeneous,38,H19,0,6,0.3,0.0,0.0,0.0,false,0.05,0.1,0.1,0.05,4342572612484808700.0,25,true,0.00801496443234644,0.0652961655331418,0.00000171271750535,0.00000105787232038,1,3,0.0,0.0,cons_ndist_speak
consensus,homogeneous,38,H19,0,6,0.3,0.0,0.0,0.0,false,0.05,0.1,0.1,0.05,7043372089166577700.0,25,true,0.00801496443234644,0.08996346470090234,0.00000171271750535,0.00000105787232038,1,3,0.0,0.0,cons_ndist_speak
consensus,homogeneous,38,H19,0,6,0.3,0.0,0.0,0.0,false,0.05,0.1,0.1,0.05,7128893484183252000.0,25,true,0.00801496443234644,0.08140772189804803,0.00000171271750535,0.00000105787232038,1,3,0.0,0.0,cons_ndist_speak
consensus,homogeneous,38,H19,0,6,0.3,0.0,0.0,0.0,false,0.05,0.1,0.1,0.05,109591146466576384.0,25,true,0.00801496443234644,0.07091381192159571,0.00000171271750535,0.00000105787232038,1,3,0.0,0.0,cons_ndist_speak
consensus,homogeneous,38,H19,0,6,0.3,0.0,0.0,0.0,false,0.05,0.1,0.1,0.05,4477927936947039200.0,25,true,0.00801496443234644,0.06951755623181255,0.00000171271750535,0.00000105787232038,1,3,0.0,0.0,cons_ndist_speak
consensus,heterogeneous,15,M20,2,2,0.5,0.0,0.0,0.0,false,0.05,0.1,0.1,0.05,8636175130330607600.0,15,true,0.01619926630551272,0.15643523461962833,0.00000162725559528,0.00000108552671046,1,3,0.0,0.0,cons_ndist_speak
consensus,heterogeneous,15,M20,2,2,0.5,0.0,0.0,0.0,false,0.05,0.1,0.1,0.05,6905470370856337400.0,15,true,0.01619926630551272,0.15643523461962827,0.00000162725559528,0.00000108552671046,1,3,0.0,0.0,cons_ndist_speak
consensus,heterogeneous,15,M20,2,2,0.5,0.0,0.0,0.0,false,0.05,0.1,0.1,0.05,4692690466958798800.0,15,true,0.01619926630551272,0.15643523461962827,0.00000162725559528,0.00000108552671046,1,3,0.0,0.0,cons_ndist_speak
consensus,homogeneous,38,H19,0,6,0.3,0.0,0.0,0.0,false,0.05,0.1,0.1,0.05,4286360386944651300.0,25,true,0.00801496443234644,0.07293978116655638,0.00000171271750535,0.00000105787232038,1,3,0.0,0.0,cons_ndist_speak
consensus,heterogeneous,15,M20,2,2,0.5,0.0,0.0,0.0,false,0.05,0.1,0.1,0.05,4398895106259038200.0,15,true,0.01619926630551272,0.15643523461962833,0.00000162725559528,0.00000108552671046,1,3,0.0,0.0,cons_ndist_speak
consensus,heterogeneous,15,M20,2,2,0.5,0.0,0.0,0.0,false,0.05,0.1,0.1,0.05,1841142524168585220.0,15,true,0.01619926630551272,0.15643523461962827,0.00000162725559528,0.00000108552671046,1,3,0.0,0.0,cons_ndist_speak
consensus,heterogeneous,15,M20,2,2,0.5,0.0,0.0,0.0,false,0.05,0.1,0.1,0.05,5702577027890589700.0,15,true,0.01619926630551272,0.15643523461962827,0.00000162725559528,0.00000108552671046,1,3,0.0,0.0,cons_ndist_speak
consensus,heterogeneous,15,M20,2,2,0.5,0.0,0.0,0.0,false,0.05,0.1,0.1,0.05,8803618445054126100.0,15,true,0.01619926630551272,0.15643523461962833,0.00000162725559528,0.00000108552671046,1,3,0.0,0.0,cons_ndist_speak
consensus,heterogeneous,15,M20,2,2,0.5,0.0,0.0,0.0,false,0.05,0.1,0.1,0.05,4342572612484808700.0,15,true,0.01619926630551272,0.15643523461962833,0.00000162725559528,0.00000108552671046,1,3,0.0,0.0,cons_ndist_speak
consensus,heterogeneous,15,M20,2,2,0.5,0.0,0.0,0.0,false,0.05,0.1,0.1,0.05,7043372089166577700.0,15,true,0.01619926630551272,0.15643523461962827,0.00000162725559528,0.00000108552671046,1,3,0.0,0.0,cons_ndist_speak
consensus,heterogeneous,15,M20,2,2,0.5,0.0,0.0,0.0,false,0.05,0.1,0.1,0.05,109591146466576384.0,15,true,0.01619926630551272,0.15643523461962833,0.00000162725559528,0.00000108552671046,1,3,0.0,0.0,cons_ndist_speak
consensus,heterogeneous,15,M20,2,2,0.5,0.0,0.0,0.0,false,0.05,0.1,0.1,0.05,4477927936947039200.0,15,true,0.01619926630551272,0.15643523461962827,0.00000162725559528,0.00000108552671046,1,3,0.0,0.0,cons_ndist_speak
consensus,heterogeneous,15,M20,2,2,0.5,0.0,0.0,0.0,false,0.05,0.1,0.1,0.05,7128893484183252000.0,15,true,0.01619926630551272,0.15643523461962827,0.00000162725559528,0.00000108552671046,1,3,0.0,0.0,cons_ndist_speak
consensus,heterogeneous,37,M34,3,3,0.1,0.0,0.0,0.0,false,0.05,0.1,0.1,0.05,4398895106259038200.0,55,true,0.03352094317986969,0.14828287023024211,0.00010724079435654,0.00007844313332998,1,4,0.0,0.0,cons_ndist_speak
consensus,heterogeneous,37,M34,3,3,0.1,0.0,0.0,0.0,false,0.05,0.1,0.1,0.05,8803618445054126100.0,55,true,0.03352094317986969,0.13704089149614304,0.00010724079435654,0.00007844313332998,2,4,0.0,0.0,cons_ndist_speak
consensus,heterogeneous,37,M34,3,3,0.1,0.0,0.0,0.0,false,0.05,0.1,0.1,0.05,4692690466958798800.0,60,true,0.03352094317986969,0.13542259241492172,0.00006420902497453,0.00004696680155426,1,4,0.0,0.0,cons_ndist_speak
consensus,heterogeneous,37,M34,3,3,0.1,0.0,0.0,0.0,false,0.05,0.1,0.1,0.05,8636175130330607600.0,60,true,0.03352094317986969,0.1390722717103178,0.00006420902497453,0.00004696680155426,2,4,0.0,0.0,cons_ndist_speak
consensus,heterogeneous,37,M34,3,3,0.1,0.0,0.0,0.0,false,0.05,0.1,0.1,0.05,7043372089166577700.0,55,true,0.03352094317986969,0.1433249204041076,0.00010724079435654,0.00007844313332998,1,4,0.0,0.0,cons_ndist_speak
consensus,heterogeneous,15,M20,2,2,0.5,0.0,0.0,0.0,false,0.05,0.1,0.1,0.05,4286360386944651300.0,15,true,0.01619926630551272,0.15643523461962827,0.00000162725559528,0.00000108552671046,1,3,0.0,0.0,cons_ndist_speak
consensus,heterogeneous,37,M34,3,3,0.1,0.0,0.0,0.0,false,0.05,0.1,0.1,0.05,4342572612484808700.0,55,true,0.03352094317986969,0.1334504744882616,0.00010724079435654,0.00007844313332998,1,4,0.0,0.0,cons_ndist_speak
consensus,heterogeneous,37,M34,3,3,0.1,0.0,0.0,0.0,false,0.05,0.1,0.1,0.05,6905470370856337400.0,65,true,0.03352094317986969,0.13694857967307342,0.00003844431508473,0.00002812075900841,1,4,0.0,0.0,cons_ndist_speak
consensus,heterogeneous,37,M34,3,3,0.1,0.0,0.0,0.0,false,0.05,0.1,0.1,0.05,7128893484183252000.0,60,true,0.03352094317986969,0.13542259241492172,0.00006420902497453,0.00004696680155426,1,4,0.0,0.0,cons_ndist_speak
consensus,homogeneous,40,H18,0,4,0.3,0.0,0.0,0.0,false,0.05,0.1,0.1,0.05,8636175130330607600.0,20,true,0.00975649903013544,0.13204184440703876,0.00001058982749675,0.0000087305626887,1,2,0.0,0.0,cons_ndist_speak
consensus,heterogeneous,37,M34,3,3,0.1,0.0,0.0,0.0,false,0.05,0.1,0.1,0.05,5702577027890589700.0,65,true,0.03352094317986969,0.1369485796730734,0.00003844431508473,0.00002812075900841,1,4,0.0,0.0,cons_ndist_speak
consensus,heterogeneous,37,M34,3,3,0.1,0.0,0.0,0.0,false,0.05,0.1,0.1,0.05,1841142524168585220.0,65,true,0.03352094317986969,0.1369485796730733,0.00003844431508473,0.00002812075900841,1,4,0.0,0.0,cons_ndist_speak
consensus,heterogeneous,37,M34,3,3,0.1,0.0,0.0,0.0,false,0.05,0.1,0.1,0.05,4477927936947039200.0,60,true,0.03352094317986969,0.1422162717982841,0.00006420902497453,0.00004696680155426,1,4,0.0,0.0,cons_ndist_speak
consensus,homogeneous,40,H18,0,4,0.3,0.0,0.0,0.0,false,0.05,0.1,0.1,0.05,7240713591891685400.0,25,true,0.00975649903013544,0.13580379756645117,0.00000208486598049,0.0000017188243289,1,2,0.0,0.0,cons_ndist_speak
consensus,homogeneous,40,H18,0,4,0.3,0.0,0.0,0.0,false,0.05,0.1,0.1,0.05,7043372089166577700.0,20,true,0.00975649903013544,0.11817686854988771,0.00001058982749675,0.0000087305626887,1,2,0.0,0.0,cons_ndist_speak
consensus,homogeneous,40,H18,0,4,0.3,0.0,0.0,0.0,false,0.05,0.1,0.1,0.05,7139002048363152400.0,25,true,0.00975649903013544,0.1353667029951831,0.00000208486598049,0.0000017188243289,1,2,0.0,0.0,cons_ndist_speak
consensus,heterogeneous,37,M34,3,3,0.1,0.0,0.0,0.0,false,0.05,0.1,0.1,0.05,109591146466576384.0,65,true,0.03352094317986969,0.13739705861064763,0.00003844431508473,0.00002812075900841,2,4,0.0,0.0,cons_ndist_speak
consensus,homogeneous,40,H18,0,4,0.3,0.0,0.0,0.0,false,0.05,0.1,0.1,0.05,4692690466958798800.0,25,true,0.00975649903013544,0.12219667954247608,0.00000208486598049,0.0000017188243289,1,2,0.0,0.0,cons_ndist_speak
consensus,heterogeneous,37,M34,3,3,0.1,0.0,0.0,0.0,false,0.05,0.1,0.1,0.05,4286360386944651300.0,65,true,0.03352094317986969,0.1369485796730734,0.00003844431508473,0.00002812075900841,1,4,0.0,0.0,cons_ndist_speak
consensus,homogeneous,40,H18,0,4,0.3,0.0,0.0,0.0,false,0.05,0.1,0.1,0.05,6905470370856337400.0,25,true,0.00975649903013544,0.11544463043181447,0.00000208486598049,0.0000017188243289,1,2,0.0,0.0,cons_ndist_speak
consensus,homogeneous,40,H18,0,4,0.3,0.0,0.0,0.0,false,0.05,0.1,0.1,0.05,5702577027890589700.0,25,true,0.00975649903013544,0.13236088033066495,0.00000208486598049,0.0000017188243289,1,2,0.0,0.0,cons_ndist_speak
consensus,homogeneous,40,H18,0,4,0.3,0.0,0.0,0.0,false,0.05,0.1,0.1,0.05,1841142524168585220.0,25,true,0.00975649903013544,0.13116152849224533,0.00000208486598049,0.0000017188243289,1,2,0.0,0.0,cons_ndist_speak
consensus,homogeneous,40,H18,0,4,0.3,0.0,0.0,0.0,false,0.05,0.1,0.1,0.05,4398895106259038200.0,25,true,0.00975649903013544,0.15912969622470519,0.00000208486598049,0.0000017188243289,1,2,0.0,0.0,cons_ndist_speak
consensus,homogeneous,40,H18,0,4,0.3,0.0,0.0,0.0,false,0.05,0.1,0.1,0.05,8803618445054126100.0,25,true,0.00975649903013544,0.13753618670611906,0.00000208486598049,0.0000017188243289,1,2,0.0,0.0,cons_ndist_speak
consensus,homogeneous,40,H18,0,4,0.3,0.0,0.0,0.0,false,0.05,0.1,0.1,0.05,4342572612484808700.0,25,true,0.00975649903013544,0.1291269612287304,0.00000208486598049,0.0000017188243289,1,2,0.0,0.0,cons_ndist_speak
consensus,homogeneous,40,H18,0,4,0.3,0.0,0.0,0.0,false,0.05,0.1,0.1,0.05,109591146466576384.0,25,true,0.00975649903013544,0.1386182371573888,0.00000208486598049,0.0000017188243289,1,2,0.0,0.0,cons_ndist_speak
consensus,homogeneous,40,H18,0,4,0.3,0.0,0.0,0.0,false,0.05,0.1,0.1,0.05,7128893484183252000.0,25,true,0.00975649903013544,0.12362230872179329,0.00000208486598049,0.0000017188243289,1,2,0.0,0.0,cons_ndist_speak
consensus,homogeneous,40,H18,0,4,0.3,0.0,0.0,0.0,false,0.05,0.1,0.1,0.05,4286360386944651300.0,25,true,0.00975649903013544,0.11109341507211032,0.00000208486598049,0.0000017188243289,1,2,0.0,0.0,cons_ndist_speak
consensus,homogeneous,40,H18,0,4,0.3,0.0,0.0,0.0,false,0.05,0.1,0.1,0.05,4477927936947039200.0,25,true,0.00975649903013544,0.13755299112118075,0.00000208486598049,0.0000017188243289,1,2,0.0,0.0,cons_ndist_speak
consensus,heterogeneous,1,M1,3,3,0.5,0.0,0.0,0.0,true,0.0,0.0,0.0,0.0,6905470370856337400.0,15,true,0.0306388856143309,0.17982171205567524,0.00000307775038134,0.00000229770833358,1,3,0.0,0.0,cons_dist_speak
consensus,heterogeneous,1,M1,3,3,0.5,0.0,0.0,0.0,true,0.0,0.0,0.0,0.0,8803618445054126100.0,15,true,0.0306388856143309,0.17423422621760887,0.00000307775038134,0.00000229770833358,1,3,0.0,0.0,cons_dist_speak
consensus,heterogeneous,1,M1,3,3,0.5,0.0,0.0,0.0,true,0.0,0.0,0.0,0.0,4342572612484808700.0,15,true,0.0306388856143309,0.17423422621760895,0.00000307775038134,0.00000229770833358,1,3,0.0,0.0,cons_dist_speak
consensus,heterogeneous,1,M1,3,3,0.5,0.0,0.0,0.0,true,0.0,0.0,0.0,0.0,7240713591891685400.0,20,true,0.0306388856143309,0.17552447765529997,0.00000017331894137,0.00000012939203204,1,3,0.0,0.0,cons_dist_speak
consensus,heterogeneous,1,M1,3,3,0.5,0.0,0.0,0.0,true,0.0,0.0,0.0,0.0,7043372089166577700.0,20,true,0.0306388856143309,0.17552447765530008,0.00000017331894137,0.00000012939203204,1,3,0.0,0.0,cons_dist_speak
consensus,heterogeneous,1,M1,3,3,0.5,0.0,0.0,0.0,true,0.0,0.0,0.0,0.0,4398895106259038200.0,20,true,0.0306388856143309,0.17552447765530002,0.00000017331894137,0.00000012939203204,1,3,0.0,0.0,cons_dist_speak
consensus,heterogeneous,1,M1,3,3,0.5,0.0,0.0,0.0,true,0.0,0.0,0.0,0.0,1841142524168585220.0,20,true,0.0306388856143309,0.17552447765530008,0.00000017331894137,0.00000012939203204,1,3,0.0,0.0,cons_dist_speak
consensus,heterogeneous,1,M1,3,3,0.5,0.0,0.0,0.0,true,0.0,0.0,0.0,0.0,7139002048363152400.0,20,true,0.0306388856143309,0.17552447765530008,0.00000017331894137,0.00000012939203204,1,3,0.0,0.0,cons_dist_speak
consensus,heterogeneous,1,M1,3,3,0.5,0.0,0.0,0.0,true,0.0,0.0,0.0,0.0,8636175130330607600.0,20,true,0.0306388856143309,0.17552447765530008,0.00000017331894137,0.00000012939203204,1,3,0.0,0.0,cons_dist_speak
consensus,heterogeneous,1,M1,3,3,0.5,0.0,0.0,0.0,true,0.0,0.0,0.0,0.0,5702577027890589700.0,20,true,0.0306388856143309,0.17552447765530008,0.00000017331894137,0.00000012939203204,1,3,0.0,0.0,cons_dist_speak
consensus,heterogeneous,1,M1,3,3,0.5,0.0,0.0,0.0,true,0.0,0.0,0.0,0.0,4692690466958798800.0,20,true,0.0306388856143309,0.18975161697314388,0.00000017331894137,0.00000012939203204,1,3,0.0,0.0,cons_dist_speak
consensus,heterogeneous,1,M1,3,3,0.5,0.0,0.0,0.0,true,0.0,0.0,0.0,0.0,4477927936947039200.0,20,true,0.0306388856143309,0.17552447765530008,0.00000017331894137,0.00000012939203204,1,3,0.0,0.0,cons_dist_speak
consensus,heterogeneous,1,M1,3,3,0.5,0.0,0.0,0.0,true,0.0,0.0,0.0,0.0,4286360386944651300.0,20,true,0.0306388856143309,0.18857638626594364,0.00000017331894137,0.00000012939203204,1,3,0.0,0.0,cons_dist_speak
consensus,heterogeneous,1,M1,3,3,0.5,0.0,0.0,0.0,true,0.0,0.0,0.0,0.0,7128893484183252000.0,20,true,0.0306388856143309,0.17552447765530008,0.00000017331894137,0.00000012939203204,1,3,0.0,0.0,cons_dist_speak
consensus,heterogeneous,1,M1,3,3,0.5,0.0,0.0,0.0,true,0.0,0.0,0.0,0.0,109591146466576384.0,20,true,0.0306388856143309,0.17552447765530008,0.00000017331894137,0.00000012939203204,1,3,0.0,0.0,cons_dist_speak
consensus,heterogeneous,3,M4,3,3,0.2,0.0,0.0,0.0,true,0.0,0.0,0.0,0.0,7139002048363152400.0,35,true,0.0361340032483615,0.15127364281626116,0.000018339046804,0.00001372557975258,2,4,0.0,0.0,cons_dist_speak
consensus,heterogeneous,3,M4,3,3,0.2,0.0,0.0,0.0,true,0.0,0.0,0.0,0.0,7240713591891685400.0,40,true,0.0361340032483615,0.1526795509700308,0.00000639443023254,0.0000047858137376,1,4,0.0,0.0,cons_dist_speak
consensus,heterogeneous,14,M15,3,3,0.1,0.0,0.0,0.0,true,0.05,0.0,0.0,0.0,4692690466958798800.0,45,true,0.02458731638660266,0.11115475096014137,0.00154506049557708,0.0014576770081699,3,5,0.0,0.0,cons_dist_speak
consensus,heterogeneous,14,M15,3,3,0.1,0.0,0.0,0.0,true,0.05,0.0,0.0,0.0,7240713591891685400.0,45,true,0.02458731638660266,0.1163292142823622,0.00118611289552659,0.00108442137392701,2,5,0.0,0.0,cons_dist_speak
consensus,heterogeneous,14,M15,3,3,0.1,0.0,0.0,0.0,true,0.05,0.0,0.0,0.0,4286360386944651300.0,45,true,0.02458731638660266,0.11174845973882104,0.00150548598142684,0.00142767282159509,2,5,0.0,0.0,cons_dist_speak
consensus,heterogeneous,14,M15,3,3,0.5,0.0,0.0,0.0,true,0.05,0.0,0.0,0.0,7240713591891685400.0,20,true,0.02458731638660266,0.12453200130020962,0.00000036600030545,0.00000031835048391,1,5,0.0,0.0,cons_dist_speak
consensus,heterogeneous,14,M15,3,3,0.5,0.0,0.0,0.0,true,0.05,0.0,0.0,0.0,7139002048363152400.0,20,true,0.02458731638660266,0.12449151726965318,0.00000044715618755,0.00000041192435583,1,5,0.0,0.0,cons_dist_speak
consensus,heterogeneous,14,M15,3,3,0.1,0.0,0.0,0.0,true,0.05,0.0,0.0,0.0,4398895106259038200.0,50,true,0.02458731638660266,0.13364899148083473,0.00067896137317058,0.00065933357241062,2,5,0.0,0.0,cons_dist_speak
consensus,heterogeneous,14,M15,3,3,0.1,0.0,0.0,0.0,true,0.05,0.0,0.0,0.0,7139002048363152400.0,50,true,0.02458731638660266,0.11773884448929868,0.00107137676316623,0.00106650156082036,2,5,0.0,0.0,cons_dist_speak
consensus,heterogeneous,14,M15,3,3,0.1,0.0,0.0,0.0,true,0.05,0.0,0.0,0.0,4342572612484808700.0,50,true,0.02458731638660266,0.11887070418311607,0.00096647326892579,0.00095554053823204,2,5,0.0,0.0,cons_dist_speak
consensus,heterogeneous,3,M4,3,3,0.2,0.0,0.0,0.0,true,0.0,0.0,0.0,0.0,4692690466958798800.0,35,true,0.0361340032483615,0.155089798249251,0.000018339046804,0.00001372557975258,1,4,0.0,0.0,cons_dist_speak
consensus,heterogeneous,14,M15,3,3,0.1,0.0,0.0,0.0,true,0.05,0.0,0.0,0.0,7128893484183252000.0,55,true,0.02458731638660266,0.11638868082484617,0.0011266604649499,0.00119002319744565,2,5,0.0,0.0,cons_dist_speak
consensus,heterogeneous,3,M4,3,3,0.2,0.0,0.0,0.0,true,0.0,0.0,0.0,0.0,6905470370856337400.0,40,true,0.0361340032483615,0.15708438635717956,0.00000639443023254,0.0000047858137376,1,4,0.0,0.0,cons_dist_speak
consensus,heterogeneous,14,M15,3,3,0.1,0.0,0.0,0.0,true,0.05,0.0,0.0,0.0,6905470370856337400.0,55,true,0.02458731638660266,0.11334221710996815,0.00128434634131628,0.00137576253975289,2,5,0.0,0.0,cons_dist_speak
consensus,heterogeneous,14,M15,3,3,0.1,0.0,0.0,0.0,true,0.05,0.0,0.0,0.0,4477927936947039200.0,55,true,0.02458731638660266,0.1220046505016945,0.00077368682041704,0.00082190331713436,2,5,0.0,0.0,cons_dist_speak
consensus,heterogeneous,14,M15,3,3,0.5,0.0,0.0,0.0,true,0.05,0.0,0.0,0.0,4692690466958798800.0,20,true,0.02458731638660266,0.1244414539399251,0.00000057343203702,0.00000054977551759,1,5,0.0,0.0,cons_dist_speak
consensus,heterogeneous,3,M4,3,3,0.2,0.0,0.0,0.0,true,0.0,0.0,0.0,0.0,4477927936947039200.0,35,true,0.0361340032483615,0.15127364281626116,0.000018339046804,0.00001372557975258,1,4,0.0,0.0,cons_dist_speak
consensus,heterogeneous,3,M4,3,3,0.2,0.0,0.0,0.0,true,0.0,0.0,0.0,0.0,4342572612484808700.0,35,true,0.0361340032483615,0.15127364281626116,0.000018339046804,0.00001372557975258,1,4,0.0,0.0,cons_dist_speak
consensus,heterogeneous,3,M4,3,3,0.2,0.0,0.0,0.0,true,0.0,0.0,0.0,0.0,8636175130330607600.0,40,true,0.0361340032483615,0.15267955097003075,0.00000639443023254,0.0000047858137376,1,4,0.0,0.0,cons_dist_speak
consensus,heterogeneous,14,M15,3,3,0.5,0.0,0.0,0.0,true,0.05,0.0,0.0,0.0,8636175130330607600.0,15,true,0.02458731638660266,0.12327533731267791,0.00000411004444538,0.00000327379513746,1,5,0.0,0.0,cons_dist_speak
consensus,heterogeneous,3,M4,3,3,0.2,0.0,0.0,0.0,true,0.0,0.0,0.0,0.0,8803618445054126100.0,40,true,0.0361340032483615,0.1526795509700308,0.00000639443023254,0.0000047858137376,1,4,0.0,0.0,cons_dist_speak
consensus,heterogeneous,14,M15,3,3,0.1,0.0,0.0,0.0,true,0.05,0.0,0.0,0.0,109591146466576384.0,60,true,0.02458731638660266,0.12241359716131263,0.00073681531519215,0.00082354880799749,2,5,0.0,0.0,cons_dist_speak
consensus,heterogeneous,3,M4,3,3,0.2,0.0,0.0,0.0,true,0.0,0.0,0.0,0.0,1841142524168585220.0,40,true,0.0361340032483615,0.15267955097003078,0.00000639443023254,0.0000047858137376,1,4,0.0,0.0,cons_dist_speak
consensus,heterogeneous,14,M15,3,3,0.1,0.0,0.0,0.0,true,0.05,0.0,0.0,0.0,1841142524168585220.0,60,true,0.02458731638660266,0.12108825429148334,0.00076054234652106,0.00086185908697744,2,5,0.0,0.0,cons_dist_speak
consensus,heterogeneous,3,M4,3,3,0.2,0.0,0.0,0.0,true,0.0,0.0,0.0,0.0,7043372089166577700.0,40,true,0.0361340032483615,0.1526795509700308,0.00000639443023254,0.0000047858137376,1,4,0.0,0.0,cons_dist_speak
consensus,heterogeneous,14,M15,3,3,0.1,0.0,0.0,0.0,true,0.05,0.0,0.0,0.0,5702577027890589700.0,60,true,0.02458731638660266,0.11765473417532905,0.00098692777059175,0.0010913111970692,2,5,0.0,0.0,cons_dist_speak
consensus,heterogeneous,3,M4,3,3,0.2,0.0,0.0,0.0,true,0.0,0.0,0.0,0.0,5702577027890589700.0,40,true,0.0361340032483615,0.1526795509700308,0.00000639443023254,0.0000047858137376,1,4,0.0,0.0,cons_dist_speak
consensus,heterogeneous,3,M4,3,3,0.2,0.0,0.0,0.0,true,0.0,0.0,0.0,0.0,4398895106259038200.0,40,true,0.0361340032483615,0.1526795509700308,0.00000639443023254,0.0000047858137376,1,4,0.0,0.0,cons_dist_speak
consensus,heterogeneous,3,M4,3,3,0.2,0.0,0.0,0.0,true,0.0,0.0,0.0,0.0,7128893484183252000.0,40,true,0.0361340032483615,0.15267955097003078,0.00000639443023254,0.0000047858137376,1,4,0.0,0.0,cons_dist_speak
consensus,heterogeneous,14,M15,3,3,0.5,0.0,0.0,0.0,true,0.05,0.0,0.0,0.0,1841142524168585220.0,15,true,0.02458731638660266,0.12315685026035428,0.00000488774330501,0.00000408079817992,1,5,0.0,0.0,cons_dist_speak
consensus,heterogeneous,3,M4,3,3,0.2,0.0,0.0,0.0,true,0.0,0.0,0.0,0.0,4286360386944651300.0,40,true,0.0361340032483615,0.1526795509700308,0.00000639443023254,0.0000047858137376,1,4,0.0,0.0,cons_dist_speak
consensus,heterogeneous,3,M4,3,3,0.2,0.0,0.0,0.0,true,0.0,0.0,0.0,0.0,109591146466576384.0,40,true,0.0361340032483615,0.15267955097003078,0.00000639443023254,0.0000047858137376,1,4,0.0,0.0,cons_dist_speak
consensus,heterogeneous,14,M15,3,3,0.1,0.0,0.0,0.0,true,0.05,0.0,0.0,0.0,8803618445054126100.0,65,true,0.02458731638660266,0.1283952497069338,0.00053498675090749,0.00060504834263305,2,5,0.0,0.0,cons_dist_speak
consensus,heterogeneous,14,M15,3,3,0.5,0.0,0.0,0.0,true,0.05,0.0,0.0,0.0,6905470370856337400.0,20,true,0.02458731638660266,0.12439251755155456,0.00000070463732439,0.00000069394700799,1,5,0.0,0.0,cons_dist_speak
consensus,heterogeneous,14,M15,3,3,0.1,0.0,0.0,0.0,true,0.05,0.0,0.0,0.0,8636175130330607600.0,65,true,0.02458731638660266,0.12995137361516604,0.00049972194131113,0.00055293627174708,2,5,0.0,0.0,cons_dist_speak
consensus,heterogeneous,14,M15,3,3,0.5,0.0,0.0,0.0,true,0.05,0.0,0.0,0.0,8803618445054126100.0,20,true,0.02458731638660266,0.12558438467573674,0.00000033816805761,0.00000029177594191,1,5,0.0,0.0,cons_dist_speak
consensus,heterogeneous,14,M15,3,3,0.5,0.0,0.0,0.0,true,0.05,0.0,0.0,0.0,5702577027890589700.0,20,true,0.02458731638660266,0.12448191283779599,0.00000046788028753,0.00000043622164544,1,5,0.0,0.0,cons_dist_speak
consensus,heterogeneous,14,M15,3,3,0.5,0.0,0.0,0.0,true,0.05,0.0,0.0,0.0,4398895106259038200.0,20,true,0.02458731638660266,0.1672981254440585,0.00000021713943737,0.00000016948880024,1,5,0.0,0.0,cons_dist_speak
consensus,heterogeneous,14,M15,3,3,0.5,0.0,0.0,0.0,true,0.05,0.0,0.0,0.0,7128893484183252000.0,15,true,0.02458731638660266,0.12333648705181154,0.00000377886008428,0.00000295075175172,2,5,0.0,0.0,cons_dist_speak
consensus,heterogeneous,14,M15,3,3,0.5,0.0,0.0,0.0,true,0.05,0.0,0.0,0.0,4342572612484808700.0,20,true,0.02458731638660266,0.12453776835177822,0.00000036373257144,0.00000031542544113,1,5,0.0,0.0,cons_dist_speak
consensus,heterogeneous,14,M15,3,3,0.1,0.0,0.0,0.0,true,0.05,0.0,0.0,0.0,7043372089166577700.0,70,true,0.02458731638660266,0.1241084359088896,0.00055071412446495,0.00062770393710845,2,5,0.0,0.0,cons_dist_speak
consensus,heterogeneous,14,M15,3,3,0.5,0.0,0.0,0.0,true,0.05,0.0,0.0,0.0,7043372089166577700.0,20,true,0.02458731638660266,0.12449472637094694,0.00000045083120089,0.00000040598586969,1,5,0.0,0.0,cons_dist_speak
consensus,heterogeneous,14,M15,3,3,0.5,0.0,0.0,0.0,true,0.05,0.0,0.0,0.0,109591146466576384.0,20,true,0.02458731638660266,0.12455996714804501,0.00000031349865009,0.00000026449704006,1,5,0.0,0.0,cons_dist_speak
consensus,heterogeneous,14,M15,3,3,0.5,0.0,0.0,0.0,true,0.05,0.0,0.0,0.0,4477927936947039200.0,20,true,0.02458731638660266,0.12452950855009433,0.00000037464777822,0.00000032837022895,1,5,0.0,0.0,cons_dist_speak
consensus,heterogeneous,14,M15,3,3,0.5,0.0,0.0,0.0,true,0.05,0.0,0.0,0.0,4286360386944651300.0,20,true,0.02458731638660266,0.12449543706782161,0.00000045739535813,0.00000041567873319,1,5,0.0,0.0,cons_dist_speak
consensus,heterogeneous,12,M13,3,3,0.3,0.0,0.0,0.0,true,0.1,0.0,0.0,0.0,7240713591891685400.0,30,true,0.03278937715525453,0.17062063447698886,0.00002678944937988,0.00003201038650472,1,5,0.0,0.0,cons_dist_speak
consensus,heterogeneous,12,M13,3,3,0.3,0.0,0.0,0.0,true,0.1,0.0,0.0,0.0,7128893484183252000.0,25,true,0.03278937715525453,0.16129225439583394,0.00012090706989164,0.00013685676769524,2,5,0.0,0.0,cons_dist_speak
consensus,homogeneous,38,H19,0,6,0.3,0.0,0.0,0.0,true,0.0,0.0,0.0,0.0,8636175130330607600.0,25,true,0.00801496443234644,0.07662163318117683,0.00000171271750535,0.00000105787232038,1,3,0.0,0.0,cons_dist_speak
consensus,homogeneous,38,H19,0,6,0.3,0.0,0.0,0.0,true,0.0,0.0,0.0,0.0,7139002048363152400.0,25,true,0.00801496443234644,0.06801584554790213,0.00000171271750535,0.00000105787232038,1,3,0.0,0.0,cons_dist_speak
consensus,heterogeneous,12,M13,3,3,0.3,0.0,0.0,0.0,true,0.1,0.0,0.0,0.0,8636175130330607600.0,30,true,0.03278937715525453,0.16681081241408158,0.00004080071656466,0.00005155314347558,1,5,0.0,0.0,cons_dist_speak
consensus,heterogeneous,12,M13,3,3,0.3,0.0,0.0,0.0,true,0.1,0.0,0.0,0.0,7139002048363152400.0,30,true,0.03278937715525453,0.16657726904213635,0.00003374371702253,0.00003669877209306,1,5,0.0,0.0,cons_dist_speak
consensus,heterogeneous,12,M13,3,3,0.3,0.0,0.0,0.0,true,0.1,0.0,0.0,0.0,4692690466958798800.0,30,true,0.03278937715525453,0.16202794972533938,0.00010999136800566,0.00014070241001571,1,5,0.0,0.0,cons_dist_speak
consensus,heterogeneous,12,M13,3,3,0.3,0.0,0.0,0.0,true,0.1,0.0,0.0,0.0,1841142524168585220.0,30,true,0.03278937715525453,0.1611029720679683,0.00011861669910922,0.00015278446398692,2,5,0.0,0.0,cons_dist_speak
consensus,heterogeneous,12,M13,3,3,0.3,0.0,0.0,0.0,true,0.1,0.0,0.0,0.0,5702577027890589700.0,30,true,0.03278937715525453,0.1619904943466358,0.00008681052569667,0.00011005479386684,2,5,0.0,0.0,cons_dist_speak
consensus,homogeneous,38,H19,0,6,0.3,0.0,0.0,0.0,true,0.0,0.0,0.0,0.0,4692690466958798800.0,25,true,0.00801496443234644,0.07625225829881749,0.00000171271750535,0.00000105787232038,1,3,0.0,0.0,cons_dist_speak
consensus,homogeneous,38,H19,0,6,0.3,0.0,0.0,0.0,true,0.0,0.0,0.0,0.0,7240713591891685400.0,25,true,0.00801496443234644,0.0773614148019545,0.00000171271750535,0.00000105787232038,1,3,0.0,0.0,cons_dist_speak
consensus,homogeneous,38,H19,0,6,0.3,0.0,0.0,0.0,true,0.0,0.0,0.0,0.0,6905470370856337400.0,25,true,0.00801496443234644,0.07114810172154742,0.00000171271750535,0.00000105787232038,1,3,0.0,0.0,cons_dist_speak
consensus,heterogeneous,12,M13,3,3,0.3,0.0,0.0,0.0,true,0.1,0.0,0.0,0.0,4398895106259038200.0,30,true,0.03278937715525453,0.18595092963105772,0.00000449328611908,0.00000334955771113,1,5,0.0,0.0,cons_dist_speak
consensus,heterogeneous,12,M13,3,3,0.3,0.0,0.0,0.0,true,0.1,0.0,0.0,0.0,8803618445054126100.0,30,true,0.03278937715525453,0.1694465772719503,0.00003517034226315,0.0000424691645177,1,5,0.0,0.0,cons_dist_speak
consensus,heterogeneous,12,M13,3,3,0.3,0.0,0.0,0.0,true,0.1,0.0,0.0,0.0,4342572612484808700.0,30,true,0.03278937715525453,0.16308075111194278,0.00005724103640202,0.0000752413946436,2,5,0.0,0.0,cons_dist_speak
consensus,heterogeneous,12,M13,3,3,0.3,0.0,0.0,0.0,true,0.1,0.0,0.0,0.0,6905470370856337400.0,35,true,0.03278937715525453,0.163393939550996,0.000073397159162,0.00009797613653069,1,5,0.0,0.0,cons_dist_speak
consensus,homogeneous,38,H19,0,6,0.3,0.0,0.0,0.0,true,0.0,0.0,0.0,0.0,5702577027890589700.0,25,true,0.00801496443234644,0.07292909715679761,0.00000171271750535,0.00000105787232038,1,3,0.0,0.0,cons_dist_speak
consensus,heterogeneous,12,M13,3,3,0.3,0.0,0.0,0.0,true,0.1,0.0,0.0,0.0,7043372089166577700.0,30,true,0.03278937715525453,0.16319362029821183,0.00006940691634452,0.00007885032372223,1,5,0.0,0.0,cons_dist_speak
consensus,heterogeneous,12,M13,3,3,0.3,0.0,0.0,0.0,true,0.1,0.0,0.0,0.0,4477927936947039200.0,30,true,0.03278937715525453,0.16399364527833807,0.00004044506995974,0.00004605150629153,2,5,0.0,0.0,cons_dist_speak
consensus,homogeneous,38,H19,0,6,0.3,0.0,0.0,0.0,true,0.0,0.0,0.0,0.0,1841142524168585220.0,25,true,0.00801496443234644,0.07278922013069597,0.00000171271750535,0.00000105787232038,1,3,0.0,0.0,cons_dist_speak
consensus,heterogeneous,12,M13,3,3,0.3,0.0,0.0,0.0,true,0.1,0.0,0.0,0.0,109591146466576384.0,30,true,0.03278937715525453,0.1698003360178073,0.00003124410308392,0.00003688604429744,1,5,0.0,0.0,cons_dist_speak
consensus,homogeneous,38,H19,0,6,0.3,0.0,0.0,0.0,true,0.0,0.0,0.0,0.0,4398895106259038200.0,25,true,0.00801496443234644,0.0665635179148372,0.00000171271750535,0.00000105787232038,1,3,0.0,0.0,cons_dist_speak
consensus,homogeneous,38,H19,0,6,0.3,0.0,0.0,0.0,true,0.0,0.0,0.0,0.0,8803618445054126100.0,25,true,0.00801496443234644,0.0853875881526014,0.00000171271750535,0.00000105787232038,1,3,0.0,0.0,cons_dist_speak
consensus,homogeneous,38,H19,0,6,0.3,0.0,0.0,0.0,true,0.0,0.0,0.0,0.0,4342572612484808700.0,25,true,0.00801496443234644,0.0652961655331418,0.00000171271750535,0.00000105787232038,1,3,0.0,0.0,cons_dist_speak
consensus,homogeneous,38,H19,0,6,0.3,0.0,0.0,0.0,true,0.0,0.0,0.0,0.0,7043372089166577700.0,25,true,0.00801496443234644,0.08996346470090234,0.00000171271750535,0.00000105787232038,1,3,0.0,0.0,cons_dist_speak
consensus,homogeneous,38,H19,0,6,0.3,0.0,0.0,0.0,true,0.0,0.0,0.0,0.0,109591146466576384.0,25,true,0.00801496443234644,0.07091381192159571,0.00000171271750535,0.00000105787232038,1,3,0.0,0.0,cons_dist_speak
consensus,heterogeneous,12,M13,3,3,0.3,0.0,0.0,0.0,true,0.1,0.0,0.0,0.0,4286360386944651300.0,35,true,0.03278937715525453,0.16380363931057443,0.00005625398380811,0.00007792356071634,1,5,0.0,0.0,cons_dist_speak
consensus,homogeneous,38,H19,0,6,0.3,0.0,0.0,0.0,true,0.0,0.0,0.0,0.0,7128893484183252000.0,25,true,0.00801496443234644,0.08140772189804803,0.00000171271750535,0.00000105787232038,1,3,0.0,0.0,cons_dist_speak
consensus,homogeneous,38,H19,0,6,0.3,0.0,0.0,0.0,true,0.0,0.0,0.0,0.0,4477927936947039200.0,25,true,0.00801496443234644,0.06951755623181255,0.00000171271750535,0.00000105787232038,1,3,0.0,0.0,cons_dist_speak
consensus,homogeneous,38,H19,0,6,0.3,0.0,0.0,0.0,true,0.0,0.0,0.0,0.0,4286360386944651300.0,25,true,0.00801496443234644,0.07293978116655638,0.00000171271750535,0.00000105787232038,1,3,0.0,0.0,cons_dist_speak
consensus,heterogeneous,12,M13,3,3,0.2,0.0,0.0,0.0,true,0.05,0.0,0.0,0.0,7240713591891685400.0,30,true,0.03278937715525453,0.15978408815784503,0.00007841804567381,0.00005036170906484,2,5,0.0,0.0,cons_dist_speak
consensus,heterogeneous,13,M14,3,3,0.1,0.0,0.0,0.0,true,0.2,0.0,0.0,0.0,6905470370856337400.0,20,true,0.0108926683241884,0.06964395328494354,0.00084408749088899,0.0008597833345149,2,4,0.0,0.0,cons_dist_speak
consensus,heterogeneous,13,M14,3,3,0.1,0.0,0.0,0.0,true,0.2,0.0,0.0,0.0,4692690466958798800.0,20,true,0.0108926683241884,0.06711491658879336,0.00080131633890894,0.00058323839821443,2,4,0.0,0.0,cons_dist_speak
consensus,heterogeneous,12,M13,3,3,0.2,0.0,0.0,0.0,true,0.05,0.0,0.0,0.0,7139002048363152400.0,35,true,0.03278937715525453,0.16212143903959642,0.00004254464282662,0.00003133037781206,1,5,0.0,0.0,cons_dist_speak
consensus,heterogeneous,13,M14,3,3,0.1,0.0,0.0,0.0,true,0.2,0.0,0.0,0.0,109591146466576384.0,20,true,0.0108926683241884,0.06749251447274236,0.00082768316450145,0.00058767805532593,2,4,0.0,0.0,cons_dist_speak
consensus,heterogeneous,13,M14,3,3,0.1,0.0,0.0,0.0,true,0.2,0.0,0.0,0.0,8636175130330607600.0,25,true,0.0108926683241884,0.06838721195709917,0.00071623731654105,0.00053732351059077,2,4,0.0,0.0,cons_dist_speak
consensus,heterogeneous,13,M14,3,3,0.1,0.0,0.0,0.0,true,0.2,0.0,0.0,0.0,4342572612484808700.0,25,true,0.0108926683241884,0.06852219827032416,0.00074998743126681,0.00053087592434309,2,4,0.0,0.0,cons_dist_speak
consensus,heterogeneous,13,M14,3,3,0.1,0.0,0.0,0.0,true,0.2,0.0,0.0,0.0,7240713591891685400.0,25,true,0.0108926683241884,0.06821854765742624,0.00077533838606991,0.0005316119414831,2,4,0.0,0.0,cons_dist_speak
consensus,heterogeneous,12,M13,3,3,0.2,0.0,0.0,0.0,true,0.05,0.0,0.0,0.0,8636175130330607600.0,30,true,0.03278937715525453,0.1595242327771057,0.00008609637107585,0.00005765204218777,1,5,0.0,0.0,cons_dist_speak
consensus,heterogeneous,13,M14,3,3,0.1,0.0,0.0,0.0,true,0.2,0.0,0.0,0.0,7128893484183252000.0,20,true,0.0108926683241884,0.06685938772929492,0.00082169276726903,0.00059030772108459,2,4,0.0,0.0,cons_dist_speak
consensus,heterogeneous,13,M14,3,3,0.1,0.0,0.0,0.0,true,0.2,0.0,0.0,0.0,4398895106259038200.0,25,true,0.0108926683241884,0.06865207148912016,0.00073058205193994,0.00052239231374478,2,4,0.0,0.0,cons_dist_speak
consensus,heterogeneous,13,M14,3,3,0.1,0.0,0.0,0.0,true,0.2,0.0,0.0,0.0,4286360386944651300.0,20,true,0.0108926683241884,0.06798067185847192,0.00078878594404347,0.00062997453550847,2,4,0.0,0.0,cons_dist_speak
consensus,heterogeneous,12,M13,3,3,0.2,0.0,0.0,0.0,true,0.05,0.0,0.0,0.0,8803618445054126100.0,30,true,0.03278937715525453,0.15957527551598708,0.00008399433324986,0.00005633830408752,2,5,0.0,0.0,cons_dist_speak
consensus,heterogeneous,13,M14,3,3,0.1,0.0,0.0,0.0,true,0.2,0.0,0.0,0.0,7043372089166577700.0,25,true,0.0108926683241884,0.06854228230865343,0.00070929422684285,0.00053269037246214,2,4,0.0,0.0,cons_dist_speak
consensus,heterogeneous,13,M14,3,3,0.1,0.0,0.0,0.0,true,0.2,0.0,0.0,0.0,7139002048363152400.0,30,true,0.0108926683241884,0.06948629936313057,0.00067617049641054,0.00050287840316172,2,4,0.0,0.0,cons_dist_speak
consensus,heterogeneous,13,M14,3,3,0.1,0.0,0.0,0.0,true,0.2,0.0,0.0,0.0,1841142524168585220.0,30,true,0.0108926683241884,0.07090044344366533,0.00069371217931897,0.00068814793410255,2,4,0.0,0.0,cons_dist_speak
consensus,heterogeneous,12,M13,3,3,0.2,0.0,0.0,0.0,true,0.05,0.0,0.0,0.0,5702577027890589700.0,35,true,0.03278937715525453,0.16075176882985562,0.00007739709241677,0.00006789872364598,1,5,0.0,0.0,cons_dist_speak
consensus,heterogeneous,13,M14,3,3,0.1,0.0,0.0,0.0,true,0.2,0.0,0.0,0.0,4477927936947039200.0,25,true,0.0108926683241884,0.0685002578997507,0.00071867888324451,0.00054853575024597,2,4,0.0,0.0,cons_dist_speak
consensus,heterogeneous,12,M13,3,3,0.2,0.0,0.0,0.0,true,0.05,0.0,0.0,0.0,7043372089166577700.0,35,true,0.03278937715525453,0.16128411021676492,0.0000637749611356,0.00005299150705134,1,5,0.0,0.0,cons_dist_speak
consensus,heterogeneous,12,M13,3,3,0.2,0.0,0.0,0.0,true,0.05,0.0,0.0,0.0,4342572612484808700.0,35,true,0.03278937715525453,0.1616760791645839,0.0000532368131022,0.00004204319354926,1,5,0.0,0.0,cons_dist_speak
consensus,heterogeneous,12,M13,3,3,0.2,0.0,0.0,0.0,true,0.05,0.0,0.0,0.0,7128893484183252000.0,35,true,0.03278937715525453,0.16081336979622277,0.00007583523134261,0.00006604818405177,1,5,0.0,0.0,cons_dist_speak
consensus,heterogeneous,12,M13,3,3,0.2,0.0,0.0,0.0,true,0.05,0.0,0.0,0.0,4477927936947039200.0,35,true,0.03278937715525453,0.1624358261926183,0.00003646113753767,0.00002560657762813,1,5,0.0,0.0,cons_dist_speak
consensus,heterogeneous,13,M14,3,3,0.1,0.0,0.0,0.0,true,0.2,0.0,0.0,0.0,5702577027890589700.0,35,true,0.0108926683241884,0.07127796939873147,0.00062619228385182,0.00058236970520026,2,4,0.0,0.0,cons_dist_speak
consensus,heterogeneous,12,M13,3,3,0.2,0.0,0.0,0.0,true,0.05,0.0,0.0,0.0,6905470370856337400.0,40,true,0.03278937715525453,0.162956978459902,0.00003949339698939,0.00003780373968662,1,5,0.0,0.0,cons_dist_speak
consensus,heterogeneous,12,M13,3,3,0.2,0.0,0.0,0.0,true,0.05,0.0,0.0,0.0,4286360386944651300.0,35,true,0.03278937715525453,0.16121621068019476,0.00006653518307332,0.00005625001948134,1,5,0.0,0.0,cons_dist_speak
consensus,heterogeneous,12,M13,3,3,0.2,0.0,0.0,0.0,true,0.05,0.0,0.0,0.0,4692690466958798800.0,40,true,0.03278937715525453,0.16287867973595685,0.00004133215783348,0.00003994151579529,1,5,0.0,0.0,cons_dist_speak
consensus,heterogeneous,12,M13,3,3,0.2,0.0,0.0,0.0,true,0.05,0.0,0.0,0.0,4398895106259038200.0,40,true,0.03278937715525453,0.17640961108473782,0.00000767765872406,0.00000440880555021,1,5,0.0,0.0,cons_dist_speak
consensus,heterogeneous,12,M13,3,3,0.2,0.0,0.0,0.0,true,0.05,0.0,0.0,0.0,1841142524168585220.0,40,true,0.03278937715525453,0.16300695114164324,0.00003674136488077,0.00003394676206742,1,5,0.0,0.0,cons_dist_speak
consensus,heterogeneous,12,M13,3,3,0.2,0.0,0.0,0.0,true,0.05,0.0,0.0,0.0,109591146466576384.0,45,true,0.03278937715525453,0.16489340851409404,0.00001123767110236,0.00001021252796927,2,5,0.0,0.0,cons_dist_speak
consensus,heterogeneous,13,M14,3,3,0.1,0.0,0.0,0.0,true,0.2,0.0,0.0,0.0,8803618445054126100.0,40,true,0.0108926683241884,0.07185758127492682,0.00057008411481903,0.00052250297887442,2,4,0.0,0.0,cons_dist_speak
consensus,homogeneous,41,H20,0,4,0.3,0.0,0.0,0.0,true,0.0,0.0,0.0,0.0,7139002048363152400.0,15,true,0.00048024369855967,0.06565152253166474,0.00000264769099217,0.00000167650168821,1,1,0.0,0.0,cons_dist_speak
consensus,heterogeneous,27,M16,2,2,0.1,0.0,0.0,0.0,true,0.0,0.0,0.0,0.0,7139002048363152400.0,50,true,0.01252610529728226,0.1432725017935747,0.00006693045811766,0.00004380918619404,1,3,0.0,0.0,cons_dist_speak
consensus,homogeneous,41,H20,0,4,0.3,0.0,0.0,0.0,true,0.0,0.0,0.0,0.0,7240713591891685400.0,15,true,0.00048024369855967,0.06682231215659011,0.00000264769099217,0.00000167650168821,1,1,0.0,0.0,cons_dist_speak
consensus,heterogeneous,27,M16,2,2,0.1,0.0,0.0,0.0,true,0.0,0.0,0.0,0.0,7240713591891685400.0,50,true,0.01252610529728226,0.14327250179357473,0.00006693045811766,0.00004380918619404,1,3,0.0,0.0,cons_dist_speak
consensus,heterogeneous,27,M16,2,2,0.1,0.0,0.0,0.0,true,0.0,0.0,0.0,0.0,4692690466958798800.0,50,true,0.01252610529728226,0.14327250179357476,0.00006693045811766,0.00004380918619404,1,3,0.0,0.0,cons_dist_speak
consensus,heterogeneous,27,M16,2,2,0.1,0.0,0.0,0.0,true,0.0,0.0,0.0,0.0,6905470370856337400.0,50,true,0.01252610529728226,0.14327250179357479,0.00006693045811766,0.00004380918619404,1,3,0.0,0.0,cons_dist_speak
consensus,heterogeneous,27,M16,2,2,0.1,0.0,0.0,0.0,true,0.0,0.0,0.0,0.0,8636175130330607600.0,50,true,0.01252610529728226,0.14327250179357473,0.00006693045811766,0.00004380918619404,1,3,0.0,0.0,cons_dist_speak
consensus,homogeneous,41,H20,0,4,0.3,0.0,0.0,0.0,true,0.0,0.0,0.0,0.0,4692690466958798800.0,15,true,0.00048024369855967,0.06216298926595804,0.00000264769099217,0.00000167650168821,1,1,0.0,0.0,cons_dist_speak
consensus,heterogeneous,27,M16,2,2,0.1,0.0,0.0,0.0,true,0.0,0.0,0.0,0.0,1841142524168585220.0,50,true,0.01252610529728226,0.14327250179357467,0.00006693045811766,0.00004380918619404,1,3,0.0,0.0,cons_dist_speak
consensus,heterogeneous,27,M16,2,2,0.1,0.0,0.0,0.0,true,0.0,0.0,0.0,0.0,5702577027890589700.0,50,true,0.01252610529728226,0.14327250179357476,0.00006693045811766,0.00004380918619404,1,3,0.0,0.0,cons_dist_speak
consensus,homogeneous,41,H20,0,4,0.3,0.0,0.0,0.0,true,0.0,0.0,0.0,0.0,5702577027890589700.0,15,true,0.00048024369855967,0.0663192708251338,0.00000264769099217,0.00000167650168821,1,1,0.0,0.0,cons_dist_speak
consensus,homogeneous,41,H20,0,4,0.3,0.0,0.0,0.0,true,0.0,0.0,0.0,0.0,8636175130330607600.0,15,true,0.00048024369855967,0.06609971794111127,0.00000264769099217,0.00000167650168821,1,1,0.0,0.0,cons_dist_speak
consensus,homogeneous,41,H20,0,4,0.3,0.0,0.0,0.0,true,0.0,0.0,0.0,0.0,6905470370856337400.0,15,true,0.00048024369855967,0.06280032987199932,0.00000264769099217,0.00000167650168821,1,1,0.0,0.0,cons_dist_speak
consensus,heterogeneous,27,M16,2,2,0.1,0.0,0.0,0.0,true,0.0,0.0,0.0,0.0,4342572612484808700.0,50,true,0.01252610529728226,0.1432725017935747,0.00006693045811766,0.00004380918619404,1,3,0.0,0.0,cons_dist_speak
consensus,heterogeneous,27,M16,2,2,0.1,0.0,0.0,0.0,true,0.0,0.0,0.0,0.0,4398895106259038200.0,50,true,0.01252610529728226,0.14327250179357479,0.00006693045811766,0.00004380918619404,1,3,0.0,0.0,cons_dist_speak
consensus,heterogeneous,27,M16,2,2,0.1,0.0,0.0,0.0,true,0.0,0.0,0.0,0.0,109591146466576384.0,50,true,0.01252610529728226,0.14327250179357476,0.00006693045811766,0.00004380918619404,2,3,0.0,0.0,cons_dist_speak
consensus,heterogeneous,27,M16,2,2,0.1,0.0,0.0,0.0,true,0.0,0.0,0.0,0.0,8803618445054126100.0,50,true,0.01252610529728226,0.1432725017935748,0.00006693045811766,0.00004380918619404,2,3,0.0,0.0,cons_dist_speak
consensus,heterogeneous,27,M16,2,2,0.1,0.0,0.0,0.0,true,0.0,0.0,0.0,0.0,4477927936947039200.0,50,true,0.01252610529728226,0.1432725017935747,0.00006693045811766,0.00004380918619404,2,3,0.0,0.0,cons_dist_speak
consensus,heterogeneous,27,M16,2,2,0.1,0.0,0.0,0.0,true,0.0,0.0,0.0,0.0,4286360386944651300.0,50,true,0.01252610529728226,0.14327250179357473,0.00006693045811766,0.00004380918619404,1,3,0.0,0.0,cons_dist_speak
consensus,heterogeneous,27,M16,2,2,0.1,0.0,0.0,0.0,true,0.0,0.0,0.0,0.0,7043372089166577700.0,50,true,0.01252610529728226,0.14327250179357467,0.00006693045811766,0.00004380918619404,1,3,0.0,0.0,cons_dist_speak
consensus,heterogeneous,27,M16,2,2,0.1,0.0,0.0,0.0,true,0.0,0.0,0.0,0.0,7128893484183252000.0,50,true,0.01252610529728226,0.14327250179357473,0.00006693045811766,0.00004380918619404,1,3,0.0,0.0,cons_dist_speak
consensus,heterogeneous,39,M35,3,3,0.1,0.0,0.0,0.0,true,0.1,0.0,0.0,0.0,7139002048363152400.0,50,true,0.01380628072130774,0.11286523161712325,0.00107565447591275,0.00109676723321805,2,4,0.0,0.0,cons_dist_speak
consensus,homogeneous,41,H20,0,4,0.3,0.0,0.0,0.0,true,0.0,0.0,0.0,0.0,1841142524168585220.0,15,true,0.00048024369855967,0.06686782798799659,0.00000264769099217,0.00000167650168821,1,1,0.0,0.0,cons_dist_speak
consensus,heterogeneous,39,M35,3,3,0.1,0.0,0.0,0.0,true,0.1,0.0,0.0,0.0,4398895106259038200.0,50,true,0.01380628072130774,0.12006540863061954,0.00086502848049319,0.00097587224312523,2,4,0.0,0.0,cons_dist_speak
consensus,heterogeneous,39,M35,3,3,0.1,0.0,0.0,0.0,true,0.1,0.0,0.0,0.0,7240713591891685400.0,55,true,0.01380628072130774,0.11486847259739374,0.00091091167756482,0.00098611255249332,2,4,0.0,0.0,cons_dist_speak
consensus,homogeneous,41,H20,0,4,0.3,0.0,0.0,0.0,true,0.0,0.0,0.0,0.0,4342572612484808700.0,15,true,0.00048024369855967,0.06367557834585137,0.00000264769099217,0.00000167650168821,1,1,0.0,0.0,cons_dist_speak
consensus,heterogeneous,39,M35,3,3,0.1,0.0,0.0,0.0,true,0.1,0.0,0.0,0.0,6905470370856337400.0,55,true,0.01380628072130774,0.10757338360247155,0.00111713448993326,0.00109972684896881,2,4,0.0,0.0,cons_dist_speak
consensus,homogeneous,41,H20,0,4,0.3,0.0,0.0,0.0,true,0.0,0.0,0.0,0.0,7043372089166577700.0,15,true,0.00048024369855967,0.06150450367893603,0.00000264769099217,0.00000167650168821,1,1,0.0,0.0,cons_dist_speak
consensus,homogeneous,41,H20,0,4,0.3,0.0,0.0,0.0,true,0.0,0.0,0.0,0.0,4398895106259038200.0,15,true,0.00048024369855967,0.06979309328052578,0.00000264769099217,0.00000167650168821,1,1,0.0,0.0,cons_dist_speak
consensus,heterogeneous,39,M35,3,3,0.1,0.0,0.0,0.0,true,0.1,0.0,0.0,0.0,4477927936947039200.0,50,true,0.01380628072130774,0.11688610302870672,0.00090892742825413,0.00092290045922494,2,4,0.0,0.0,cons_dist_speak
consensus,homogeneous,41,H20,0,4,0.3,0.0,0.0,0.0,true,0.0,0.0,0.0,0.0,8803618445054126100.0,15,true,0.00048024369855967,0.0677456021788401,0.00000264769099217,0.00000167650168821,1,1,0.0,0.0,cons_dist_speak
consensus,homogeneous,41,H20,0,4,0.3,0.0,0.0,0.0,true,0.0,0.0,0.0,0.0,7128893484183252000.0,15,true,0.00048024369855967,0.06538982401856444,0.00000264769099217,0.00000167650168821,1,1,0.0,0.0,cons_dist_speak
consensus,homogeneous,41,H20,0,4,0.3,0.0,0.0,0.0,true,0.0,0.0,0.0,0.0,4477927936947039200.0,15,true,0.00048024369855967,0.06530013323133964,0.00000264769099217,0.00000167650168821,1,1,0.0,0.0,cons_dist_speak
consensus,heterogeneous,39,M35,3,3,0.1,0.0,0.0,0.0,true,0.1,0.0,0.0,0.0,4286360386944651300.0,50,true,0.01380628072130774,0.10748916114801042,0.0013021915705736,0.00128556115378137,2,4,0.0,0.0,cons_dist_speak
consensus,homogeneous,41,H20,0,4,0.3,0.0,0.0,0.0,true,0.0,0.0,0.0,0.0,109591146466576384.0,15,true,0.00048024369855967,0.06806823520759252,0.00000264769099217,0.00000167650168821,1,1,0.0,0.0,cons_dist_speak
consensus,homogeneous,41,H20,0,4,0.3,0.0,0.0,0.0,true,0.0,0.0,0.0,0.0,4286360386944651300.0,15,true,0.00048024369855967,0.0639230744132143,0.00000264769099217,0.00000167650168821,1,1,0.0,0.0,cons_dist_speak
consensus,heterogeneous,39,M35,3,3,0.1,0.0,0.0,0.0,true,0.1,0.0,0.0,0.0,7128893484183252000.0,55,true,0.01380628072130774,0.11090340548694096,0.00105546682628638,0.0010744797215381,2,4,0.0,0.0,cons_dist_speak
consensus,heterogeneous,39,M35,3,3,0.1,0.0,0.0,0.0,true,0.1,0.0,0.0,0.0,5702577027890589700.0,60,true,0.01380628072130774,0.11039400213844741,0.00097226430187266,0.00098407764512201,2,4,0.0,0.0,cons_dist_speak
consensus,heterogeneous,39,M35,3,3,0.1,0.0,0.0,0.0,true,0.1,0.0,0.0,0.0,109591146466576384.0,60,true,0.01380628072130774,0.11674148794976469,0.00080821226537578,0.00093578748495226,2,4,0.0,0.0,cons_dist_speak
consensus,heterogeneous,39,M35,3,3,0.1,0.0,0.0,0.0,true,0.1,0.0,0.0,0.0,8636175130330607600.0,65,true,0.01380628072130774,0.12159790768904293,0.00059439607016939,0.00052889878030944,2,4,0.0,0.0,cons_dist_speak
consensus,heterogeneous,39,M35,3,3,0.1,0.0,0.0,0.0,true,0.1,0.0,0.0,0.0,8803618445054126100.0,65,true,0.01380628072130774,0.11876080319667852,0.00065283764767905,0.00063580558841796,2,4,0.0,0.0,cons_dist_speak
consensus,heterogeneous,39,M35,3,3,0.1,0.0,0.0,0.0,true,0.1,0.0,0.0,0.0,4342572612484808700.0,65,true,0.01380628072130774,0.11777699572856644,0.00069206127010201,0.00082463097572683,2,4,0.0,0.0,cons_dist_speak
consensus,heterogeneous,39,M35,3,3,0.1,0.0,0.0,0.0,true,0.1,0.0,0.0,0.0,4692690466958798800.0,70,true,0.01380628072130774,0.11347365762539767,0.00071201573567617,0.00080556361212047,2,4,0.0,0.0,cons_dist_speak
consensus,heterogeneous,39,M35,3,3,0.1,0.0,0.0,0.0,true,0.1,0.0,0.0,0.0,7043372089166577700.0,75,true,0.01380628072130774,0.11801421764956421,0.00053532073876598,0.00053407952963519,2,4,0.0,0.0,cons_dist_speak
consensus,heterogeneous,39,M35,3,3,0.1,0.0,0.0,0.0,true,0.1,0.0,0.0,0.0,1841142524168585220.0,80,true,0.01380628072130774,0.12111275152304472,0.00044515233243636,0.00045211377575706,2,4,0.0,0.0,cons_dist_speak
clustering,heterogeneous,1,M1,3,3,0.5,0.2,0.0,0.0,false,0.05,0.1,0.1,0.05,7240713591891685400.0,15,false,0.0306388856143309,0.05069016037706259,0.02918842123888834,0.02802088255850488,2,3,0.0,0.0,clst_ndist_nospeak
clustering,heterogeneous,1,M1,3,3,0.5,0.2,0.0,0.0,false,0.05,0.1,0.1,0.05,4692690466958798800.0,15,false,0.0306388856143309,0.05069016037706259,0.02918842123888834,0.02802088255850488,2,3,0.0,0.0,clst_ndist_nospeak
clustering,heterogeneous,3,M4,3,3,0.3,0.2,0.0,0.0,false,0.05,0.1,0.1,0.05,7139002048363152400.0,15,false,0.0361340032483615,0.08146212627439983,0.02674994565575754,0.04275036769869471,2,4,0.0,0.0,clst_ndist_nospeak
clustering,heterogeneous,1,M1,3,3,0.5,0.2,0.0,0.0,false,0.05,0.1,0.1,0.05,4398895106259038200.0,15,false,0.0306388856143309,0.05069016037706259,0.02918842123888834,0.02802088255850488,2,3,0.0,0.0,clst_ndist_nospeak
clustering,heterogeneous,3,M4,3,3,0.3,0.2,0.0,0.0,false,0.05,0.1,0.1,0.05,7240713591891685400.0,15,false,0.0361340032483615,0.08146212627439983,0.02674994565575754,0.04275036769869471,2,4,0.0,0.0,clst_ndist_nospeak
clustering,heterogeneous,1,M1,3,3,0.5,0.2,0.0,0.0,false,0.05,0.1,0.1,0.05,4286360386944651300.0,15,false,0.0306388856143309,0.05069016037706259,0.02918842123888834,0.02802088255850488,2,3,0.0,0.0,clst_ndist_nospeak
clustering,heterogeneous,1,M1,3,3,0.5,0.2,0.0,0.0,false,0.05,0.1,0.1,0.05,8636175130330607600.0,15,false,0.0306388856143309,0.05069016037706259,0.02918842123888834,0.02802088255850488,2,3,0.0,0.0,clst_ndist_nospeak
clustering,heterogeneous,1,M1,3,3,0.5,0.2,0.0,0.0,false,0.05,0.1,0.1,0.05,8803618445054126100.0,15,false,0.0306388856143309,0.05069016037706259,0.02918842123888834,0.02802088255850488,2,3,0.0,0.0,clst_ndist_nospeak
clustering,heterogeneous,1,M1,3,3,0.5,0.2,0.0,0.0,false,0.05,0.1,0.1,0.05,109591146466576384.0,15,false,0.0306388856143309,0.05069016037706259,0.02918842123888834,0.02802088255850488,2,3,0.0,0.0,clst_ndist_nospeak
clustering,heterogeneous,1,M1,3,3,0.5,0.2,0.0,0.0,false,0.05,0.1,0.1,0.05,5702577027890589700.0,15,false,0.0306388856143309,0.05069016037706259,0.02918842123888834,0.02802088255850488,2,3,0.0,0.0,clst_ndist_nospeak
clustering,heterogeneous,1,M1,3,3,0.5,0.2,0.0,0.0,false,0.05,0.1,0.1,0.05,4342572612484808700.0,15,false,0.0306388856143309,0.05069016037706259,0.02918842123888834,0.02802088255850488,2,3,0.0,0.0,clst_ndist_nospeak
clustering,heterogeneous,1,M1,3,3,0.5,0.2,0.0,0.0,false,0.05,0.1,0.1,0.05,4477927936947039200.0,15,false,0.0306388856143309,0.05069016037706259,0.02918842123888834,0.02802088255850488,2,3,0.0,0.0,clst_ndist_nospeak
clustering,heterogeneous,1,M1,3,3,0.5,0.2,0.0,0.0,false,0.05,0.1,0.1,0.05,6905470370856337400.0,15,false,0.0306388856143309,0.05069016037706259,0.02918842123888834,0.02802088255850488,2,3,0.0,0.0,clst_ndist_nospeak
clustering,heterogeneous,1,M1,3,3,0.5,0.2,0.0,0.0,false,0.05,0.1,0.1,0.05,7128893484183252000.0,15,false,0.0306388856143309,0.05069016037706259,0.02918842123888834,0.02802088255850488,2,3,0.0,0.0,clst_ndist_nospeak
clustering,heterogeneous,1,M1,3,3,0.5,0.2,0.0,0.0,false,0.05,0.1,0.1,0.05,7043372089166577700.0,15,false,0.0306388856143309,0.05069016037706259,0.02918842123888834,0.02802088255850488,2,3,0.0,0.0,clst_ndist_nospeak
clustering,heterogeneous,1,M1,3,3,0.5,0.2,0.0,0.0,false,0.05,0.1,0.1,0.05,1841142524168585220.0,15,false,0.0306388856143309,0.05069016037706259,0.02918842123888834,0.02802088255850488,2,3,0.0,0.0,clst_ndist_nospeak
clustering,heterogeneous,1,M1,3,3,0.5,0.2,0.0,0.0,false,0.05,0.1,0.1,0.05,7139002048363152400.0,15,false,0.0306388856143309,0.05069016037706259,0.02918842123888834,0.02802088255850488,2,3,0.0,0.0,clst_ndist_nospeak
clustering,heterogeneous,3,M4,3,3,0.3,0.2,0.0,0.0,false,0.05,0.1,0.1,0.05,5702577027890589700.0,15,false,0.0361340032483615,0.08146212627439983,0.02674994565575754,0.04275036769869471,2,4,0.0,0.0,clst_ndist_nospeak
clustering,heterogeneous,14,M15,3,3,0.1,0.4,0.0,0.0,false,0.05,0.1,0.1,0.05,4477927936947039200.0,30,false,0.02458731638660266,0.12165928566482437,0.00001292939742755,0.00000858210652215,1,5,0.0,0.0,clst_ndist_nospeak
clustering,heterogeneous,3,M4,3,3,0.3,0.2,0.0,0.0,false,0.05,0.1,0.1,0.05,4692690466958798800.0,15,false,0.0361340032483615,0.08146212627439983,0.02674994565575754,0.04275036769869471,2,4,0.0,0.0,clst_ndist_nospeak
clustering,heterogeneous,14,M15,3,3,0.1,0.4,0.0,0.0,false,0.05,0.1,0.1,0.05,109591146466576384.0,30,false,0.02458731638660266,0.12165928566482437,0.00001292939742755,0.00000858210652215,1,5,0.0,0.0,clst_ndist_nospeak
clustering,heterogeneous,3,M4,3,3,0.3,0.2,0.0,0.0,false,0.05,0.1,0.1,0.05,4398895106259038200.0,15,false,0.0361340032483615,0.08146212627439983,0.02674994565575754,0.04275036769869471,2,4,0.0,0.0,clst_ndist_nospeak
clustering,heterogeneous,14,M15,3,3,0.1,0.4,0.0,0.0,false,0.05,0.1,0.1,0.05,1841142524168585220.0,30,false,0.02458731638660266,0.12165928566482437,0.00001292939742755,0.00000858210652215,1,5,0.0,0.0,clst_ndist_nospeak
clustering,heterogeneous,3,M4,3,3,0.3,0.2,0.0,0.0,false,0.05,0.1,0.1,0.05,109591146466576384.0,15,false,0.0361340032483615,0.08146212627439983,0.02674994565575754,0.04275036769869471,2,4,0.0,0.0,clst_ndist_nospeak
clustering,heterogeneous,14,M15,3,3,0.1,0.4,0.0,0.0,false,0.05,0.1,0.1,0.05,7139002048363152400.0,30,false,0.02458731638660266,0.12165928566482437,0.00001292939742755,0.00000858210652215,1,5,0.0,0.0,clst_ndist_nospeak
clustering,heterogeneous,14,M15,3,3,0.1,0.4,0.0,0.0,false,0.05,0.1,0.1,0.05,4692690466958798800.0,30,false,0.02458731638660266,0.12165928566482437,0.00001292939742755,0.00000858210652215,1,5,0.0,0.0,clst_ndist_nospeak
clustering,heterogeneous,14,M15,3,3,0.1,0.4,0.0,0.0,false,0.05,0.1,0.1,0.05,6905470370856337400.0,30,false,0.02458731638660266,0.12165928566482437,0.00001292939742755,0.00000858210652215,1,5,0.0,0.0,clst_ndist_nospeak
clustering,heterogeneous,14,M15,3,3,0.1,0.4,0.0,0.0,false,0.05,0.1,0.1,0.05,7043372089166577700.0,30,false,0.02458731638660266,0.12165928566482437,0.00001292939742755,0.00000858210652215,1,5,0.0,0.0,clst_ndist_nospeak
clustering,heterogeneous,3,M4,3,3,0.3,0.2,0.0,0.0,false,0.05,0.1,0.1,0.05,8636175130330607600.0,15,false,0.0361340032483615,0.08146212627439983,0.02674994565575754,0.04275036769869471,2,4,0.0,0.0,clst_ndist_nospeak
clustering,heterogeneous,3,M4,3,3,0.3,0.2,0.0,0.0,false,0.05,0.1,0.1,0.05,6905470370856337400.0,15,false,0.0361340032483615,0.08146212627439983,0.02674994565575754,0.04275036769869471,2,4,0.0,0.0,clst_ndist_nospeak
clustering,heterogeneous,14,M15,3,3,0.1,0.4,0.0,0.0,false,0.05,0.1,0.1,0.05,4286360386944651300.0,30,false,0.02458731638660266,0.12165928566482437,0.00001292939742755,0.00000858210652215,1,5,0.0,0.0,clst_ndist_nospeak
clustering,heterogeneous,3,M4,3,3,0.3,0.2,0.0,0.0,false,0.05,0.1,0.1,0.05,1841142524168585220.0,15,false,0.0361340032483615,0.08146212627439983,0.02674994565575754,0.04275036769869471,2,4,0.0,0.0,clst_ndist_nospeak
clustering,heterogeneous,14,M15,3,3,0.1,0.4,0.0,0.0,false,0.05,0.1,0.1,0.05,7128893484183252000.0,30,false,0.02458731638660266,0.12165928566482437,0.00001292939742755,0.00000858210652215,1,5,0.0,0.0,clst_ndist_nospeak
clustering,heterogeneous,14,M15,3,3,0.1,0.4,0.0,0.0,false,0.05,0.1,0.1,0.05,7240713591891685400.0,30,false,0.02458731638660266,0.12165928566482437,0.00001292939742755,0.00000858210652215,1,5,0.0,0.0,clst_ndist_nospeak
clustering,heterogeneous,14,M15,3,3,0.1,0.4,0.0,0.0,false,0.05,0.1,0.1,0.05,4342572612484808700.0,30,false,0.02458731638660266,0.12165928566482437,0.00001292939742755,0.00000858210652215,1,5,0.0,0.0,clst_ndist_nospeak
clustering,heterogeneous,14,M15,3,3,0.1,0.4,0.0,0.0,false,0.05,0.1,0.1,0.05,5702577027890589700.0,30,false,0.02458731638660266,0.12165928566482437,0.00001292939742755,0.00000858210652215,1,5,0.0,0.0,clst_ndist_nospeak
clustering,heterogeneous,3,M4,3,3,0.3,0.2,0.0,0.0,false,0.05,0.1,0.1,0.05,4342572612484808700.0,15,false,0.0361340032483615,0.08146212627439983,0.02674994565575754,0.04275036769869471,2,4,0.0,0.0,clst_ndist_nospeak
clustering,heterogeneous,14,M15,3,3,0.1,0.4,0.0,0.0,false,0.05,0.1,0.1,0.05,4398895106259038200.0,30,false,0.02458731638660266,0.12165928566482437,0.00001292939742755,0.00000858210652215,1,5,0.0,0.0,clst_ndist_nospeak
clustering,heterogeneous,3,M4,3,3,0.3,0.2,0.0,0.0,false,0.05,0.1,0.1,0.05,7043372089166577700.0,15,false,0.0361340032483615,0.08146212627439983,0.02674994565575754,0.04275036769869471,2,4,0.0,0.0,clst_ndist_nospeak
clustering,heterogeneous,3,M4,3,3,0.3,0.2,0.0,0.0,false,0.05,0.1,0.1,0.05,8803618445054126100.0,15,false,0.0361340032483615,0.08146212627439983,0.02674994565575754,0.04275036769869471,2,4,0.0,0.0,clst_ndist_nospeak
clustering,heterogeneous,14,M15,3,3,0.1,0.4,0.0,0.0,false,0.05,0.1,0.1,0.05,8803618445054126100.0,30,false,0.02458731638660266,0.12165928566482437,0.00001292939742755,0.00000858210652215,1,5,0.0,0.0,clst_ndist_nospeak
clustering,heterogeneous,3,M4,3,3,0.3,0.2,0.0,0.0,false,0.05,0.1,0.1,0.05,7128893484183252000.0,15,false,0.0361340032483615,0.08146212627439983,0.02674994565575754,0.04275036769869471,2,4,0.0,0.0,clst_ndist_nospeak
clustering,heterogeneous,3,M4,3,3,0.3,0.2,0.0,0.0,false,0.05,0.1,0.1,0.05,4477927936947039200.0,15,false,0.0361340032483615,0.08146212627439983,0.02674994565575754,0.04275036769869471,2,4,0.0,0.0,clst_ndist_nospeak
clustering,heterogeneous,3,M4,3,3,0.3,0.2,0.0,0.0,false,0.05,0.1,0.1,0.05,4286360386944651300.0,15,false,0.0361340032483615,0.08146212627439983,0.02674994565575754,0.04275036769869471,2,4,0.0,0.0,clst_ndist_nospeak
clustering,heterogeneous,14,M15,3,3,0.1,0.4,0.0,0.0,false,0.05,0.1,0.1,0.05,8636175130330607600.0,30,false,0.02458731638660266,0.12165928566482437,0.00001292939742755,0.00000858210652215,1,5,0.0,0.0,clst_ndist_nospeak
clustering,heterogeneous,14,M15,3,3,0.5,0.4,0.0,0.0,false,0.05,0.1,0.1,0.05,8636175130330607600.0,15,false,0.02458731638660266,0.12499972847082887,0.00000000000086048,0.00000000000057154,1,5,0.0,0.0,clst_ndist_nospeak
clustering,heterogeneous,14,M15,3,3,0.5,0.4,0.0,0.0,false,0.05,0.1,0.1,0.05,7240713591891685400.0,15,false,0.02458731638660266,0.12499972847082887,0.00000000000086048,0.00000000000057154,1,5,0.0,0.0,clst_ndist_nospeak
clustering,heterogeneous,14,M15,3,3,0.5,0.4,0.0,0.0,false,0.05,0.1,0.1,0.05,7139002048363152400.0,15,false,0.02458731638660266,0.12499972847082887,0.00000000000086048,0.00000000000057154,1,5,0.0,0.0,clst_ndist_nospeak
clustering,heterogeneous,14,M15,3,3,0.5,0.4,0.0,0.0,false,0.05,0.1,0.1,0.05,4692690466958798800.0,15,false,0.02458731638660266,0.12499972847082887,0.00000000000086048,0.00000000000057154,1,5,0.0,0.0,clst_ndist_nospeak
clustering,heterogeneous,14,M15,3,3,0.5,0.4,0.0,0.0,false,0.05,0.1,0.1,0.05,5702577027890589700.0,15,false,0.02458731638660266,0.12499972847082887,0.00000000000086048,0.00000000000057154,1,5,0.0,0.0,clst_ndist_nospeak
clustering,heterogeneous,14,M15,3,3,0.5,0.4,0.0,0.0,false,0.05,0.1,0.1,0.05,6905470370856337400.0,15,false,0.02458731638660266,0.12499972847082887,0.00000000000086048,0.00000000000057154,1,5,0.0,0.0,clst_ndist_nospeak
clustering,heterogeneous,12,M13,3,3,0.3,0.6,0.0,0.0,false,0.05,0.1,0.1,0.05,5702577027890589700.0,15,false,0.03278937715525453,0.1669940224054763,0.00000009898428355,0.00000008428105098,1,5,0.0,0.0,clst_ndist_nospeak
clustering,heterogeneous,14,M15,3,3,0.5,0.4,0.0,0.0,false,0.05,0.1,0.1,0.05,4398895106259038200.0,15,false,0.02458731638660266,0.12499972847082887,0.00000000000086048,0.00000000000057154,1,5,0.0,0.0,clst_ndist_nospeak
clustering,heterogeneous,14,M15,3,3,0.5,0.4,0.0,0.0,false,0.05,0.1,0.1,0.05,1841142524168585220.0,15,false,0.02458731638660266,0.12499972847082887,0.00000000000086048,0.00000000000057154,1,5,0.0,0.0,clst_ndist_nospeak
clustering,heterogeneous,14,M15,3,3,0.5,0.4,0.0,0.0,false,0.05,0.1,0.1,0.05,8803618445054126100.0,15,false,0.02458731638660266,0.12499972847082887,0.00000000000086048,0.00000000000057154,1,5,0.0,0.0,clst_ndist_nospeak
clustering,heterogeneous,14,M15,3,3,0.5,0.4,0.0,0.0,false,0.05,0.1,0.1,0.05,4342572612484808700.0,15,false,0.02458731638660266,0.12499972847082887,0.00000000000086048,0.00000000000057154,1,5,0.0,0.0,clst_ndist_nospeak
clustering,heterogeneous,14,M15,3,3,0.5,0.4,0.0,0.0,false,0.05,0.1,0.1,0.05,7128893484183252000.0,15,false,0.02458731638660266,0.12499972847082887,0.00000000000086048,0.00000000000057154,1,5,0.0,0.0,clst_ndist_nospeak
clustering,heterogeneous,14,M15,3,3,0.5,0.4,0.0,0.0,false,0.05,0.1,0.1,0.05,109591146466576384.0,15,false,0.02458731638660266,0.12499972847082887,0.00000000000086048,0.00000000000057154,1,5,0.0,0.0,clst_ndist_nospeak
clustering,heterogeneous,14,M15,3,3,0.5,0.4,0.0,0.0,false,0.05,0.1,0.1,0.05,4477927936947039200.0,15,false,0.02458731638660266,0.12499972847082887,0.00000000000086048,0.00000000000057154,1,5,0.0,0.0,clst_ndist_nospeak
clustering,heterogeneous,14,M15,3,3,0.5,0.4,0.0,0.0,false,0.05,0.1,0.1,0.05,7043372089166577700.0,15,false,0.02458731638660266,0.12499972847082887,0.00000000000086048,0.00000000000057154,1,5,0.0,0.0,clst_ndist_nospeak
clustering,heterogeneous,14,M15,3,3,0.5,0.4,0.0,0.0,false,0.05,0.1,0.1,0.05,4286360386944651300.0,15,false,0.02458731638660266,0.12499972847082887,0.00000000000086048,0.00000000000057154,1,5,0.0,0.0,clst_ndist_nospeak
clustering,heterogeneous,12,M13,3,3,0.3,0.6,0.0,0.0,false,0.05,0.1,0.1,0.05,8636175130330607600.0,15,false,0.03278937715525453,0.1669940224054763,0.00000009898428355,0.00000008428105098,1,5,0.0,0.0,clst_ndist_nospeak
clustering,heterogeneous,12,M13,3,3,0.3,0.6,0.0,0.0,false,0.05,0.1,0.1,0.05,7240713591891685400.0,15,false,0.03278937715525453,0.1669940224054763,0.00000009898428355,0.00000008428105098,1,5,0.0,0.0,clst_ndist_nospeak
clustering,heterogeneous,12,M13,3,3,0.3,0.6,0.0,0.0,false,0.05,0.1,0.1,0.05,4692690466958798800.0,15,false,0.03278937715525453,0.1669940224054763,0.00000009898428355,0.00000008428105098,1,5,0.0,0.0,clst_ndist_nospeak
clustering,heterogeneous,12,M13,3,3,0.3,0.6,0.0,0.0,false,0.05,0.1,0.1,0.05,7139002048363152400.0,15,false,0.03278937715525453,0.1669940224054763,0.00000009898428355,0.00000008428105098,1,5,0.0,0.0,clst_ndist_nospeak
clustering,heterogeneous,12,M13,3,3,0.3,0.6,0.0,0.0,false,0.05,0.1,0.1,0.05,6905470370856337400.0,15,false,0.03278937715525453,0.1669940224054763,0.00000009898428355,0.00000008428105098,1,5,0.0,0.0,clst_ndist_nospeak
clustering,heterogeneous,12,M13,3,3,0.3,0.6,0.0,0.0,false,0.05,0.1,0.1,0.05,1841142524168585220.0,15,false,0.03278937715525453,0.1669940224054763,0.00000009898428355,0.00000008428105098,1,5,0.0,0.0,clst_ndist_nospeak
clustering,heterogeneous,12,M13,3,3,0.3,0.6,0.0,0.0,false,0.05,0.1,0.1,0.05,4398895106259038200.0,15,false,0.03278937715525453,0.1669940224054763,0.00000009898428355,0.00000008428105098,1,5,0.0,0.0,clst_ndist_nospeak
clustering,heterogeneous,12,M13,3,3,0.3,0.6,0.0,0.0,false,0.05,0.1,0.1,0.05,4342572612484808700.0,15,false,0.03278937715525453,0.1669940224054763,0.00000009898428355,0.00000008428105098,1,5,0.0,0.0,clst_ndist_nospeak
clustering,heterogeneous,12,M13,3,3,0.3,0.6,0.0,0.0,false,0.05,0.1,0.1,0.05,7043372089166577700.0,15,false,0.03278937715525453,0.1669940224054763,0.00000009898428355,0.00000008428105098,1,5,0.0,0.0,clst_ndist_nospeak
clustering,heterogeneous,12,M13,3,3,0.3,0.6,0.0,0.0,false,0.05,0.1,0.1,0.05,8803618445054126100.0,15,false,0.03278937715525453,0.1669940224054763,0.00000009898428355,0.00000008428105098,1,5,0.0,0.0,clst_ndist_nospeak
clustering,heterogeneous,12,M13,3,3,0.3,0.6,0.0,0.0,false,0.05,0.1,0.1,0.05,7128893484183252000.0,15,false,0.03278937715525453,0.1669940224054763,0.00000009898428355,0.00000008428105098,1,5,0.0,0.0,clst_ndist_nospeak
clustering,heterogeneous,12,M13,3,3,0.3,0.6,0.0,0.0,false,0.05,0.1,0.1,0.05,4477927936947039200.0,15,false,0.03278937715525453,0.1669940224054763,0.00000009898428355,0.00000008428105098,1,5,0.0,0.0,clst_ndist_nospeak
clustering,heterogeneous,12,M13,3,3,0.3,0.6,0.0,0.0,false,0.05,0.1,0.1,0.05,4286360386944651300.0,15,false,0.03278937715525453,0.1669940224054763,0.00000009898428355,0.00000008428105098,1,5,0.0,0.0,clst_ndist_nospeak
clustering,heterogeneous,12,M13,3,3,0.3,0.6,0.0,0.0,false,0.05,0.1,0.1,0.05,109591146466576384.0,15,false,0.03278937715525453,0.1669940224054763,0.00000009898428355,0.00000008428105098,1,5,0.0,0.0,clst_ndist_nospeak
clustering,homogeneous,38,H19,0,6,0.3,0.2,0.0,0.0,false,0.05,0.1,0.1,0.05,7240713591891685400.0,15,false,0.00801496443234644,0.07263967955252393,0.00000002611575106,0.00000001514228273,1,3,0.0,0.0,clst_ndist_nospeak
clustering,homogeneous,38,H19,0,6,0.3,0.2,0.0,0.0,false,0.05,0.1,0.1,0.05,7139002048363152400.0,15,false,0.00801496443234644,0.07263967955252393,0.00000002611575106,0.00000001514228273,1,3,0.0,0.0,clst_ndist_nospeak
clustering,homogeneous,38,H19,0,6,0.3,0.2,0.0,0.0,false,0.05,0.1,0.1,0.05,4692690466958798800.0,15,false,0.00801496443234644,0.07263967955252393,0.00000002611575106,0.00000001514228273,1,3,0.0,0.0,clst_ndist_nospeak
clustering,homogeneous,38,H19,0,6,0.3,0.2,0.0,0.0,false,0.05,0.1,0.1,0.05,8636175130330607600.0,15,false,0.00801496443234644,0.07263967955252393,0.00000002611575106,0.00000001514228273,1,3,0.0,0.0,clst_ndist_nospeak
clustering,homogeneous,38,H19,0,6,0.3,0.2,0.0,0.0,false,0.05,0.1,0.1,0.05,6905470370856337400.0,15,false,0.00801496443234644,0.07263967955252393,0.00000002611575106,0.00000001514228273,1,3,0.0,0.0,clst_ndist_nospeak
clustering,homogeneous,38,H19,0,6,0.3,0.2,0.0,0.0,false,0.05,0.1,0.1,0.05,5702577027890589700.0,15,false,0.00801496443234644,0.07263967955252393,0.00000002611575106,0.00000001514228273,1,3,0.0,0.0,clst_ndist_nospeak
clustering,homogeneous,38,H19,0,6,0.3,0.2,0.0,0.0,false,0.05,0.1,0.1,0.05,1841142524168585220.0,15,false,0.00801496443234644,0.07263967955252393,0.00000002611575106,0.00000001514228273,1,3,0.0,0.0,clst_ndist_nospeak
clustering,homogeneous,38,H19,0,6,0.3,0.2,0.0,0.0,false,0.05,0.1,0.1,0.05,4398895106259038200.0,15,false,0.00801496443234644,0.07263967955252393,0.00000002611575106,0.00000001514228273,1,3,0.0,0.0,clst_ndist_nospeak
clustering,homogeneous,38,H19,0,6,0.3,0.2,0.0,0.0,false,0.05,0.1,0.1,0.05,8803618445054126100.0,15,false,0.00801496443234644,0.07263967955252393,0.00000002611575106,0.00000001514228273,1,3,0.0,0.0,clst_ndist_nospeak
clustering,homogeneous,38,H19,0,6,0.3,0.2,0.0,0.0,false,0.05,0.1,0.1,0.05,4342572612484808700.0,15,false,0.00801496443234644,0.07263967955252393,0.00000002611575106,0.00000001514228273,1,3,0.0,0.0,clst_ndist_nospeak
clustering,heterogeneous,12,M13,3,3,0.3,0.3,0.0,0.0,false,0.05,0.1,0.1,0.05,8803618445054126100.0,15,false,0.03278937715525453,0.16691844451605775,0.00000017024106344,0.00000014177900353,1,5,0.0,0.0,clst_ndist_nospeak
clustering,homogeneous,38,H19,0,6,0.3,0.2,0.0,0.0,false,0.05,0.1,0.1,0.05,7043372089166577700.0,15,false,0.00801496443234644,0.07263967955252393,0.00000002611575106,0.00000001514228273,1,3,0.0,0.0,clst_ndist_nospeak
clustering,homogeneous,38,H19,0,6,0.3,0.2,0.0,0.0,false,0.05,0.1,0.1,0.05,109591146466576384.0,15,false,0.00801496443234644,0.07263967955252393,0.00000002611575106,0.00000001514228273,1,3,0.0,0.0,clst_ndist_nospeak
clustering,homogeneous,38,H19,0,6,0.3,0.2,0.0,0.0,false,0.05,0.1,0.1,0.05,7128893484183252000.0,15,false,0.00801496443234644,0.07263967955252393,0.00000002611575106,0.00000001514228273,1,3,0.0,0.0,clst_ndist_nospeak
clustering,homogeneous,38,H19,0,6,0.3,0.2,0.0,0.0,false,0.05,0.1,0.1,0.05,4477927936947039200.0,15,false,0.00801496443234644,0.07263967955252393,0.00000002611575106,0.00000001514228273,1,3,0.0,0.0,clst_ndist_nospeak
clustering,homogeneous,38,H19,0,6,0.3,0.2,0.0,0.0,false,0.05,0.1,0.1,0.05,4286360386944651300.0,15,false,0.00801496443234644,0.07263967955252393,0.00000002611575106,0.00000001514228273,1,3,0.0,0.0,clst_ndist_nospeak
clustering,heterogeneous,12,M13,3,3,0.3,0.3,0.0,0.0,false,0.05,0.1,0.1,0.05,7139002048363152400.0,15,false,0.03278937715525453,0.16691844451605775,0.00000017024106344,0.00000014177900353,1,5,0.0,0.0,clst_ndist_nospeak
clustering,heterogeneous,12,M13,3,3,0.3,0.3,0.0,0.0,false,0.05,0.1,0.1,0.05,8636175130330607600.0,15,false,0.03278937715525453,0.16691844451605775,0.00000017024106344,0.00000014177900353,1,5,0.0,0.0,clst_ndist_nospeak
clustering,heterogeneous,12,M13,3,3,0.3,0.3,0.0,0.0,false,0.05,0.1,0.1,0.05,7240713591891685400.0,15,false,0.03278937715525453,0.16691844451605775,0.00000017024106344,0.00000014177900353,1,5,0.0,0.0,clst_ndist_nospeak
clustering,heterogeneous,12,M13,3,3,0.3,0.3,0.0,0.0,false,0.05,0.1,0.1,0.05,4692690466958798800.0,15,false,0.03278937715525453,0.16691844451605775,0.00000017024106344,0.00000014177900353,1,5,0.0,0.0,clst_ndist_nospeak
clustering,heterogeneous,12,M13,3,3,0.3,0.3,0.0,0.0,false,0.05,0.1,0.1,0.05,5702577027890589700.0,15,false,0.03278937715525453,0.16691844451605775,0.00000017024106344,0.00000014177900353,1,5,0.0,0.0,clst_ndist_nospeak
clustering,heterogeneous,12,M13,3,3,0.3,0.3,0.0,0.0,false,0.05,0.1,0.1,0.05,6905470370856337400.0,15,false,0.03278937715525453,0.16691844451605775,0.00000017024106344,0.00000014177900353,1,5,0.0,0.0,clst_ndist_nospeak
clustering,heterogeneous,12,M13,3,3,0.3,0.3,0.0,0.0,false,0.05,0.1,0.1,0.05,4398895106259038200.0,15,false,0.03278937715525453,0.16691844451605775,0.00000017024106344,0.00000014177900353,1,5,0.0,0.0,clst_ndist_nospeak
clustering,heterogeneous,12,M13,3,3,0.3,0.3,0.0,0.0,false,0.05,0.1,0.1,0.05,1841142524168585220.0,15,false,0.03278937715525453,0.16691844451605775,0.00000017024106344,0.00000014177900353,1,5,0.0,0.0,clst_ndist_nospeak
clustering,heterogeneous,12,M13,3,3,0.3,0.3,0.0,0.0,false,0.05,0.1,0.1,0.05,4342572612484808700.0,15,false,0.03278937715525453,0.16691844451605775,0.00000017024106344,0.00000014177900353,1,5,0.0,0.0,clst_ndist_nospeak
clustering,heterogeneous,12,M13,3,3,0.3,0.3,0.0,0.0,false,0.05,0.1,0.1,0.05,109591146466576384.0,15,false,0.03278937715525453,0.16691844451605775,0.00000017024106344,0.00000014177900353,1,5,0.0,0.0,clst_ndist_nospeak
clustering,heterogeneous,12,M13,3,3,0.3,0.3,0.0,0.0,false,0.05,0.1,0.1,0.05,7043372089166577700.0,15,false,0.03278937715525453,0.16691844451605775,0.00000017024106344,0.00000014177900353,1,5,0.0,0.0,clst_ndist_nospeak
clustering,heterogeneous,12,M13,3,3,0.3,0.3,0.0,0.0,false,0.05,0.1,0.1,0.05,7128893484183252000.0,15,false,0.03278937715525453,0.16691844451605775,0.00000017024106344,0.00000014177900353,1,5,0.0,0.0,clst_ndist_nospeak
clustering,heterogeneous,12,M13,3,3,0.3,0.3,0.0,0.0,false,0.05,0.1,0.1,0.05,4477927936947039200.0,15,false,0.03278937715525453,0.16691844451605775,0.00000017024106344,0.00000014177900353,1,5,0.0,0.0,clst_ndist_nospeak
clustering,heterogeneous,12,M13,3,3,0.3,0.3,0.0,0.0,false,0.05,0.1,0.1,0.05,4286360386944651300.0,15,false,0.03278937715525453,0.16691844451605775,0.00000017024106344,0.00000014177900353,1,5,0.0,0.0,clst_ndist_nospeak
clustering,heterogeneous,27,M16,2,2,0.2,0.2,0.0,0.0,false,0.05,0.1,0.1,0.05,4692690466958798800.0,15,false,0.01252610529728226,0.14967450727986423,0.0000027803851656,0.00000205588366245,1,3,0.0,0.0,clst_ndist_nospeak
clustering,heterogeneous,27,M16,2,2,0.2,0.2,0.0,0.0,false,0.05,0.1,0.1,0.05,1841142524168585220.0,15,false,0.01252610529728226,0.14967450727986423,0.0000027803851656,0.00000205588366245,1,3,0.0,0.0,clst_ndist_nospeak
clustering,heterogeneous,27,M16,2,2,0.2,0.2,0.0,0.0,false,0.05,0.1,0.1,0.05,8803618445054126100.0,15,false,0.01252610529728226,0.14967450727986423,0.0000027803851656,0.00000205588366245,1,3,0.0,0.0,clst_ndist_nospeak
clustering,heterogeneous,27,M16,2,2,0.2,0.2,0.0,0.0,false,0.05,0.1,0.1,0.05,7139002048363152400.0,15,false,0.01252610529728226,0.14967450727986423,0.0000027803851656,0.00000205588366245,1,3,0.0,0.0,clst_ndist_nospeak
clustering,heterogeneous,27,M16,2,2,0.2,0.2,0.0,0.0,false,0.05,0.1,0.1,0.05,7240713591891685400.0,15,false,0.01252610529728226,0.14967450727986423,0.0000027803851656,0.00000205588366245,1,3,0.0,0.0,clst_ndist_nospeak
clustering,heterogeneous,13,M14,3,3,0.1,0.8,0.0,0.0,false,0.05,0.1,0.1,0.05,7240713591891685400.0,30,false,0.0108926683241884,0.08563849019507506,0.00000554419852277,0.00000411933664964,1,4,0.0,0.0,clst_ndist_nospeak
clustering,heterogeneous,13,M14,3,3,0.1,0.8,0.0,0.0,false,0.05,0.1,0.1,0.05,7139002048363152400.0,30,false,0.0108926683241884,0.08563849019507506,0.00000554419852277,0.00000411933664964,1,4,0.0,0.0,clst_ndist_nospeak
clustering,heterogeneous,13,M14,3,3,0.1,0.8,0.0,0.0,false,0.05,0.1,0.1,0.05,8636175130330607600.0,30,false,0.0108926683241884,0.08563849019507506,0.00000554419852277,0.00000411933664964,1,4,0.0,0.0,clst_ndist_nospeak
clustering,heterogeneous,13,M14,3,3,0.1,0.8,0.0,0.0,false,0.05,0.1,0.1,0.05,4692690466958798800.0,30,false,0.0108926683241884,0.08563849019507506,0.00000554419852277,0.00000411933664964,1,4,0.0,0.0,clst_ndist_nospeak
clustering,heterogeneous,39,M35,3,3,0.2,0.6,0.0,0.0,false,0.05,0.1,0.1,0.05,7240713591891685400.0,15,false,0.01380628072130774,0.10986734279928163,0.00000465574841083,0.00000320155347158,1,4,0.0,0.0,clst_ndist_nospeak
clustering,heterogeneous,27,M16,2,2,0.2,0.2,0.0,0.0,false,0.05,0.1,0.1,0.05,6905470370856337400.0,15,false,0.01252610529728226,0.14967450727986423,0.0000027803851656,0.00000205588366245,1,3,0.0,0.0,clst_ndist_nospeak
clustering,heterogeneous,27,M16,2,2,0.2,0.2,0.0,0.0,false,0.05,0.1,0.1,0.05,8636175130330607600.0,15,false,0.01252610529728226,0.14967450727986423,0.0000027803851656,0.00000205588366245,1,3,0.0,0.0,clst_ndist_nospeak
clustering,heterogeneous,27,M16,2,2,0.2,0.2,0.0,0.0,false,0.05,0.1,0.1,0.05,5702577027890589700.0,15,false,0.01252610529728226,0.14967450727986423,0.0000027803851656,0.00000205588366245,1,3,0.0,0.0,clst_ndist_nospeak
clustering,heterogeneous,27,M16,2,2,0.2,0.2,0.0,0.0,false,0.05,0.1,0.1,0.05,4398895106259038200.0,15,false,0.01252610529728226,0.14967450727986423,0.0000027803851656,0.00000205588366245,1,3,0.0,0.0,clst_ndist_nospeak
clustering,heterogeneous,27,M16,2,2,0.2,0.2,0.0,0.0,false,0.05,0.1,0.1,0.05,4342572612484808700.0,15,false,0.01252610529728226,0.14967450727986423,0.0000027803851656,0.00000205588366245,1,3,0.0,0.0,clst_ndist_nospeak
clustering,heterogeneous,27,M16,2,2,0.2,0.2,0.0,0.0,false,0.05,0.1,0.1,0.05,7043372089166577700.0,15,false,0.01252610529728226,0.14967450727986423,0.0000027803851656,0.00000205588366245,1,3,0.0,0.0,clst_ndist_nospeak
clustering,heterogeneous,27,M16,2,2,0.2,0.2,0.0,0.0,false,0.05,0.1,0.1,0.05,4477927936947039200.0,15,false,0.01252610529728226,0.14967450727986423,0.0000027803851656,0.00000205588366245,1,3,0.0,0.0,clst_ndist_nospeak
clustering,heterogeneous,27,M16,2,2,0.2,0.2,0.0,0.0,false,0.05,0.1,0.1,0.05,109591146466576384.0,15,false,0.01252610529728226,0.14967450727986423,0.0000027803851656,0.00000205588366245,1,3,0.0,0.0,clst_ndist_nospeak
clustering,heterogeneous,27,M16,2,2,0.2,0.2,0.0,0.0,false,0.05,0.1,0.1,0.05,7128893484183252000.0,15,false,0.01252610529728226,0.14967450727986423,0.0000027803851656,0.00000205588366245,1,3,0.0,0.0,clst_ndist_nospeak
clustering,heterogeneous,13,M14,3,3,0.1,0.8,0.0,0.0,false,0.05,0.1,0.1,0.05,6905470370856337400.0,30,false,0.0108926683241884,0.08563849019507506,0.00000554419852277,0.00000411933664964,1,4,0.0,0.0,clst_ndist_nospeak
clustering,heterogeneous,27,M16,2,2,0.2,0.2,0.0,0.0,false,0.05,0.1,0.1,0.05,4286360386944651300.0,15,false,0.01252610529728226,0.14967450727986423,0.0000027803851656,0.00000205588366245,1,3,0.0,0.0,clst_ndist_nospeak
clustering,heterogeneous,13,M14,3,3,0.1,0.8,0.0,0.0,false,0.05,0.1,0.1,0.05,5702577027890589700.0,30,false,0.0108926683241884,0.08563849019507506,0.00000554419852277,0.00000411933664964,1,4,0.0,0.0,clst_ndist_nospeak
clustering,heterogeneous,39,M35,3,3,0.2,0.6,0.0,0.0,false,0.05,0.1,0.1,0.05,7139002048363152400.0,15,false,0.01380628072130774,0.10986734279928163,0.00000465574841083,0.00000320155347158,1,4,0.0,0.0,clst_ndist_nospeak
clustering,heterogeneous,13,M14,3,3,0.1,0.8,0.0,0.0,false,0.05,0.1,0.1,0.05,1841142524168585220.0,30,false,0.0108926683241884,0.08563849019507506,0.00000554419852277,0.00000411933664964,1,4,0.0,0.0,clst_ndist_nospeak
clustering,heterogeneous,13,M14,3,3,0.1,0.8,0.0,0.0,false,0.05,0.1,0.1,0.05,4398895106259038200.0,30,false,0.0108926683241884,0.08563849019507506,0.00000554419852277,0.00000411933664964,1,4,0.0,0.0,clst_ndist_nospeak
clustering,heterogeneous,13,M14,3,3,0.1,0.8,0.0,0.0,false,0.05,0.1,0.1,0.05,8803618445054126100.0,30,false,0.0108926683241884,0.08563849019507506,0.00000554419852277,0.00000411933664964,1,4,0.0,0.0,clst_ndist_nospeak
clustering,heterogeneous,13,M14,3,3,0.1,0.8,0.0,0.0,false,0.05,0.1,0.1,0.05,4342572612484808700.0,30,false,0.0108926683241884,0.08563849019507506,0.00000554419852277,0.00000411933664964,1,4,0.0,0.0,clst_ndist_nospeak
clustering,heterogeneous,13,M14,3,3,0.1,0.8,0.0,0.0,false,0.05,0.1,0.1,0.05,109591146466576384.0,30,false,0.0108926683241884,0.08563849019507506,0.00000554419852277,0.00000411933664964,1,4,0.0,0.0,clst_ndist_nospeak
clustering,heterogeneous,13,M14,3,3,0.1,0.8,0.0,0.0,false,0.05,0.1,0.1,0.05,7043372089166577700.0,30,false,0.0108926683241884,0.08563849019507506,0.00000554419852277,0.00000411933664964,1,4,0.0,0.0,clst_ndist_nospeak
clustering,heterogeneous,39,M35,3,3,0.2,0.6,0.0,0.0,false,0.05,0.1,0.1,0.05,8636175130330607600.0,15,false,0.01380628072130774,0.10986734279928163,0.00000465574841083,0.00000320155347158,1,4,0.0,0.0,clst_ndist_nospeak
clustering,heterogeneous,39,M35,3,3,0.2,0.6,0.0,0.0,false,0.05,0.1,0.1,0.05,5702577027890589700.0,15,false,0.01380628072130774,0.10986734279928163,0.00000465574841083,0.00000320155347158,1,4,0.0,0.0,clst_ndist_nospeak
clustering,heterogeneous,13,M14,3,3,0.1,0.8,0.0,0.0,false,0.05,0.1,0.1,0.05,7128893484183252000.0,30,false,0.0108926683241884,0.08563849019507506,0.00000554419852277,0.00000411933664964,1,4,0.0,0.0,clst_ndist_nospeak
clustering,heterogeneous,13,M14,3,3,0.1,0.8,0.0,0.0,false,0.05,0.1,0.1,0.05,4477927936947039200.0,30,false,0.0108926683241884,0.08563849019507506,0.00000554419852277,0.00000411933664964,1,4,0.0,0.0,clst_ndist_nospeak
clustering,heterogeneous,13,M14,3,3,0.1,0.8,0.0,0.0,false,0.05,0.1,0.1,0.05,4286360386944651300.0,30,false,0.0108926683241884,0.08563849019507506,0.00000554419852277,0.00000411933664964,1,4,0.0,0.0,clst_ndist_nospeak
clustering,heterogeneous,39,M35,3,3,0.2,0.6,0.0,0.0,false,0.05,0.1,0.1,0.05,4692690466958798800.0,15,false,0.01380628072130774,0.10986734279928163,0.00000465574841083,0.00000320155347158,1,4,0.0,0.0,clst_ndist_nospeak
clustering,heterogeneous,39,M35,3,3,0.2,0.6,0.0,0.0,false,0.05,0.1,0.1,0.05,1841142524168585220.0,15,false,0.01380628072130774,0.10986734279928163,0.00000465574841083,0.00000320155347158,1,4,0.0,0.0,clst_ndist_nospeak
clustering,heterogeneous,39,M35,3,3,0.2,0.6,0.0,0.0,false,0.05,0.1,0.1,0.05,109591146466576384.0,15,false,0.01380628072130774,0.10986734279928163,0.00000465574841083,0.00000320155347158,1,4,0.0,0.0,clst_ndist_nospeak
clustering,heterogeneous,39,M35,3,3,0.2,0.6,0.0,0.0,false,0.05,0.1,0.1,0.05,4286360386944651300.0,15,false,0.01380628072130774,0.10986734279928163,0.00000465574841083,0.00000320155347158,1,4,0.0,0.0,clst_ndist_nospeak
clustering,homogeneous,41,H20,0,4,0.3,0.2,0.0,0.0,false,0.05,0.1,0.1,0.05,7240713591891685400.0,15,false,0.00048024369855967,0.06672309383906137,0.00000000031346382,0.00000000015669865,1,1,0.0,0.0,clst_ndist_nospeak
clustering,heterogeneous,39,M35,3,3,0.2,0.6,0.0,0.0,false,0.05,0.1,0.1,0.05,6905470370856337400.0,15,false,0.01380628072130774,0.10986734279928163,0.00000465574841083,0.00000320155347158,1,4,0.0,0.0,clst_ndist_nospeak
clustering,homogeneous,41,H20,0,4,0.3,0.2,0.0,0.0,false,0.05,0.1,0.1,0.05,4692690466958798800.0,15,false,0.00048024369855967,0.06672309383906137,0.00000000031346382,0.00000000015669865,1,1,0.0,0.0,clst_ndist_nospeak
clustering,homogeneous,41,H20,0,4,0.3,0.2,0.0,0.0,false,0.05,0.1,0.1,0.05,6905470370856337400.0,15,false,0.00048024369855967,0.06672309383906137,0.00000000031346382,0.00000000015669865,1,1,0.0,0.0,clst_ndist_nospeak
clustering,homogeneous,41,H20,0,4,0.3,0.2,0.0,0.0,false,0.05,0.1,0.1,0.05,8636175130330607600.0,15,false,0.00048024369855967,0.06672309383906137,0.00000000031346382,0.00000000015669865,1,1,0.0,0.0,clst_ndist_nospeak
clustering,homogeneous,41,H20,0,4,0.3,0.2,0.0,0.0,false,0.05,0.1,0.1,0.05,4398895106259038200.0,15,false,0.00048024369855967,0.06672309383906137,0.00000000031346382,0.00000000015669865,1,1,0.0,0.0,clst_ndist_nospeak
clustering,heterogeneous,39,M35,3,3,0.2,0.6,0.0,0.0,false,0.05,0.1,0.1,0.05,4398895106259038200.0,15,false,0.01380628072130774,0.10986734279928163,0.00000465574841083,0.00000320155347158,1,4,0.0,0.0,clst_ndist_nospeak
clustering,heterogeneous,39,M35,3,3,0.2,0.6,0.0,0.0,false,0.05,0.1,0.1,0.05,8803618445054126100.0,15,false,0.01380628072130774,0.10986734279928163,0.00000465574841083,0.00000320155347158,1,4,0.0,0.0,clst_ndist_nospeak
clustering,heterogeneous,39,M35,3,3,0.2,0.6,0.0,0.0,false,0.05,0.1,0.1,0.05,4342572612484808700.0,15,false,0.01380628072130774,0.10986734279928163,0.00000465574841083,0.00000320155347158,1,4,0.0,0.0,clst_ndist_nospeak
clustering,heterogeneous,39,M35,3,3,0.2,0.6,0.0,0.0,false,0.05,0.1,0.1,0.05,7043372089166577700.0,15,false,0.01380628072130774,0.10986734279928163,0.00000465574841083,0.00000320155347158,1,4,0.0,0.0,clst_ndist_nospeak
clustering,homogeneous,41,H20,0,4,0.3,0.2,0.0,0.0,false,0.05,0.1,0.1,0.05,4342572612484808700.0,15,false,0.00048024369855967,0.06672309383906137,0.00000000031346382,0.00000000015669865,1,1,0.0,0.0,clst_ndist_nospeak
clustering,heterogeneous,39,M35,3,3,0.2,0.6,0.0,0.0,false,0.05,0.1,0.1,0.05,7128893484183252000.0,15,false,0.01380628072130774,0.10986734279928163,0.00000465574841083,0.00000320155347158,1,4,0.0,0.0,clst_ndist_nospeak
clustering,heterogeneous,39,M35,3,3,0.2,0.6,0.0,0.0,false,0.05,0.1,0.1,0.05,4477927936947039200.0,15,false,0.01380628072130774,0.10986734279928163,0.00000465574841083,0.00000320155347158,1,4,0.0,0.0,clst_ndist_nospeak
clustering,homogeneous,41,H20,0,4,0.3,0.2,0.0,0.0,false,0.05,0.1,0.1,0.05,7139002048363152400.0,15,false,0.00048024369855967,0.06672309383906137,0.00000000031346382,0.00000000015669865,1,1,0.0,0.0,clst_ndist_nospeak
clustering,homogeneous,41,H20,0,4,0.3,0.2,0.0,0.0,false,0.05,0.1,0.1,0.05,1841142524168585220.0,15,false,0.00048024369855967,0.06672309383906137,0.00000000031346382,0.00000000015669865,1,1,0.0,0.0,clst_ndist_nospeak
clustering,homogeneous,41,H20,0,4,0.3,0.2,0.0,0.0,false,0.05,0.1,0.1,0.05,5702577027890589700.0,15,false,0.00048024369855967,0.06672309383906137,0.00000000031346382,0.00000000015669865,1,1,0.0,0.0,clst_ndist_nospeak
clustering,homogeneous,41,H20,0,4,0.3,0.2,0.0,0.0,false,0.05,0.1,0.1,0.05,8803618445054126100.0,15,false,0.00048024369855967,0.06672309383906137,0.00000000031346382,0.00000000015669865,1,1,0.0,0.0,clst_ndist_nospeak
clustering,homogeneous,41,H20,0,4,0.3,0.2,0.0,0.0,false,0.05,0.1,0.1,0.05,109591146466576384.0,15,false,0.00048024369855967,0.06672309383906137,0.00000000031346382,0.00000000015669865,1,1,0.0,0.0,clst_ndist_nospeak
clustering,homogeneous,41,H20,0,4,0.3,0.2,0.0,0.0,false,0.05,0.1,0.1,0.05,7043372089166577700.0,15,false,0.00048024369855967,0.06672309383906137,0.00000000031346382,0.00000000015669865,1,1,0.0,0.0,clst_ndist_nospeak
clustering,homogeneous,41,H20,0,4,0.3,0.2,0.0,0.0,false,0.05,0.1,0.1,0.05,7128893484183252000.0,15,false,0.00048024369855967,0.06672309383906137,0.00000000031346382,0.00000000015669865,1,1,0.0,0.0,clst_ndist_nospeak
clustering,homogeneous,41,H20,0,4,0.3,0.2,0.0,0.0,false,0.05,0.1,0.1,0.05,4477927936947039200.0,15,false,0.00048024369855967,0.06672309383906137,0.00000000031346382,0.00000000015669865,1,1,0.0,0.0,clst_ndist_nospeak
clustering,homogeneous,41,H20,0,4,0.3,0.2,0.0,0.0,false,0.05,0.1,0.1,0.05,4286360386944651300.0,15,false,0.00048024369855967,0.06672309383906137,0.00000000031346382,0.00000000015669865,1,1,0.0,0.0,clst_ndist_nospeak
clustering,heterogeneous,20,M26,2,2,0.2,0.2,0.0,0.0,true,0.05,0.0,0.0,0.0,7240713591891685400.0,15,false,0.04088593575853047,0.02558898322691859,0.04216166641474298,0.03742219538794028,2,3,0.0,0.0,clst_dist_nospeak
clustering,heterogeneous,20,M26,2,2,0.2,0.2,0.0,0.0,true,0.05,0.0,0.0,0.0,7139002048363152400.0,15,false,0.04088593575853047,0.02558898322691859,0.04216166641474298,0.03742219538794028,2,3,0.0,0.0,clst_dist_nospeak
clustering,heterogeneous,20,M26,2,2,0.2,0.2,0.0,0.0,true,0.05,0.0,0.0,0.0,7128893484183252000.0,15,false,0.04088593575853047,0.02558898322691859,0.04216166641474298,0.03742219538794028,2,3,0.0,0.0,clst_dist_nospeak
clustering,heterogeneous,20,M26,2,2,0.2,0.2,0.0,0.0,true,0.05,0.0,0.0,0.0,7043372089166577700.0,15,false,0.04088593575853047,0.02558898322691859,0.04216166641474298,0.03742219538794028,2,3,0.0,0.0,clst_dist_nospeak
clustering,heterogeneous,20,M26,2,2,0.2,0.2,0.0,0.0,true,0.05,0.0,0.0,0.0,4398895106259038200.0,15,false,0.04088593575853047,0.02558898322691859,0.04216166641474298,0.03742219538794028,2,3,0.0,0.0,clst_dist_nospeak
clustering,heterogeneous,20,M26,2,2,0.2,0.2,0.0,0.0,true,0.05,0.0,0.0,0.0,8803618445054126100.0,15,false,0.04088593575853047,0.02558898322691859,0.04216166641474298,0.03742219538794028,2,3,0.0,0.0,clst_dist_nospeak
clustering,heterogeneous,20,M26,2,2,0.2,0.2,0.0,0.0,true,0.05,0.0,0.0,0.0,109591146466576384.0,15,false,0.04088593575853047,0.02558898322691859,0.04216166641474298,0.03742219538794028,2,3,0.0,0.0,clst_dist_nospeak
clustering,heterogeneous,20,M26,2,2,0.2,0.2,0.0,0.0,true,0.05,0.0,0.0,0.0,4342572612484808700.0,15,false,0.04088593575853047,0.02558898322691859,0.04216166641474298,0.03742219538794028,2,3,0.0,0.0,clst_dist_nospeak
clustering,heterogeneous,20,M26,2,2,0.2,0.2,0.0,0.0,true,0.05,0.0,0.0,0.0,5702577027890589700.0,15,false,0.04088593575853047,0.02558898322691859,0.04216166641474298,0.03742219538794028,2,3,0.0,0.0,clst_dist_nospeak
clustering,heterogeneous,20,M26,2,2,0.2,0.2,0.0,0.0,true,0.05,0.0,0.0,0.0,4286360386944651300.0,15,false,0.04088593575853047,0.02558898322691859,0.04216166641474298,0.03742219538794028,2,3,0.0,0.0,clst_dist_nospeak
clustering,heterogeneous,20,M26,2,2,0.2,0.2,0.0,0.0,true,0.05,0.0,0.0,0.0,4692690466958798800.0,15,false,0.04088593575853047,0.02558898322691859,0.04216166641474298,0.03742219538794028,2,3,0.0,0.0,clst_dist_nospeak
clustering,heterogeneous,20,M26,2,2,0.2,0.2,0.0,0.0,true,0.05,0.0,0.0,0.0,1841142524168585220.0,15,false,0.04088593575853047,0.02558898322691859,0.04216166641474298,0.03742219538794028,2,3,0.0,0.0,clst_dist_nospeak
clustering,heterogeneous,20,M26,2,2,0.2,0.2,0.0,0.0,true,0.05,0.0,0.0,0.0,8636175130330607600.0,15,false,0.04088593575853047,0.02558898322691859,0.04216166641474298,0.03742219538794028,2,3,0.0,0.0,clst_dist_nospeak
clustering,heterogeneous,20,M26,2,2,0.2,0.2,0.0,0.0,true,0.05,0.0,0.0,0.0,6905470370856337400.0,15,false,0.04088593575853047,0.02558898322691859,0.04216166641474298,0.03742219538794028,2,3,0.0,0.0,clst_dist_nospeak
clustering,heterogeneous,20,M26,2,2,0.2,0.2,0.0,0.0,true,0.05,0.0,0.0,0.0,4477927936947039200.0,15,false,0.04088593575853047,0.02558898322691859,0.04216166641474298,0.03742219538794028,2,3,0.0,0.0,clst_dist_nospeak
clustering,homogeneous,29,H14,0,4,0.1,0.8,0.0,0.0,true,0.0,0.0,0.0,0.0,4692690466958798800.0,20,false,0.00370154361175412,0.0611178856900214,0.00001343776835629,0.00000987002624216,1,2,0.0,0.0,clst_dist_nospeak
clustering,homogeneous,29,H14,0,4,0.1,0.8,0.0,0.0,true,0.0,0.0,0.0,0.0,7139002048363152400.0,20,false,0.00370154361175412,0.0611178856900214,0.00001343776835629,0.00000987002624216,1,2,0.0,0.0,clst_dist_nospeak
clustering,homogeneous,29,H14,0,4,0.1,0.8,0.0,0.0,true,0.0,0.0,0.0,0.0,8636175130330607600.0,20,false,0.00370154361175412,0.0611178856900214,0.00001343776835629,0.00000987002624216,1,2,0.0,0.0,clst_dist_nospeak
clustering,homogeneous,29,H14,0,4,0.1,0.8,0.0,0.0,true,0.0,0.0,0.0,0.0,5702577027890589700.0,20,false,0.00370154361175412,0.0611178856900214,0.00001343776835629,0.00000987002624216,1,2,0.0,0.0,clst_dist_nospeak
clustering,homogeneous,29,H14,0,4,0.1,0.8,0.0,0.0,true,0.0,0.0,0.0,0.0,1841142524168585220.0,20,false,0.00370154361175412,0.0611178856900214,0.00001343776835629,0.00000987002624216,1,2,0.0,0.0,clst_dist_nospeak
clustering,homogeneous,29,H14,0,4,0.1,0.8,0.0,0.0,true,0.0,0.0,0.0,0.0,7240713591891685400.0,20,false,0.00370154361175412,0.0611178856900214,0.00001343776835629,0.00000987002624216,1,2,0.0,0.0,clst_dist_nospeak
clustering,homogeneous,29,H14,0,4,0.1,0.8,0.0,0.0,true,0.0,0.0,0.0,0.0,109591146466576384.0,20,false,0.00370154361175412,0.0611178856900214,0.00001343776835629,0.00000987002624216,1,2,0.0,0.0,clst_dist_nospeak
clustering,homogeneous,29,H14,0,4,0.1,0.8,0.0,0.0,true,0.0,0.0,0.0,0.0,4342572612484808700.0,20,false,0.00370154361175412,0.0611178856900214,0.00001343776835629,0.00000987002624216,1,2,0.0,0.0,clst_dist_nospeak
clustering,homogeneous,29,H14,0,4,0.1,0.8,0.0,0.0,true,0.0,0.0,0.0,0.0,7043372089166577700.0,20,false,0.00370154361175412,0.0611178856900214,0.00001343776835629,0.00000987002624216,1,2,0.0,0.0,clst_dist_nospeak
clustering,homogeneous,29,H14,0,4,0.1,0.8,0.0,0.0,true,0.0,0.0,0.0,0.0,8803618445054126100.0,20,false,0.00370154361175412,0.0611178856900214,0.00001343776835629,0.00000987002624216,1,2,0.0,0.0,clst_dist_nospeak
clustering,homogeneous,29,H14,0,4,0.1,0.8,0.0,0.0,true,0.0,0.0,0.0,0.0,4398895106259038200.0,20,false,0.00370154361175412,0.0611178856900214,0.00001343776835629,0.00000987002624216,1,2,0.0,0.0,clst_dist_nospeak
clustering,homogeneous,29,H14,0,4,0.1,0.8,0.0,0.0,true,0.0,0.0,0.0,0.0,7128893484183252000.0,20,false,0.00370154361175412,0.0611178856900214,0.00001343776835629,0.00000987002624216,1,2,0.0,0.0,clst_dist_nospeak
clustering,homogeneous,29,H14,0,4,0.1,0.8,0.0,0.0,true,0.0,0.0,0.0,0.0,4286360386944651300.0,20,false,0.00370154361175412,0.0611178856900214,0.00001343776835629,0.00000987002624216,1,2,0.0,0.0,clst_dist_nospeak
clustering,homogeneous,29,H14,0,4,0.1,0.8,0.0,0.0,true,0.0,0.0,0.0,0.0,6905470370856337400.0,20,false,0.00370154361175412,0.0611178856900214,0.00001343776835629,0.00000987002624216,1,2,0.0,0.0,clst_dist_nospeak
clustering,homogeneous,29,H14,0,4,0.1,0.8,0.0,0.0,true,0.0,0.0,0.0,0.0,4477927936947039200.0,20,false,0.00370154361175412,0.0611178856900214,0.00001343776835629,0.00000987002624216,1,2,0.0,0.0,clst_dist_nospeak
clustering,heterogeneous,27,M16,2,2,0.2,0.2,0.0,0.0,true,0.1,0.3,0.0,0.0,7240713591891685400.0,20,false,0.01252610529728226,0.15752312521094555,0.00000514736470841,0.00000391280543469,1,3,0.0,0.0,clst_dist_nospeak
clustering,heterogeneous,27,M16,2,2,0.2,0.2,0.0,0.0,true,0.1,0.3,0.0,0.0,7139002048363152400.0,20,false,0.01252610529728226,0.15752312521094555,0.00000514736470841,0.00000391280543469,1,3,0.0,0.0,clst_dist_nospeak
clustering,heterogeneous,27,M16,2,2,0.2,0.2,0.0,0.0,true,0.1,0.3,0.0,0.0,8803618445054126100.0,20,false,0.01252610529728226,0.15752312521094555,0.00000514736470841,0.00000391280543469,1,3,0.0,0.0,clst_dist_nospeak
clustering,heterogeneous,27,M16,2,2,0.2,0.2,0.0,0.0,true,0.1,0.3,0.0,0.0,4692690466958798800.0,20,false,0.01252610529728226,0.15752312521094555,0.00000514736470841,0.00000391280543469,1,3,0.0,0.0,clst_dist_nospeak
clustering,heterogeneous,27,M16,2,2,0.2,0.2,0.0,0.0,true,0.1,0.3,0.0,0.0,6905470370856337400.0,20,false,0.01252610529728226,0.15752312521094555,0.00000514736470841,0.00000391280543469,1,3,0.0,0.0,clst_dist_nospeak
clustering,heterogeneous,27,M16,2,2,0.2,0.2,0.0,0.0,true,0.1,0.3,0.0,0.0,8636175130330607600.0,20,false,0.01252610529728226,0.15752312521094555,0.00000514736470841,0.00000391280543469,1,3,0.0,0.0,clst_dist_nospeak
clustering,heterogeneous,27,M16,2,2,0.2,0.2,0.0,0.0,true,0.1,0.3,0.0,0.0,5702577027890589700.0,20,false,0.01252610529728226,0.15752312521094555,0.00000514736470841,0.00000391280543469,1,3,0.0,0.0,clst_dist_nospeak
clustering,heterogeneous,27,M16,2,2,0.2,0.2,0.0,0.0,true,0.1,0.3,0.0,0.0,7043372089166577700.0,20,false,0.01252610529728226,0.15752312521094555,0.00000514736470841,0.00000391280543469,1,3,0.0,0.0,clst_dist_nospeak
clustering,heterogeneous,27,M16,2,2,0.2,0.2,0.0,0.0,true,0.1,0.3,0.0,0.0,1841142524168585220.0,20,false,0.01252610529728226,0.15752312521094555,0.00000514736470841,0.00000391280543469,1,3,0.0,0.0,clst_dist_nospeak
clustering,heterogeneous,27,M16,2,2,0.2,0.2,0.0,0.0,true,0.1,0.3,0.0,0.0,4398895106259038200.0,20,false,0.01252610529728226,0.15752312521094555,0.00000514736470841,0.00000391280543469,1,3,0.0,0.0,clst_dist_nospeak
clustering,heterogeneous,27,M16,2,2,0.2,0.2,0.0,0.0,true,0.1,0.3,0.0,0.0,7128893484183252000.0,20,false,0.01252610529728226,0.15752312521094555,0.00000514736470841,0.00000391280543469,1,3,0.0,0.0,clst_dist_nospeak
clustering,heterogeneous,27,M16,2,2,0.2,0.2,0.0,0.0,true,0.1,0.3,0.0,0.0,4342572612484808700.0,20,false,0.01252610529728226,0.15752312521094555,0.00000514736470841,0.00000391280543469,1,3,0.0,0.0,clst_dist_nospeak
clustering,heterogeneous,27,M16,2,2,0.2,0.2,0.0,0.0,true,0.1,0.3,0.0,0.0,109591146466576384.0,20,false,0.01252610529728226,0.15752312521094555,0.00000514736470841,0.00000391280543469,1,3,0.0,0.0,clst_dist_nospeak
clustering,heterogeneous,27,M16,2,2,0.2,0.2,0.0,0.0,true,0.1,0.3,0.0,0.0,4477927936947039200.0,20,false,0.01252610529728226,0.15752312521094555,0.00000514736470841,0.00000391280543469,1,3,0.0,0.0,clst_dist_nospeak
clustering,heterogeneous,27,M16,2,2,0.2,0.2,0.0,0.0,true,0.1,0.3,0.0,0.0,4286360386944651300.0,20,false,0.01252610529728226,0.15752312521094555,0.00000514736470841,0.00000391280543469,1,3,0.0,0.0,clst_dist_nospeak
clustering,heterogeneous,19,M25,2,2,0.2,0.3,0.0,0.0,true,0.0,0.0,0.0,0.0,7240713591891685400.0,15,false,0.0138563200606567,0.10418378771636708,0.00000198886572237,0.00000150419981362,1,3,0.0,0.0,clst_dist_nospeak
clustering,heterogeneous,19,M25,2,2,0.2,0.3,0.0,0.0,true,0.0,0.0,0.0,0.0,7139002048363152400.0,15,false,0.0138563200606567,0.10418378771636708,0.00000198886572237,0.00000150419981362,1,3,0.0,0.0,clst_dist_nospeak
clustering,homogeneous,40,H18,0,4,0.1,0.4,0.0,0.0,true,0.2,0.1,0.0,0.0,7139002048363152400.0,45,false,0.00975649903013544,0.15688813489226966,0.00053790787846795,0.00033564197543608,2,2,0.0,0.0,clst_dist_nospeak
clustering,homogeneous,40,H18,0,4,0.1,0.4,0.0,0.0,true,0.2,0.1,0.0,0.0,7240713591891685400.0,45,false,0.00975649903013544,0.15688813489226966,0.00053790787846795,0.00033564197543608,2,2,0.0,0.0,clst_dist_nospeak
clustering,heterogeneous,19,M25,2,2,0.2,0.3,0.0,0.0,true,0.0,0.0,0.0,0.0,4692690466958798800.0,15,false,0.0138563200606567,0.10418378771636708,0.00000198886572237,0.00000150419981362,1,3,0.0,0.0,clst_dist_nospeak
clustering,heterogeneous,19,M25,2,2,0.2,0.3,0.0,0.0,true,0.0,0.0,0.0,0.0,8636175130330607600.0,15,false,0.0138563200606567,0.10418378771636708,0.00000198886572237,0.00000150419981362,1,3,0.0,0.0,clst_dist_nospeak
clustering,heterogeneous,37,M34,3,3,0.1,0.4,0.0,0.0,true,0.1,0.0,0.0,0.0,7240713591891685400.0,70,false,0.03352094317986969,0.1280583860818023,0.00194458139285745,0.00199077816805162,3,4,0.0,0.0,clst_dist_nospeak
clustering,heterogeneous,37,M34,3,3,0.1,0.4,0.0,0.0,true,0.1,0.0,0.0,0.0,7139002048363152400.0,70,false,0.03352094317986969,0.1280583860818023,0.00194458139285745,0.00199077816805162,3,4,0.0,0.0,clst_dist_nospeak
clustering,heterogeneous,19,M25,2,2,0.2,0.3,0.0,0.0,true,0.0,0.0,0.0,0.0,6905470370856337400.0,15,false,0.0138563200606567,0.10418378771636708,0.00000198886572237,0.00000150419981362,1,3,0.0,0.0,clst_dist_nospeak
clustering,homogeneous,40,H18,0,4,0.1,0.4,0.0,0.0,true,0.2,0.1,0.0,0.0,4692690466958798800.0,45,false,0.00975649903013544,0.15688813489226966,0.00053790787846795,0.00033564197543608,2,2,0.0,0.0,clst_dist_nospeak
clustering,heterogeneous,19,M25,2,2,0.2,0.3,0.0,0.0,true,0.0,0.0,0.0,0.0,5702577027890589700.0,15,false,0.0138563200606567,0.10418378771636708,0.00000198886572237,0.00000150419981362,1,3,0.0,0.0,clst_dist_nospeak
clustering,homogeneous,40,H18,0,4,0.1,0.4,0.0,0.0,true,0.2,0.1,0.0,0.0,6905470370856337400.0,45,false,0.00975649903013544,0.15688813489226966,0.00053790787846795,0.00033564197543608,2,2,0.0,0.0,clst_dist_nospeak
clustering,homogeneous,40,H18,0,4,0.1,0.4,0.0,0.0,true,0.2,0.1,0.0,0.0,8636175130330607600.0,45,false,0.00975649903013544,0.15688813489226966,0.00053790787846795,0.00033564197543608,2,2,0.0,0.0,clst_dist_nospeak
clustering,homogeneous,40,H18,0,4,0.1,0.4,0.0,0.0,true,0.2,0.1,0.0,0.0,5702577027890589700.0,45,false,0.00975649903013544,0.15688813489226966,0.00053790787846795,0.00033564197543608,2,2,0.0,0.0,clst_dist_nospeak
clustering,homogeneous,40,H18,0,4,0.1,0.4,0.0,0.0,true,0.2,0.1,0.0,0.0,8803618445054126100.0,45,false,0.00975649903013544,0.15688813489226966,0.00053790787846795,0.00033564197543608,2,2,0.0,0.0,clst_dist_nospeak
clustering,homogeneous,40,H18,0,4,0.1,0.4,0.0,0.0,true,0.2,0.1,0.0,0.0,4398895106259038200.0,45,false,0.00975649903013544,0.15688813489226966,0.00053790787846795,0.00033564197543608,2,2,0.0,0.0,clst_dist_nospeak
clustering,homogeneous,40,H18,0,4,0.1,0.4,0.0,0.0,true,0.2,0.1,0.0,0.0,4477927936947039200.0,45,false,0.00975649903013544,0.15688813489226966,0.00053790787846795,0.00033564197543608,2,2,0.0,0.0,clst_dist_nospeak
clustering,homogeneous,40,H18,0,4,0.1,0.4,0.0,0.0,true,0.2,0.1,0.0,0.0,4342572612484808700.0,45,false,0.00975649903013544,0.15688813489226966,0.00053790787846795,0.00033564197543608,2,2,0.0,0.0,clst_dist_nospeak
clustering,homogeneous,40,H18,0,4,0.1,0.4,0.0,0.0,true,0.2,0.1,0.0,0.0,4286360386944651300.0,45,false,0.00975649903013544,0.15688813489226966,0.00053790787846795,0.00033564197543608,2,2,0.0,0.0,clst_dist_nospeak
clustering,homogeneous,40,H18,0,4,0.1,0.4,0.0,0.0,true,0.2,0.1,0.0,0.0,109591146466576384.0,45,false,0.00975649903013544,0.15688813489226966,0.00053790787846795,0.00033564197543608,2,2,0.0,0.0,clst_dist_nospeak
clustering,heterogeneous,37,M34,3,3,0.1,0.4,0.0,0.0,true,0.1,0.0,0.0,0.0,4692690466958798800.0,70,false,0.03352094317986969,0.1280583860818023,0.00194458139285745,0.00199077816805162,3,4,0.0,0.0,clst_dist_nospeak
clustering,homogeneous,40,H18,0,4,0.1,0.4,0.0,0.0,true,0.2,0.1,0.0,0.0,1841142524168585220.0,45,false,0.00975649903013544,0.15688813489226966,0.00053790787846795,0.00033564197543608,2,2,0.0,0.0,clst_dist_nospeak
clustering,heterogeneous,37,M34,3,3,0.1,0.4,0.0,0.0,true,0.1,0.0,0.0,0.0,8636175130330607600.0,70,false,0.03352094317986969,0.1280583860818023,0.00194458139285745,0.00199077816805162,3,4,0.0,0.0,clst_dist_nospeak
clustering,heterogeneous,19,M25,2,2,0.2,0.3,0.0,0.0,true,0.0,0.0,0.0,0.0,1841142524168585220.0,15,false,0.0138563200606567,0.10418378771636708,0.00000198886572237,0.00000150419981362,1,3,0.0,0.0,clst_dist_nospeak
clustering,homogeneous,40,H18,0,4,0.1,0.4,0.0,0.0,true,0.2,0.1,0.0,0.0,7043372089166577700.0,45,false,0.00975649903013544,0.15688813489226966,0.00053790787846795,0.00033564197543608,2,2,0.0,0.0,clst_dist_nospeak
clustering,homogeneous,40,H18,0,4,0.1,0.4,0.0,0.0,true,0.2,0.1,0.0,0.0,7128893484183252000.0,45,false,0.00975649903013544,0.15688813489226966,0.00053790787846795,0.00033564197543608,2,2,0.0,0.0,clst_dist_nospeak
clustering,heterogeneous,37,M34,3,3,0.1,0.4,0.0,0.0,true,0.1,0.0,0.0,0.0,6905470370856337400.0,70,false,0.03352094317986969,0.1280583860818023,0.00194458139285745,0.00199077816805162,3,4,0.0,0.0,clst_dist_nospeak
clustering,heterogeneous,37,M34,3,3,0.1,0.4,0.0,0.0,true,0.1,0.0,0.0,0.0,4342572612484808700.0,70,false,0.03352094317986969,0.1280583860818023,0.00194458139285745,0.00199077816805162,3,4,0.0,0.0,clst_dist_nospeak
clustering,heterogeneous,37,M34,3,3,0.1,0.4,0.0,0.0,true,0.1,0.0,0.0,0.0,4398895106259038200.0,70,false,0.03352094317986969,0.1280583860818023,0.00194458139285745,0.00199077816805162,3,4,0.0,0.0,clst_dist_nospeak
clustering,heterogeneous,37,M34,3,3,0.1,0.4,0.0,0.0,true,0.1,0.0,0.0,0.0,8803618445054126100.0,70,false,0.03352094317986969,0.1280583860818023,0.00194458139285745,0.00199077816805162,3,4,0.0,0.0,clst_dist_nospeak
clustering,heterogeneous,37,M34,3,3,0.1,0.4,0.0,0.0,true,0.1,0.0,0.0,0.0,5702577027890589700.0,70,false,0.03352094317986969,0.1280583860818023,0.00194458139285745,0.00199077816805162,3,4,0.0,0.0,clst_dist_nospeak
clustering,heterogeneous,37,M34,3,3,0.1,0.4,0.0,0.0,true,0.1,0.0,0.0,0.0,1841142524168585220.0,70,false,0.03352094317986969,0.1280583860818023,0.00194458139285745,0.00199077816805162,3,4,0.0,0.0,clst_dist_nospeak
clustering,heterogeneous,37,M34,3,3,0.1,0.4,0.0,0.0,true,0.1,0.0,0.0,0.0,7128893484183252000.0,70,false,0.03352094317986969,0.1280583860818023,0.00194458139285745,0.00199077816805162,3,4,0.0,0.0,clst_dist_nospeak
clustering,heterogeneous,37,M34,3,3,0.1,0.4,0.0,0.0,true,0.1,0.0,0.0,0.0,7043372089166577700.0,70,false,0.03352094317986969,0.1280583860818023,0.00194458139285745,0.00199077816805162,3,4,0.0,0.0,clst_dist_nospeak
clustering,heterogeneous,37,M34,3,3,0.1,0.4,0.0,0.0,true,0.1,0.0,0.0,0.0,109591146466576384.0,70,false,0.03352094317986969,0.1280583860818023,0.00194458139285745,0.00199077816805162,3,4,0.0,0.0,clst_dist_nospeak
clustering,heterogeneous,19,M25,2,2,0.2,0.3,0.0,0.0,true,0.0,0.0,0.0,0.0,4398895106259038200.0,15,false,0.0138563200606567,0.10418378771636708,0.00000198886572237,0.00000150419981362,1,3,0.0,0.0,clst_dist_nospeak
clustering,heterogeneous,37,M34,3,3,0.1,0.4,0.0,0.0,true,0.1,0.0,0.0,0.0,4477927936947039200.0,70,false,0.03352094317986969,0.1280583860818023,0.00194458139285745,0.00199077816805162,3,4,0.0,0.0,clst_dist_nospeak
clustering,heterogeneous,37,M34,3,3,0.1,0.4,0.0,0.0,true,0.1,0.0,0.0,0.0,4286360386944651300.0,70,false,0.03352094317986969,0.1280583860818023,0.00194458139285745,0.00199077816805162,3,4,0.0,0.0,clst_dist_nospeak
clustering,heterogeneous,19,M25,2,2,0.2,0.3,0.0,0.0,true,0.0,0.0,0.0,0.0,8803618445054126100.0,15,false,0.0138563200606567,0.10418378771636708,0.00000198886572237,0.00000150419981362,1,3,0.0,0.0,clst_dist_nospeak
clustering,heterogeneous,19,M25,2,2,0.2,0.3,0.0,0.0,true,0.0,0.0,0.0,0.0,4342572612484808700.0,15,false,0.0138563200606567,0.10418378771636708,0.00000198886572237,0.00000150419981362,1,3,0.0,0.0,clst_dist_nospeak
clustering,heterogeneous,19,M25,2,2,0.2,0.3,0.0,0.0,true,0.0,0.0,0.0,0.0,7043372089166577700.0,15,false,0.0138563200606567,0.10418378771636708,0.00000198886572237,0.00000150419981362,1,3,0.0,0.0,clst_dist_nospeak
clustering,heterogeneous,19,M25,2,2,0.2,0.3,0.0,0.0,true,0.0,0.0,0.0,0.0,7128893484183252000.0,15,false,0.0138563200606567,0.10418378771636708,0.00000198886572237,0.00000150419981362,1,3,0.0,0.0,clst_dist_nospeak
clustering,heterogeneous,19,M25,2,2,0.2,0.3,0.0,0.0,true,0.0,0.0,0.0,0.0,109591146466576384.0,15,false,0.0138563200606567,0.10418378771636708,0.00000198886572237,0.00000150419981362,1,3,0.0,0.0,clst_dist_nospeak
clustering,heterogeneous,19,M25,2,2,0.2,0.3,0.0,0.0,true,0.0,0.0,0.0,0.0,4286360386944651300.0,15,false,0.0138563200606567,0.10418378771636708,0.00000198886572237,0.00000150419981362,1,3,0.0,0.0,clst_dist_nospeak
clustering,heterogeneous,19,M25,2,2,0.2,0.3,0.0,0.0,true,0.0,0.0,0.0,0.0,4477927936947039200.0,15,false,0.0138563200606567,0.10418378771636708,0.00000198886572237,0.00000150419981362,1,3,0.0,0.0,clst_dist_nospeak
clustering,heterogeneous,1,M1,3,3,0.5,0.2,0.0,0.0,false,0.05,0.1,0.1,0.05,7240713591891685400.0,15,true,0.0306388856143309,0.04489061567518446,0.03153041880977982,0.02933419540073375,2,3,0.0,0.0,clst_ndist_speak
clustering,heterogeneous,1,M1,3,3,0.5,0.2,0.0,0.0,false,0.05,0.1,0.1,0.05,7128893484183252000.0,15,true,0.0306388856143309,0.04363900790979836,0.03194589858124115,0.02951757371193195,3,3,0.0,0.0,clst_ndist_speak
clustering,heterogeneous,1,M1,3,3,0.5,0.2,0.0,0.0,false,0.05,0.1,0.1,0.05,5702577027890589700.0,15,true,0.0306388856143309,0.04996256180751471,0.02636009270696101,0.02445305348378923,2,3,0.0,0.0,clst_ndist_speak
clustering,heterogeneous,1,M1,3,3,0.5,0.2,0.0,0.0,false,0.05,0.1,0.1,0.05,4477927936947039200.0,15,true,0.0306388856143309,0.04782147024884636,0.02762067189040864,0.02544940994994287,2,3,0.0,0.0,clst_ndist_speak
clustering,heterogeneous,1,M1,3,3,0.5,0.2,0.0,0.0,false,0.05,0.1,0.1,0.05,1841142524168585220.0,15,true,0.0306388856143309,0.0489487648010254,0.02735652696540254,0.02539316576151275,2,3,0.0,0.0,clst_ndist_speak
clustering,heterogeneous,3,M4,3,3,0.3,0.2,0.0,0.0,false,0.05,0.1,0.1,0.05,7139002048363152400.0,15,true,0.0361340032483615,0.05391970704629858,0.02668239413864274,0.03040819524081101,4,4,0.0,0.0,clst_ndist_speak
clustering,heterogeneous,1,M1,3,3,0.5,0.2,0.0,0.0,false,0.05,0.1,0.1,0.05,8636175130330607600.0,15,true,0.0306388856143309,0.04951784493010724,0.02595614747432535,0.0238855581126407,2,3,0.0,0.0,clst_ndist_speak
clustering,heterogeneous,1,M1,3,3,0.5,0.2,0.0,0.0,false,0.05,0.1,0.1,0.05,8803618445054126100.0,20,true,0.0306388856143309,0.04586485485879727,0.03168597429169606,0.02977925430174365,2,3,0.0,0.0,clst_ndist_speak
clustering,heterogeneous,1,M1,3,3,0.5,0.2,0.0,0.0,false,0.05,0.1,0.1,0.05,4692690466958798800.0,20,true,0.0306388856143309,0.04854090917671539,0.03010712525289121,0.02856420507326049,2,3,0.0,0.0,clst_ndist_speak
clustering,heterogeneous,1,M1,3,3,0.5,0.2,0.0,0.0,false,0.05,0.1,0.1,0.05,6905470370856337400.0,20,true,0.0306388856143309,0.0503431867555152,0.02826009454240189,0.02680167119871553,2,3,0.0,0.0,clst_ndist_speak
clustering,heterogeneous,1,M1,3,3,0.5,0.2,0.0,0.0,false,0.05,0.1,0.1,0.05,7043372089166577700.0,20,true,0.0306388856143309,0.04631675844207222,0.03174582170494338,0.02996397966456599,2,3,0.0,0.0,clst_ndist_speak
clustering,heterogeneous,1,M1,3,3,0.5,0.2,0.0,0.0,false,0.05,0.1,0.1,0.05,4342572612484808700.0,20,true,0.0306388856143309,0.05155001534723942,0.02639832815202828,0.0248762285566109,2,3,0.0,0.0,clst_ndist_speak
clustering,heterogeneous,1,M1,3,3,0.5,0.2,0.0,0.0,false,0.05,0.1,0.1,0.05,4398895106259038200.0,20,true,0.0306388856143309,0.04365906724598503,0.03087248901664867,0.0282885415596719,3,3,0.0,0.0,clst_ndist_speak
clustering,heterogeneous,1,M1,3,3,0.5,0.2,0.0,0.0,false,0.05,0.1,0.1,0.05,7139002048363152400.0,25,true,0.0306388856143309,0.05212854646738434,0.02639990023687781,0.02501919528058821,2,3,0.0,0.0,clst_ndist_speak
clustering,heterogeneous,1,M1,3,3,0.5,0.2,0.0,0.0,false,0.05,0.1,0.1,0.05,109591146466576384.0,25,true,0.0306388856143309,0.04710125954200823,0.03206543292460505,0.0305542399044403,2,3,0.0,0.0,clst_ndist_speak
clustering,heterogeneous,1,M1,3,3,0.5,0.2,0.0,0.0,false,0.05,0.1,0.1,0.05,4286360386944651300.0,25,true,0.0306388856143309,0.05263720778748394,0.02639349103974624,0.02513051099683416,2,3,0.0,0.0,clst_ndist_speak
clustering,heterogeneous,3,M4,3,3,0.3,0.2,0.0,0.0,false,0.05,0.1,0.1,0.05,7240713591891685400.0,30,true,0.0361340032483615,0.04688572576859854,0.0346275714309949,0.03775948971837177,3,4,0.0,0.0,clst_ndist_speak
clustering,heterogeneous,3,M4,3,3,0.3,0.2,0.0,0.0,false,0.05,0.1,0.1,0.05,4398895106259038200.0,15,true,0.0361340032483615,0.04777330822219834,0.03603361542855116,0.03748159699078005,3,4,0.0,0.0,clst_ndist_speak
clustering,heterogeneous,3,M4,3,3,0.3,0.2,0.0,0.0,false,0.05,0.1,0.1,0.05,109591146466576384.0,15,true,0.0361340032483615,0.04579636371438296,0.02692283254799737,0.02729039993579701,4,4,0.0,0.0,clst_ndist_speak
clustering,heterogeneous,3,M4,3,3,0.3,0.2,0.0,0.0,false,0.05,0.1,0.1,0.05,4286360386944651300.0,15,true,0.0361340032483615,0.07259575205874437,0.02379562517166154,0.03288108717223025,2,4,0.0,0.0,clst_ndist_speak
clustering,heterogeneous,3,M4,3,3,0.3,0.2,0.0,0.0,false,0.05,0.1,0.1,0.05,1841142524168585220.0,20,true,0.0361340032483615,0.04366726742710363,0.03400554157352334,0.03547954673497974,4,4,0.0,0.0,clst_ndist_speak
clustering,heterogeneous,3,M4,3,3,0.3,0.2,0.0,0.0,false,0.05,0.1,0.1,0.05,6905470370856337400.0,25,true,0.0361340032483615,0.07947720958111551,0.02510797477468905,0.03862584100232181,2,4,0.0,0.0,clst_ndist_speak
clustering,heterogeneous,3,M4,3,3,0.3,0.2,0.0,0.0,false,0.05,0.1,0.1,0.05,5702577027890589700.0,25,true,0.0361340032483615,0.07526109267619809,0.02441962944458288,0.03546988863295563,2,4,0.0,0.0,clst_ndist_speak
clustering,heterogeneous,14,M15,3,3,0.5,0.4,0.0,0.0,false,0.05,0.1,0.1,0.05,4692690466958798800.0,15,true,0.02458731638660266,0.12353450470982348,0.00000246985557299,0.00000159997491918,1,5,0.0,0.0,clst_ndist_speak
clustering,heterogeneous,14,M15,3,3,0.5,0.4,0.0,0.0,false,0.05,0.1,0.1,0.05,7139002048363152400.0,15,true,0.02458731638660266,0.12353450470982348,0.00000246985557299,0.00000159997491918,1,5,0.0,0.0,clst_ndist_speak
clustering,heterogeneous,3,M4,3,3,0.3,0.2,0.0,0.0,false,0.05,0.1,0.1,0.05,8636175130330607600.0,30,true,0.0361340032483615,0.07897641532242262,0.02828699924678121,0.04372654354545717,2,4,0.0,0.0,clst_ndist_speak
clustering,heterogeneous,3,M4,3,3,0.3,0.2,0.0,0.0,false,0.05,0.1,0.1,0.05,8803618445054126100.0,30,true,0.0361340032483615,0.05339196206763969,0.03831932324322982,0.0414473718552358,3,4,0.0,0.0,clst_ndist_speak
clustering,heterogeneous,3,M4,3,3,0.3,0.2,0.0,0.0,false,0.05,0.1,0.1,0.05,4342572612484808700.0,25,true,0.0361340032483615,0.07884137152256802,0.02680061932244722,0.04192315232218657,2,4,0.0,0.0,clst_ndist_speak
clustering,heterogeneous,14,M15,3,3,0.5,0.4,0.0,0.0,false,0.05,0.1,0.1,0.05,7240713591891685400.0,20,true,0.02458731638660266,0.12465223109813191,0.00000013908624814,0.00000009010021115,1,5,0.0,0.0,clst_ndist_speak
clustering,heterogeneous,3,M4,3,3,0.3,0.2,0.0,0.0,false,0.05,0.1,0.1,0.05,4692690466958798800.0,35,true,0.0361340032483615,0.08681662559246561,0.02248377531808137,0.03570048770827081,2,4,0.0,0.0,clst_ndist_speak
clustering,heterogeneous,14,M15,3,3,0.5,0.4,0.0,0.0,false,0.05,0.1,0.1,0.05,8636175130330607600.0,20,true,0.02458731638660266,0.12465223109813191,0.00000013908624814,0.00000009010021115,1,5,0.0,0.0,clst_ndist_speak
clustering,heterogeneous,14,M15,3,3,0.1,0.4,0.0,0.0,false,0.05,0.1,0.1,0.05,7240713591891685400.0,50,true,0.02458731638660266,0.11404157499097273,0.00014156928131322,0.00009288149220585,1,5,0.0,0.0,clst_ndist_speak
clustering,heterogeneous,3,M4,3,3,0.3,0.2,0.0,0.0,false,0.05,0.1,0.1,0.05,7128893484183252000.0,30,true,0.0361340032483615,0.08023189249213185,0.02522990510469563,0.0391722060048735,2,4,0.0,0.0,clst_ndist_speak
clustering,heterogeneous,14,M15,3,3,0.5,0.4,0.0,0.0,false,0.05,0.1,0.1,0.05,6905470370856337400.0,20,true,0.02458731638660266,0.12465223109813191,0.00000013908624814,0.00000009010021115,1,5,0.0,0.0,clst_ndist_speak
clustering,heterogeneous,14,M15,3,3,0.1,0.4,0.0,0.0,false,0.05,0.1,0.1,0.05,4286360386944651300.0,55,true,0.02458731638660266,0.11630055003744061,0.00008795091239634,0.00005236894447234,1,5,0.0,0.0,clst_ndist_speak
clustering,heterogeneous,14,M15,3,3,0.1,0.4,0.0,0.0,false,0.05,0.1,0.1,0.05,4342572612484808700.0,55,true,0.02458731638660266,0.11608511447620345,0.0000935937572772,0.00005933112621058,1,5,0.0,0.0,clst_ndist_speak
clustering,heterogeneous,14,M15,3,3,0.1,0.4,0.0,0.0,false,0.05,0.1,0.1,0.05,8803618445054126100.0,55,true,0.02458731638660266,0.11672960772926466,0.00007866017749698,0.00005095614193367,2,5,0.0,0.0,clst_ndist_speak
clustering,heterogeneous,14,M15,3,3,0.1,0.4,0.0,0.0,false,0.05,0.1,0.1,0.05,7139002048363152400.0,55,true,0.02458731638660266,0.11630055003744054,0.00008948432825649,0.0000560491425367,2,5,0.0,0.0,clst_ndist_speak
clustering,heterogeneous,14,M15,3,3,0.1,0.4,0.0,0.0,false,0.05,0.1,0.1,0.05,7043372089166577700.0,55,true,0.02458731638660266,0.11672960772926468,0.00007866017749698,0.00005095614193367,1,5,0.0,0.0,clst_ndist_speak
clustering,heterogeneous,14,M15,3,3,0.1,0.4,0.0,0.0,false,0.05,0.1,0.1,0.05,4692690466958798800.0,55,true,0.02458731638660266,0.11652057962299134,0.00008295647112282,0.00005127649140921,1,5,0.0,0.0,clst_ndist_speak
clustering,heterogeneous,3,M4,3,3,0.3,0.2,0.0,0.0,false,0.05,0.1,0.1,0.05,7043372089166577700.0,35,true,0.0361340032483615,0.08062098786929801,0.02584834491762131,0.04060023526829729,2,4,0.0,0.0,clst_ndist_speak
clustering,heterogeneous,14,M15,3,3,0.1,0.4,0.0,0.0,false,0.05,0.1,0.1,0.05,109591146466576384.0,55,true,0.02458731638660266,0.11652517364730514,0.00008462393965548,0.00005550174962613,2,5,0.0,0.0,clst_ndist_speak
clustering,heterogeneous,14,M15,3,3,0.1,0.4,0.0,0.0,false,0.05,0.1,0.1,0.05,8636175130330607600.0,55,true,0.02458731638660266,0.11672960772926465,0.00007866017749698,0.00005095614193367,2,5,0.0,0.0,clst_ndist_speak
clustering,heterogeneous,3,M4,3,3,0.3,0.2,0.0,0.0,false,0.05,0.1,0.1,0.05,4477927936947039200.0,35,true,0.0361340032483615,0.07949247051708705,0.02709188455442492,0.04262904024819347,2,4,0.0,0.0,clst_ndist_speak
clustering,heterogeneous,14,M15,3,3,0.1,0.4,0.0,0.0,false,0.05,0.1,0.1,0.05,4398895106259038200.0,55,true,0.02458731638660266,0.11630514406175423,0.00009150962751724,0.00006114128107113,1,5,0.0,0.0,clst_ndist_speak
clustering,heterogeneous,14,M15,3,3,0.5,0.4,0.0,0.0,false,0.05,0.1,0.1,0.05,5702577027890589700.0,20,true,0.02458731638660266,0.12465223109813191,0.00000013908624814,0.00000009010021115,1,5,0.0,0.0,clst_ndist_speak
clustering,heterogeneous,14,M15,3,3,0.5,0.4,0.0,0.0,false,0.05,0.1,0.1,0.05,1841142524168585220.0,20,true,0.02458731638660266,0.12465223109813191,0.00000013908624814,0.00000009010021115,1,5,0.0,0.0,clst_ndist_speak
clustering,heterogeneous,14,M15,3,3,0.5,0.4,0.0,0.0,false,0.05,0.1,0.1,0.05,4398895106259038200.0,20,true,0.02458731638660266,0.15541854936798963,0.00000037416610057,0.00000033399555804,1,5,0.0,0.0,clst_ndist_speak
clustering,heterogeneous,14,M15,3,3,0.1,0.4,0.0,0.0,false,0.05,0.1,0.1,0.05,6905470370856337400.0,60,true,0.02458731638660266,0.1186005281152576,0.00004709675391449,0.00003050932445676,1,5,0.0,0.0,clst_ndist_speak
clustering,heterogeneous,14,M15,3,3,0.5,0.4,0.0,0.0,false,0.05,0.1,0.1,0.05,8803618445054126100.0,20,true,0.02458731638660266,0.12465223109813191,0.00000013908624814,0.00000009010021115,1,5,0.0,0.0,clst_ndist_speak
clustering,heterogeneous,14,M15,3,3,0.1,0.4,0.0,0.0,false,0.05,0.1,0.1,0.05,4477927936947039200.0,60,true,0.02458731638660266,0.11843878615122166,0.00004966910361009,0.00003070112952124,2,5,0.0,0.0,clst_ndist_speak
clustering,heterogeneous,14,M15,3,3,0.1,0.4,0.0,0.0,false,0.05,0.1,0.1,0.05,7128893484183252000.0,60,true,0.02458731638660266,0.11860052811525763,0.00004709675391449,0.00003050932445676,1,5,0.0,0.0,clst_ndist_speak
clustering,heterogeneous,14,M15,3,3,0.1,0.4,0.0,0.0,false,0.05,0.1,0.1,0.05,1841142524168585220.0,60,true,0.02458731638660266,0.11860052811525766,0.00004709675391449,0.00003050932445676,1,5,0.0,0.0,clst_ndist_speak
clustering,heterogeneous,14,M15,3,3,0.5,0.4,0.0,0.0,false,0.05,0.1,0.1,0.05,4286360386944651300.0,15,true,0.02458731638660266,0.12743261220541935,0.00000246985557299,0.00000159997491918,1,5,0.0,0.0,clst_ndist_speak
clustering,heterogeneous,14,M15,3,3,0.5,0.4,0.0,0.0,false,0.05,0.1,0.1,0.05,4342572612484808700.0,20,true,0.02458731638660266,0.12444934041659646,0.0000003977755395,0.00000024729931127,1,5,0.0,0.0,clst_ndist_speak
clustering,heterogeneous,14,M15,3,3,0.5,0.4,0.0,0.0,false,0.05,0.1,0.1,0.05,7043372089166577700.0,20,true,0.02458731638660266,0.12465223109813191,0.00000013908624814,0.00000009010021115,1,5,0.0,0.0,clst_ndist_speak
clustering,heterogeneous,14,M15,3,3,0.5,0.4,0.0,0.0,false,0.05,0.1,0.1,0.05,109591146466576384.0,20,true,0.02458731638660266,0.12459778706600129,0.0000002183523523,0.00000016097343369,1,5,0.0,0.0,clst_ndist_speak
clustering,heterogeneous,14,M15,3,3,0.1,0.4,0.0,0.0,false,0.05,0.1,0.1,0.05,5702577027890589700.0,65,true,0.02458731638660266,0.11992305779695428,0.00002973872707022,0.00001838190032071,1,5,0.0,0.0,clst_ndist_speak
clustering,heterogeneous,14,M15,3,3,0.5,0.4,0.0,0.0,false,0.05,0.1,0.1,0.05,7128893484183252000.0,20,true,0.02458731638660266,0.12465223109813191,0.00000013908624814,0.00000009010021115,1,5,0.0,0.0,clst_ndist_speak
clustering,heterogeneous,14,M15,3,3,0.5,0.4,0.0,0.0,false,0.05,0.1,0.1,0.05,4477927936947039200.0,20,true,0.02458731638660266,0.12465223109813188,0.00000013908624814,0.00000009010021115,1,5,0.0,0.0,clst_ndist_speak
clustering,heterogeneous,12,M13,3,3,0.3,0.6,0.0,0.0,false,0.05,0.1,0.1,0.05,8636175130330607600.0,25,true,0.03278937715525453,0.16492462810916045,0.00000700676100529,0.00000442364811793,1,5,0.0,0.0,clst_ndist_speak
clustering,heterogeneous,12,M13,3,3,0.3,0.6,0.0,0.0,false,0.05,0.1,0.1,0.05,6905470370856337400.0,25,true,0.03278937715525453,0.16785459540028938,0.00000700676100529,0.00000442364811793,1,5,0.0,0.0,clst_ndist_speak
clustering,heterogeneous,12,M13,3,3,0.3,0.6,0.0,0.0,false,0.05,0.1,0.1,0.05,5702577027890589700.0,25,true,0.03278937715525453,0.16492462810916053,0.00000700676100529,0.00000442364811793,1,5,0.0,0.0,clst_ndist_speak
clustering,heterogeneous,12,M13,3,3,0.3,0.6,0.0,0.0,false,0.05,0.1,0.1,0.05,7139002048363152400.0,30,true,0.03278937715525453,0.16621564470012828,0.00000137945189927,0.00000087090308823,1,5,0.0,0.0,clst_ndist_speak
clustering,heterogeneous,12,M13,3,3,0.3,0.6,0.0,0.0,false,0.05,0.1,0.1,0.05,7240713591891685400.0,30,true,0.03278937715525453,0.16621564470012828,0.00000137945189928,0.00000087090308823,1,5,0.0,0.0,clst_ndist_speak
clustering,heterogeneous,12,M13,3,3,0.3,0.6,0.0,0.0,false,0.05,0.1,0.1,0.05,4692690466958798800.0,30,true,0.03278937715525453,0.17553166149305863,0.00000137945189928,0.00000087090308823,1,5,0.0,0.0,clst_ndist_speak
clustering,heterogeneous,12,M13,3,3,0.3,0.6,0.0,0.0,false,0.05,0.1,0.1,0.05,4398895106259038200.0,25,true,0.03278937715525453,0.17767803155573283,0.00000700676100529,0.00000442364811793,1,5,0.0,0.0,clst_ndist_speak
clustering,heterogeneous,12,M13,3,3,0.3,0.6,0.0,0.0,false,0.05,0.1,0.1,0.05,7043372089166577700.0,25,true,0.03278937715525453,0.16492462810916045,0.00000700676100529,0.00000442364811793,1,5,0.0,0.0,clst_ndist_speak
clustering,homogeneous,38,H19,0,6,0.3,0.2,0.0,0.0,false,0.05,0.1,0.1,0.05,7240713591891685400.0,25,true,0.00801496443234644,0.0773614148019545,0.00000171271750535,0.00000105787232038,1,3,0.0,0.0,clst_ndist_speak
clustering,homogeneous,38,H19,0,6,0.3,0.2,0.0,0.0,false,0.05,0.1,0.1,0.05,4692690466958798800.0,25,true,0.00801496443234644,0.06927061307521172,0.00000460037640215,0.00000309439401043,1,3,0.0,0.0,clst_ndist_speak
clustering,homogeneous,38,H19,0,6,0.3,0.2,0.0,0.0,false,0.05,0.1,0.1,0.05,8636175130330607600.0,25,true,0.00801496443234644,0.07438615803449813,0.0000021744744717,0.00000134912963589,1,3,0.0,0.0,clst_ndist_speak
clustering,homogeneous,38,H19,0,6,0.3,0.2,0.0,0.0,false,0.05,0.1,0.1,0.05,7139002048363152400.0,25,true,0.00801496443234644,0.07039333243503165,0.00000285431818781,0.00000198396880948,1,3,0.0,0.0,clst_ndist_speak
clustering,homogeneous,38,H19,0,6,0.3,0.2,0.0,0.0,false,0.05,0.1,0.1,0.05,6905470370856337400.0,25,true,0.00801496443234644,0.0656873534352735,0.00000409285467987,0.00000279849935892,1,3,0.0,0.0,clst_ndist_speak
clustering,homogeneous,38,H19,0,6,0.3,0.2,0.0,0.0,false,0.05,0.1,0.1,0.05,5702577027890589700.0,25,true,0.00801496443234644,0.07443259575068509,0.00000219432164823,0.00000139676285955,1,3,0.0,0.0,clst_ndist_speak
clustering,heterogeneous,12,M13,3,3,0.3,0.6,0.0,0.0,false,0.05,0.1,0.1,0.05,7128893484183252000.0,30,true,0.03278937715525453,0.16621564470012828,0.00000137945189928,0.00000087090308823,1,5,0.0,0.0,clst_ndist_speak
clustering,homogeneous,38,H19,0,6,0.3,0.2,0.0,0.0,false,0.05,0.1,0.1,0.05,1841142524168585220.0,25,true,0.00801496443234644,0.07278922013069597,0.00000171271750535,0.00000105787232038,1,3,0.0,0.0,clst_ndist_speak
clustering,heterogeneous,12,M13,3,3,0.3,0.6,0.0,0.0,false,0.05,0.1,0.1,0.05,1841142524168585220.0,30,true,0.03278937715525453,0.16621564470012828,0.00000137945189928,0.00000087090308823,1,5,0.0,0.0,clst_ndist_speak
clustering,homogeneous,38,H19,0,6,0.3,0.2,0.0,0.0,false,0.05,0.1,0.1,0.05,8803618445054126100.0,25,true,0.00801496443234644,0.0853875881526014,0.00000171271750535,0.00000105787232038,1,3,0.0,0.0,clst_ndist_speak
clustering,homogeneous,38,H19,0,6,0.3,0.2,0.0,0.0,false,0.05,0.1,0.1,0.05,4398895106259038200.0,25,true,0.00801496443234644,0.06733615680222836,0.00000214576025078,0.00000135813033309,1,3,0.0,0.0,clst_ndist_speak
clustering,heterogeneous,12,M13,3,3,0.3,0.6,0.0,0.0,false,0.05,0.1,0.1,0.05,8803618445054126100.0,30,true,0.03278937715525453,0.16621564470012828,0.00000137945189927,0.00000087090308823,1,5,0.0,0.0,clst_ndist_speak
clustering,heterogeneous,12,M13,3,3,0.3,0.6,0.0,0.0,false,0.05,0.1,0.1,0.05,4342572612484808700.0,30,true,0.03278937715525453,0.1662156447001283,0.00000137945189927,0.00000087090308823,1,5,0.0,0.0,clst_ndist_speak
clustering,heterogeneous,12,M13,3,3,0.3,0.6,0.0,0.0,false,0.05,0.1,0.1,0.05,109591146466576384.0,30,true,0.03278937715525453,0.16621564470012828,0.00000137945189927,0.00000087090308823,1,5,0.0,0.0,clst_ndist_speak
clustering,heterogeneous,12,M13,3,3,0.3,0.6,0.0,0.0,false,0.05,0.1,0.1,0.05,4477927936947039200.0,30,true,0.03278937715525453,0.1662156447001283,0.00000137945189927,0.00000087090308823,1,5,0.0,0.0,clst_ndist_speak
clustering,heterogeneous,12,M13,3,3,0.3,0.6,0.0,0.0,false,0.05,0.1,0.1,0.05,4286360386944651300.0,30,true,0.03278937715525453,0.17564716403396166,0.00000137945189927,0.00000087090308823,1,5,0.0,0.0,clst_ndist_speak
clustering,homogeneous,38,H19,0,6,0.3,0.2,0.0,0.0,false,0.05,0.1,0.1,0.05,109591146466576384.0,25,true,0.00801496443234644,0.07091381192159571,0.00000171271750535,0.00000105787232038,1,3,0.0,0.0,clst_ndist_speak
clustering,homogeneous,38,H19,0,6,0.3,0.2,0.0,0.0,false,0.05,0.1,0.1,0.05,7128893484183252000.0,25,true,0.00801496443234644,0.07808234326920004,0.00000249977500079,0.0000016432290544,1,3,0.0,0.0,clst_ndist_speak
clustering,homogeneous,38,H19,0,6,0.3,0.2,0.0,0.0,false,0.05,0.1,0.1,0.05,4342572612484808700.0,30,true,0.00801496443234644,0.06679238386820754,0.00000107225006222,0.00000077271562104,1,3,0.0,0.0,clst_ndist_speak
clustering,homogeneous,38,H19,0,6,0.3,0.2,0.0,0.0,false,0.05,0.1,0.1,0.05,7043372089166577700.0,30,true,0.00801496443234644,0.08601297124046743,0.00000076941455739,0.00000058609976923,1,3,0.0,0.0,clst_ndist_speak
clustering,homogeneous,38,H19,0,6,0.3,0.2,0.0,0.0,false,0.05,0.1,0.1,0.05,4477927936947039200.0,30,true,0.00801496443234644,0.06488056724475308,0.00000078962665374,0.00000053651875857,1,3,0.0,0.0,clst_ndist_speak
clustering,homogeneous,38,H19,0,6,0.3,0.2,0.0,0.0,false,0.05,0.1,0.1,0.05,4286360386944651300.0,30,true,0.00801496443234644,0.07726891974457356,0.00000082858217221,0.00000055228060532,1,3,0.0,0.0,clst_ndist_speak
clustering,heterogeneous,12,M13,3,3,0.3,0.3,0.0,0.0,false,0.05,0.1,0.1,0.05,7240713591891685400.0,35,true,0.03278937715525453,0.1660922705895201,0.0000027001554712,0.00000267051267652,1,5,0.0,0.0,clst_ndist_speak
clustering,heterogeneous,12,M13,3,3,0.3,0.3,0.0,0.0,false,0.05,0.1,0.1,0.05,7139002048363152400.0,40,true,0.03278937715525453,0.16657186202842875,0.00000100724240957,0.00000107033278141,1,5,0.0,0.0,clst_ndist_speak
clustering,heterogeneous,12,M13,3,3,0.3,0.3,0.0,0.0,false,0.05,0.1,0.1,0.05,8803618445054126100.0,30,true,0.03278937715525453,0.1657918931527014,0.00000391769217862,0.00000359685252201,1,5,0.0,0.0,clst_ndist_speak
clustering,heterogeneous,12,M13,3,3,0.3,0.3,0.0,0.0,false,0.05,0.1,0.1,0.05,7128893484183252000.0,30,true,0.03278937715525453,0.16564928609360186,0.00000429583997075,0.00000304862294667,1,5,0.0,0.0,clst_ndist_speak
clustering,heterogeneous,12,M13,3,3,0.3,0.3,0.0,0.0,false,0.05,0.1,0.1,0.05,4286360386944651300.0,30,true,0.03278937715525453,0.16522703158883756,0.00000536431019437,0.00000317251259773,1,5,0.0,0.0,clst_ndist_speak
clustering,heterogeneous,12,M13,3,3,0.3,0.3,0.0,0.0,false,0.05,0.1,0.1,0.05,8636175130330607600.0,35,true,0.03278937715525453,0.166089013085063,0.00000236705131311,0.00000197296014685,1,5,0.0,0.0,clst_ndist_speak
clustering,heterogeneous,12,M13,3,3,0.3,0.3,0.0,0.0,false,0.05,0.1,0.1,0.05,6905470370856337400.0,35,true,0.03278937715525453,0.16618599989226854,0.00000183860452194,0.00000148961608002,1,5,0.0,0.0,clst_ndist_speak
clustering,heterogeneous,12,M13,3,3,0.3,0.3,0.0,0.0,false,0.05,0.1,0.1,0.05,1841142524168585220.0,35,true,0.03278937715525453,0.16607260468247745,0.00000209598608616,0.00000172466599872,1,5,0.0,0.0,clst_ndist_speak
clustering,heterogeneous,12,M13,3,3,0.3,0.3,0.0,0.0,false,0.05,0.1,0.1,0.05,7043372089166577700.0,35,true,0.03278937715525453,0.16651417562647663,0.00000081086911755,0.00000050687412411,1,5,0.0,0.0,clst_ndist_speak
clustering,heterogeneous,12,M13,3,3,0.3,0.3,0.0,0.0,false,0.05,0.1,0.1,0.05,4692690466958798800.0,40,true,0.03278937715525453,0.16662086024584125,0.00000070569498893,0.00000051113399587,1,5,0.0,0.0,clst_ndist_speak
clustering,heterogeneous,12,M13,3,3,0.3,0.3,0.0,0.0,false,0.05,0.1,0.1,0.05,5702577027890589700.0,40,true,0.03278937715525453,0.1662967533858315,0.00000172251781289,0.00000148550264981,1,5,0.0,0.0,clst_ndist_speak
clustering,heterogeneous,12,M13,3,3,0.3,0.3,0.0,0.0,false,0.05,0.1,0.1,0.05,4342572612484808700.0,40,true,0.03278937715525453,0.16638742487704797,0.00000114549674031,0.00000092510709882,1,5,0.0,0.0,clst_ndist_speak
clustering,heterogeneous,12,M13,3,3,0.3,0.3,0.0,0.0,false,0.05,0.1,0.1,0.05,109591146466576384.0,40,true,0.03278937715525453,0.16646598039670704,0.0000010360726078,0.00000097344495624,1,5,0.0,0.0,clst_ndist_speak
clustering,heterogeneous,12,M13,3,3,0.3,0.3,0.0,0.0,false,0.05,0.1,0.1,0.05,4477927936947039200.0,40,true,0.03278937715525453,0.16642136550254294,0.00000150651521441,0.00000138023858484,1,5,0.0,0.0,clst_ndist_speak
clustering,heterogeneous,13,M14,3,3,0.1,0.8,0.0,0.0,false,0.05,0.1,0.1,0.05,1841142524168585220.0,45,true,0.0108926683241884,0.08067096079315257,0.00009720888603846,0.00006871755157895,1,4,0.0,0.0,clst_ndist_speak
clustering,heterogeneous,12,M13,3,3,0.3,0.3,0.0,0.0,false,0.05,0.1,0.1,0.05,4398895106259038200.0,50,true,0.03278937715525453,0.16635876492078053,0.000002962489888,0.00000425981274587,1,5,0.0,0.0,clst_ndist_speak
clustering,heterogeneous,13,M14,3,3,0.1,0.8,0.0,0.0,false,0.05,0.1,0.1,0.05,4342572612484808700.0,45,true,0.0108926683241884,0.07976702815401722,0.00009720888603846,0.00006871755157895,1,4,0.0,0.0,clst_ndist_speak
clustering,heterogeneous,13,M14,3,3,0.1,0.8,0.0,0.0,false,0.05,0.1,0.1,0.05,109591146466576384.0,45,true,0.0108926683241884,0.07976702815401723,0.00009720888603846,0.00006871755157895,2,4,0.0,0.0,clst_ndist_speak
clustering,heterogeneous,13,M14,3,3,0.1,0.8,0.0,0.0,false,0.05,0.1,0.1,0.05,7128893484183252000.0,45,true,0.0108926683241884,0.07976702815401726,0.00009720888603846,0.00006871755157895,1,4,0.0,0.0,clst_ndist_speak
clustering,heterogeneous,13,M14,3,3,0.1,0.8,0.0,0.0,false,0.05,0.1,0.1,0.05,4692690466958798800.0,50,true,0.0108926683241884,0.08149019103349092,0.00005820255089344,0.00004114373650433,1,4,0.0,0.0,clst_ndist_speak
clustering,heterogeneous,13,M14,3,3,0.1,0.8,0.0,0.0,false,0.05,0.1,0.1,0.05,5702577027890589700.0,50,true,0.0108926683241884,0.08149019103349094,0.00005820255089344,0.00004114373650433,1,4,0.0,0.0,clst_ndist_speak
clustering,heterogeneous,13,M14,3,3,0.1,0.8,0.0,0.0,false,0.05,0.1,0.1,0.05,7240713591891685400.0,50,true,0.0108926683241884,0.08149019103349096,0.00005820255089344,0.00004114373650433,1,4,0.0,0.0,clst_ndist_speak
clustering,heterogeneous,27,M16,2,2,0.2,0.2,0.0,0.0,false,0.05,0.1,0.1,0.05,7139002048363152400.0,40,true,0.01252610529728226,0.14895167143151078,0.0000061688928929,0.0000031561916293,1,3,0.0,0.0,clst_ndist_speak
clustering,heterogeneous,13,M14,3,3,0.1,0.8,0.0,0.0,false,0.05,0.1,0.1,0.05,8636175130330607600.0,50,true,0.0108926683241884,0.08149019103349092,0.00005820255089344,0.00004114373650433,1,4,0.0,0.0,clst_ndist_speak
clustering,heterogeneous,27,M16,2,2,0.2,0.2,0.0,0.0,false,0.05,0.1,0.1,0.05,7240713591891685400.0,40,true,0.01252610529728226,0.1488131221605988,0.00000718747553026,0.00000339852736483,1,3,0.0,0.0,clst_ndist_speak
clustering,heterogeneous,13,M14,3,3,0.1,0.8,0.0,0.0,false,0.05,0.1,0.1,0.05,4477927936947039200.0,45,true,0.0108926683241884,0.07976702815401726,0.00009720888603846,0.00006871755157895,1,4,0.0,0.0,clst_ndist_speak
clustering,heterogeneous,13,M14,3,3,0.1,0.8,0.0,0.0,false,0.05,0.1,0.1,0.05,8803618445054126100.0,50,true,0.0108926683241884,0.08149019103349088,0.00005820255089344,0.00004114373650433,1,4,0.0,0.0,clst_ndist_speak
clustering,heterogeneous,13,M14,3,3,0.1,0.8,0.0,0.0,false,0.05,0.1,0.1,0.05,7043372089166577700.0,50,true,0.0108926683241884,0.08149019103349096,0.00005820255089344,0.00004114373650433,1,4,0.0,0.0,clst_ndist_speak
clustering,heterogeneous,13,M14,3,3,0.1,0.8,0.0,0.0,false,0.05,0.1,0.1,0.05,7139002048363152400.0,55,true,0.0108926683241884,0.0828235416218353,0.0000348480171778,0.00002463427486344,1,4,0.0,0.0,clst_ndist_speak
clustering,heterogeneous,13,M14,3,3,0.1,0.8,0.0,0.0,false,0.05,0.1,0.1,0.05,4398895106259038200.0,55,true,0.0108926683241884,0.08384685396271857,0.0000348480171778,0.00002463427486343,2,4,0.0,0.0,clst_ndist_speak
clustering,heterogeneous,13,M14,3,3,0.1,0.8,0.0,0.0,false,0.05,0.1,0.1,0.05,6905470370856337400.0,55,true,0.0108926683241884,0.08798446473876163,0.0000348480171778,0.00002463427486343,1,4,0.0,0.0,clst_ndist_speak
clustering,heterogeneous,27,M16,2,2,0.2,0.2,0.0,0.0,false,0.05,0.1,0.1,0.05,4692690466958798800.0,40,true,0.01252610529728226,0.14747576406424284,0.00001928746482482,0.00000905375187531,1,3,0.0,0.0,clst_ndist_speak
clustering,heterogeneous,27,M16,2,2,0.2,0.2,0.0,0.0,false,0.05,0.1,0.1,0.05,5702577027890589700.0,35,true,0.01252610529728226,0.14798344505028202,0.00001212932242955,0.00000676805774902,1,3,0.0,0.0,clst_ndist_speak
clustering,heterogeneous,13,M14,3,3,0.1,0.8,0.0,0.0,false,0.05,0.1,0.1,0.05,4286360386944651300.0,55,true,0.0108926683241884,0.08496278230863764,0.0000348480171778,0.00002463427486343,1,4,0.0,0.0,clst_ndist_speak
clustering,heterogeneous,27,M16,2,2,0.2,0.2,0.0,0.0,false,0.05,0.1,0.1,0.05,8803618445054126100.0,35,true,0.01252610529728226,0.14823533794928628,0.00001011308765393,0.00000577407341304,1,3,0.0,0.0,clst_ndist_speak
clustering,heterogeneous,27,M16,2,2,0.2,0.2,0.0,0.0,false,0.05,0.1,0.1,0.05,8636175130330607600.0,40,true,0.01252610529728226,0.149227781217253,0.00000489569243073,0.00000245326776523,1,3,0.0,0.0,clst_ndist_speak
clustering,heterogeneous,27,M16,2,2,0.2,0.2,0.0,0.0,false,0.05,0.1,0.1,0.05,7043372089166577700.0,35,true,0.01252610529728226,0.147792953094592,0.00001387939750596,0.00000768684538479,1,3,0.0,0.0,clst_ndist_speak
clustering,heterogeneous,27,M16,2,2,0.2,0.2,0.0,0.0,false,0.05,0.1,0.1,0.05,6905470370856337400.0,40,true,0.01252610529728226,0.1484152048392174,0.00001077357993932,0.00000539336803088,1,3,0.0,0.0,clst_ndist_speak
clustering,heterogeneous,27,M16,2,2,0.2,0.2,0.0,0.0,false,0.05,0.1,0.1,0.05,1841142524168585220.0,40,true,0.01252610529728226,0.14851457146539662,0.00000897553460663,0.00000437358309617,1,3,0.0,0.0,clst_ndist_speak
clustering,heterogeneous,27,M16,2,2,0.2,0.2,0.0,0.0,false,0.05,0.1,0.1,0.05,7128893484183252000.0,35,true,0.01252610529728226,0.14814329912750954,0.00001093866932711,0.00000670452239305,1,3,0.0,0.0,clst_ndist_speak
clustering,heterogeneous,27,M16,2,2,0.2,0.2,0.0,0.0,false,0.05,0.1,0.1,0.05,4342572612484808700.0,40,true,0.01252610529728226,0.14778061310244806,0.00001538297356829,0.00000991743036599,1,3,0.0,0.0,clst_ndist_speak
clustering,homogeneous,41,H20,0,4,0.3,0.2,0.0,0.0,false,0.05,0.1,0.1,0.05,7139002048363152400.0,15,true,0.00048024369855967,0.06565152253166474,0.00000264769099217,0.00000167650168821,1,1,0.0,0.0,clst_ndist_speak
clustering,homogeneous,41,H20,0,4,0.3,0.2,0.0,0.0,false,0.05,0.1,0.1,0.05,7240713591891685400.0,15,true,0.00048024369855967,0.06682231215659011,0.00000264769099217,0.00000167650168821,1,1,0.0,0.0,clst_ndist_speak
clustering,homogeneous,41,H20,0,4,0.3,0.2,0.0,0.0,false,0.05,0.1,0.1,0.05,4692690466958798800.0,15,true,0.00048024369855967,0.06216298926595804,0.00000264769099217,0.00000167650168821,1,1,0.0,0.0,clst_ndist_speak
clustering,heterogeneous,27,M16,2,2,0.2,0.2,0.0,0.0,false,0.05,0.1,0.1,0.05,109591146466576384.0,40,true,0.01252610529728226,0.14850026340059558,0.00000899531323511,0.00000432557995209,1,3,0.0,0.0,clst_ndist_speak
clustering,heterogeneous,39,M35,3,3,0.2,0.6,0.0,0.0,false,0.05,0.1,0.1,0.05,7139002048363152400.0,35,true,0.01380628072130774,0.11117650262862248,0.00000700708489444,0.0000048748285909,1,4,0.0,0.0,clst_ndist_speak
clustering,heterogeneous,27,M16,2,2,0.2,0.2,0.0,0.0,false,0.05,0.1,0.1,0.05,4398895106259038200.0,45,true,0.01252610529728226,0.14927930949339635,0.00000539153649476,0.0000026166869341,1,3,0.0,0.0,clst_ndist_speak
clustering,homogeneous,41,H20,0,4,0.3,0.2,0.0,0.0,false,0.05,0.1,0.1,0.05,8636175130330607600.0,15,true,0.00048024369855967,0.06609971794111127,0.00000264769099217,0.00000167650168821,1,1,0.0,0.0,clst_ndist_speak
clustering,heterogeneous,39,M35,3,3,0.2,0.6,0.0,0.0,false,0.05,0.1,0.1,0.05,4692690466958798800.0,30,true,0.01380628072130774,0.10335561560483053,0.00002009612321436,0.00001398087185863,1,4,0.0,0.0,clst_ndist_speak
clustering,heterogeneous,27,M16,2,2,0.2,0.2,0.0,0.0,false,0.05,0.1,0.1,0.05,4286360386944651300.0,40,true,0.01252610529728226,0.1484328880948262,0.00001016530648409,0.00000652087301705,1,3,0.0,0.0,clst_ndist_speak
clustering,heterogeneous,27,M16,2,2,0.2,0.2,0.0,0.0,false,0.05,0.1,0.1,0.05,4477927936947039200.0,40,true,0.01252610529728226,0.14819442246018644,0.00001049245562013,0.00000583654023109,1,3,0.0,0.0,clst_ndist_speak
clustering,homogeneous,41,H20,0,4,0.3,0.2,0.0,0.0,false,0.05,0.1,0.1,0.05,5702577027890589700.0,15,true,0.00048024369855967,0.0663192708251338,0.00000264769099217,0.00000167650168821,1,1,0.0,0.0,clst_ndist_speak
clustering,homogeneous,41,H20,0,4,0.3,0.2,0.0,0.0,false,0.05,0.1,0.1,0.05,1841142524168585220.0,15,true,0.00048024369855967,0.06686782798799659,0.00000264769099217,0.00000167650168821,1,1,0.0,0.0,clst_ndist_speak
clustering,homogeneous,41,H20,0,4,0.3,0.2,0.0,0.0,false,0.05,0.1,0.1,0.05,6905470370856337400.0,15,true,0.00048024369855967,0.06280032987199932,0.00000264769099217,0.00000167650168821,1,1,0.0,0.0,clst_ndist_speak
clustering,homogeneous,41,H20,0,4,0.3,0.2,0.0,0.0,false,0.05,0.1,0.1,0.05,4398895106259038200.0,15,true,0.00048024369855967,0.06979309328052578,0.00000264769099217,0.00000167650168821,1,1,0.0,0.0,clst_ndist_speak
clustering,heterogeneous,39,M35,3,3,0.2,0.6,0.0,0.0,false,0.05,0.1,0.1,0.05,5702577027890589700.0,30,true,0.01380628072130774,0.1058273955439362,0.00002009612321436,0.00001398087185863,1,4,0.0,0.0,clst_ndist_speak
clustering,heterogeneous,39,M35,3,3,0.2,0.6,0.0,0.0,false,0.05,0.1,0.1,0.05,8636175130330607600.0,35,true,0.01380628072130774,0.11139756218267764,0.00000700708489444,0.0000048748285909,1,4,0.0,0.0,clst_ndist_speak
clustering,heterogeneous,39,M35,3,3,0.2,0.6,0.0,0.0,false,0.05,0.1,0.1,0.05,4342572612484808700.0,30,true,0.01380628072130774,0.1039408316139171,0.00002009612321436,0.00001398087185863,2,4,0.0,0.0,clst_ndist_speak
clustering,homogeneous,41,H20,0,4,0.3,0.2,0.0,0.0,false,0.05,0.1,0.1,0.05,8803618445054126100.0,15,true,0.00048024369855967,0.0677456021788401,0.00000264769099217,0.00000167650168821,1,1,0.0,0.0,clst_ndist_speak
clustering,heterogeneous,39,M35,3,3,0.2,0.6,0.0,0.0,false,0.05,0.1,0.1,0.05,7240713591891685400.0,35,true,0.01380628072130774,0.10797993365348794,0.00000700708489444,0.0000048748285909,1,4,0.0,0.0,clst_ndist_speak
clustering,heterogeneous,39,M35,3,3,0.2,0.6,0.0,0.0,false,0.05,0.1,0.1,0.05,4477927936947039200.0,30,true,0.01380628072130774,0.1098320292571177,0.00002009612321436,0.00001398087185863,1,4,0.0,0.0,clst_ndist_speak
clustering,homogeneous,41,H20,0,4,0.3,0.2,0.0,0.0,false,0.05,0.1,0.1,0.05,4342572612484808700.0,15,true,0.00048024369855967,0.06367557834585137,0.00000264769099217,0.00000167650168821,1,1,0.0,0.0,clst_ndist_speak
clustering,heterogeneous,39,M35,3,3,0.2,0.6,0.0,0.0,false,0.05,0.1,0.1,0.05,6905470370856337400.0,35,true,0.01380628072130774,0.10510965884738517,0.00000700708489444,0.0000048748285909,1,4,0.0,0.0,clst_ndist_speak
clustering,homogeneous,41,H20,0,4,0.3,0.2,0.0,0.0,false,0.05,0.1,0.1,0.05,7043372089166577700.0,15,true,0.00048024369855967,0.06150450367893603,0.00000264769099217,0.00000167650168821,1,1,0.0,0.0,clst_ndist_speak
clustering,heterogeneous,39,M35,3,3,0.2,0.6,0.0,0.0,false,0.05,0.1,0.1,0.05,1841142524168585220.0,35,true,0.01380628072130774,0.10591760779626562,0.00000700708489444,0.0000048748285909,1,4,0.0,0.0,clst_ndist_speak
clustering,homogeneous,41,H20,0,4,0.3,0.2,0.0,0.0,false,0.05,0.1,0.1,0.05,4477927936947039200.0,15,true,0.00048024369855967,0.06530013323133964,0.00000264769099217,0.00000167650168821,1,1,0.0,0.0,clst_ndist_speak
clustering,homogeneous,41,H20,0,4,0.3,0.2,0.0,0.0,false,0.05,0.1,0.1,0.05,109591146466576384.0,15,true,0.00048024369855967,0.06806823520759252,0.00000264769099217,0.00000167650168821,1,1,0.0,0.0,clst_ndist_speak
clustering,heterogeneous,39,M35,3,3,0.2,0.6,0.0,0.0,false,0.05,0.1,0.1,0.05,4398895106259038200.0,35,true,0.01380628072130774,0.12723723750065932,0.00000700708489444,0.0000048748285909,1,4,0.0,0.0,clst_ndist_speak
clustering,homogeneous,41,H20,0,4,0.3,0.2,0.0,0.0,false,0.05,0.1,0.1,0.05,4286360386944651300.0,15,true,0.00048024369855967,0.0639230744132143,0.00000264769099217,0.00000167650168821,1,1,0.0,0.0,clst_ndist_speak
clustering,heterogeneous,39,M35,3,3,0.2,0.6,0.0,0.0,false,0.05,0.1,0.1,0.05,8803618445054126100.0,35,true,0.01380628072130774,0.11249741999107343,0.00000700708489444,0.0000048748285909,1,4,0.0,0.0,clst_ndist_speak
clustering,heterogeneous,39,M35,3,3,0.2,0.6,0.0,0.0,false,0.05,0.1,0.1,0.05,7043372089166577700.0,35,true,0.01380628072130774,0.10510965884738525,0.00000700708489444,0.0000048748285909,1,4,0.0,0.0,clst_ndist_speak
clustering,homogeneous,41,H20,0,4,0.3,0.2,0.0,0.0,false,0.05,0.1,0.1,0.05,7128893484183252000.0,15,true,0.00048024369855967,0.06538982401856444,0.00000264769099217,0.00000167650168821,1,1,0.0,0.0,clst_ndist_speak
clustering,heterogeneous,39,M35,3,3,0.2,0.6,0.0,0.0,false,0.05,0.1,0.1,0.05,109591146466576384.0,35,true,0.01380628072130774,0.1132305605472439,0.00000700708489444,0.0000048748285909,1,4,0.0,0.0,clst_ndist_speak
clustering,heterogeneous,39,M35,3,3,0.2,0.6,0.0,0.0,false,0.05,0.1,0.1,0.05,7128893484183252000.0,35,true,0.01380628072130774,0.1051887087133726,0.00000700708489444,0.0000048748285909,2,4,0.0,0.0,clst_ndist_speak
clustering,heterogeneous,39,M35,3,3,0.2,0.6,0.0,0.0,false,0.05,0.1,0.1,0.05,4286360386944651300.0,35,true,0.01380628072130774,0.10510965884738517,0.00000700708489444,0.0000048748285909,1,4,0.0,0.0,clst_ndist_speak
clustering,heterogeneous,20,M26,2,2,0.2,0.2,0.0,0.0,true,0.05,0.0,0.0,0.0,7139002048363152400.0,15,true,0.04088593575853047,0.01848145616173404,0.04115989106625588,0.0315860751999656,3,3,0.0,0.0,clst_dist_speak
clustering,heterogeneous,20,M26,2,2,0.2,0.2,0.0,0.0,true,0.05,0.0,0.0,0.0,6905470370856337400.0,15,true,0.04088593575853047,0.02301665134487636,0.04108920683190585,0.0308315588175278,3,3,0.0,0.0,clst_dist_speak
clustering,heterogeneous,20,M26,2,2,0.2,0.2,0.0,0.0,true,0.05,0.0,0.0,0.0,4286360386944651300.0,15,true,0.04088593575853047,0.02244911059344078,0.04035308185670745,0.03045250999877977,3,3,0.0,0.0,clst_dist_speak
clustering,heterogeneous,20,M26,2,2,0.2,0.2,0.0,0.0,true,0.05,0.0,0.0,0.0,4342572612484808700.0,15,true,0.04088593575853047,0.022207535055281,0.04186452284556963,0.03175574157906388,3,3,0.0,0.0,clst_dist_speak
clustering,heterogeneous,20,M26,2,2,0.2,0.2,0.0,0.0,true,0.05,0.0,0.0,0.0,109591146466576384.0,20,true,0.04088593575853047,0.01867352691968849,0.04080084172360574,0.03242683485711841,2,3,0.0,0.0,clst_dist_speak
clustering,heterogeneous,20,M26,2,2,0.2,0.2,0.0,0.0,true,0.05,0.0,0.0,0.0,1841142524168585220.0,20,true,0.04088593575853047,0.02016813500960603,0.04131881499141292,0.03213345906116406,3,3,0.0,0.0,clst_dist_speak
clustering,heterogeneous,20,M26,2,2,0.2,0.2,0.0,0.0,true,0.05,0.0,0.0,0.0,7043372089166577700.0,25,true,0.04088593575853047,0.01942046102398677,0.04074015778803227,0.032845478033189,3,3,0.0,0.0,clst_dist_speak
clustering,heterogeneous,20,M26,2,2,0.2,0.2,0.0,0.0,true,0.05,0.0,0.0,0.0,8636175130330607600.0,25,true,0.04088593575853047,0.01870292372262973,0.0407179210919181,0.0331413499099943,2,3,0.0,0.0,clst_dist_speak
clustering,heterogeneous,20,M26,2,2,0.2,0.2,0.0,0.0,true,0.05,0.0,0.0,0.0,5702577027890589700.0,25,true,0.04088593575853047,0.01620681946276664,0.04176436777184028,0.033817899979378,2,3,0.0,0.0,clst_dist_speak
clustering,heterogeneous,20,M26,2,2,0.2,0.2,0.0,0.0,true,0.05,0.0,0.0,0.0,7240713591891685400.0,30,true,0.04088593575853047,0.0184492939203781,0.04106900367360578,0.03397467698218572,2,3,0.0,0.0,clst_dist_speak
clustering,homogeneous,29,H14,0,4,0.1,0.8,0.0,0.0,true,0.0,0.0,0.0,0.0,4342572612484808700.0,30,true,0.00370154361175412,0.05367496475448587,0.00015390275654679,0.0001149489001295,1,2,0.0,0.0,clst_dist_speak
clustering,homogeneous,29,H14,0,4,0.1,0.8,0.0,0.0,true,0.0,0.0,0.0,0.0,8803618445054126100.0,30,true,0.00370154361175412,0.05367496475448585,0.00015390275654679,0.0001149489001295,1,2,0.0,0.0,clst_dist_speak
clustering,homogeneous,29,H14,0,4,0.1,0.8,0.0,0.0,true,0.0,0.0,0.0,0.0,4692690466958798800.0,30,true,0.00370154361175412,0.05367496475448588,0.00015390275654679,0.0001149489001295,1,2,0.0,0.0,clst_dist_speak
clustering,homogeneous,29,H14,0,4,0.1,0.8,0.0,0.0,true,0.0,0.0,0.0,0.0,7128893484183252000.0,30,true,0.00370154361175412,0.0536749647544859,0.00015390275654679,0.0001149489001295,1,2,0.0,0.0,clst_dist_speak
clustering,heterogeneous,20,M26,2,2,0.2,0.2,0.0,0.0,true,0.05,0.0,0.0,0.0,4477927936947039200.0,30,true,0.04088593575853047,0.02028198116776733,0.04143631469784947,0.03446090997367913,2,3,0.0,0.0,clst_dist_speak
clustering,homogeneous,29,H14,0,4,0.1,0.8,0.0,0.0,true,0.0,0.0,0.0,0.0,7043372089166577700.0,35,true,0.00370154361175412,0.05606409738220693,0.00009214726539518,0.00006882415263235,1,2,0.0,0.0,clst_dist_speak
clustering,heterogeneous,20,M26,2,2,0.2,0.2,0.0,0.0,true,0.05,0.0,0.0,0.0,4398895106259038200.0,35,true,0.04088593575853047,0.02255135896783229,0.04183568580101032,0.03548994476704107,2,3,0.0,0.0,clst_dist_speak
clustering,homogeneous,29,H14,0,4,0.1,0.8,0.0,0.0,true,0.0,0.0,0.0,0.0,4398895106259038200.0,35,true,0.00370154361175412,0.05606409738220691,0.00009214726539518,0.00006882415263236,1,2,0.0,0.0,clst_dist_speak
clustering,heterogeneous,20,M26,2,2,0.2,0.2,0.0,0.0,true,0.05,0.0,0.0,0.0,8803618445054126100.0,35,true,0.04088593575853047,0.01961650203880357,0.0405627079110104,0.03415539450580207,2,3,0.0,0.0,clst_dist_speak
clustering,heterogeneous,20,M26,2,2,0.2,0.2,0.0,0.0,true,0.05,0.0,0.0,0.0,4692690466958798800.0,35,true,0.04088593575853047,0.01795293915054004,0.04330041594123756,0.03617553692552015,2,3,0.0,0.0,clst_dist_speak
clustering,heterogeneous,20,M26,2,2,0.2,0.2,0.0,0.0,true,0.05,0.0,0.0,0.0,7128893484183252000.0,35,true,0.04088593575853047,0.01819440070752866,0.04087346673203904,0.03414229695147897,2,3,0.0,0.0,clst_dist_speak
clustering,homogeneous,29,H14,0,4,0.1,0.8,0.0,0.0,true,0.0,0.0,0.0,0.0,7139002048363152400.0,40,true,0.00370154361175412,0.05791276266669677,0.00005517197164189,0.00004120756249277,1,2,0.0,0.0,clst_dist_speak
clustering,homogeneous,29,H14,0,4,0.1,0.8,0.0,0.0,true,0.0,0.0,0.0,0.0,6905470370856337400.0,40,true,0.00370154361175412,0.05791276266669676,0.00005517197164189,0.00004120756249277,1,2,0.0,0.0,clst_dist_speak
clustering,homogeneous,29,H14,0,4,0.1,0.8,0.0,0.0,true,0.0,0.0,0.0,0.0,4477927936947039200.0,40,true,0.00370154361175412,0.05791276266669676,0.00005517197164189,0.00004120756249277,1,2,0.0,0.0,clst_dist_speak
clustering,homogeneous,29,H14,0,4,0.1,0.8,0.0,0.0,true,0.0,0.0,0.0,0.0,1841142524168585220.0,40,true,0.00370154361175412,0.05791276266669676,0.00005517197164189,0.00004120756249277,1,2,0.0,0.0,clst_dist_speak
clustering,homogeneous,29,H14,0,4,0.1,0.8,0.0,0.0,true,0.0,0.0,0.0,0.0,7240713591891685400.0,40,true,0.00370154361175412,0.05791276266669677,0.00005517197164189,0.00004120756249277,1,2,0.0,0.0,clst_dist_speak
clustering,homogeneous,29,H14,0,4,0.1,0.8,0.0,0.0,true,0.0,0.0,0.0,0.0,109591146466576384.0,40,true,0.00370154361175412,0.05791276266669673,0.00005517197164189,0.00004120756249277,1,2,0.0,0.0,clst_dist_speak
clustering,homogeneous,29,H14,0,4,0.1,0.8,0.0,0.0,true,0.0,0.0,0.0,0.0,4286360386944651300.0,40,true,0.00370154361175412,0.05791276266669675,0.00005517197164189,0.00004120756249277,1,2,0.0,0.0,clst_dist_speak
clustering,homogeneous,29,H14,0,4,0.1,0.8,0.0,0.0,true,0.0,0.0,0.0,0.0,5702577027890589700.0,40,true,0.00370154361175412,0.05791276266669673,0.00005517197164189,0.00004120756249277,1,2,0.0,0.0,clst_dist_speak
clustering,homogeneous,29,H14,0,4,0.1,0.8,0.0,0.0,true,0.0,0.0,0.0,0.0,8636175130330607600.0,40,true,0.00370154361175412,0.05791276266669676,0.00005517197164189,0.00004120756249277,1,2,0.0,0.0,clst_dist_speak
clustering,heterogeneous,27,M16,2,2,0.2,0.2,0.0,0.0,true,0.1,0.3,0.0,0.0,8636175130330607600.0,30,true,0.01252610529728226,0.15104398355785803,0.00010723265825921,0.00005073210363141,1,3,0.0,0.0,clst_dist_speak
clustering,heterogeneous,27,M16,2,2,0.2,0.2,0.0,0.0,true,0.1,0.3,0.0,0.0,5702577027890589700.0,30,true,0.01252610529728226,0.14265293784287783,0.00015757524898068,0.00008498376381242,1,3,0.0,0.0,clst_dist_speak
clustering,heterogeneous,27,M16,2,2,0.2,0.2,0.0,0.0,true,0.1,0.3,0.0,0.0,7139002048363152400.0,35,true,0.01252610529728226,0.1538339768686375,0.0000495732544463,0.00002536313397006,1,3,0.0,0.0,clst_dist_speak
clustering,heterogeneous,27,M16,2,2,0.2,0.2,0.0,0.0,true,0.1,0.3,0.0,0.0,4477927936947039200.0,30,true,0.01252610529728226,0.15081482240558125,0.000134641684623,0.00006893566776106,1,3,0.0,0.0,clst_dist_speak
clustering,heterogeneous,27,M16,2,2,0.2,0.2,0.0,0.0,true,0.1,0.3,0.0,0.0,4692690466958798800.0,35,true,0.01252610529728226,0.14290599576377983,0.00010177203772133,0.00005875257308575,1,3,0.0,0.0,clst_dist_speak
clustering,heterogeneous,27,M16,2,2,0.2,0.2,0.0,0.0,true,0.1,0.3,0.0,0.0,7240713591891685400.0,40,true,0.01252610529728226,0.1520876401208146,0.00003410588317529,0.00001765263389364,1,3,0.0,0.0,clst_dist_speak
clustering,heterogeneous,27,M16,2,2,0.2,0.2,0.0,0.0,true,0.1,0.3,0.0,0.0,4398895106259038200.0,35,true,0.01252610529728226,0.16128606914984733,0.0000436856236196,0.0000230860354494,1,3,0.0,0.0,clst_dist_speak
clustering,heterogeneous,37,M34,3,3,0.1,0.4,0.0,0.0,true,0.1,0.0,0.0,0.0,7139002048363152400.0,65,true,0.03352094317986969,0.1008065668923709,0.00616991270784045,0.00617914328467232,3,4,0.0,0.0,clst_dist_speak
clustering,heterogeneous,27,M16,2,2,0.2,0.2,0.0,0.0,true,0.1,0.3,0.0,0.0,8803618445054126100.0,35,true,0.01252610529728226,0.15424128827028305,0.00004997555929978,0.00003454994555654,1,3,0.0,0.0,clst_dist_speak
clustering,heterogeneous,27,M16,2,2,0.2,0.2,0.0,0.0,true,0.1,0.3,0.0,0.0,109591146466576384.0,35,true,0.01252610529728226,0.14503608177352706,0.00009768936755541,0.00006037779372979,1,3,0.0,0.0,clst_dist_speak
clustering,heterogeneous,27,M16,2,2,0.2,0.2,0.0,0.0,true,0.1,0.3,0.0,0.0,7128893484183252000.0,35,true,0.01252610529728226,0.14743384573143148,0.00007504471601332,0.00005277419772912,1,3,0.0,0.0,clst_dist_speak
clustering,heterogeneous,27,M16,2,2,0.2,0.2,0.0,0.0,true,0.1,0.3,0.0,0.0,6905470370856337400.0,40,true,0.01252610529728226,0.145163440977707,0.00004467317711003,0.00002411333140422,1,3,0.0,0.0,clst_dist_speak
clustering,homogeneous,40,H18,0,4,0.1,0.4,0.0,0.0,true,0.2,0.1,0.0,0.0,7139002048363152400.0,40,true,0.00975649903013544,0.1243070707746908,0.00217517801955159,0.00178657275594301,2,2,0.0,0.0,clst_dist_speak
clustering,heterogeneous,27,M16,2,2,0.2,0.2,0.0,0.0,true,0.1,0.3,0.0,0.0,4286360386944651300.0,45,true,0.01252610529728226,0.14665863302037974,0.00005520408150042,0.00003249039884677,1,3,0.0,0.0,clst_dist_speak
clustering,heterogeneous,37,M34,3,3,0.1,0.4,0.0,0.0,true,0.1,0.0,0.0,0.0,7240713591891685400.0,75,true,0.03352094317986969,0.10344483180729451,0.00547346184090938,0.00549875557282772,3,4,0.0,0.0,clst_dist_speak
clustering,heterogeneous,27,M16,2,2,0.2,0.2,0.0,0.0,true,0.1,0.3,0.0,0.0,7043372089166577700.0,45,true,0.01252610529728226,0.14963492358547664,0.00001522534380788,0.00001018353787363,1,3,0.0,0.0,clst_dist_speak
clustering,heterogeneous,27,M16,2,2,0.2,0.2,0.0,0.0,true,0.1,0.3,0.0,0.0,1841142524168585220.0,50,true,0.01252610529728226,0.14813092182585397,0.00001606200818788,0.00000855711505319,1,3,0.0,0.0,clst_dist_speak
clustering,heterogeneous,37,M34,3,3,0.1,0.4,0.0,0.0,true,0.1,0.0,0.0,0.0,8636175130330607600.0,70,true,0.03352094317986969,0.09686666382748786,0.005958097396432,0.00665040466880164,2,4,0.0,0.0,clst_dist_speak
clustering,heterogeneous,27,M16,2,2,0.2,0.2,0.0,0.0,true,0.1,0.3,0.0,0.0,4342572612484808700.0,50,true,0.01252610529728226,0.14800140796372474,0.00001349074738811,0.00000651572015042,1,3,0.0,0.0,clst_dist_speak
clustering,heterogeneous,37,M34,3,3,0.1,0.4,0.0,0.0,true,0.1,0.0,0.0,0.0,4692690466958798800.0,75,true,0.03352094317986969,0.09732272788053287,0.00551003246542993,0.0058010524492644,2,4,0.0,0.0,clst_dist_speak
clustering,heterogeneous,37,M34,3,3,0.1,0.4,0.0,0.0,true,0.1,0.0,0.0,0.0,4342572612484808700.0,65,true,0.03352094317986969,0.09909880281298332,0.00627071941558417,0.00646372846401521,2,4,0.0,0.0,clst_dist_speak
clustering,heterogeneous,37,M34,3,3,0.1,0.4,0.0,0.0,true,0.1,0.0,0.0,0.0,7128893484183252000.0,65,true,0.03352094317986969,0.09547838067379481,0.00623329326848823,0.00651025682129608,2,4,0.0,0.0,clst_dist_speak
clustering,heterogeneous,37,M34,3,3,0.1,0.4,0.0,0.0,true,0.1,0.0,0.0,0.0,4477927936947039200.0,65,true,0.03352094317986969,0.10313262754640799,0.00594688003620741,0.00599479362992494,3,4,0.0,0.0,clst_dist_speak
clustering,heterogeneous,37,M34,3,3,0.1,0.4,0.0,0.0,true,0.1,0.0,0.0,0.0,5702577027890589700.0,80,true,0.03352094317986969,0.09950929852744794,0.005445437466757,0.00621950376366373,2,4,0.0,0.0,clst_dist_speak
clustering,homogeneous,40,H18,0,4,0.1,0.4,0.0,0.0,true,0.2,0.1,0.0,0.0,7240713591891685400.0,55,true,0.00975649903013544,0.1308268070983759,0.00171065823439173,0.00128412970256641,2,2,0.0,0.0,clst_dist_speak
clustering,heterogeneous,37,M34,3,3,0.1,0.4,0.0,0.0,true,0.1,0.0,0.0,0.0,4398895106259038200.0,80,true,0.03352094317986969,0.10695306947797574,0.00497870706473337,0.00484239509128217,3,4,0.0,0.0,clst_dist_speak
clustering,heterogeneous,37,M34,3,3,0.1,0.4,0.0,0.0,true,0.1,0.0,0.0,0.0,7043372089166577700.0,75,true,0.03352094317986969,0.1137080888850925,0.00509967581132144,0.00468272820455704,3,4,0.0,0.0,clst_dist_speak
clustering,homogeneous,40,H18,0,4,0.1,0.4,0.0,0.0,true,0.2,0.1,0.0,0.0,8636175130330607600.0,40,true,0.00975649903013544,0.11968685975162283,0.00233013147398972,0.00225801980237448,2,2,0.0,0.0,clst_dist_speak
clustering,heterogeneous,37,M34,3,3,0.1,0.4,0.0,0.0,true,0.1,0.0,0.0,0.0,8803618445054126100.0,85,true,0.03352094317986969,0.11020103872934667,0.0046349718286398,0.00461299295790485,3,4,0.0,0.0,clst_dist_speak
clustering,homogeneous,40,H18,0,4,0.1,0.4,0.0,0.0,true,0.2,0.1,0.0,0.0,4398895106259038200.0,40,true,0.00975649903013544,0.1330173546334868,0.00193324902954825,0.00133649858181088,2,2,0.0,0.0,clst_dist_speak
clustering,homogeneous,40,H18,0,4,0.1,0.4,0.0,0.0,true,0.2,0.1,0.0,0.0,4477927936947039200.0,35,true,0.00975649903013544,0.11586453340928006,0.00260824682944434,0.00248528092218117,2,2,0.0,0.0,clst_dist_speak
clustering,homogeneous,40,H18,0,4,0.1,0.4,0.0,0.0,true,0.2,0.1,0.0,0.0,4692690466958798800.0,50,true,0.00975649903013544,0.129853562784086,0.00183197222401749,0.001298155355932,2,2,0.0,0.0,clst_dist_speak
clustering,heterogeneous,19,M25,2,2,0.2,0.3,0.0,0.0,true,0.0,0.0,0.0,0.0,7139002048363152400.0,35,true,0.0138563200606567,0.10278321818533973,0.00001022751222641,0.00000830514275795,1,3,0.0,0.0,clst_dist_speak
clustering,heterogeneous,19,M25,2,2,0.2,0.3,0.0,0.0,true,0.0,0.0,0.0,0.0,4692690466958798800.0,35,true,0.0138563200606567,0.10299728691101115,0.00000886440928762,0.0000082161932072,1,3,0.0,0.0,clst_dist_speak
clustering,homogeneous,40,H18,0,4,0.1,0.4,0.0,0.0,true,0.2,0.1,0.0,0.0,7128893484183252000.0,45,true,0.00975649903013544,0.126168011789978,0.00202321642438835,0.00150606917761558,2,2,0.0,0.0,clst_dist_speak
clustering,heterogeneous,37,M34,3,3,0.1,0.4,0.0,0.0,true,0.1,0.0,0.0,0.0,4286360386944651300.0,90,true,0.03352094317986969,0.11619082696766421,0.00434990655568016,0.00414070505647625,3,4,0.0,0.0,clst_dist_speak
clustering,heterogeneous,19,M25,2,2,0.2,0.3,0.0,0.0,true,0.0,0.0,0.0,0.0,7240713591891685400.0,35,true,0.0138563200606567,0.10299728691101112,0.00000809580330361,0.00000616657724985,1,3,0.0,0.0,clst_dist_speak
clustering,heterogeneous,19,M25,2,2,0.2,0.3,0.0,0.0,true,0.0,0.0,0.0,0.0,8636175130330607600.0,35,true,0.0138563200606567,0.10278321818533978,0.00001022751222641,0.00000830514275795,1,3,0.0,0.0,clst_dist_speak
clustering,heterogeneous,37,M34,3,3,0.1,0.4,0.0,0.0,true,0.1,0.0,0.0,0.0,6905470370856337400.0,105,true,0.03352094317986969,0.10946427056605956,0.00391288761390649,0.00402715399642835,3,4,0.0,0.0,clst_dist_speak
clustering,heterogeneous,19,M25,2,2,0.2,0.3,0.0,0.0,true,0.0,0.0,0.0,0.0,1841142524168585220.0,30,true,0.0138563200606567,0.10191058217225199,0.00002016895939301,0.00001780723377497,1,3,0.0,0.0,clst_dist_speak
clustering,homogeneous,40,H18,0,4,0.1,0.4,0.0,0.0,true,0.2,0.1,0.0,0.0,8803618445054126100.0,50,true,0.00975649903013544,0.1272787231206495,0.00188548378549886,0.00173405848823538,2,2,0.0,0.0,clst_dist_speak
clustering,heterogeneous,19,M25,2,2,0.2,0.3,0.0,0.0,true,0.0,0.0,0.0,0.0,4398895106259038200.0,30,true,0.0138563200606567,0.10191058217225199,0.00002016895939301,0.00001780723377497,1,3,0.0,0.0,clst_dist_speak
clustering,heterogeneous,19,M25,2,2,0.2,0.3,0.0,0.0,true,0.0,0.0,0.0,0.0,6905470370856337400.0,35,true,0.0138563200606567,0.10299728691101115,0.00000886440928762,0.0000082161932072,1,3,0.0,0.0,clst_dist_speak
clustering,homogeneous,40,H18,0,4,0.1,0.4,0.0,0.0,true,0.2,0.1,0.0,0.0,7043372089166577700.0,50,true,0.00975649903013544,0.12065829060024065,0.00209302919077969,0.00179701611798063,2,2,0.0,0.0,clst_dist_speak
clustering,heterogeneous,19,M25,2,2,0.2,0.3,0.0,0.0,true,0.0,0.0,0.0,0.0,5702577027890589700.0,35,true,0.0138563200606567,0.10278321818533978,0.00001022751222641,0.00000830514275795,1,3,0.0,0.0,clst_dist_speak
clustering,homogeneous,40,H18,0,4,0.1,0.4,0.0,0.0,true,0.2,0.1,0.0,0.0,4342572612484808700.0,50,true,0.00975649903013544,0.1250730882789182,0.00196304744181226,0.00163476994523772,2,2,0.0,0.0,clst_dist_speak
clustering,heterogeneous,37,M34,3,3,0.1,0.4,0.0,0.0,true,0.1,0.0,0.0,0.0,109591146466576384.0,95,true,0.03352094317986969,0.1227186471568763,0.00419759629456677,0.00350450076481408,3,4,0.0,0.0,clst_dist_speak
clustering,heterogeneous,37,M34,3,3,0.1,0.4,0.0,0.0,true,0.1,0.0,0.0,0.0,1841142524168585220.0,105,true,0.03352094317986969,0.10674448251365964,0.00393197882589191,0.00395158068290679,2,4,0.0,0.0,clst_dist_speak
clustering,heterogeneous,19,M25,2,2,0.2,0.3,0.0,0.0,true,0.0,0.0,0.0,0.0,109591146466576384.0,30,true,0.0138563200606567,0.10158430763228646,0.00002321853711772,0.00001768557083162,1,3,0.0,0.0,clst_dist_speak
clustering,heterogeneous,19,M25,2,2,0.2,0.3,0.0,0.0,true,0.0,0.0,0.0,0.0,8803618445054126100.0,35,true,0.0138563200606567,0.10299728691101115,0.00000809580330361,0.00000616657724985,1,3,0.0,0.0,clst_dist_speak
clustering,heterogeneous,19,M25,2,2,0.2,0.3,0.0,0.0,true,0.0,0.0,0.0,0.0,4342572612484808700.0,35,true,0.0138563200606567,0.10318994876411539,0.00000703248129959,0.00000620899849515,1,3,0.0,0.0,clst_dist_speak
clustering,homogeneous,40,H18,0,4,0.1,0.4,0.0,0.0,true,0.2,0.1,0.0,0.0,4286360386944651300.0,55,true,0.00975649903013544,0.1253110547436519,0.00186152222471666,0.00144279613221781,2,2,0.0,0.0,clst_dist_speak
clustering,heterogeneous,19,M25,2,2,0.2,0.3,0.0,0.0,true,0.0,0.0,0.0,0.0,7128893484183252000.0,35,true,0.0138563200606567,0.1027832181853397,0.00001014211156152,0.00000807740765157,1,3,0.0,0.0,clst_dist_speak
clustering,heterogeneous,19,M25,2,2,0.2,0.3,0.0,0.0,true,0.0,0.0,0.0,0.0,7043372089166577700.0,40,true,0.0138563200606567,0.10340872501155612,0.00000568580013245,0.00000514651546747,1,3,0.0,0.0,clst_dist_speak
clustering,heterogeneous,19,M25,2,2,0.2,0.3,0.0,0.0,true,0.0,0.0,0.0,0.0,4477927936947039200.0,35,true,0.0138563200606567,0.1029972869110111,0.00000886440928762,0.0000082161932072,1,3,0.0,0.0,clst_dist_speak
clustering,heterogeneous,19,M25,2,2,0.2,0.3,0.0,0.0,true,0.0,0.0,0.0,0.0,4286360386944651300.0,35,true,0.0138563200606567,0.10318994876411533,0.00000703248129959,0.00000620899849515,1,3,0.0,0.0,clst_dist_speak
clustering,homogeneous,40,H18,0,4,0.1,0.4,0.0,0.0,true,0.2,0.1,0.0,0.0,6905470370856337400.0,85,true,0.00975649903013544,0.15018713278721527,0.00095484956667885,0.00051553161464835,2,2,0.0,0.0,clst_dist_speak
clustering,homogeneous,40,H18,0,4,0.1,0.4,0.0,0.0,true,0.2,0.1,0.0,0.0,5702577027890589700.0,85,true,0.00975649903013544,0.153146218973383,0.00095214077413835,0.00046167612369488,2,2,0.0,0.0,clst_dist_speak
clustering,homogeneous,40,H18,0,4,0.1,0.4,0.0,0.0,true,0.2,0.1,0.0,0.0,1841142524168585220.0,90,true,0.00975649903013544,0.14432753447112082,0.00094679510701607,0.00072237143111996,2,2,0.0,0.0,clst_dist_speak
clustering,homogeneous,40,H18,0,4,0.1,0.4,0.0,0.0,true,0.2,0.1,0.0,0.0,109591146466576384.0,100,true,0.00975649903013544,0.1565739028360149,0.00072923977278785,0.00037290791426388,2,2,0.0,0.0,clst_dist_speak
bipolarization,heterogeneous,20,M26,2,2,0.2,0.2,0.6,0.1,false,0.05,0.1,0.1,0.05,7240713591891685400.0,15,false,0.04088593575853047,0.0266844635657171,0.04037532618250447,0.03587523465877642,2,3,-0.1,0.0,bipol_ndist_nospeak
bipolarization,heterogeneous,20,M26,2,2,0.2,0.2,0.6,0.1,false,0.05,0.1,0.1,0.05,7139002048363152400.0,15,false,0.04088593575853047,0.0266844635657171,0.04037532618250447,0.03587523465877642,2,3,-0.1,0.0,bipol_ndist_nospeak
bipolarization,heterogeneous,20,M26,2,2,0.2,0.2,0.6,0.1,false,0.05,0.1,0.1,0.05,4342572612484808700.0,15,false,0.04088593575853047,0.0266844635657171,0.04037532618250447,0.03587523465877642,2,3,-0.1,0.0,bipol_ndist_nospeak
bipolarization,heterogeneous,20,M26,2,2,0.2,0.2,0.6,0.1,false,0.05,0.1,0.1,0.05,4398895106259038200.0,15,false,0.04088593575853047,0.0266844635657171,0.04037532618250447,0.03587523465877642,2,3,-0.1,0.0,bipol_ndist_nospeak
bipolarization,heterogeneous,20,M26,2,2,0.2,0.2,0.6,0.1,false,0.05,0.1,0.1,0.05,4286360386944651300.0,15,false,0.04088593575853047,0.0266844635657171,0.04037532618250447,0.03587523465877642,2,3,-0.1,0.0,bipol_ndist_nospeak
bipolarization,heterogeneous,20,M26,2,2,0.2,0.2,0.6,0.1,false,0.05,0.1,0.1,0.05,4692690466958798800.0,15,false,0.04088593575853047,0.0266844635657171,0.04037532618250447,0.03587523465877642,2,3,-0.1,0.0,bipol_ndist_nospeak
bipolarization,heterogeneous,20,M26,2,2,0.2,0.2,0.6,0.1,false,0.05,0.1,0.1,0.05,4477927936947039200.0,15,false,0.04088593575853047,0.0266844635657171,0.04037532618250447,0.03587523465877642,2,3,-0.1,0.0,bipol_ndist_nospeak
bipolarization,heterogeneous,20,M26,2,2,0.2,0.2,0.6,0.1,false,0.05,0.1,0.1,0.05,109591146466576384.0,15,false,0.04088593575853047,0.0266844635657171,0.04037532618250447,0.03587523465877642,2,3,-0.1,0.0,bipol_ndist_nospeak
bipolarization,heterogeneous,20,M26,2,2,0.2,0.2,0.6,0.1,false,0.05,0.1,0.1,0.05,6905470370856337400.0,15,false,0.04088593575853047,0.0266844635657171,0.04037532618250447,0.03587523465877642,2,3,-0.1,0.0,bipol_ndist_nospeak
bipolarization,heterogeneous,20,M26,2,2,0.2,0.2,0.6,0.1,false,0.05,0.1,0.1,0.05,7043372089166577700.0,15,false,0.04088593575853047,0.0266844635657171,0.04037532618250447,0.03587523465877642,2,3,-0.1,0.0,bipol_ndist_nospeak
bipolarization,heterogeneous,20,M26,2,2,0.2,0.2,0.6,0.1,false,0.05,0.1,0.1,0.05,7128893484183252000.0,15,false,0.04088593575853047,0.0266844635657171,0.04037532618250447,0.03587523465877642,2,3,-0.1,0.0,bipol_ndist_nospeak
bipolarization,heterogeneous,20,M26,2,2,0.2,0.2,0.6,0.1,false,0.05,0.1,0.1,0.05,5702577027890589700.0,15,false,0.04088593575853047,0.0266844635657171,0.04037532618250447,0.03587523465877642,2,3,-0.1,0.0,bipol_ndist_nospeak
bipolarization,heterogeneous,20,M26,2,2,0.2,0.2,0.6,0.1,false,0.05,0.1,0.1,0.05,8636175130330607600.0,15,false,0.04088593575853047,0.0266844635657171,0.04037532618250447,0.03587523465877642,2,3,-0.1,0.0,bipol_ndist_nospeak
bipolarization,heterogeneous,20,M26,2,2,0.2,0.2,0.6,0.1,false,0.05,0.1,0.1,0.05,8803618445054126100.0,15,false,0.04088593575853047,0.0266844635657171,0.04037532618250447,0.03587523465877642,2,3,-0.1,0.0,bipol_ndist_nospeak
bipolarization,heterogeneous,20,M26,2,2,0.2,0.2,0.6,0.1,false,0.05,0.1,0.1,0.05,1841142524168585220.0,15,false,0.04088593575853047,0.0266844635657171,0.04037532618250447,0.03587523465877642,2,3,-0.1,0.0,bipol_ndist_nospeak
bipolarization,homogeneous,29,H14,0,4,0.1,0.5,0.4,0.1,false,0.05,0.1,0.1,0.05,5702577027890589700.0,20,false,0.00370154361175412,0.06111788569002141,0.00001343776835629,0.00000987002624216,1,2,-0.4,0.0,bipol_ndist_nospeak
bipolarization,homogeneous,29,H14,0,4,0.1,0.5,0.4,0.1,false,0.05,0.1,0.1,0.05,8636175130330607600.0,20,false,0.00370154361175412,0.06111788569002141,0.00001343776835629,0.00000987002624216,1,2,-0.4,0.0,bipol_ndist_nospeak
bipolarization,homogeneous,29,H14,0,4,0.1,0.5,0.4,0.1,false,0.05,0.1,0.1,0.05,109591146466576384.0,20,false,0.00370154361175412,0.06111788569002141,0.00001343776835629,0.00000987002624216,1,2,-0.4,0.0,bipol_ndist_nospeak
bipolarization,homogeneous,29,H14,0,4,0.1,0.5,0.4,0.1,false,0.05,0.1,0.1,0.05,6905470370856337400.0,20,false,0.00370154361175412,0.06111788569002141,0.00001343776835629,0.00000987002624216,1,2,-0.4,0.0,bipol_ndist_nospeak
bipolarization,homogeneous,29,H14,0,4,0.1,0.5,0.4,0.1,false,0.05,0.1,0.1,0.05,4692690466958798800.0,20,false,0.00370154361175412,0.06111788569002141,0.00001343776835629,0.00000987002624216,1,2,-0.4,0.0,bipol_ndist_nospeak
bipolarization,homogeneous,29,H14,0,4,0.1,0.5,0.4,0.1,false,0.05,0.1,0.1,0.05,7139002048363152400.0,20,false,0.00370154361175412,0.06111788569002141,0.00001343776835629,0.00000987002624216,1,2,-0.4,0.0,bipol_ndist_nospeak
bipolarization,homogeneous,29,H14,0,4,0.1,0.5,0.4,0.1,false,0.05,0.1,0.1,0.05,4286360386944651300.0,20,false,0.00370154361175412,0.06111788569002141,0.00001343776835629,0.00000987002624216,1,2,-0.4,0.0,bipol_ndist_nospeak
bipolarization,homogeneous,29,H14,0,4,0.1,0.5,0.4,0.1,false,0.05,0.1,0.1,0.05,7043372089166577700.0,20,false,0.00370154361175412,0.06111788569002141,0.00001343776835629,0.00000987002624216,1,2,-0.4,0.0,bipol_ndist_nospeak
bipolarization,homogeneous,29,H14,0,4,0.1,0.5,0.4,0.1,false,0.05,0.1,0.1,0.05,4398895106259038200.0,20,false,0.00370154361175412,0.06111788569002141,0.00001343776835629,0.00000987002624216,1,2,-0.4,0.0,bipol_ndist_nospeak
bipolarization,homogeneous,29,H14,0,4,0.1,0.5,0.4,0.1,false,0.05,0.1,0.1,0.05,4342572612484808700.0,20,false,0.00370154361175412,0.06111788569002141,0.00001343776835629,0.00000987002624216,1,2,-0.4,0.0,bipol_ndist_nospeak
bipolarization,homogeneous,29,H14,0,4,0.1,0.5,0.4,0.1,false,0.05,0.1,0.1,0.05,4477927936947039200.0,20,false,0.00370154361175412,0.06111788569002141,0.00001343776835629,0.00000987002624216,1,2,-0.4,0.0,bipol_ndist_nospeak
bipolarization,homogeneous,29,H14,0,4,0.1,0.5,0.4,0.1,false,0.05,0.1,0.1,0.05,7128893484183252000.0,20,false,0.00370154361175412,0.06111788569002141,0.00001343776835629,0.00000987002624216,1,2,-0.4,0.0,bipol_ndist_nospeak
bipolarization,homogeneous,29,H14,0,4,0.1,0.5,0.4,0.1,false,0.05,0.1,0.1,0.05,8803618445054126100.0,20,false,0.00370154361175412,0.06111788569002141,0.00001343776835629,0.00000987002624216,1,2,-0.4,0.0,bipol_ndist_nospeak
bipolarization,homogeneous,29,H14,0,4,0.1,0.5,0.4,0.1,false,0.05,0.1,0.1,0.05,7240713591891685400.0,20,false,0.00370154361175412,0.06111788569002141,0.00001343776835629,0.00000987002624216,1,2,-0.4,0.0,bipol_ndist_nospeak
bipolarization,homogeneous,29,H14,0,4,0.1,0.5,0.4,0.1,false,0.05,0.1,0.1,0.05,1841142524168585220.0,20,false,0.00370154361175412,0.06111788569002141,0.00001343776835629,0.00000987002624216,1,2,-0.4,0.0,bipol_ndist_nospeak
bipolarization,heterogeneous,27,M16,2,2,0.1,0.2,0.6,0.3,false,0.05,0.1,0.1,0.05,7139002048363152400.0,25,false,0.01252610529728226,0.1471944169254043,0.00001781805982799,0.00001160895763159,1,3,0.09999999999999998,0.0,bipol_ndist_nospeak
bipolarization,heterogeneous,27,M16,2,2,0.1,0.2,0.6,0.3,false,0.05,0.1,0.1,0.05,7240713591891685400.0,25,false,0.01252610529728226,0.1471944169254043,0.00001781805982799,0.00001160895763159,1,3,0.09999999999999998,0.0,bipol_ndist_nospeak
bipolarization,heterogeneous,37,M34,3,3,0.1,0.3,0.6,0.1,false,0.05,0.1,0.1,0.05,7139002048363152400.0,35,false,0.03352094317986969,0.13920786152390488,0.00001194705595251,0.00000872008061123,1,4,-0.19999999999999998,0.0,bipol_ndist_nospeak
bipolarization,heterogeneous,37,M34,3,3,0.1,0.3,0.6,0.1,false,0.05,0.1,0.1,0.05,7240713591891685400.0,35,false,0.03352094317986969,0.13920786152390488,0.00001194705595251,0.00000872008061123,1,4,-0.19999999999999998,0.0,bipol_ndist_nospeak
bipolarization,heterogeneous,27,M16,2,2,0.1,0.2,0.6,0.3,false,0.05,0.1,0.1,0.05,4692690466958798800.0,25,false,0.01252610529728226,0.1471944169254043,0.00001781805982799,0.00001160895763159,1,3,0.09999999999999998,0.0,bipol_ndist_nospeak
bipolarization,heterogeneous,27,M16,2,2,0.1,0.2,0.6,0.3,false,0.05,0.1,0.1,0.05,4398895106259038200.0,25,false,0.01252610529728226,0.1471944169254043,0.00001781805982799,0.00001160895763159,1,3,0.09999999999999998,0.0,bipol_ndist_nospeak
bipolarization,heterogeneous,27,M16,2,2,0.1,0.2,0.6,0.3,false,0.05,0.1,0.1,0.05,8636175130330607600.0,25,false,0.01252610529728226,0.1471944169254043,0.00001781805982799,0.00001160895763159,1,3,0.09999999999999998,0.0,bipol_ndist_nospeak
bipolarization,heterogeneous,27,M16,2,2,0.1,0.2,0.6,0.3,false,0.05,0.1,0.1,0.05,6905470370856337400.0,25,false,0.01252610529728226,0.1471944169254043,0.00001781805982799,0.00001160895763159,1,3,0.09999999999999998,0.0,bipol_ndist_nospeak
bipolarization,heterogeneous,27,M16,2,2,0.1,0.2,0.6,0.3,false,0.05,0.1,0.1,0.05,8803618445054126100.0,25,false,0.01252610529728226,0.1471944169254043,0.00001781805982799,0.00001160895763159,1,3,0.09999999999999998,0.0,bipol_ndist_nospeak
bipolarization,heterogeneous,27,M16,2,2,0.1,0.2,0.6,0.3,false,0.05,0.1,0.1,0.05,5702577027890589700.0,25,false,0.01252610529728226,0.1471944169254043,0.00001781805982799,0.00001160895763159,1,3,0.09999999999999998,0.0,bipol_ndist_nospeak
bipolarization,heterogeneous,27,M16,2,2,0.1,0.2,0.6,0.3,false,0.05,0.1,0.1,0.05,1841142524168585220.0,25,false,0.01252610529728226,0.1471944169254043,0.00001781805982799,0.00001160895763159,1,3,0.09999999999999998,0.0,bipol_ndist_nospeak
bipolarization,heterogeneous,27,M16,2,2,0.1,0.2,0.6,0.3,false,0.05,0.1,0.1,0.05,4342572612484808700.0,25,false,0.01252610529728226,0.1471944169254043,0.00001781805982799,0.00001160895763159,1,3,0.09999999999999998,0.0,bipol_ndist_nospeak
bipolarization,heterogeneous,27,M16,2,2,0.1,0.2,0.6,0.3,false,0.05,0.1,0.1,0.05,7043372089166577700.0,25,false,0.01252610529728226,0.1471944169254043,0.00001781805982799,0.00001160895763159,1,3,0.09999999999999998,0.0,bipol_ndist_nospeak
bipolarization,heterogeneous,27,M16,2,2,0.1,0.2,0.6,0.3,false,0.05,0.1,0.1,0.05,109591146466576384.0,25,false,0.01252610529728226,0.1471944169254043,0.00001781805982799,0.00001160895763159,1,3,0.09999999999999998,0.0,bipol_ndist_nospeak
bipolarization,heterogeneous,27,M16,2,2,0.1,0.2,0.6,0.3,false,0.05,0.1,0.1,0.05,7128893484183252000.0,25,false,0.01252610529728226,0.1471944169254043,0.00001781805982799,0.00001160895763159,1,3,0.09999999999999998,0.0,bipol_ndist_nospeak
bipolarization,heterogeneous,27,M16,2,2,0.1,0.2,0.6,0.3,false,0.05,0.1,0.1,0.05,4477927936947039200.0,25,false,0.01252610529728226,0.1471944169254043,0.00001781805982799,0.00001160895763159,1,3,0.09999999999999998,0.0,bipol_ndist_nospeak
bipolarization,heterogeneous,27,M16,2,2,0.1,0.2,0.6,0.3,false,0.05,0.1,0.1,0.05,4286360386944651300.0,25,false,0.01252610529728226,0.1471944169254043,0.00001781805982799,0.00001160895763159,1,3,0.09999999999999998,0.0,bipol_ndist_nospeak
bipolarization,homogeneous,40,H18,0,4,0.1,0.3,0.8,0.2,false,0.05,0.1,0.1,0.05,7139002048363152400.0,25,false,0.00975649903013544,0.13053207358314717,0.0000087364656935,0.00000657648410865,1,2,-0.09999999999999998,0.0,bipol_ndist_nospeak
bipolarization,homogeneous,40,H18,0,4,0.1,0.3,0.8,0.2,false,0.05,0.1,0.1,0.05,7240713591891685400.0,25,false,0.00975649903013544,0.13053207358314717,0.0000087364656935,0.00000657648410865,1,2,-0.09999999999999998,0.0,bipol_ndist_nospeak
bipolarization,heterogeneous,37,M34,3,3,0.1,0.3,0.6,0.1,false,0.05,0.1,0.1,0.05,4342572612484808700.0,35,false,0.03352094317986969,0.13920786152390488,0.00001194705595251,0.00000872008061123,1,4,-0.19999999999999998,0.0,bipol_ndist_nospeak
bipolarization,heterogeneous,37,M34,3,3,0.1,0.3,0.6,0.1,false,0.05,0.1,0.1,0.05,8636175130330607600.0,35,false,0.03352094317986969,0.13920786152390488,0.00001194705595251,0.00000872008061123,1,4,-0.19999999999999998,0.0,bipol_ndist_nospeak
bipolarization,heterogeneous,37,M34,3,3,0.1,0.3,0.6,0.1,false,0.05,0.1,0.1,0.05,4692690466958798800.0,35,false,0.03352094317986969,0.13920786152390488,0.00001194705595251,0.00000872008061123,1,4,-0.19999999999999998,0.0,bipol_ndist_nospeak
bipolarization,heterogeneous,37,M34,3,3,0.1,0.3,0.6,0.1,false,0.05,0.1,0.1,0.05,6905470370856337400.0,35,false,0.03352094317986969,0.13920786152390488,0.00001194705595251,0.00000872008061123,1,4,-0.19999999999999998,0.0,bipol_ndist_nospeak
bipolarization,heterogeneous,37,M34,3,3,0.1,0.3,0.6,0.1,false,0.05,0.1,0.1,0.05,1841142524168585220.0,35,false,0.03352094317986969,0.13920786152390488,0.00001194705595251,0.00000872008061123,1,4,-0.19999999999999998,0.0,bipol_ndist_nospeak
bipolarization,heterogeneous,37,M34,3,3,0.1,0.3,0.6,0.1,false,0.05,0.1,0.1,0.05,5702577027890589700.0,35,false,0.03352094317986969,0.13920786152390488,0.00001194705595251,0.00000872008061123,1,4,-0.19999999999999998,0.0,bipol_ndist_nospeak
bipolarization,heterogeneous,37,M34,3,3,0.1,0.3,0.6,0.1,false,0.05,0.1,0.1,0.05,4398895106259038200.0,35,false,0.03352094317986969,0.13920786152390488,0.00001194705595251,0.00000872008061123,1,4,-0.19999999999999998,0.0,bipol_ndist_nospeak
bipolarization,heterogeneous,37,M34,3,3,0.1,0.3,0.6,0.1,false,0.05,0.1,0.1,0.05,109591146466576384.0,35,false,0.03352094317986969,0.13920786152390488,0.00001194705595251,0.00000872008061123,1,4,-0.19999999999999998,0.0,bipol_ndist_nospeak
bipolarization,heterogeneous,37,M34,3,3,0.1,0.3,0.6,0.1,false,0.05,0.1,0.1,0.05,7043372089166577700.0,35,false,0.03352094317986969,0.13920786152390488,0.00001194705595251,0.00000872008061123,1,4,-0.19999999999999998,0.0,bipol_ndist_nospeak
bipolarization,heterogeneous,37,M34,3,3,0.1,0.3,0.6,0.1,false,0.05,0.1,0.1,0.05,8803618445054126100.0,35,false,0.03352094317986969,0.13920786152390488,0.00001194705595251,0.00000872008061123,1,4,-0.19999999999999998,0.0,bipol_ndist_nospeak
bipolarization,heterogeneous,37,M34,3,3,0.1,0.3,0.6,0.1,false,0.05,0.1,0.1,0.05,7128893484183252000.0,35,false,0.03352094317986969,0.13920786152390488,0.00001194705595251,0.00000872008061123,1,4,-0.19999999999999998,0.0,bipol_ndist_nospeak
bipolarization,heterogeneous,37,M34,3,3,0.1,0.3,0.6,0.1,false,0.05,0.1,0.1,0.05,4477927936947039200.0,35,false,0.03352094317986969,0.13920786152390488,0.00001194705595251,0.00000872008061123,1,4,-0.19999999999999998,0.0,bipol_ndist_nospeak
bipolarization,heterogeneous,37,M34,3,3,0.1,0.3,0.6,0.1,false,0.05,0.1,0.1,0.05,4286360386944651300.0,35,false,0.03352094317986969,0.13920786152390488,0.00001194705595251,0.00000872008061123,1,4,-0.19999999999999998,0.0,bipol_ndist_nospeak
bipolarization,heterogeneous,19,M25,2,2,0.2,0.3,0.4,0.1,false,0.05,0.1,0.1,0.05,8636175130330607600.0,15,false,0.0138563200606567,0.10418378771636708,0.00000198886572237,0.00000150419981362,1,3,-0.19999999999999998,0.0,bipol_ndist_nospeak
bipolarization,heterogeneous,19,M25,2,2,0.2,0.3,0.4,0.1,false,0.05,0.1,0.1,0.05,7240713591891685400.0,15,false,0.0138563200606567,0.10418378771636708,0.00000198886572237,0.00000150419981362,1,3,-0.19999999999999998,0.0,bipol_ndist_nospeak
bipolarization,heterogeneous,19,M25,2,2,0.2,0.3,0.4,0.1,false,0.05,0.1,0.1,0.05,6905470370856337400.0,15,false,0.0138563200606567,0.10418378771636708,0.00000198886572237,0.00000150419981362,1,3,-0.19999999999999998,0.0,bipol_ndist_nospeak
bipolarization,heterogeneous,19,M25,2,2,0.2,0.3,0.4,0.1,false,0.05,0.1,0.1,0.05,4692690466958798800.0,15,false,0.0138563200606567,0.10418378771636708,0.00000198886572237,0.00000150419981362,1,3,-0.19999999999999998,0.0,bipol_ndist_nospeak
bipolarization,heterogeneous,19,M25,2,2,0.2,0.3,0.4,0.1,false,0.05,0.1,0.1,0.05,7139002048363152400.0,15,false,0.0138563200606567,0.10418378771636708,0.00000198886572237,0.00000150419981362,1,3,-0.19999999999999998,0.0,bipol_ndist_nospeak
bipolarization,heterogeneous,19,M25,2,2,0.2,0.3,0.4,0.1,false,0.05,0.1,0.1,0.05,5702577027890589700.0,15,false,0.0138563200606567,0.10418378771636708,0.00000198886572237,0.00000150419981362,1,3,-0.19999999999999998,0.0,bipol_ndist_nospeak
bipolarization,heterogeneous,19,M25,2,2,0.2,0.3,0.4,0.1,false,0.05,0.1,0.1,0.05,4286360386944651300.0,15,false,0.0138563200606567,0.10418378771636708,0.00000198886572237,0.00000150419981362,1,3,-0.19999999999999998,0.0,bipol_ndist_nospeak
bipolarization,heterogeneous,19,M25,2,2,0.2,0.3,0.4,0.1,false,0.05,0.1,0.1,0.05,7128893484183252000.0,15,false,0.0138563200606567,0.10418378771636708,0.00000198886572237,0.00000150419981362,1,3,-0.19999999999999998,0.0,bipol_ndist_nospeak
bipolarization,heterogeneous,19,M25,2,2,0.2,0.3,0.4,0.1,false,0.05,0.1,0.1,0.05,1841142524168585220.0,15,false,0.0138563200606567,0.10418378771636708,0.00000198886572237,0.00000150419981362,1,3,-0.19999999999999998,0.0,bipol_ndist_nospeak
bipolarization,heterogeneous,19,M25,2,2,0.2,0.3,0.4,0.1,false,0.05,0.1,0.1,0.05,4398895106259038200.0,15,false,0.0138563200606567,0.10418378771636708,0.00000198886572237,0.00000150419981362,1,3,-0.19999999999999998,0.0,bipol_ndist_nospeak
bipolarization,heterogeneous,19,M25,2,2,0.2,0.3,0.4,0.1,false,0.05,0.1,0.1,0.05,8803618445054126100.0,15,false,0.0138563200606567,0.10418378771636708,0.00000198886572237,0.00000150419981362,1,3,-0.19999999999999998,0.0,bipol_ndist_nospeak
bipolarization,heterogeneous,19,M25,2,2,0.2,0.3,0.4,0.1,false,0.05,0.1,0.1,0.05,4342572612484808700.0,15,false,0.0138563200606567,0.10418378771636708,0.00000198886572237,0.00000150419981362,1,3,-0.19999999999999998,0.0,bipol_ndist_nospeak
bipolarization,heterogeneous,19,M25,2,2,0.2,0.3,0.4,0.1,false,0.05,0.1,0.1,0.05,7043372089166577700.0,15,false,0.0138563200606567,0.10418378771636708,0.00000198886572237,0.00000150419981362,1,3,-0.19999999999999998,0.0,bipol_ndist_nospeak
bipolarization,heterogeneous,19,M25,2,2,0.2,0.3,0.4,0.1,false,0.05,0.1,0.1,0.05,109591146466576384.0,15,false,0.0138563200606567,0.10418378771636708,0.00000198886572237,0.00000150419981362,1,3,-0.19999999999999998,0.0,bipol_ndist_nospeak
bipolarization,heterogeneous,19,M25,2,2,0.2,0.3,0.4,0.1,false,0.05,0.1,0.1,0.05,4477927936947039200.0,15,false,0.0138563200606567,0.10418378771636708,0.00000198886572237,0.00000150419981362,1,3,-0.19999999999999998,0.0,bipol_ndist_nospeak
bipolarization,homogeneous,40,H18,0,4,0.1,0.3,0.8,0.2,false,0.05,0.1,0.1,0.05,8636175130330607600.0,25,false,0.00975649903013544,0.13053207358314717,0.0000087364656935,0.00000657648410865,1,2,-0.09999999999999998,0.0,bipol_ndist_nospeak
bipolarization,homogeneous,40,H18,0,4,0.1,0.3,0.8,0.2,false,0.05,0.1,0.1,0.05,4692690466958798800.0,25,false,0.00975649903013544,0.13053207358314717,0.0000087364656935,0.00000657648410865,1,2,-0.09999999999999998,0.0,bipol_ndist_nospeak
bipolarization,homogeneous,40,H18,0,4,0.1,0.3,0.8,0.2,false,0.05,0.1,0.1,0.05,6905470370856337400.0,25,false,0.00975649903013544,0.13053207358314717,0.0000087364656935,0.00000657648410865,1,2,-0.09999999999999998,0.0,bipol_ndist_nospeak
bipolarization,homogeneous,40,H18,0,4,0.1,0.3,0.8,0.2,false,0.05,0.1,0.1,0.05,1841142524168585220.0,25,false,0.00975649903013544,0.13053207358314717,0.0000087364656935,0.00000657648410865,1,2,-0.09999999999999998,0.0,bipol_ndist_nospeak
bipolarization,homogeneous,40,H18,0,4,0.1,0.3,0.8,0.2,false,0.05,0.1,0.1,0.05,5702577027890589700.0,25,false,0.00975649903013544,0.13053207358314717,0.0000087364656935,0.00000657648410865,1,2,-0.09999999999999998,0.0,bipol_ndist_nospeak
bipolarization,homogeneous,40,H18,0,4,0.1,0.3,0.8,0.2,false,0.05,0.1,0.1,0.05,8803618445054126100.0,25,false,0.00975649903013544,0.13053207358314717,0.0000087364656935,0.00000657648410865,1,2,-0.09999999999999998,0.0,bipol_ndist_nospeak
bipolarization,homogeneous,40,H18,0,4,0.1,0.3,0.8,0.2,false,0.05,0.1,0.1,0.05,4477927936947039200.0,25,false,0.00975649903013544,0.13053207358314717,0.0000087364656935,0.00000657648410865,1,2,-0.09999999999999998,0.0,bipol_ndist_nospeak
bipolarization,homogeneous,40,H18,0,4,0.1,0.3,0.8,0.2,false,0.05,0.1,0.1,0.05,109591146466576384.0,25,false,0.00975649903013544,0.13053207358314717,0.0000087364656935,0.00000657648410865,1,2,-0.09999999999999998,0.0,bipol_ndist_nospeak
bipolarization,homogeneous,40,H18,0,4,0.1,0.3,0.8,0.2,false,0.05,0.1,0.1,0.05,4398895106259038200.0,25,false,0.00975649903013544,0.13053207358314717,0.0000087364656935,0.00000657648410865,1,2,-0.09999999999999998,0.0,bipol_ndist_nospeak
bipolarization,homogeneous,40,H18,0,4,0.1,0.3,0.8,0.2,false,0.05,0.1,0.1,0.05,7043372089166577700.0,25,false,0.00975649903013544,0.13053207358314717,0.0000087364656935,0.00000657648410865,1,2,-0.09999999999999998,0.0,bipol_ndist_nospeak
bipolarization,homogeneous,40,H18,0,4,0.1,0.3,0.8,0.2,false,0.05,0.1,0.1,0.05,7128893484183252000.0,25,false,0.00975649903013544,0.13053207358314717,0.0000087364656935,0.00000657648410865,1,2,-0.09999999999999998,0.0,bipol_ndist_nospeak
bipolarization,homogeneous,40,H18,0,4,0.1,0.3,0.8,0.2,false,0.05,0.1,0.1,0.05,4342572612484808700.0,25,false,0.00975649903013544,0.13053207358314717,0.0000087364656935,0.00000657648410865,1,2,-0.09999999999999998,0.0,bipol_ndist_nospeak
bipolarization,homogeneous,40,H18,0,4,0.1,0.3,0.8,0.2,false,0.05,0.1,0.1,0.05,4286360386944651300.0,25,false,0.00975649903013544,0.13053207358314717,0.0000087364656935,0.00000657648410865,1,2,-0.09999999999999998,0.0,bipol_ndist_nospeak
bipolarization,heterogeneous,14,M15,3,3,0.1,0.3,0.4,0.2,true,0.0,0.3,0.3,0.1,7043372089166577700.0,15,false,0.02458731638660266,0.36304012345679015,0.22222222222222224,0.248888888888889,2,5,-0.09999999999999998,2.6666666666666665,bipol_dist_nospeak
bipolarization,heterogeneous,14,M15,3,3,0.1,0.3,0.4,0.2,true,0.0,0.3,0.3,0.1,4342572612484808700.0,15,false,0.02458731638660266,0.36304012345679015,0.22222222222222224,0.248888888888889,2,5,-0.09999999999999998,2.6666666666666665,bipol_dist_nospeak
bipolarization,heterogeneous,14,M15,3,3,0.1,0.3,0.4,0.2,true,0.0,0.3,0.3,0.1,8803618445054126100.0,15,false,0.02458731638660266,0.36304012345679015,0.22222222222222224,0.248888888888889,2,5,-0.09999999999999998,2.6666666666666665,bipol_dist_nospeak
bipolarization,heterogeneous,14,M15,3,3,0.1,0.3,0.4,0.2,true,0.0,0.3,0.3,0.1,4477927936947039200.0,15,false,0.02458731638660266,0.36304012345679015,0.22222222222222224,0.248888888888889,2,5,-0.09999999999999998,2.6666666666666665,bipol_dist_nospeak
bipolarization,heterogeneous,14,M15,3,3,0.1,0.3,0.4,0.2,true,0.0,0.3,0.3,0.1,1841142524168585220.0,15,false,0.02458731638660266,0.36304012345679015,0.22222222222222224,0.248888888888889,2,5,-0.09999999999999998,2.6666666666666665,bipol_dist_nospeak
bipolarization,heterogeneous,14,M15,3,3,0.1,0.3,0.4,0.2,true,0.0,0.3,0.3,0.1,4286360386944651300.0,15,false,0.02458731638660266,0.36304012345679015,0.22222222222222224,0.248888888888889,2,5,-0.09999999999999998,2.6666666666666665,bipol_dist_nospeak
bipolarization,heterogeneous,14,M15,3,3,0.1,0.3,0.4,0.2,true,0.0,0.3,0.3,0.1,4398895106259038200.0,15,false,0.02458731638660266,0.36304012345679015,0.22222222222222224,0.248888888888889,2,5,-0.09999999999999998,2.6666666666666665,bipol_dist_nospeak
bipolarization,heterogeneous,14,M15,3,3,0.1,0.3,0.4,0.2,true,0.0,0.3,0.3,0.1,8636175130330607600.0,15,false,0.02458731638660266,0.36304012345679015,0.22222222222222224,0.248888888888889,2,5,-0.09999999999999998,2.6666666666666665,bipol_dist_nospeak
bipolarization,heterogeneous,14,M15,3,3,0.1,0.3,0.4,0.2,true,0.0,0.3,0.3,0.1,4692690466958798800.0,15,false,0.02458731638660266,0.36304012345679015,0.22222222222222224,0.248888888888889,2,5,-0.09999999999999998,2.6666666666666665,bipol_dist_nospeak
bipolarization,heterogeneous,14,M15,3,3,0.1,0.3,0.4,0.2,true,0.0,0.3,0.3,0.1,6905470370856337400.0,15,false,0.02458731638660266,0.36304012345679015,0.22222222222222224,0.248888888888889,2,5,-0.09999999999999998,2.6666666666666665,bipol_dist_nospeak
bipolarization,heterogeneous,14,M15,3,3,0.1,0.3,0.4,0.2,true,0.0,0.3,0.3,0.1,7128893484183252000.0,15,false,0.02458731638660266,0.36304012345679015,0.22222222222222224,0.248888888888889,2,5,-0.09999999999999998,2.6666666666666665,bipol_dist_nospeak
bipolarization,heterogeneous,14,M15,3,3,0.1,0.3,0.4,0.2,true,0.0,0.3,0.3,0.1,7139002048363152400.0,15,false,0.02458731638660266,0.36304012345679015,0.22222222222222224,0.248888888888889,2,5,-0.09999999999999998,2.6666666666666665,bipol_dist_nospeak
bipolarization,heterogeneous,14,M15,3,3,0.1,0.3,0.4,0.2,true,0.0,0.3,0.3,0.1,5702577027890589700.0,15,false,0.02458731638660266,0.36304012345679015,0.22222222222222224,0.248888888888889,2,5,-0.09999999999999998,2.6666666666666665,bipol_dist_nospeak
bipolarization,heterogeneous,14,M15,3,3,0.1,0.3,0.4,0.2,true,0.0,0.3,0.3,0.1,109591146466576384.0,15,false,0.02458731638660266,0.36304012345679015,0.22222222222222224,0.248888888888889,2,5,-0.09999999999999998,2.6666666666666665,bipol_dist_nospeak
bipolarization,heterogeneous,14,M15,3,3,0.1,0.3,0.4,0.2,true,0.0,0.3,0.3,0.1,7240713591891685400.0,15,false,0.02458731638660266,0.36304012345679015,0.22222222222222224,0.248888888888889,2,5,-0.09999999999999998,2.6666666666666665,bipol_dist_nospeak
bipolarization,heterogeneous,14,M15,3,3,0.5,0.3,0.6,0.1,true,0.05,0.0,0.2,0.1,6905470370856337400.0,15,false,0.02458731638660266,0.12499675063452971,0.00000000003154317,0.00000000003046843,1,5,-0.19999999999999998,0.0,bipol_dist_nospeak
bipolarization,heterogeneous,14,M15,3,3,0.5,0.3,0.6,0.1,true,0.05,0.0,0.2,0.1,1841142524168585220.0,15,false,0.02458731638660266,0.12499675063452971,0.00000000003154317,0.00000000003046843,1,5,-0.19999999999999998,0.0,bipol_dist_nospeak
bipolarization,heterogeneous,14,M15,3,3,0.5,0.3,0.6,0.1,true,0.05,0.0,0.2,0.1,4398895106259038200.0,15,false,0.02458731638660266,0.12499675063452971,0.00000000003154317,0.00000000003046843,1,5,-0.19999999999999998,0.0,bipol_dist_nospeak
bipolarization,heterogeneous,14,M15,3,3,0.5,0.3,0.6,0.1,true,0.05,0.0,0.2,0.1,7240713591891685400.0,15,false,0.02458731638660266,0.12499675063452971,0.00000000003154317,0.00000000003046843,1,5,-0.19999999999999998,0.0,bipol_dist_nospeak
bipolarization,heterogeneous,14,M15,3,3,0.5,0.3,0.6,0.1,true,0.05,0.0,0.2,0.1,7139002048363152400.0,15,false,0.02458731638660266,0.12499675063452971,0.00000000003154317,0.00000000003046843,1,5,-0.19999999999999998,0.0,bipol_dist_nospeak
bipolarization,heterogeneous,14,M15,3,3,0.5,0.3,0.6,0.1,true,0.05,0.0,0.2,0.1,7128893484183252000.0,15,false,0.02458731638660266,0.12499675063452971,0.00000000003154317,0.00000000003046843,1,5,-0.19999999999999998,0.0,bipol_dist_nospeak
bipolarization,heterogeneous,14,M15,3,3,0.5,0.3,0.6,0.1,true,0.05,0.0,0.2,0.1,8803618445054126100.0,15,false,0.02458731638660266,0.12499675063452971,0.00000000003154317,0.00000000003046843,1,5,-0.19999999999999998,0.0,bipol_dist_nospeak
bipolarization,heterogeneous,14,M15,3,3,0.5,0.3,0.6,0.1,true,0.05,0.0,0.2,0.1,8636175130330607600.0,15,false,0.02458731638660266,0.12499675063452971,0.00000000003154317,0.00000000003046843,1,5,-0.19999999999999998,0.0,bipol_dist_nospeak
bipolarization,heterogeneous,14,M15,3,3,0.5,0.3,0.6,0.1,true,0.05,0.0,0.2,0.1,4692690466958798800.0,15,false,0.02458731638660266,0.12499675063452971,0.00000000003154317,0.00000000003046843,1,5,-0.19999999999999998,0.0,bipol_dist_nospeak
bipolarization,heterogeneous,14,M15,3,3,0.5,0.3,0.6,0.1,true,0.05,0.0,0.2,0.1,109591146466576384.0,15,false,0.02458731638660266,0.12499675063452971,0.00000000003154317,0.00000000003046843,1,5,-0.19999999999999998,0.0,bipol_dist_nospeak
bipolarization,heterogeneous,14,M15,3,3,0.5,0.3,0.6,0.1,true,0.05,0.0,0.2,0.1,4477927936947039200.0,15,false,0.02458731638660266,0.12499675063452971,0.00000000003154317,0.00000000003046843,1,5,-0.19999999999999998,0.0,bipol_dist_nospeak
bipolarization,heterogeneous,14,M15,3,3,0.5,0.3,0.6,0.1,true,0.05,0.0,0.2,0.1,4286360386944651300.0,15,false,0.02458731638660266,0.12499675063452971,0.00000000003154317,0.00000000003046843,1,5,-0.19999999999999998,0.0,bipol_dist_nospeak
bipolarization,heterogeneous,14,M15,3,3,0.5,0.3,0.6,0.1,true,0.05,0.0,0.2,0.1,4342572612484808700.0,15,false,0.02458731638660266,0.12499675063452971,0.00000000003154317,0.00000000003046843,1,5,-0.19999999999999998,0.0,bipol_dist_nospeak
bipolarization,heterogeneous,14,M15,3,3,0.5,0.3,0.6,0.1,true,0.05,0.0,0.2,0.1,5702577027890589700.0,15,false,0.02458731638660266,0.12499675063452971,0.00000000003154317,0.00000000003046843,1,5,-0.19999999999999998,0.0,bipol_dist_nospeak
bipolarization,heterogeneous,14,M15,3,3,0.5,0.3,0.6,0.1,true,0.05,0.0,0.2,0.1,7043372089166577700.0,15,false,0.02458731638660266,0.12499675063452971,0.00000000003154317,0.00000000003046843,1,5,-0.19999999999999998,0.0,bipol_dist_nospeak
bipolarization,heterogeneous,12,M13,3,3,0.2,0.3,0.4,0.1,true,0.2,0.1,0.0,0.0,7240713591891685400.0,15,false,0.03278937715525453,0.3327546296296296,0.25,0.24000000000000013,2,5,-0.19999999999999998,3.0,bipol_dist_nospeak
bipolarization,heterogeneous,12,M13,3,3,0.2,0.3,0.4,0.1,true,0.2,0.1,0.0,0.0,7139002048363152400.0,15,false,0.03278937715525453,0.3327546296296296,0.25,0.24000000000000013,2,5,-0.19999999999999998,3.0,bipol_dist_nospeak
bipolarization,heterogeneous,12,M13,3,3,0.2,0.3,0.4,0.1,true,0.2,0.1,0.0,0.0,6905470370856337400.0,15,false,0.03278937715525453,0.3327546296296296,0.25,0.24000000000000013,2,5,-0.19999999999999998,3.0,bipol_dist_nospeak
bipolarization,heterogeneous,12,M13,3,3,0.2,0.3,0.4,0.1,true,0.2,0.1,0.0,0.0,8803618445054126100.0,15,false,0.03278937715525453,0.3327546296296296,0.25,0.24000000000000013,2,5,-0.19999999999999998,3.0,bipol_dist_nospeak
bipolarization,heterogeneous,12,M13,3,3,0.2,0.3,0.4,0.1,true,0.2,0.1,0.0,0.0,4286360386944651300.0,15,false,0.03278937715525453,0.3327546296296296,0.25,0.24000000000000013,2,5,-0.19999999999999998,3.0,bipol_dist_nospeak
bipolarization,heterogeneous,12,M13,3,3,0.2,0.3,0.4,0.1,true,0.2,0.1,0.0,0.0,4692690466958798800.0,15,false,0.03278937715525453,0.3327546296296296,0.25,0.24000000000000013,2,5,-0.19999999999999998,3.0,bipol_dist_nospeak
bipolarization,heterogeneous,12,M13,3,3,0.2,0.3,0.4,0.1,true,0.2,0.1,0.0,0.0,8636175130330607600.0,15,false,0.03278937715525453,0.3327546296296296,0.25,0.24000000000000013,2,5,-0.19999999999999998,3.0,bipol_dist_nospeak
bipolarization,heterogeneous,12,M13,3,3,0.2,0.3,0.4,0.1,true,0.2,0.1,0.0,0.0,5702577027890589700.0,15,false,0.03278937715525453,0.3327546296296296,0.25,0.24000000000000013,2,5,-0.19999999999999998,3.0,bipol_dist_nospeak
bipolarization,heterogeneous,12,M13,3,3,0.2,0.3,0.4,0.1,true,0.2,0.1,0.0,0.0,1841142524168585220.0,15,false,0.03278937715525453,0.3327546296296296,0.25,0.24000000000000013,2,5,-0.19999999999999998,3.0,bipol_dist_nospeak
bipolarization,heterogeneous,12,M13,3,3,0.2,0.3,0.4,0.1,true,0.2,0.1,0.0,0.0,4477927936947039200.0,15,false,0.03278937715525453,0.3327546296296296,0.25,0.24000000000000013,2,5,-0.19999999999999998,3.0,bipol_dist_nospeak
bipolarization,heterogeneous,12,M13,3,3,0.2,0.3,0.4,0.1,true,0.2,0.1,0.0,0.0,4398895106259038200.0,15,false,0.03278937715525453,0.3327546296296296,0.25,0.24000000000000013,2,5,-0.19999999999999998,3.0,bipol_dist_nospeak
bipolarization,heterogeneous,12,M13,3,3,0.2,0.3,0.4,0.1,true,0.2,0.1,0.0,0.0,7043372089166577700.0,15,false,0.03278937715525453,0.3327546296296296,0.25,0.24000000000000013,2,5,-0.19999999999999998,3.0,bipol_dist_nospeak
bipolarization,heterogeneous,12,M13,3,3,0.2,0.3,0.4,0.1,true,0.2,0.1,0.0,0.0,109591146466576384.0,15,false,0.03278937715525453,0.3327546296296296,0.25,0.24000000000000013,2,5,-0.19999999999999998,3.0,bipol_dist_nospeak
bipolarization,heterogeneous,12,M13,3,3,0.2,0.3,0.4,0.1,true,0.2,0.1,0.0,0.0,7128893484183252000.0,15,false,0.03278937715525453,0.3327546296296296,0.25,0.24000000000000013,2,5,-0.19999999999999998,3.0,bipol_dist_nospeak
bipolarization,heterogeneous,12,M13,3,3,0.2,0.3,0.4,0.1,true,0.2,0.1,0.0,0.0,4342572612484808700.0,15,false,0.03278937715525453,0.3327546296296296,0.25,0.24000000000000013,2,5,-0.19999999999999998,3.0,bipol_dist_nospeak
bipolarization,heterogeneous,4,M5,3,3,0.5,0.3,0.4,0.3,true,0.1,0.3,0.0,0.2,7240713591891685400.0,15,false,0.03097746746875476,0.292824074074074,0.22222222222222224,0.248888888888889,2,4,0.0,2.6666666666666665,bipol_dist_nospeak
bipolarization,heterogeneous,4,M5,3,3,0.5,0.3,0.4,0.3,true,0.1,0.3,0.0,0.2,7139002048363152400.0,15,false,0.03097746746875476,0.292824074074074,0.22222222222222224,0.248888888888889,2,4,0.0,2.6666666666666665,bipol_dist_nospeak
bipolarization,heterogeneous,4,M5,3,3,0.5,0.3,0.4,0.3,true,0.1,0.3,0.0,0.2,4692690466958798800.0,15,false,0.03097746746875476,0.292824074074074,0.22222222222222224,0.248888888888889,2,4,0.0,2.6666666666666665,bipol_dist_nospeak
bipolarization,heterogeneous,4,M5,3,3,0.5,0.3,0.4,0.3,true,0.1,0.3,0.0,0.2,8636175130330607600.0,15,false,0.03097746746875476,0.292824074074074,0.22222222222222224,0.248888888888889,2,4,0.0,2.6666666666666665,bipol_dist_nospeak
bipolarization,homogeneous,23,H11,0,5,0.1,0.5,0.7,0.2,true,0.0,0.1,0.3,0.05,8636175130330607600.0,25,false,0.01309938700274348,0.06555950829097834,0.00001806051039114,0.00001056825229137,1,4,-0.3,0.0,bipol_dist_nospeak
bipolarization,homogeneous,23,H11,0,5,0.1,0.5,0.7,0.2,true,0.0,0.1,0.3,0.05,7139002048363152400.0,25,false,0.01309938700274348,0.06555950829097834,0.00001806051039114,0.00001056825229137,1,4,-0.3,0.0,bipol_dist_nospeak
bipolarization,homogeneous,23,H11,0,5,0.1,0.5,0.7,0.2,true,0.0,0.1,0.3,0.05,6905470370856337400.0,25,false,0.01309938700274348,0.06555950829097834,0.00001806051039114,0.00001056825229137,1,4,-0.3,0.0,bipol_dist_nospeak
bipolarization,homogeneous,23,H11,0,5,0.1,0.5,0.7,0.2,true,0.0,0.1,0.3,0.05,8803618445054126100.0,25,false,0.01309938700274348,0.06555950829097834,0.00001806051039114,0.00001056825229137,1,4,-0.3,0.0,bipol_dist_nospeak
bipolarization,homogeneous,23,H11,0,5,0.1,0.5,0.7,0.2,true,0.0,0.1,0.3,0.05,7240713591891685400.0,25,false,0.01309938700274348,0.06555950829097834,0.00001806051039114,0.00001056825229137,1,4,-0.3,0.0,bipol_dist_nospeak
bipolarization,homogeneous,23,H11,0,5,0.1,0.5,0.7,0.2,true,0.0,0.1,0.3,0.05,4692690466958798800.0,25,false,0.01309938700274348,0.06555950829097834,0.00001806051039114,0.00001056825229137,1,4,-0.3,0.0,bipol_dist_nospeak
bipolarization,homogeneous,23,H11,0,5,0.1,0.5,0.7,0.2,true,0.0,0.1,0.3,0.05,5702577027890589700.0,25,false,0.01309938700274348,0.06555950829097834,0.00001806051039114,0.00001056825229137,1,4,-0.3,0.0,bipol_dist_nospeak
bipolarization,homogeneous,23,H11,0,5,0.1,0.5,0.7,0.2,true,0.0,0.1,0.3,0.05,1841142524168585220.0,25,false,0.01309938700274348,0.06555950829097834,0.00001806051039114,0.00001056825229137,1,4,-0.3,0.0,bipol_dist_nospeak
bipolarization,homogeneous,23,H11,0,5,0.1,0.5,0.7,0.2,true,0.0,0.1,0.3,0.05,4398895106259038200.0,25,false,0.01309938700274348,0.06555950829097834,0.00001806051039114,0.00001056825229137,1,4,-0.3,0.0,bipol_dist_nospeak
bipolarization,homogeneous,23,H11,0,5,0.1,0.5,0.7,0.2,true,0.0,0.1,0.3,0.05,4342572612484808700.0,25,false,0.01309938700274348,0.06555950829097834,0.00001806051039114,0.00001056825229137,1,4,-0.3,0.0,bipol_dist_nospeak
bipolarization,homogeneous,23,H11,0,5,0.1,0.5,0.7,0.2,true,0.0,0.1,0.3,0.05,4286360386944651300.0,25,false,0.01309938700274348,0.06555950829097834,0.00001806051039114,0.00001056825229137,1,4,-0.3,0.0,bipol_dist_nospeak
bipolarization,homogeneous,23,H11,0,5,0.1,0.5,0.7,0.2,true,0.0,0.1,0.3,0.05,109591146466576384.0,25,false,0.01309938700274348,0.06555950829097834,0.00001806051039114,0.00001056825229137,1,4,-0.3,0.0,bipol_dist_nospeak
bipolarization,homogeneous,23,H11,0,5,0.1,0.5,0.7,0.2,true,0.0,0.1,0.3,0.05,7128893484183252000.0,25,false,0.01309938700274348,0.06555950829097834,0.00001806051039114,0.00001056825229137,1,4,-0.3,0.0,bipol_dist_nospeak
bipolarization,homogeneous,23,H11,0,5,0.1,0.5,0.7,0.2,true,0.0,0.1,0.3,0.05,7043372089166577700.0,25,false,0.01309938700274348,0.06555950829097834,0.00001806051039114,0.00001056825229137,1,4,-0.3,0.0,bipol_dist_nospeak
bipolarization,homogeneous,23,H11,0,5,0.1,0.5,0.7,0.2,true,0.0,0.1,0.3,0.05,4477927936947039200.0,25,false,0.01309938700274348,0.06555950829097834,0.00001806051039114,0.00001056825229137,1,4,-0.3,0.0,bipol_dist_nospeak
bipolarization,heterogeneous,4,M5,3,3,0.5,0.3,0.4,0.3,true,0.1,0.3,0.0,0.2,6905470370856337400.0,15,false,0.03097746746875476,0.292824074074074,0.22222222222222224,0.248888888888889,2,4,0.0,2.6666666666666665,bipol_dist_nospeak
bipolarization,heterogeneous,4,M5,3,3,0.5,0.3,0.4,0.3,true,0.1,0.3,0.0,0.2,5702577027890589700.0,15,false,0.03097746746875476,0.292824074074074,0.22222222222222224,0.248888888888889,2,4,0.0,2.6666666666666665,bipol_dist_nospeak
bipolarization,heterogeneous,4,M5,3,3,0.5,0.3,0.4,0.3,true,0.1,0.3,0.0,0.2,1841142524168585220.0,15,false,0.03097746746875476,0.292824074074074,0.22222222222222224,0.248888888888889,2,4,0.0,2.6666666666666665,bipol_dist_nospeak
bipolarization,heterogeneous,4,M5,3,3,0.5,0.3,0.4,0.3,true,0.1,0.3,0.0,0.2,4398895106259038200.0,15,false,0.03097746746875476,0.292824074074074,0.22222222222222224,0.248888888888889,2,4,0.0,2.6666666666666665,bipol_dist_nospeak
bipolarization,heterogeneous,4,M5,3,3,0.5,0.3,0.4,0.3,true,0.1,0.3,0.0,0.2,8803618445054126100.0,15,false,0.03097746746875476,0.292824074074074,0.22222222222222224,0.248888888888889,2,4,0.0,2.6666666666666665,bipol_dist_nospeak
bipolarization,homogeneous,41,H20,0,4,0.5,0.3,0.6,0.1,true,0.0,0.3,0.3,0.0,7240713591891685400.0,15,false,0.00048024369855967,0.06764404561536885,0.00000000000000037,0.00000000000000025,1,1,-0.19999999999999998,0.0,bipol_dist_nospeak
bipolarization,homogeneous,41,H20,0,4,0.5,0.3,0.6,0.1,true,0.0,0.3,0.3,0.0,7139002048363152400.0,15,false,0.00048024369855967,0.06764404561536885,0.00000000000000037,0.00000000000000025,1,1,-0.19999999999999998,0.0,bipol_dist_nospeak
bipolarization,heterogeneous,4,M5,3,3,0.5,0.3,0.4,0.3,true,0.1,0.3,0.0,0.2,7043372089166577700.0,15,false,0.03097746746875476,0.292824074074074,0.22222222222222224,0.248888888888889,2,4,0.0,2.6666666666666665,bipol_dist_nospeak
bipolarization,heterogeneous,4,M5,3,3,0.5,0.3,0.4,0.3,true,0.1,0.3,0.0,0.2,4342572612484808700.0,15,false,0.03097746746875476,0.292824074074074,0.22222222222222224,0.248888888888889,2,4,0.0,2.6666666666666665,bipol_dist_nospeak
bipolarization,heterogeneous,4,M5,3,3,0.5,0.3,0.4,0.3,true,0.1,0.3,0.0,0.2,4477927936947039200.0,15,false,0.03097746746875476,0.292824074074074,0.22222222222222224,0.248888888888889,2,4,0.0,2.6666666666666665,bipol_dist_nospeak
bipolarization,heterogeneous,4,M5,3,3,0.5,0.3,0.4,0.3,true,0.1,0.3,0.0,0.2,109591146466576384.0,15,false,0.03097746746875476,0.292824074074074,0.22222222222222224,0.248888888888889,2,4,0.0,2.6666666666666665,bipol_dist_nospeak
bipolarization,heterogeneous,4,M5,3,3,0.5,0.3,0.4,0.3,true,0.1,0.3,0.0,0.2,4286360386944651300.0,15,false,0.03097746746875476,0.292824074074074,0.22222222222222224,0.248888888888889,2,4,0.0,2.6666666666666665,bipol_dist_nospeak
bipolarization,heterogeneous,4,M5,3,3,0.5,0.3,0.4,0.3,true,0.1,0.3,0.0,0.2,7128893484183252000.0,15,false,0.03097746746875476,0.292824074074074,0.22222222222222224,0.248888888888889,2,4,0.0,2.6666666666666665,bipol_dist_nospeak
bipolarization,homogeneous,41,H20,0,4,0.5,0.3,0.6,0.1,true,0.0,0.3,0.3,0.0,8636175130330607600.0,15,false,0.00048024369855967,0.06764404561536885,0.00000000000000037,0.00000000000000025,1,1,-0.19999999999999998,0.0,bipol_dist_nospeak
bipolarization,homogeneous,41,H20,0,4,0.5,0.3,0.6,0.1,true,0.0,0.3,0.3,0.0,4692690466958798800.0,15,false,0.00048024369855967,0.06764404561536885,0.00000000000000037,0.00000000000000025,1,1,-0.19999999999999998,0.0,bipol_dist_nospeak
bipolarization,homogeneous,41,H20,0,4,0.5,0.3,0.6,0.1,true,0.0,0.3,0.3,0.0,6905470370856337400.0,15,false,0.00048024369855967,0.06764404561536885,0.00000000000000037,0.00000000000000025,1,1,-0.19999999999999998,0.0,bipol_dist_nospeak
bipolarization,homogeneous,41,H20,0,4,0.5,0.3,0.6,0.1,true,0.0,0.3,0.3,0.0,5702577027890589700.0,15,false,0.00048024369855967,0.06764404561536885,0.00000000000000037,0.00000000000000025,1,1,-0.19999999999999998,0.0,bipol_dist_nospeak
bipolarization,homogeneous,41,H20,0,4,0.5,0.3,0.6,0.1,true,0.0,0.3,0.3,0.0,1841142524168585220.0,15,false,0.00048024369855967,0.06764404561536885,0.00000000000000037,0.00000000000000025,1,1,-0.19999999999999998,0.0,bipol_dist_nospeak
bipolarization,homogeneous,41,H20,0,4,0.5,0.3,0.6,0.1,true,0.0,0.3,0.3,0.0,4286360386944651300.0,15,false,0.00048024369855967,0.06764404561536885,0.00000000000000037,0.00000000000000025,1,1,-0.19999999999999998,0.0,bipol_dist_nospeak
bipolarization,homogeneous,41,H20,0,4,0.5,0.3,0.6,0.1,true,0.0,0.3,0.3,0.0,8803618445054126100.0,15,false,0.00048024369855967,0.06764404561536885,0.00000000000000037,0.00000000000000025,1,1,-0.19999999999999998,0.0,bipol_dist_nospeak
bipolarization,homogeneous,41,H20,0,4,0.5,0.3,0.6,0.1,true,0.0,0.3,0.3,0.0,7128893484183252000.0,15,false,0.00048024369855967,0.06764404561536885,0.00000000000000037,0.00000000000000025,1,1,-0.19999999999999998,0.0,bipol_dist_nospeak
bipolarization,homogeneous,41,H20,0,4,0.5,0.3,0.6,0.1,true,0.0,0.3,0.3,0.0,4398895106259038200.0,15,false,0.00048024369855967,0.06764404561536885,0.00000000000000037,0.00000000000000025,1,1,-0.19999999999999998,0.0,bipol_dist_nospeak
bipolarization,homogeneous,41,H20,0,4,0.5,0.3,0.6,0.1,true,0.0,0.3,0.3,0.0,7043372089166577700.0,15,false,0.00048024369855967,0.06764404561536885,0.00000000000000037,0.00000000000000025,1,1,-0.19999999999999998,0.0,bipol_dist_nospeak
bipolarization,homogeneous,41,H20,0,4,0.5,0.3,0.6,0.1,true,0.0,0.3,0.3,0.0,4342572612484808700.0,15,false,0.00048024369855967,0.06764404561536885,0.00000000000000037,0.00000000000000025,1,1,-0.19999999999999998,0.0,bipol_dist_nospeak
bipolarization,homogeneous,41,H20,0,4,0.5,0.3,0.6,0.1,true,0.0,0.3,0.3,0.0,4477927936947039200.0,15,false,0.00048024369855967,0.06764404561536885,0.00000000000000037,0.00000000000000025,1,1,-0.19999999999999998,0.0,bipol_dist_nospeak
bipolarization,homogeneous,41,H20,0,4,0.5,0.3,0.6,0.1,true,0.0,0.3,0.3,0.0,109591146466576384.0,15,false,0.00048024369855967,0.06764404561536885,0.00000000000000037,0.00000000000000025,1,1,-0.19999999999999998,0.0,bipol_dist_nospeak
bipolarization,heterogeneous,31,M30,1,2,0.5,0.5,0.6,0.1,true,0.1,0.0,0.1,0.05,7139002048363152400.0,15,false,0.01686903435070872,0.0905660148909941,0.00000000000000016,0.00000000000000012,1,2,-0.4,0.0,bipol_dist_nospeak
bipolarization,heterogeneous,31,M30,1,2,0.5,0.5,0.6,0.1,true,0.1,0.0,0.1,0.05,8636175130330607600.0,15,false,0.01686903435070872,0.0905660148909941,0.00000000000000016,0.00000000000000012,1,2,-0.4,0.0,bipol_dist_nospeak
bipolarization,heterogeneous,31,M30,1,2,0.5,0.5,0.6,0.1,true,0.1,0.0,0.1,0.05,7240713591891685400.0,15,false,0.01686903435070872,0.0905660148909941,0.00000000000000016,0.00000000000000012,1,2,-0.4,0.0,bipol_dist_nospeak
bipolarization,heterogeneous,31,M30,1,2,0.5,0.5,0.6,0.1,true,0.1,0.0,0.1,0.05,4692690466958798800.0,15,false,0.01686903435070872,0.0905660148909941,0.00000000000000016,0.00000000000000012,1,2,-0.4,0.0,bipol_dist_nospeak
bipolarization,heterogeneous,31,M30,1,2,0.5,0.5,0.6,0.1,true,0.1,0.0,0.1,0.05,6905470370856337400.0,15,false,0.01686903435070872,0.0905660148909941,0.00000000000000016,0.00000000000000012,1,2,-0.4,0.0,bipol_dist_nospeak
bipolarization,heterogeneous,31,M30,1,2,0.5,0.5,0.6,0.1,true,0.1,0.0,0.1,0.05,5702577027890589700.0,15,false,0.01686903435070872,0.0905660148909941,0.00000000000000016,0.00000000000000012,1,2,-0.4,0.0,bipol_dist_nospeak
bipolarization,heterogeneous,31,M30,1,2,0.5,0.5,0.6,0.1,true,0.1,0.0,0.1,0.05,1841142524168585220.0,15,false,0.01686903435070872,0.0905660148909941,0.00000000000000016,0.00000000000000012,1,2,-0.4,0.0,bipol_dist_nospeak
bipolarization,heterogeneous,31,M30,1,2,0.5,0.5,0.6,0.1,true,0.1,0.0,0.1,0.05,4398895106259038200.0,15,false,0.01686903435070872,0.0905660148909941,0.00000000000000016,0.00000000000000012,1,2,-0.4,0.0,bipol_dist_nospeak
bipolarization,heterogeneous,31,M30,1,2,0.5,0.5,0.6,0.1,true,0.1,0.0,0.1,0.05,8803618445054126100.0,15,false,0.01686903435070872,0.0905660148909941,0.00000000000000016,0.00000000000000012,1,2,-0.4,0.0,bipol_dist_nospeak
bipolarization,heterogeneous,31,M30,1,2,0.5,0.5,0.6,0.1,true,0.1,0.0,0.1,0.05,4342572612484808700.0,15,false,0.01686903435070872,0.0905660148909941,0.00000000000000016,0.00000000000000012,1,2,-0.4,0.0,bipol_dist_nospeak
bipolarization,heterogeneous,31,M30,1,2,0.5,0.5,0.6,0.1,true,0.1,0.0,0.1,0.05,7043372089166577700.0,15,false,0.01686903435070872,0.0905660148909941,0.00000000000000016,0.00000000000000012,1,2,-0.4,0.0,bipol_dist_nospeak
bipolarization,heterogeneous,31,M30,1,2,0.5,0.5,0.6,0.1,true,0.1,0.0,0.1,0.05,7128893484183252000.0,15,false,0.01686903435070872,0.0905660148909941,0.00000000000000016,0.00000000000000012,1,2,-0.4,0.0,bipol_dist_nospeak
bipolarization,heterogeneous,31,M30,1,2,0.5,0.5,0.6,0.1,true,0.1,0.0,0.1,0.05,109591146466576384.0,15,false,0.01686903435070872,0.0905660148909941,0.00000000000000016,0.00000000000000012,1,2,-0.4,0.0,bipol_dist_nospeak
bipolarization,heterogeneous,31,M30,1,2,0.5,0.5,0.6,0.1,true,0.1,0.0,0.1,0.05,4286360386944651300.0,15,false,0.01686903435070872,0.0905660148909941,0.00000000000000016,0.00000000000000012,1,2,-0.4,0.0,bipol_dist_nospeak
bipolarization,heterogeneous,31,M30,1,2,0.5,0.5,0.6,0.1,true,0.1,0.0,0.1,0.05,4477927936947039200.0,15,false,0.01686903435070872,0.0905660148909941,0.00000000000000016,0.00000000000000012,1,2,-0.4,0.0,bipol_dist_nospeak
bipolarization,heterogeneous,25,M6,1,2,0.5,0.5,0.5,0.2,true,0.1,0.0,0.1,0.1,7240713591891685400.0,15,false,0.02801205751790883,0.14190184223529154,0.00000000000000166,0.00000000000000126,1,3,-0.3,0.0,bipol_dist_nospeak
bipolarization,heterogeneous,25,M6,1,2,0.5,0.5,0.5,0.2,true,0.1,0.0,0.1,0.1,7139002048363152400.0,15,false,0.02801205751790883,0.14190184223529154,0.00000000000000166,0.00000000000000126,1,3,-0.3,0.0,bipol_dist_nospeak
bipolarization,homogeneous,24,H12,0,4,0.1,0.2,0.8,0.2,true,0.2,0.2,0.0,0.0,5702577027890589700.0,55,false,0.00771504468878602,0.07755758040371458,0.00047320192850348,0.00029862135354033,2,3,0.0,0.0,bipol_dist_nospeak
bipolarization,homogeneous,24,H12,0,4,0.1,0.2,0.8,0.2,true,0.2,0.2,0.0,0.0,8636175130330607600.0,55,false,0.00771504468878602,0.07755758040371458,0.00047320192850348,0.00029862135354033,2,3,0.0,0.0,bipol_dist_nospeak
bipolarization,homogeneous,24,H12,0,4,0.1,0.2,0.8,0.2,true,0.2,0.2,0.0,0.0,4692690466958798800.0,55,false,0.00771504468878602,0.07755758040371458,0.00047320192850348,0.00029862135354033,2,3,0.0,0.0,bipol_dist_nospeak
bipolarization,homogeneous,24,H12,0,4,0.1,0.2,0.8,0.2,true,0.2,0.2,0.0,0.0,7139002048363152400.0,55,false,0.00771504468878602,0.07755758040371458,0.00047320192850348,0.00029862135354033,2,3,0.0,0.0,bipol_dist_nospeak
bipolarization,homogeneous,24,H12,0,4,0.1,0.2,0.8,0.2,true,0.2,0.2,0.0,0.0,7240713591891685400.0,55,false,0.00771504468878602,0.07755758040371458,0.00047320192850348,0.00029862135354033,2,3,0.0,0.0,bipol_dist_nospeak
bipolarization,homogeneous,24,H12,0,4,0.1,0.2,0.8,0.2,true,0.2,0.2,0.0,0.0,6905470370856337400.0,55,false,0.00771504468878602,0.07755758040371458,0.00047320192850348,0.00029862135354033,2,3,0.0,0.0,bipol_dist_nospeak
bipolarization,homogeneous,24,H12,0,4,0.1,0.2,0.8,0.2,true,0.2,0.2,0.0,0.0,1841142524168585220.0,55,false,0.00771504468878602,0.07755758040371458,0.00047320192850348,0.00029862135354033,2,3,0.0,0.0,bipol_dist_nospeak
bipolarization,homogeneous,24,H12,0,4,0.1,0.2,0.8,0.2,true,0.2,0.2,0.0,0.0,8803618445054126100.0,55,false,0.00771504468878602,0.07755758040371458,0.00047320192850348,0.00029862135354033,2,3,0.0,0.0,bipol_dist_nospeak
bipolarization,homogeneous,24,H12,0,4,0.1,0.2,0.8,0.2,true,0.2,0.2,0.0,0.0,4398895106259038200.0,55,false,0.00771504468878602,0.07755758040371458,0.00047320192850348,0.00029862135354033,2,3,0.0,0.0,bipol_dist_nospeak
bipolarization,homogeneous,24,H12,0,4,0.1,0.2,0.8,0.2,true,0.2,0.2,0.0,0.0,7043372089166577700.0,55,false,0.00771504468878602,0.07755758040371458,0.00047320192850348,0.00029862135354033,2,3,0.0,0.0,bipol_dist_nospeak
bipolarization,homogeneous,24,H12,0,4,0.1,0.2,0.8,0.2,true,0.2,0.2,0.0,0.0,4342572612484808700.0,55,false,0.00771504468878602,0.07755758040371458,0.00047320192850348,0.00029862135354033,2,3,0.0,0.0,bipol_dist_nospeak
bipolarization,homogeneous,24,H12,0,4,0.1,0.2,0.8,0.2,true,0.2,0.2,0.0,0.0,109591146466576384.0,55,false,0.00771504468878602,0.07755758040371458,0.00047320192850348,0.00029862135354033,2,3,0.0,0.0,bipol_dist_nospeak
bipolarization,homogeneous,24,H12,0,4,0.1,0.2,0.8,0.2,true,0.2,0.2,0.0,0.0,7128893484183252000.0,55,false,0.00771504468878602,0.07755758040371458,0.00047320192850348,0.00029862135354033,2,3,0.0,0.0,bipol_dist_nospeak
bipolarization,homogeneous,24,H12,0,4,0.1,0.2,0.8,0.2,true,0.2,0.2,0.0,0.0,4286360386944651300.0,55,false,0.00771504468878602,0.07755758040371458,0.00047320192850348,0.00029862135354033,2,3,0.0,0.0,bipol_dist_nospeak
bipolarization,homogeneous,24,H12,0,4,0.1,0.2,0.8,0.2,true,0.2,0.2,0.0,0.0,4477927936947039200.0,55,false,0.00771504468878602,0.07755758040371458,0.00047320192850348,0.00029862135354033,2,3,0.0,0.0,bipol_dist_nospeak
bipolarization,heterogeneous,25,M6,1,2,0.5,0.5,0.5,0.2,true,0.1,0.0,0.1,0.1,8636175130330607600.0,15,false,0.02801205751790883,0.14190184223529154,0.00000000000000166,0.00000000000000126,1,3,-0.3,0.0,bipol_dist_nospeak
bipolarization,heterogeneous,25,M6,1,2,0.5,0.5,0.5,0.2,true,0.1,0.0,0.1,0.1,4692690466958798800.0,15,false,0.02801205751790883,0.14190184223529154,0.00000000000000166,0.00000000000000126,1,3,-0.3,0.0,bipol_dist_nospeak
bipolarization,heterogeneous,25,M6,1,2,0.5,0.5,0.5,0.2,true,0.1,0.0,0.1,0.1,1841142524168585220.0,15,false,0.02801205751790883,0.14190184223529154,0.00000000000000166,0.00000000000000126,1,3,-0.3,0.0,bipol_dist_nospeak
bipolarization,heterogeneous,25,M6,1,2,0.5,0.5,0.5,0.2,true,0.1,0.0,0.1,0.1,6905470370856337400.0,15,false,0.02801205751790883,0.14190184223529154,0.00000000000000166,0.00000000000000126,1,3,-0.3,0.0,bipol_dist_nospeak
bipolarization,heterogeneous,25,M6,1,2,0.5,0.5,0.5,0.2,true,0.1,0.0,0.1,0.1,4398895106259038200.0,15,false,0.02801205751790883,0.14190184223529154,0.00000000000000166,0.00000000000000126,1,3,-0.3,0.0,bipol_dist_nospeak
bipolarization,heterogeneous,25,M6,1,2,0.5,0.5,0.5,0.2,true,0.1,0.0,0.1,0.1,5702577027890589700.0,15,false,0.02801205751790883,0.14190184223529154,0.00000000000000166,0.00000000000000126,1,3,-0.3,0.0,bipol_dist_nospeak
bipolarization,heterogeneous,25,M6,1,2,0.5,0.5,0.5,0.2,true,0.1,0.0,0.1,0.1,4342572612484808700.0,15,false,0.02801205751790883,0.14190184223529154,0.00000000000000166,0.00000000000000126,1,3,-0.3,0.0,bipol_dist_nospeak
bipolarization,heterogeneous,25,M6,1,2,0.5,0.5,0.5,0.2,true,0.1,0.0,0.1,0.1,8803618445054126100.0,15,false,0.02801205751790883,0.14190184223529154,0.00000000000000166,0.00000000000000126,1,3,-0.3,0.0,bipol_dist_nospeak
bipolarization,heterogeneous,25,M6,1,2,0.5,0.5,0.5,0.2,true,0.1,0.0,0.1,0.1,7043372089166577700.0,15,false,0.02801205751790883,0.14190184223529154,0.00000000000000166,0.00000000000000126,1,3,-0.3,0.0,bipol_dist_nospeak
bipolarization,heterogeneous,25,M6,1,2,0.5,0.5,0.5,0.2,true,0.1,0.0,0.1,0.1,7128893484183252000.0,15,false,0.02801205751790883,0.14190184223529154,0.00000000000000166,0.00000000000000126,1,3,-0.3,0.0,bipol_dist_nospeak
bipolarization,heterogeneous,25,M6,1,2,0.5,0.5,0.5,0.2,true,0.1,0.0,0.1,0.1,109591146466576384.0,15,false,0.02801205751790883,0.14190184223529154,0.00000000000000166,0.00000000000000126,1,3,-0.3,0.0,bipol_dist_nospeak
bipolarization,heterogeneous,25,M6,1,2,0.5,0.5,0.5,0.2,true,0.1,0.0,0.1,0.1,4477927936947039200.0,15,false,0.02801205751790883,0.14190184223529154,0.00000000000000166,0.00000000000000126,1,3,-0.3,0.0,bipol_dist_nospeak
bipolarization,heterogeneous,25,M6,1,2,0.5,0.5,0.5,0.2,true,0.1,0.0,0.1,0.1,4286360386944651300.0,15,false,0.02801205751790883,0.14190184223529154,0.00000000000000166,0.00000000000000126,1,3,-0.3,0.0,bipol_dist_nospeak
bipolarization,homogeneous,23,H11,0,5,0.3,0.3,0.8,0.3,true,0.2,0.0,0.1,0.1,7139002048363152400.0,70,false,0.01309938700274348,0.07500754214153196,0.00018238490725285,0.00016058978013028,2,4,0.0,0.0,bipol_dist_nospeak
bipolarization,homogeneous,23,H11,0,5,0.3,0.3,0.8,0.3,true,0.2,0.0,0.1,0.1,7240713591891685400.0,70,false,0.01309938700274348,0.07500754214153196,0.00018238490725285,0.00016058978013028,2,4,0.0,0.0,bipol_dist_nospeak
bipolarization,homogeneous,23,H11,0,5,0.3,0.3,0.8,0.3,true,0.2,0.0,0.1,0.1,4692690466958798800.0,70,false,0.01309938700274348,0.07500754214153196,0.00018238490725285,0.00016058978013028,2,4,0.0,0.0,bipol_dist_nospeak
bipolarization,homogeneous,23,H11,0,5,0.3,0.3,0.8,0.3,true,0.2,0.0,0.1,0.1,8636175130330607600.0,70,false,0.01309938700274348,0.07500754214153196,0.00018238490725285,0.00016058978013028,2,4,0.0,0.0,bipol_dist_nospeak
bipolarization,homogeneous,23,H11,0,5,0.3,0.3,0.8,0.3,true,0.2,0.0,0.1,0.1,6905470370856337400.0,70,false,0.01309938700274348,0.07500754214153196,0.00018238490725285,0.00016058978013028,2,4,0.0,0.0,bipol_dist_nospeak
bipolarization,homogeneous,23,H11,0,5,0.3,0.3,0.8,0.3,true,0.2,0.0,0.1,0.1,1841142524168585220.0,70,false,0.01309938700274348,0.07500754214153196,0.00018238490725285,0.00016058978013028,2,4,0.0,0.0,bipol_dist_nospeak
bipolarization,homogeneous,23,H11,0,5,0.3,0.3,0.8,0.3,true,0.2,0.0,0.1,0.1,5702577027890589700.0,70,false,0.01309938700274348,0.07500754214153196,0.00018238490725285,0.00016058978013028,2,4,0.0,0.0,bipol_dist_nospeak
bipolarization,homogeneous,23,H11,0,5,0.3,0.3,0.8,0.3,true,0.2,0.0,0.1,0.1,4398895106259038200.0,70,false,0.01309938700274348,0.07500754214153196,0.00018238490725285,0.00016058978013028,2,4,0.0,0.0,bipol_dist_nospeak
bipolarization,homogeneous,23,H11,0,5,0.3,0.3,0.8,0.3,true,0.2,0.0,0.1,0.1,8803618445054126100.0,70,false,0.01309938700274348,0.07500754214153196,0.00018238490725285,0.00016058978013028,2,4,0.0,0.0,bipol_dist_nospeak
bipolarization,homogeneous,23,H11,0,5,0.3,0.3,0.8,0.3,true,0.2,0.0,0.1,0.1,4342572612484808700.0,70,false,0.01309938700274348,0.07500754214153196,0.00018238490725285,0.00016058978013028,2,4,0.0,0.0,bipol_dist_nospeak
bipolarization,homogeneous,23,H11,0,5,0.3,0.3,0.8,0.3,true,0.2,0.0,0.1,0.1,7043372089166577700.0,70,false,0.01309938700274348,0.07500754214153196,0.00018238490725285,0.00016058978013028,2,4,0.0,0.0,bipol_dist_nospeak
bipolarization,homogeneous,23,H11,0,5,0.3,0.3,0.8,0.3,true,0.2,0.0,0.1,0.1,4477927936947039200.0,70,false,0.01309938700274348,0.07500754214153196,0.00018238490725285,0.00016058978013028,2,4,0.0,0.0,bipol_dist_nospeak
bipolarization,homogeneous,23,H11,0,5,0.3,0.3,0.8,0.3,true,0.2,0.0,0.1,0.1,4286360386944651300.0,70,false,0.01309938700274348,0.07500754214153196,0.00018238490725285,0.00016058978013028,2,4,0.0,0.0,bipol_dist_nospeak
bipolarization,homogeneous,23,H11,0,5,0.3,0.3,0.8,0.3,true,0.2,0.0,0.1,0.1,109591146466576384.0,70,false,0.01309938700274348,0.07500754214153196,0.00018238490725285,0.00016058978013028,2,4,0.0,0.0,bipol_dist_nospeak
bipolarization,homogeneous,23,H11,0,5,0.3,0.3,0.8,0.3,true,0.2,0.0,0.1,0.1,7128893484183252000.0,70,false,0.01309938700274348,0.07500754214153196,0.00018238490725285,0.00016058978013028,2,4,0.0,0.0,bipol_dist_nospeak
bipolarization,heterogeneous,20,M26,2,2,0.2,0.2,0.6,0.1,false,0.05,0.1,0.1,0.05,6905470370856337400.0,15,true,0.04088593575853047,0.02141792142814844,0.03965280603243243,0.03232751430054148,3,3,-0.1,0.0,bipol_ndist_speak
bipolarization,heterogeneous,20,M26,2,2,0.2,0.2,0.6,0.1,false,0.05,0.1,0.1,0.05,4342572612484808700.0,15,true,0.04088593575853047,0.0218109208592594,0.04284455479135909,0.03552660303642099,2,3,-0.1,0.0,bipol_ndist_speak
bipolarization,heterogeneous,20,M26,2,2,0.2,0.2,0.6,0.1,false,0.05,0.1,0.1,0.05,4286360386944651300.0,15,true,0.04088593575853047,0.02462054871111138,0.03834001576841694,0.03166840827522367,3,3,-0.1,0.0,bipol_ndist_speak
bipolarization,heterogeneous,20,M26,2,2,0.2,0.2,0.6,0.1,false,0.05,0.1,0.1,0.05,4692690466958798800.0,15,true,0.04088593575853047,0.02006335540740756,0.04173397289981996,0.03494977349357978,2,3,-0.1,0.0,bipol_ndist_speak
bipolarization,heterogeneous,20,M26,2,2,0.2,0.2,0.6,0.1,false,0.05,0.1,0.1,0.05,7139002048363152400.0,20,true,0.04088593575853047,0.02224783033481502,0.04014876184190124,0.03455099941702234,2,3,-0.1,0.0,bipol_ndist_speak
bipolarization,heterogeneous,20,M26,2,2,0.2,0.2,0.6,0.1,false,0.05,0.1,0.1,0.05,109591146466576384.0,20,true,0.04088593575853047,0.02505763717570383,0.03923372238839465,0.03398148297084342,2,3,-0.1,0.0,bipol_ndist_speak
bipolarization,heterogeneous,20,M26,2,2,0.2,0.2,0.6,0.1,false,0.05,0.1,0.1,0.05,1841142524168585220.0,20,true,0.04088593575853047,0.02374855529694833,0.04030123544358812,0.03423607087151557,2,3,-0.1,0.0,bipol_ndist_speak
bipolarization,heterogeneous,20,M26,2,2,0.2,0.2,0.6,0.1,false,0.05,0.1,0.1,0.05,4398895106259038200.0,20,true,0.04088593575853047,0.02589282385884931,0.04055759738225099,0.03516934491338589,2,3,-0.1,0.0,bipol_ndist_speak
bipolarization,homogeneous,29,H14,0,4,0.1,0.5,0.4,0.1,false,0.05,0.1,0.1,0.05,109591146466576384.0,25,true,0.00370154361175412,0.06088965955390167,0.00001545230819301,0.00001154122168506,1,2,-0.4,0.0,bipol_ndist_speak
bipolarization,heterogeneous,20,M26,2,2,0.2,0.2,0.6,0.1,false,0.05,0.1,0.1,0.05,7240713591891685400.0,25,true,0.04088593575853047,0.02520984088996045,0.03919304885408757,0.03434219267836237,2,3,-0.1,0.0,bipol_ndist_speak
bipolarization,homogeneous,29,H14,0,4,0.1,0.5,0.4,0.1,false,0.05,0.1,0.1,0.05,7139002048363152400.0,25,true,0.00370154361175412,0.06088965955390165,0.00001545230819301,0.00001154122168506,1,2,-0.4,0.0,bipol_ndist_speak
bipolarization,homogeneous,29,H14,0,4,0.1,0.5,0.4,0.1,false,0.05,0.1,0.1,0.05,4286360386944651300.0,25,true,0.00370154361175412,0.06088965955390165,0.00001545230819301,0.00001154122168506,1,2,-0.4,0.0,bipol_ndist_speak
bipolarization,heterogeneous,20,M26,2,2,0.2,0.2,0.6,0.1,false,0.05,0.1,0.1,0.05,5702577027890589700.0,25,true,0.04088593575853047,0.02315353946287424,0.03957166769410616,0.03456768970690166,2,3,-0.1,0.0,bipol_ndist_speak
bipolarization,heterogeneous,20,M26,2,2,0.2,0.2,0.6,0.1,false,0.05,0.1,0.1,0.05,8636175130330607600.0,25,true,0.04088593575853047,0.0240647899192229,0.03846989954491093,0.03370401851280563,2,3,-0.1,0.0,bipol_ndist_speak
bipolarization,heterogeneous,20,M26,2,2,0.2,0.2,0.6,0.1,false,0.05,0.1,0.1,0.05,4477927936947039200.0,25,true,0.04088593575853047,0.02544149704263507,0.04140645965294507,0.03631296078651147,2,3,-0.1,0.0,bipol_ndist_speak
bipolarization,heterogeneous,20,M26,2,2,0.2,0.2,0.6,0.1,false,0.05,0.1,0.1,0.05,8803618445054126100.0,25,true,0.04088593575853047,0.02537219357023407,0.0379584901422101,0.03326916977101973,2,3,-0.1,0.0,bipol_ndist_speak
bipolarization,heterogeneous,20,M26,2,2,0.2,0.2,0.6,0.1,false,0.05,0.1,0.1,0.05,7043372089166577700.0,25,true,0.04088593575853047,0.02400648727300736,0.03913168546428862,0.03418001299037796,2,3,-0.1,0.0,bipol_ndist_speak
bipolarization,homogeneous,29,H14,0,4,0.1,0.5,0.4,0.1,false,0.05,0.1,0.1,0.05,7240713591891685400.0,30,true,0.00370154361175412,0.06226006493109448,0.00000538788671668,0.000004024175174,1,2,-0.4,0.0,bipol_ndist_speak
bipolarization,homogeneous,29,H14,0,4,0.1,0.5,0.4,0.1,false,0.05,0.1,0.1,0.05,4398895106259038200.0,30,true,0.00370154361175412,0.06226006493109444,0.00000538788671668,0.000004024175174,1,2,-0.4,0.0,bipol_ndist_speak
bipolarization,homogeneous,29,H14,0,4,0.1,0.5,0.4,0.1,false,0.05,0.1,0.1,0.05,7043372089166577700.0,30,true,0.00370154361175412,0.06226006493109444,0.00000538788671668,0.000004024175174,1,2,-0.4,0.0,bipol_ndist_speak
bipolarization,homogeneous,29,H14,0,4,0.1,0.5,0.4,0.1,false,0.05,0.1,0.1,0.05,7128893484183252000.0,30,true,0.00370154361175412,0.06226006493109447,0.00000538788671668,0.000004024175174,1,2,-0.4,0.0,bipol_ndist_speak
bipolarization,homogeneous,29,H14,0,4,0.1,0.5,0.4,0.1,false,0.05,0.1,0.1,0.05,4342572612484808700.0,30,true,0.00370154361175412,0.06226006493109447,0.00000538788671668,0.000004024175174,1,2,-0.4,0.0,bipol_ndist_speak
bipolarization,homogeneous,29,H14,0,4,0.1,0.5,0.4,0.1,false,0.05,0.1,0.1,0.05,8636175130330607600.0,30,true,0.00370154361175412,0.06226006493109447,0.00000538788671668,0.000004024175174,1,2,-0.4,0.0,bipol_ndist_speak
bipolarization,homogeneous,29,H14,0,4,0.1,0.5,0.4,0.1,false,0.05,0.1,0.1,0.05,1841142524168585220.0,30,true,0.00370154361175412,0.06226006493109447,0.00000538788671668,0.000004024175174,1,2,-0.4,0.0,bipol_ndist_speak
bipolarization,homogeneous,29,H14,0,4,0.1,0.5,0.4,0.1,false,0.05,0.1,0.1,0.05,8803618445054126100.0,30,true,0.00370154361175412,0.06226006493109446,0.00000538788671668,0.000004024175174,1,2,-0.4,0.0,bipol_ndist_speak
bipolarization,homogeneous,29,H14,0,4,0.1,0.5,0.4,0.1,false,0.05,0.1,0.1,0.05,4477927936947039200.0,30,true,0.00370154361175412,0.06226006493109447,0.00000538788671668,0.000004024175174,1,2,-0.4,0.0,bipol_ndist_speak
bipolarization,homogeneous,29,H14,0,4,0.1,0.5,0.4,0.1,false,0.05,0.1,0.1,0.05,6905470370856337400.0,30,true,0.00370154361175412,0.0622600649310945,0.00000538788671668,0.000004024175174,1,2,-0.4,0.0,bipol_ndist_speak
bipolarization,homogeneous,29,H14,0,4,0.1,0.5,0.4,0.1,false,0.05,0.1,0.1,0.05,5702577027890589700.0,30,true,0.00370154361175412,0.06226006493109446,0.00000538788671668,0.000004024175174,1,2,-0.4,0.0,bipol_ndist_speak
bipolarization,homogeneous,29,H14,0,4,0.1,0.5,0.4,0.1,false,0.05,0.1,0.1,0.05,4692690466958798800.0,30,true,0.00370154361175412,0.06226006493109447,0.00000538788671668,0.000004024175174,1,2,-0.4,0.0,bipol_ndist_speak
bipolarization,heterogeneous,20,M26,2,2,0.2,0.2,0.6,0.1,false,0.05,0.1,0.1,0.05,7128893484183252000.0,30,true,0.04088593575853047,0.02550022759526621,0.03790840321578297,0.03332951563000613,2,3,-0.1,0.0,bipol_ndist_speak
bipolarization,heterogeneous,37,M34,3,3,0.1,0.3,0.6,0.1,false,0.05,0.1,0.1,0.05,1841142524168585220.0,15,true,0.03352094317986969,0.05339133768158943,0.03251221725682119,0.03171262998240659,2,4,-0.19999999999999998,0.0,bipol_ndist_speak
bipolarization,heterogeneous,37,M34,3,3,0.1,0.3,0.6,0.1,false,0.05,0.1,0.1,0.05,109591146466576384.0,25,true,0.03352094317986969,0.05537828878718418,0.03105993705109069,0.03248028582087505,2,4,-0.19999999999999998,0.0,bipol_ndist_speak
bipolarization,heterogeneous,37,M34,3,3,0.1,0.3,0.6,0.1,false,0.05,0.1,0.1,0.05,4286360386944651300.0,25,true,0.03352094317986969,0.05577325648982603,0.03125693884785664,0.03269347311125437,2,4,-0.19999999999999998,0.0,bipol_ndist_speak
bipolarization,heterogeneous,37,M34,3,3,0.1,0.3,0.6,0.1,false,0.05,0.1,0.1,0.05,7240713591891685400.0,50,true,0.03352094317986969,0.1440697548920672,0.00000604429382973,0.00000475196030284,1,4,-0.19999999999999998,0.0,bipol_ndist_speak
bipolarization,heterogeneous,37,M34,3,3,0.1,0.3,0.6,0.1,false,0.05,0.1,0.1,0.05,8803618445054126100.0,40,true,0.03352094317986969,0.1421241172666703,0.0000129575134075,0.00000927824747542,2,4,-0.19999999999999998,0.0,bipol_ndist_speak
bipolarization,heterogeneous,37,M34,3,3,0.1,0.3,0.6,0.1,false,0.05,0.1,0.1,0.05,8636175130330607600.0,45,true,0.03352094317986969,0.14766528435351464,0.00001309595762233,0.00000864429125747,1,4,-0.19999999999999998,0.0,bipol_ndist_speak
bipolarization,heterogeneous,37,M34,3,3,0.1,0.3,0.6,0.1,false,0.05,0.1,0.1,0.05,7139002048363152400.0,55,true,0.03352094317986969,0.14543825576058775,0.00000890771019456,0.00000683797280064,1,4,-0.19999999999999998,0.0,bipol_ndist_speak
bipolarization,heterogeneous,27,M16,2,2,0.1,0.2,0.6,0.3,false,0.05,0.1,0.1,0.05,5702577027890589700.0,35,true,0.01252610529728226,0.14798344505028202,0.00001212932242955,0.00000676805774902,1,3,0.09999999999999998,0.0,bipol_ndist_speak
bipolarization,heterogeneous,27,M16,2,2,0.1,0.2,0.6,0.3,false,0.05,0.1,0.1,0.05,8803618445054126100.0,35,true,0.01252610529728226,0.14823533794928628,0.00001011308765393,0.00000577407341304,1,3,0.09999999999999998,0.0,bipol_ndist_speak
bipolarization,heterogeneous,27,M16,2,2,0.1,0.2,0.6,0.3,false,0.05,0.1,0.1,0.05,7043372089166577700.0,35,true,0.01252610529728226,0.147792953094592,0.00001387939750596,0.00000768684538479,1,3,0.09999999999999998,0.0,bipol_ndist_speak
bipolarization,heterogeneous,27,M16,2,2,0.1,0.2,0.6,0.3,false,0.05,0.1,0.1,0.05,7128893484183252000.0,35,true,0.01252610529728226,0.14814329912750954,0.00001093866932711,0.00000670452239305,1,3,0.09999999999999998,0.0,bipol_ndist_speak
bipolarization,heterogeneous,37,M34,3,3,0.1,0.3,0.6,0.1,false,0.05,0.1,0.1,0.05,7128893484183252000.0,40,true,0.03352094317986969,0.13862131101317932,0.00001671109086406,0.00001229292027326,1,4,-0.19999999999999998,0.0,bipol_ndist_speak
bipolarization,homogeneous,40,H18,0,4,0.1,0.3,0.8,0.2,false,0.05,0.1,0.1,0.05,4692690466958798800.0,30,true,0.00975649903013544,0.12559190277276724,0.00001420134869109,0.00001170800610773,2,2,-0.09999999999999998,0.0,bipol_ndist_speak
bipolarization,heterogeneous,37,M34,3,3,0.1,0.3,0.6,0.1,false,0.05,0.1,0.1,0.05,4692690466958798800.0,50,true,0.03352094317986969,0.13962366273004576,0.0000090228522306,0.00000736487157487,1,4,-0.19999999999999998,0.0,bipol_ndist_speak
bipolarization,heterogeneous,27,M16,2,2,0.1,0.2,0.6,0.3,false,0.05,0.1,0.1,0.05,7139002048363152400.0,40,true,0.01252610529728226,0.14895167143151078,0.0000061688928929,0.0000031561916293,1,3,0.09999999999999998,0.0,bipol_ndist_speak
bipolarization,homogeneous,40,H18,0,4,0.1,0.3,0.8,0.2,false,0.05,0.1,0.1,0.05,7139002048363152400.0,35,true,0.00975649903013544,0.1341766533780912,0.00000495170410893,0.00000408232930632,1,2,-0.09999999999999998,0.0,bipol_ndist_speak
bipolarization,homogeneous,40,H18,0,4,0.1,0.3,0.8,0.2,false,0.05,0.1,0.1,0.05,7240713591891685400.0,35,true,0.00975649903013544,0.1333268760162093,0.00000495170410893,0.00000408232930632,1,2,-0.09999999999999998,0.0,bipol_ndist_speak
bipolarization,heterogeneous,27,M16,2,2,0.1,0.2,0.6,0.3,false,0.05,0.1,0.1,0.05,7240713591891685400.0,40,true,0.01252610529728226,0.1488131221605988,0.00000718747553026,0.00000339852736483,1,3,0.09999999999999998,0.0,bipol_ndist_speak
bipolarization,heterogeneous,27,M16,2,2,0.1,0.2,0.6,0.3,false,0.05,0.1,0.1,0.05,8636175130330607600.0,40,true,0.01252610529728226,0.14922778121725297,0.00000489569243073,0.00000245326776523,1,3,0.09999999999999998,0.0,bipol_ndist_speak
bipolarization,heterogeneous,27,M16,2,2,0.1,0.2,0.6,0.3,false,0.05,0.1,0.1,0.05,4692690466958798800.0,40,true,0.01252610529728226,0.14747576406424284,0.00001928746482482,0.00000905375187531,1,3,0.09999999999999998,0.0,bipol_ndist_speak
bipolarization,heterogeneous,27,M16,2,2,0.1,0.2,0.6,0.3,false,0.05,0.1,0.1,0.05,1841142524168585220.0,40,true,0.01252610529728226,0.14851457146539662,0.00000897553460663,0.00000437358309617,1,3,0.09999999999999998,0.0,bipol_ndist_speak
bipolarization,heterogeneous,37,M34,3,3,0.1,0.3,0.6,0.1,false,0.05,0.1,0.1,0.05,7043372089166577700.0,45,true,0.03352094317986969,0.1509916765728421,0.00000369182035023,0.00000225513043174,1,4,-0.19999999999999998,0.0,bipol_ndist_speak
bipolarization,heterogeneous,27,M16,2,2,0.1,0.2,0.6,0.3,false,0.05,0.1,0.1,0.05,4342572612484808700.0,40,true,0.01252610529728226,0.14778061310244806,0.00001538297356829,0.00000991743036599,1,3,0.09999999999999998,0.0,bipol_ndist_speak
bipolarization,heterogeneous,27,M16,2,2,0.1,0.2,0.6,0.3,false,0.05,0.1,0.1,0.05,6905470370856337400.0,40,true,0.01252610529728226,0.1484152048392174,0.00001077357993932,0.00000539336803088,1,3,0.09999999999999998,0.0,bipol_ndist_speak
bipolarization,heterogeneous,27,M16,2,2,0.1,0.2,0.6,0.3,false,0.05,0.1,0.1,0.05,4477927936947039200.0,40,true,0.01252610529728226,0.14819442246018644,0.00001049245562013,0.00000583654023109,1,3,0.09999999999999998,0.0,bipol_ndist_speak
bipolarization,heterogeneous,27,M16,2,2,0.1,0.2,0.6,0.3,false,0.05,0.1,0.1,0.05,109591146466576384.0,40,true,0.01252610529728226,0.14850026340059558,0.00000899531323511,0.00000432557995209,1,3,0.09999999999999998,0.0,bipol_ndist_speak
bipolarization,heterogeneous,27,M16,2,2,0.1,0.2,0.6,0.3,false,0.05,0.1,0.1,0.05,4286360386944651300.0,40,true,0.01252610529728226,0.1484328880948262,0.00001016530648409,0.00000652087301705,1,3,0.09999999999999998,0.0,bipol_ndist_speak
bipolarization,heterogeneous,37,M34,3,3,0.1,0.3,0.6,0.1,false,0.05,0.1,0.1,0.05,5702577027890589700.0,55,true,0.03352094317986969,0.1434119889826729,0.00000572412400333,0.00000436880678857,2,4,-0.19999999999999998,0.0,bipol_ndist_speak
bipolarization,heterogeneous,37,M34,3,3,0.1,0.3,0.6,0.1,false,0.05,0.1,0.1,0.05,6905470370856337400.0,55,true,0.03352094317986969,0.13884607190713358,0.00001428180673741,0.00001136759443831,1,4,-0.19999999999999998,0.0,bipol_ndist_speak
bipolarization,heterogeneous,27,M16,2,2,0.1,0.2,0.6,0.3,false,0.05,0.1,0.1,0.05,4398895106259038200.0,45,true,0.01252610529728226,0.14927930949339635,0.00000539153649476,0.0000026166869341,1,3,0.09999999999999998,0.0,bipol_ndist_speak
bipolarization,heterogeneous,37,M34,3,3,0.1,0.3,0.6,0.1,false,0.05,0.1,0.1,0.05,4398895106259038200.0,55,true,0.03352094317986969,0.1490637043383127,0.00003005475560779,0.00002273322645044,1,4,-0.19999999999999998,0.0,bipol_ndist_speak
bipolarization,heterogeneous,37,M34,3,3,0.1,0.3,0.6,0.1,false,0.05,0.1,0.1,0.05,4342572612484808700.0,55,true,0.03352094317986969,0.15014506844239775,0.00000874282944377,0.00000726137777773,1,4,-0.19999999999999998,0.0,bipol_ndist_speak
bipolarization,heterogeneous,37,M34,3,3,0.1,0.3,0.6,0.1,false,0.05,0.1,0.1,0.05,4477927936947039200.0,55,true,0.03352094317986969,0.1427923531121019,0.000009695585054,0.00000685440534216,2,4,-0.19999999999999998,0.0,bipol_ndist_speak
bipolarization,homogeneous,40,H18,0,4,0.1,0.3,0.8,0.2,false,0.05,0.1,0.1,0.05,8636175130330607600.0,35,true,0.00975649903013544,0.13270471499383302,0.00000495170410893,0.00000408232930632,1,2,-0.09999999999999998,0.0,bipol_ndist_speak
bipolarization,heterogeneous,19,M25,2,2,0.2,0.3,0.4,0.1,false,0.05,0.1,0.1,0.05,7240713591891685400.0,20,true,0.0138563200606567,0.10410197669939808,0.00000163228113839,0.00000109473101751,1,3,-0.19999999999999998,0.0,bipol_ndist_speak
bipolarization,homogeneous,40,H18,0,4,0.1,0.3,0.8,0.2,false,0.05,0.1,0.1,0.05,6905470370856337400.0,35,true,0.00975649903013544,0.11787106663979625,0.00000495170410893,0.00000408232930632,1,2,-0.09999999999999998,0.0,bipol_ndist_speak
bipolarization,heterogeneous,19,M25,2,2,0.2,0.3,0.4,0.1,false,0.05,0.1,0.1,0.05,4692690466958798800.0,20,true,0.0138563200606567,0.10410197669939802,0.00000192215232844,0.00000186772085765,1,3,-0.19999999999999998,0.0,bipol_ndist_speak
bipolarization,heterogeneous,19,M25,2,2,0.2,0.3,0.4,0.1,false,0.05,0.1,0.1,0.05,1841142524168585220.0,20,true,0.0138563200606567,0.10427945188471366,0.00000117876534676,0.00000104073540368,1,3,-0.19999999999999998,0.0,bipol_ndist_speak
bipolarization,heterogeneous,19,M25,2,2,0.2,0.3,0.4,0.1,false,0.05,0.1,0.1,0.05,6905470370856337400.0,20,true,0.0138563200606567,0.10410197669939805,0.00000192215232844,0.00000186772085765,1,3,-0.19999999999999998,0.0,bipol_ndist_speak
bipolarization,heterogeneous,19,M25,2,2,0.2,0.3,0.4,0.1,false,0.05,0.1,0.1,0.05,4398895106259038200.0,20,true,0.0138563200606567,0.10879380597003149,0.00000117876534676,0.00000104073540368,1,3,-0.19999999999999998,0.0,bipol_ndist_speak
bipolarization,heterogeneous,19,M25,2,2,0.2,0.3,0.4,0.1,false,0.05,0.1,0.1,0.05,5702577027890589700.0,20,true,0.0138563200606567,0.10388013271775351,0.00000266978732031,0.00000206284316539,1,3,-0.19999999999999998,0.0,bipol_ndist_speak
bipolarization,heterogeneous,19,M25,2,2,0.2,0.3,0.4,0.1,false,0.05,0.1,0.1,0.05,7128893484183252000.0,20,true,0.0138563200606567,0.10388013271775351,0.0000025973195228,0.00000186959570536,1,3,-0.19999999999999998,0.0,bipol_ndist_speak
bipolarization,heterogeneous,19,M25,2,2,0.2,0.3,0.4,0.1,false,0.05,0.1,0.1,0.05,4477927936947039200.0,20,true,0.0138563200606567,0.10410197669939805,0.00000192215232844,0.00000186772085765,1,3,-0.19999999999999998,0.0,bipol_ndist_speak
bipolarization,heterogeneous,19,M25,2,2,0.2,0.3,0.4,0.1,false,0.05,0.1,0.1,0.05,8803618445054126100.0,20,true,0.0138563200606567,0.10760977311534581,0.00000163228113839,0.00000109473101751,1,3,-0.19999999999999998,0.0,bipol_ndist_speak
bipolarization,heterogeneous,19,M25,2,2,0.2,0.3,0.4,0.1,false,0.05,0.1,0.1,0.05,4342572612484808700.0,20,true,0.0138563200606567,0.10427945188471366,0.00000117876534676,0.00000104073540368,1,3,-0.19999999999999998,0.0,bipol_ndist_speak
bipolarization,heterogeneous,19,M25,2,2,0.2,0.3,0.4,0.1,false,0.05,0.1,0.1,0.05,109591146466576384.0,20,true,0.0138563200606567,0.10410197669939805,0.00000163228113839,0.00000109473101751,1,3,-0.19999999999999998,0.0,bipol_ndist_speak
bipolarization,heterogeneous,19,M25,2,2,0.2,0.3,0.4,0.1,false,0.05,0.1,0.1,0.05,7139002048363152400.0,25,true,0.0138563200606567,0.104656386333398,0.0000002866662307,0.0000002214960983,1,3,-0.19999999999999998,0.0,bipol_ndist_speak
bipolarization,heterogeneous,19,M25,2,2,0.2,0.3,0.4,0.1,false,0.05,0.1,0.1,0.05,4286360386944651300.0,20,true,0.0138563200606567,0.10427945188471371,0.00000117876534676,0.00000104073540368,1,3,-0.19999999999999998,0.0,bipol_ndist_speak
bipolarization,heterogeneous,19,M25,2,2,0.2,0.3,0.4,0.1,false,0.05,0.1,0.1,0.05,8636175130330607600.0,25,true,0.0138563200606567,0.10465638633339802,0.0000002866662307,0.0000002214960983,1,3,-0.19999999999999998,0.0,bipol_ndist_speak
bipolarization,homogeneous,40,H18,0,4,0.1,0.3,0.8,0.2,false,0.05,0.1,0.1,0.05,8803618445054126100.0,30,true,0.00975649903013544,0.13406585826147577,0.00001420134869109,0.00001170800610773,1,2,-0.09999999999999998,0.0,bipol_ndist_speak
bipolarization,homogeneous,40,H18,0,4,0.1,0.3,0.8,0.2,false,0.05,0.1,0.1,0.05,5702577027890589700.0,35,true,0.00975649903013544,0.13294331968906964,0.00000495170410893,0.00000408232930632,1,2,-0.09999999999999998,0.0,bipol_ndist_speak
bipolarization,homogeneous,40,H18,0,4,0.1,0.3,0.8,0.2,false,0.05,0.1,0.1,0.05,7128893484183252000.0,30,true,0.00975649903013544,0.12362396702814867,0.00001420134869109,0.00001170800610773,1,2,-0.09999999999999998,0.0,bipol_ndist_speak
bipolarization,homogeneous,40,H18,0,4,0.1,0.3,0.8,0.2,false,0.05,0.1,0.1,0.05,4342572612484808700.0,30,true,0.00975649903013544,0.12664064317200754,0.00001420134869109,0.00001170800610773,2,2,-0.09999999999999998,0.0,bipol_ndist_speak
bipolarization,heterogeneous,19,M25,2,2,0.2,0.3,0.4,0.1,false,0.05,0.1,0.1,0.05,7043372089166577700.0,25,true,0.0138563200606567,0.10445193491991436,0.00000076997082031,0.00000074050712932,1,3,-0.19999999999999998,0.0,bipol_ndist_speak
bipolarization,homogeneous,40,H18,0,4,0.1,0.3,0.8,0.2,false,0.05,0.1,0.1,0.05,1841142524168585220.0,35,true,0.00975649903013544,0.1293615975319995,0.00000495170410893,0.00000408232930632,2,2,-0.09999999999999998,0.0,bipol_ndist_speak
bipolarization,homogeneous,40,H18,0,4,0.1,0.3,0.8,0.2,false,0.05,0.1,0.1,0.05,4398895106259038200.0,35,true,0.00975649903013544,0.15377396585912834,0.00000495170410893,0.00000408232930632,1,2,-0.09999999999999998,0.0,bipol_ndist_speak
bipolarization,homogeneous,40,H18,0,4,0.1,0.3,0.8,0.2,false,0.05,0.1,0.1,0.05,7043372089166577700.0,35,true,0.00975649903013544,0.12122651002120226,0.00000495170410893,0.00000408232930632,1,2,-0.09999999999999998,0.0,bipol_ndist_speak
bipolarization,homogeneous,40,H18,0,4,0.1,0.3,0.8,0.2,false,0.05,0.1,0.1,0.05,109591146466576384.0,35,true,0.00975649903013544,0.13636350558498947,0.00000495170410893,0.00000408232930632,1,2,-0.09999999999999998,0.0,bipol_ndist_speak
bipolarization,homogeneous,40,H18,0,4,0.1,0.3,0.8,0.2,false,0.05,0.1,0.1,0.05,4286360386944651300.0,35,true,0.00975649903013544,0.11581451137430152,0.00000495170410893,0.00000408232930632,1,2,-0.09999999999999998,0.0,bipol_ndist_speak
bipolarization,homogeneous,40,H18,0,4,0.1,0.3,0.8,0.2,false,0.05,0.1,0.1,0.05,4477927936947039200.0,35,true,0.00975649903013544,0.13825279559949127,0.00000495170410893,0.00000408232930632,1,2,-0.09999999999999998,0.0,bipol_ndist_speak
bipolarization,heterogeneous,14,M15,3,3,0.1,0.3,0.4,0.2,true,0.0,0.3,0.3,0.1,8636175130330607600.0,15,true,0.02458731638660266,0.3651263917411806,0.20358363470557006,0.18687979385311146,3,5,-0.09999999999999998,2.3333333333333335,bipol_dist_speak
bipolarization,heterogeneous,14,M15,3,3,0.1,0.3,0.4,0.2,true,0.0,0.3,0.3,0.1,7139002048363152400.0,15,true,0.02458731638660266,0.29789969086957596,0.2026219792096107,0.1623497852587881,3,5,-0.09999999999999998,2.5,bipol_dist_speak
bipolarization,heterogeneous,14,M15,3,3,0.5,0.3,0.6,0.1,true,0.05,0.0,0.2,0.1,7139002048363152400.0,15,true,0.02458731638660266,0.12497409716649667,0.00000000173585125,0.00000000194123646,1,5,-0.19999999999999998,0.0,bipol_dist_speak
bipolarization,heterogeneous,14,M15,3,3,0.5,0.3,0.6,0.1,true,0.05,0.0,0.2,0.1,4342572612484808700.0,15,true,0.02458731638660266,0.1249702602918199,0.00000000256226479,0.00000000309985424,1,5,-0.19999999999999998,0.0,bipol_dist_speak
bipolarization,heterogeneous,14,M15,3,3,0.5,0.3,0.6,0.1,true,0.05,0.0,0.2,0.1,4692690466958798800.0,15,true,0.02458731638660266,0.13102143745423642,0.00000000044729319,0.00000000061184697,1,5,-0.19999999999999998,0.0,bipol_dist_speak
bipolarization,heterogeneous,14,M15,3,3,0.5,0.3,0.6,0.1,true,0.05,0.0,0.2,0.1,1841142524168585220.0,15,true,0.02458731638660266,0.1249906874087675,0.00000000028521651,0.00000000037774711,1,5,-0.19999999999999998,0.0,bipol_dist_speak
bipolarization,heterogeneous,14,M15,3,3,0.5,0.3,0.6,0.1,true,0.05,0.0,0.2,0.1,8636175130330607600.0,15,true,0.02458731638660266,0.1249916823745561,0.00000000024835337,0.00000000030883906,1,5,-0.19999999999999998,0.0,bipol_dist_speak
bipolarization,heterogeneous,14,M15,3,3,0.5,0.3,0.6,0.1,true,0.05,0.0,0.2,0.1,109591146466576384.0,15,true,0.02458731638660266,0.1253856343976075,0.00000000025760301,0.00000000034881744,1,5,-0.19999999999999998,0.0,bipol_dist_speak
bipolarization,heterogeneous,14,M15,3,3,0.5,0.3,0.6,0.1,true,0.05,0.0,0.2,0.1,4477927936947039200.0,15,true,0.02458731638660266,0.12498796255078067,0.00000000051291308,0.00000000070493617,1,5,-0.19999999999999998,0.0,bipol_dist_speak
bipolarization,heterogeneous,14,M15,3,3,0.5,0.3,0.6,0.1,true,0.05,0.0,0.2,0.1,4286360386944651300.0,15,true,0.02458731638660266,0.13372700399274343,0.00000000042676578,0.00000000046512074,1,5,-0.19999999999999998,0.0,bipol_dist_speak
bipolarization,heterogeneous,14,M15,3,3,0.5,0.3,0.6,0.1,true,0.05,0.0,0.2,0.1,7240713591891685400.0,15,true,0.02458731638660266,0.073854821513736,0.01539685561485803,0.02462730598891649,2,5,-0.19999999999999998,0.0,bipol_dist_speak
bipolarization,heterogeneous,14,M15,3,3,0.5,0.3,0.6,0.1,true,0.05,0.0,0.2,0.1,4398895106259038200.0,15,true,0.02458731638660266,0.12979968126862676,0.02265853948202234,0.03625065330442832,2,5,-0.19999999999999998,0.0,bipol_dist_speak
bipolarization,heterogeneous,14,M15,3,3,0.5,0.3,0.6,0.1,true,0.05,0.0,0.2,0.1,7128893484183252000.0,15,true,0.02458731638660266,0.1249931781908765,0.00000000019083451,0.00000000023499099,1,5,-0.19999999999999998,0.0,bipol_dist_speak
bipolarization,heterogeneous,14,M15,3,3,0.5,0.3,0.6,0.1,true,0.05,0.0,0.2,0.1,6905470370856337400.0,15,true,0.02458731638660266,0.12532831933270958,0.00000000128625974,0.00000000176952804,1,5,-0.19999999999999998,0.0,bipol_dist_speak
bipolarization,heterogeneous,14,M15,3,3,0.5,0.3,0.6,0.1,true,0.05,0.0,0.2,0.1,7043372089166577700.0,15,true,0.02458731638660266,0.12498809294638792,0.00000000052219673,0.00000000070838803,1,5,-0.19999999999999998,0.0,bipol_dist_speak
bipolarization,heterogeneous,14,M15,3,3,0.5,0.3,0.6,0.1,true,0.05,0.0,0.2,0.1,8803618445054126100.0,15,true,0.02458731638660266,0.09113617489045837,0.01775201714629084,0.02839579996419845,2,5,-0.19999999999999998,0.0,bipol_dist_speak
bipolarization,heterogeneous,14,M15,3,3,0.5,0.3,0.6,0.1,true,0.05,0.0,0.2,0.1,5702577027890589700.0,15,true,0.02458731638660266,0.12497616229346124,0.00000000149637578,0.00000000169725024,1,5,-0.19999999999999998,0.0,bipol_dist_speak
bipolarization,heterogeneous,14,M15,3,3,0.1,0.3,0.4,0.2,true,0.0,0.3,0.3,0.1,1841142524168585220.0,25,true,0.02458731638660266,0.36304012345679015,0.22222222222222224,0.248888888888889,2,5,-0.09999999999999998,2.6666666666666665,bipol_dist_speak
bipolarization,heterogeneous,14,M15,3,3,0.1,0.3,0.4,0.2,true,0.0,0.3,0.3,0.1,4342572612484808700.0,25,true,0.02458731638660266,0.36304012345679015,0.22222222222222224,0.248888888888889,2,5,-0.09999999999999998,2.6666666666666665,bipol_dist_speak
bipolarization,heterogeneous,14,M15,3,3,0.1,0.3,0.4,0.2,true,0.0,0.3,0.3,0.1,4692690466958798800.0,25,true,0.02458731638660266,0.36304012345679015,0.22222222222222224,0.248888888888889,2,5,-0.09999999999999998,2.6666666666666665,bipol_dist_speak
bipolarization,heterogeneous,12,M13,3,3,0.2,0.3,0.4,0.1,true,0.2,0.1,0.0,0.0,7139002048363152400.0,20,true,0.03278937715525453,0.3697916666666665,0.2222222222222223,0.24888888888888897,2,5,-0.19999999999999998,2.6666666666666665,bipol_dist_speak
bipolarization,heterogeneous,14,M15,3,3,0.1,0.3,0.4,0.2,true,0.0,0.3,0.3,0.1,4477927936947039200.0,30,true,0.02458731638660266,0.355324074074074,0.1388888888888889,0.2222222222222223,2,5,-0.09999999999999998,1.6666666666666667,bipol_dist_speak
bipolarization,heterogeneous,14,M15,3,3,0.1,0.3,0.4,0.2,true,0.0,0.3,0.3,0.1,5702577027890589700.0,30,true,0.02458731638660266,0.36304012345679015,0.22222222222222224,0.248888888888889,2,5,-0.09999999999999998,2.6666666666666665,bipol_dist_speak
bipolarization,heterogeneous,12,M13,3,3,0.2,0.3,0.4,0.1,true,0.2,0.1,0.0,0.0,7240713591891685400.0,30,true,0.03278937715525453,0.4558256172839504,0.13888888888888892,0.22222222222222213,2,5,-0.19999999999999998,1.6666666666666667,bipol_dist_speak
bipolarization,heterogeneous,14,M15,3,3,0.1,0.3,0.4,0.2,true,0.0,0.3,0.3,0.1,6905470370856337400.0,35,true,0.02458731638660266,0.12036835131991575,0.0000266603108883,0.0000171974003812,1,5,-0.09999999999999998,0.0,bipol_dist_speak
bipolarization,heterogeneous,14,M15,3,3,0.1,0.3,0.4,0.2,true,0.0,0.3,0.3,0.1,7128893484183252000.0,35,true,0.02458731638660266,0.12081382940444037,0.00002295663779491,0.00001541207787235,1,5,-0.09999999999999998,0.0,bipol_dist_speak
bipolarization,heterogeneous,14,M15,3,3,0.1,0.3,0.4,0.2,true,0.0,0.3,0.3,0.1,7043372089166577700.0,35,true,0.02458731638660266,0.12136705521551112,0.00001685224124862,0.00001178266614283,1,5,-0.09999999999999998,0.0,bipol_dist_speak
bipolarization,heterogeneous,12,M13,3,3,0.2,0.3,0.4,0.1,true,0.2,0.1,0.0,0.0,1841142524168585220.0,20,true,0.03278937715525453,0.17552813416450688,0.00035798875014202,0.00034436977649772,1,5,-0.19999999999999998,0.0,bipol_dist_speak
bipolarization,heterogeneous,14,M15,3,3,0.1,0.3,0.4,0.2,true,0.0,0.3,0.3,0.1,4286360386944651300.0,35,true,0.02458731638660266,0.36304012345679015,0.22222222222222224,0.248888888888889,2,5,-0.09999999999999998,2.6666666666666665,bipol_dist_speak
bipolarization,heterogeneous,12,M13,3,3,0.2,0.3,0.4,0.1,true,0.2,0.1,0.0,0.0,4342572612484808700.0,20,true,0.03278937715525453,0.3697916666666665,0.2222222222222223,0.24888888888888897,2,5,-0.19999999999999998,2.6666666666666665,bipol_dist_speak
bipolarization,heterogeneous,14,M15,3,3,0.1,0.3,0.4,0.2,true,0.0,0.3,0.3,0.1,4398895106259038200.0,40,true,0.02458731638660266,0.12129016565736044,0.00001983599842478,0.00001426201050224,1,5,-0.09999999999999998,0.0,bipol_dist_speak
bipolarization,heterogeneous,14,M15,3,3,0.1,0.3,0.4,0.2,true,0.0,0.3,0.3,0.1,7240713591891685400.0,40,true,0.02458731638660266,0.12222499747106562,0.00001132186665839,0.00000848959225911,1,5,-0.09999999999999998,0.0,bipol_dist_speak
bipolarization,heterogeneous,12,M13,3,3,0.2,0.3,0.4,0.1,true,0.2,0.1,0.0,0.0,7128893484183252000.0,25,true,0.03278937715525453,0.17951911289447506,0.00011381104670359,0.00009760823357674,1,5,-0.19999999999999998,0.0,bipol_dist_speak
bipolarization,heterogeneous,12,M13,3,3,0.2,0.3,0.4,0.1,true,0.2,0.1,0.0,0.0,4398895106259038200.0,25,true,0.03278937715525453,0.2531164536083469,0.07956509252909723,0.12466304358240042,2,5,-0.19999999999999998,1.6666666666666667,bipol_dist_speak
bipolarization,heterogeneous,14,M15,3,3,0.1,0.3,0.4,0.2,true,0.0,0.3,0.3,0.1,8803618445054126100.0,45,true,0.02458731638660266,0.1233662851294539,0.0000043071318573,0.00000386172559663,1,5,-0.09999999999999998,0.0,bipol_dist_speak
bipolarization,heterogeneous,14,M15,3,3,0.1,0.3,0.4,0.2,true,0.0,0.3,0.3,0.1,109591146466576384.0,45,true,0.02458731638660266,0.12283487381627323,0.0000068385766291,0.00000490244203508,1,5,-0.09999999999999998,0.0,bipol_dist_speak
bipolarization,heterogeneous,12,M13,3,3,0.2,0.3,0.4,0.1,true,0.2,0.1,0.0,0.0,5702577027890589700.0,30,true,0.03278937715525453,0.4558256172839504,0.13888888888888892,0.22222222222222213,2,5,-0.19999999999999998,1.6666666666666667,bipol_dist_speak
bipolarization,heterogeneous,12,M13,3,3,0.2,0.3,0.4,0.1,true,0.2,0.1,0.0,0.0,8803618445054126100.0,30,true,0.03278937715525453,0.4558256172839504,0.13888888888888892,0.22222222222222213,2,5,-0.19999999999999998,1.6666666666666667,bipol_dist_speak
bipolarization,homogeneous,23,H11,0,5,0.1,0.5,0.7,0.2,true,0.0,0.1,0.3,0.05,8636175130330607600.0,30,true,0.01309938700274348,0.07608751895926366,0.00001906718402686,0.00001107064418272,2,4,-0.3,0.0,bipol_dist_speak
bipolarization,homogeneous,23,H11,0,5,0.1,0.5,0.7,0.2,true,0.0,0.1,0.3,0.05,7240713591891685400.0,30,true,0.01309938700274348,0.07602363711260539,0.00001906718402686,0.00001107064418272,2,4,-0.3,0.0,bipol_dist_speak
bipolarization,heterogeneous,12,M13,3,3,0.2,0.3,0.4,0.1,true,0.2,0.1,0.0,0.0,4692690466958798800.0,35,true,0.03278937715525453,0.347800925925926,0.1388888888888889,0.2222222222222223,2,5,-0.19999999999999998,1.6666666666666667,bipol_dist_speak
bipolarization,heterogeneous,12,M13,3,3,0.2,0.3,0.4,0.1,true,0.2,0.1,0.0,0.0,8636175130330607600.0,35,true,0.03278937715525453,0.4558256172839504,0.13888888888888892,0.22222222222222213,2,5,-0.19999999999999998,1.6666666666666667,bipol_dist_speak
bipolarization,heterogeneous,4,M5,3,3,0.5,0.3,0.4,0.3,true,0.1,0.3,0.0,0.2,7240713591891685400.0,15,true,0.03097746746875476,0.17482463755595723,0.0000005899769599,0.00000083835583923,1,4,0.0,0.0,bipol_dist_speak
bipolarization,heterogeneous,12,M13,3,3,0.2,0.3,0.4,0.1,true,0.2,0.1,0.0,0.0,7043372089166577700.0,35,true,0.03278937715525453,0.4558256172839504,0.13888888888888892,0.22222222222222213,2,5,-0.19999999999999998,1.6666666666666667,bipol_dist_speak
bipolarization,heterogeneous,12,M13,3,3,0.2,0.3,0.4,0.1,true,0.2,0.1,0.0,0.0,109591146466576384.0,35,true,0.03278937715525453,0.4558256172839504,0.13888888888888892,0.22222222222222213,2,5,-0.19999999999999998,1.6666666666666667,bipol_dist_speak
bipolarization,homogeneous,23,H11,0,5,0.1,0.5,0.7,0.2,true,0.0,0.1,0.3,0.05,7139002048363152400.0,35,true,0.01309938700274348,0.06967444917594687,0.00000664831598359,0.00000386009494453,1,4,-0.3,0.0,bipol_dist_speak
bipolarization,heterogeneous,12,M13,3,3,0.2,0.3,0.4,0.1,true,0.2,0.1,0.0,0.0,4477927936947039200.0,35,true,0.03278937715525453,0.4558256172839504,0.13888888888888892,0.22222222222222213,2,5,-0.19999999999999998,1.6666666666666667,bipol_dist_speak
bipolarization,homogeneous,23,H11,0,5,0.1,0.5,0.7,0.2,true,0.0,0.1,0.3,0.05,4692690466958798800.0,35,true,0.01309938700274348,0.06515945683767879,0.00000664831598359,0.00000386009494453,1,4,-0.3,0.0,bipol_dist_speak
bipolarization,homogeneous,23,H11,0,5,0.1,0.5,0.7,0.2,true,0.0,0.1,0.3,0.05,6905470370856337400.0,30,true,0.01309938700274348,0.06416270545116218,0.00001906718402686,0.00001107064418272,1,4,-0.3,0.0,bipol_dist_speak
bipolarization,heterogeneous,4,M5,3,3,0.5,0.3,0.4,0.3,true,0.1,0.3,0.0,0.2,4692690466958798800.0,15,true,0.03097746746875476,0.30015432098765427,0.1388888888888889,0.22222222222222224,2,4,0.0,1.6666666666666667,bipol_dist_speak
bipolarization,heterogeneous,4,M5,3,3,0.5,0.3,0.4,0.3,true,0.1,0.3,0.0,0.2,6905470370856337400.0,15,true,0.03097746746875476,0.18408875544242587,0.06964608513777147,0.11141302080005772,2,4,0.0,1.6666666666666667,bipol_dist_speak
bipolarization,heterogeneous,4,M5,3,3,0.5,0.3,0.4,0.3,true,0.1,0.3,0.0,0.2,1841142524168585220.0,15,true,0.03097746746875476,0.30015432098765427,0.1388888888888889,0.22222222222222224,2,4,0.0,1.6666666666666667,bipol_dist_speak
bipolarization,homogeneous,23,H11,0,5,0.1,0.5,0.7,0.2,true,0.0,0.1,0.3,0.05,5702577027890589700.0,35,true,0.01309938700274348,0.07977085676628762,0.00000664831598359,0.00000386009494453,2,4,-0.3,0.0,bipol_dist_speak
bipolarization,homogeneous,23,H11,0,5,0.1,0.5,0.7,0.2,true,0.0,0.1,0.3,0.05,1841142524168585220.0,35,true,0.01309938700274348,0.06508184902620366,0.00000664831598359,0.00000386009494453,1,4,-0.3,0.0,bipol_dist_speak
bipolarization,heterogeneous,4,M5,3,3,0.5,0.3,0.4,0.3,true,0.1,0.3,0.0,0.2,7139002048363152400.0,25,true,0.03097746746875476,0.1724567410722233,0.00000005052405274,0.0000000324522852,1,4,0.0,0.0,bipol_dist_speak
bipolarization,homogeneous,23,H11,0,5,0.1,0.5,0.7,0.2,true,0.0,0.1,0.3,0.05,4398895106259038200.0,35,true,0.01309938700274348,0.06180521608659632,0.00000664831598359,0.00000386009494453,1,4,-0.3,0.0,bipol_dist_speak
bipolarization,heterogeneous,4,M5,3,3,0.5,0.3,0.4,0.3,true,0.1,0.3,0.0,0.2,8803618445054126100.0,15,true,0.03097746746875476,0.22732973876982107,0.0000004380635839,0.00000067380968937,1,4,0.0,0.0,bipol_dist_speak
bipolarization,heterogeneous,12,M13,3,3,0.2,0.3,0.4,0.1,true,0.2,0.1,0.0,0.0,4286360386944651300.0,45,true,0.03278937715525453,0.18155961840372578,0.00000497905831667,0.00000348564887797,1,5,-0.19999999999999998,0.0,bipol_dist_speak
bipolarization,heterogeneous,4,M5,3,3,0.5,0.3,0.4,0.3,true,0.1,0.3,0.0,0.2,5702577027890589700.0,20,true,0.03097746746875476,0.20441528905133835,0.00000021813981106,0.0000003249261604,1,4,0.0,0.0,bipol_dist_speak
bipolarization,heterogeneous,4,M5,3,3,0.5,0.3,0.4,0.3,true,0.1,0.3,0.0,0.2,4342572612484808700.0,15,true,0.03097746746875476,0.30015432098765427,0.1388888888888889,0.22222222222222224,2,4,0.0,1.6666666666666667,bipol_dist_speak
bipolarization,heterogeneous,4,M5,3,3,0.5,0.3,0.4,0.3,true,0.1,0.3,0.0,0.2,109591146466576384.0,15,true,0.03097746746875476,0.3275462962962962,0.25,0.24000000000000013,2,4,0.0,3.0,bipol_dist_speak
bipolarization,homogeneous,23,H11,0,5,0.1,0.5,0.7,0.2,true,0.0,0.1,0.3,0.05,8803618445054126100.0,35,true,0.01309938700274348,0.07705388236003485,0.00000664831598359,0.00000386009494453,1,4,-0.3,0.0,bipol_dist_speak
bipolarization,heterogeneous,12,M13,3,3,0.2,0.3,0.4,0.1,true,0.2,0.1,0.0,0.0,6905470370856337400.0,50,true,0.03278937715525453,0.17664634082451672,0.00000788549501794,0.00000649881464936,1,5,-0.19999999999999998,0.0,bipol_dist_speak
bipolarization,homogeneous,23,H11,0,5,0.1,0.5,0.7,0.2,true,0.0,0.1,0.3,0.05,4342572612484808700.0,35,true,0.01309938700274348,0.06047945869002819,0.00000664831598359,0.00000386009494453,1,4,-0.3,0.0,bipol_dist_speak
bipolarization,heterogeneous,4,M5,3,3,0.5,0.3,0.4,0.3,true,0.1,0.3,0.0,0.2,4398895106259038200.0,20,true,0.03097746746875476,0.4324845679012346,0.22222222222222224,0.2488888888888889,2,4,0.0,2.6666666666666665,bipol_dist_speak
bipolarization,homogeneous,23,H11,0,5,0.1,0.5,0.7,0.2,true,0.0,0.1,0.3,0.05,4286360386944651300.0,30,true,0.01309938700274348,0.06721754868947163,0.00001906718402686,0.00001107064418272,1,4,-0.3,0.0,bipol_dist_speak
bipolarization,heterogeneous,4,M5,3,3,0.5,0.3,0.4,0.3,true,0.1,0.3,0.0,0.2,7128893484183252000.0,15,true,0.03097746746875476,0.292824074074074,0.22222222222222224,0.248888888888889,2,4,0.0,2.6666666666666665,bipol_dist_speak
bipolarization,heterogeneous,4,M5,3,3,0.5,0.3,0.4,0.3,true,0.1,0.3,0.0,0.2,4286360386944651300.0,15,true,0.03097746746875476,0.30015432098765427,0.1388888888888889,0.22222222222222224,2,4,0.0,1.6666666666666667,bipol_dist_speak
bipolarization,heterogeneous,4,M5,3,3,0.5,0.3,0.4,0.3,true,0.1,0.3,0.0,0.2,4477927936947039200.0,15,true,0.03097746746875476,0.2999680793746885,0.13882681534489447,0.22211812492771543,2,4,0.0,1.6666666666666667,bipol_dist_speak
bipolarization,homogeneous,41,H20,0,4,0.5,0.3,0.6,0.1,true,0.0,0.3,0.3,0.0,7240713591891685400.0,15,true,0.00048024369855967,0.07266925882410129,0.00000000000011182,0.0000000000000708,1,1,-0.19999999999999998,0.0,bipol_dist_speak
bipolarization,homogeneous,41,H20,0,4,0.5,0.3,0.6,0.1,true,0.0,0.3,0.3,0.0,8636175130330607600.0,15,true,0.00048024369855967,0.06955630690963192,0.00000000000011182,0.0000000000000708,1,1,-0.19999999999999998,0.0,bipol_dist_speak
bipolarization,homogeneous,41,H20,0,4,0.5,0.3,0.6,0.1,true,0.0,0.3,0.3,0.0,7139002048363152400.0,15,true,0.00048024369855967,0.06896270645989323,0.00000000000011182,0.0000000000000708,1,1,-0.19999999999999998,0.0,bipol_dist_speak
bipolarization,homogeneous,41,H20,0,4,0.5,0.3,0.6,0.1,true,0.0,0.3,0.3,0.0,4692690466958798800.0,15,true,0.00048024369855967,0.0558263372491908,0.00000000000011182,0.0000000000000708,1,1,-0.19999999999999998,0.0,bipol_dist_speak
bipolarization,homogeneous,41,H20,0,4,0.5,0.3,0.6,0.1,true,0.0,0.3,0.3,0.0,6905470370856337400.0,15,true,0.00048024369855967,0.05595916288870358,0.00000000000011182,0.0000000000000708,1,1,-0.19999999999999998,0.0,bipol_dist_speak
bipolarization,homogeneous,23,H11,0,5,0.1,0.5,0.7,0.2,true,0.0,0.1,0.3,0.05,7043372089166577700.0,35,true,0.01309938700274348,0.06651050524985941,0.00000664831598359,0.00000386009494453,1,4,-0.3,0.0,bipol_dist_speak
bipolarization,homogeneous,23,H11,0,5,0.1,0.5,0.7,0.2,true,0.0,0.1,0.3,0.05,109591146466576384.0,35,true,0.01309938700274348,0.06429392792606789,0.00000664831598359,0.00000386009494453,1,4,-0.3,0.0,bipol_dist_speak
bipolarization,homogeneous,23,H11,0,5,0.1,0.5,0.7,0.2,true,0.0,0.1,0.3,0.05,7128893484183252000.0,35,true,0.01309938700274348,0.07841360872887557,0.00000664831598359,0.00000386009494453,2,4,-0.3,0.0,bipol_dist_speak
bipolarization,homogeneous,23,H11,0,5,0.1,0.5,0.7,0.2,true,0.0,0.1,0.3,0.05,4477927936947039200.0,35,true,0.01309938700274348,0.06160485581419842,0.00000664831598359,0.00000386009494453,1,4,-0.3,0.0,bipol_dist_speak
bipolarization,homogeneous,41,H20,0,4,0.5,0.3,0.6,0.1,true,0.0,0.3,0.3,0.0,1841142524168585220.0,15,true,0.00048024369855967,0.06886125493932661,0.00000000000011182,0.0000000000000708,1,1,-0.19999999999999998,0.0,bipol_dist_speak
bipolarization,homogeneous,41,H20,0,4,0.5,0.3,0.6,0.1,true,0.0,0.3,0.3,0.0,5702577027890589700.0,15,true,0.00048024369855967,0.06889442161277497,0.00000000000011182,0.0000000000000708,1,1,-0.19999999999999998,0.0,bipol_dist_speak
bipolarization,homogeneous,41,H20,0,4,0.5,0.3,0.6,0.1,true,0.0,0.3,0.3,0.0,4398895106259038200.0,15,true,0.00048024369855967,0.07225798677515101,0.00000000000011182,0.0000000000000708,1,1,-0.19999999999999998,0.0,bipol_dist_speak
bipolarization,homogeneous,41,H20,0,4,0.5,0.3,0.6,0.1,true,0.0,0.3,0.3,0.0,8803618445054126100.0,15,true,0.00048024369855967,0.07395981859277806,0.00000000000011182,0.0000000000000708,1,1,-0.19999999999999998,0.0,bipol_dist_speak
bipolarization,homogeneous,41,H20,0,4,0.5,0.3,0.6,0.1,true,0.0,0.3,0.3,0.0,4342572612484808700.0,15,true,0.00048024369855967,0.06393170356750492,0.00000000000011182,0.0000000000000708,1,1,-0.19999999999999998,0.0,bipol_dist_speak
bipolarization,homogeneous,41,H20,0,4,0.5,0.3,0.6,0.1,true,0.0,0.3,0.3,0.0,7043372089166577700.0,15,true,0.00048024369855967,0.06541017249778476,0.00000000000011182,0.0000000000000708,1,1,-0.19999999999999998,0.0,bipol_dist_speak
bipolarization,homogeneous,41,H20,0,4,0.5,0.3,0.6,0.1,true,0.0,0.3,0.3,0.0,7128893484183252000.0,15,true,0.00048024369855967,0.06104705951831969,0.00000000000011182,0.0000000000000708,1,1,-0.19999999999999998,0.0,bipol_dist_speak
bipolarization,homogeneous,41,H20,0,4,0.5,0.3,0.6,0.1,true,0.0,0.3,0.3,0.0,109591146466576384.0,15,true,0.00048024369855967,0.07234616632814768,0.00000000000011182,0.0000000000000708,1,1,-0.19999999999999998,0.0,bipol_dist_speak
bipolarization,homogeneous,41,H20,0,4,0.5,0.3,0.6,0.1,true,0.0,0.3,0.3,0.0,4286360386944651300.0,15,true,0.00048024369855967,0.06424385529977313,0.00000000000011182,0.0000000000000708,1,1,-0.19999999999999998,0.0,bipol_dist_speak
bipolarization,homogeneous,41,H20,0,4,0.5,0.3,0.6,0.1,true,0.0,0.3,0.3,0.0,4477927936947039200.0,15,true,0.00048024369855967,0.05941833390129937,0.00000000000011182,0.0000000000000708,1,1,-0.19999999999999998,0.0,bipol_dist_speak
bipolarization,heterogeneous,4,M5,3,3,0.5,0.3,0.4,0.3,true,0.1,0.3,0.0,0.2,8636175130330607600.0,40,true,0.03097746746875476,0.19960721650190916,0.00000019764191145,0.00000026210621752,1,4,0.0,0.0,bipol_dist_speak
bipolarization,heterogeneous,31,M30,1,2,0.5,0.5,0.6,0.1,true,0.1,0.0,0.1,0.05,7139002048363152400.0,15,true,0.01686903435070872,0.0857298285602613,0.00000000000655075,0.00000000000323814,1,2,-0.4,0.0,bipol_dist_speak
bipolarization,heterogeneous,31,M30,1,2,0.5,0.5,0.6,0.1,true,0.1,0.0,0.1,0.05,7240713591891685400.0,15,true,0.01686903435070872,0.09488575092516079,0.00000000000512311,0.0000000000018314,1,2,-0.4,0.0,bipol_dist_speak
bipolarization,heterogeneous,31,M30,1,2,0.5,0.5,0.6,0.1,true,0.1,0.0,0.1,0.05,4692690466958798800.0,15,true,0.01686903435070872,0.15001179655756855,0.00000000000999558,0.00000000000620878,1,2,-0.4,0.0,bipol_dist_speak
bipolarization,heterogeneous,31,M30,1,2,0.5,0.5,0.6,0.1,true,0.1,0.0,0.1,0.05,1841142524168585220.0,15,true,0.01686903435070872,0.1053902528638208,0.00000000000412116,0.00000000000160703,1,2,-0.4,0.0,bipol_dist_speak
bipolarization,heterogeneous,31,M30,1,2,0.5,0.5,0.6,0.1,true,0.1,0.0,0.1,0.05,8636175130330607600.0,15,true,0.01686903435070872,0.08699582223777984,0.00000000000737725,0.00000000000247375,1,2,-0.4,0.0,bipol_dist_speak
bipolarization,heterogeneous,31,M30,1,2,0.5,0.5,0.6,0.1,true,0.1,0.0,0.1,0.05,6905470370856337400.0,15,true,0.01686903435070872,0.13168656754523447,0.00000000000958058,0.0000000000065549,1,2,-0.4,0.0,bipol_dist_speak
bipolarization,heterogeneous,31,M30,1,2,0.5,0.5,0.6,0.1,true,0.1,0.0,0.1,0.05,5702577027890589700.0,15,true,0.01686903435070872,0.08766552224610047,0.00000000000545546,0.00000000000187767,1,2,-0.4,0.0,bipol_dist_speak
bipolarization,heterogeneous,4,M5,3,3,0.5,0.3,0.4,0.3,true,0.1,0.3,0.0,0.2,7043372089166577700.0,40,true,0.03097746746875476,0.2511579368336168,0.00000016895499607,0.00000025284228651,1,4,0.0,0.0,bipol_dist_speak
bipolarization,heterogeneous,31,M30,1,2,0.5,0.5,0.6,0.1,true,0.1,0.0,0.1,0.05,4398895106259038200.0,15,true,0.01686903435070872,0.08302543402026508,0.00000000000323079,0.00000000000110252,1,2,-0.4,0.0,bipol_dist_speak
bipolarization,heterogeneous,31,M30,1,2,0.5,0.5,0.6,0.1,true,0.1,0.0,0.1,0.05,8803618445054126100.0,15,true,0.01686903435070872,0.09181922707290256,0.00000000000517519,0.00000000000209327,1,2,-0.4,0.0,bipol_dist_speak
bipolarization,heterogeneous,31,M30,1,2,0.5,0.5,0.6,0.1,true,0.1,0.0,0.1,0.05,4342572612484808700.0,15,true,0.01686903435070872,0.10562384451599571,0.00000000000671858,0.00000000000277307,1,2,-0.4,0.0,bipol_dist_speak
bipolarization,heterogeneous,31,M30,1,2,0.5,0.5,0.6,0.1,true,0.1,0.0,0.1,0.05,7043372089166577700.0,15,true,0.01686903435070872,0.10109149692627332,0.00000000001069251,0.00000000000676439,1,2,-0.4,0.0,bipol_dist_speak
bipolarization,heterogeneous,31,M30,1,2,0.5,0.5,0.6,0.1,true,0.1,0.0,0.1,0.05,109591146466576384.0,15,true,0.01686903435070872,0.08084831612884845,0.00000000000413268,0.00000000000137795,1,2,-0.4,0.0,bipol_dist_speak
bipolarization,heterogeneous,31,M30,1,2,0.5,0.5,0.6,0.1,true,0.1,0.0,0.1,0.05,7128893484183252000.0,15,true,0.01686903435070872,0.11743039039287125,0.0000000000058258,0.00000000000223277,1,2,-0.4,0.0,bipol_dist_speak
bipolarization,heterogeneous,31,M30,1,2,0.5,0.5,0.6,0.1,true,0.1,0.0,0.1,0.05,4477927936947039200.0,15,true,0.01686903435070872,0.1214790086050584,0.00000000000555482,0.00000000000234266,1,2,-0.4,0.0,bipol_dist_speak
bipolarization,heterogeneous,31,M30,1,2,0.5,0.5,0.6,0.1,true,0.1,0.0,0.1,0.05,4286360386944651300.0,15,true,0.01686903435070872,0.09410886950257984,0.00000000000715572,0.00000000000272251,1,2,-0.4,0.0,bipol_dist_speak
bipolarization,homogeneous,24,H12,0,4,0.1,0.2,0.8,0.2,true,0.2,0.2,0.0,0.0,109591146466576384.0,35,true,0.00771504468878602,0.05879328203755467,0.00183716873128834,0.0012909782026117,2,3,0.0,0.0,bipol_dist_speak
bipolarization,homogeneous,24,H12,0,4,0.1,0.2,0.8,0.2,true,0.2,0.2,0.0,0.0,4286360386944651300.0,35,true,0.00771504468878602,0.05203211196534491,0.00200910571964454,0.00148069268986605,2,3,0.0,0.0,bipol_dist_speak
bipolarization,heterogeneous,25,M6,1,2,0.5,0.5,0.5,0.2,true,0.1,0.0,0.1,0.1,7240713591891685400.0,15,true,0.02801205751790883,0.1504444807888934,0.00000000001953544,0.00000000000731937,1,3,-0.3,0.0,bipol_dist_speak
bipolarization,heterogeneous,25,M6,1,2,0.5,0.5,0.5,0.2,true,0.1,0.0,0.1,0.1,7139002048363152400.0,15,true,0.02801205751790883,0.1393155249859725,0.00000000002218345,0.00000000001127772,1,3,-0.3,0.0,bipol_dist_speak
bipolarization,homogeneous,24,H12,0,4,0.1,0.2,0.8,0.2,true,0.2,0.2,0.0,0.0,4692690466958798800.0,50,true,0.00771504468878602,0.0674749123400422,0.0011962514908558,0.00079195946912721,2,3,0.0,0.0,bipol_dist_speak
bipolarization,homogeneous,24,H12,0,4,0.1,0.2,0.8,0.2,true,0.2,0.2,0.0,0.0,4342572612484808700.0,50,true,0.00771504468878602,0.05650233755782691,0.00127641780663849,0.00084478973811326,2,3,0.0,0.0,bipol_dist_speak
bipolarization,homogeneous,24,H12,0,4,0.1,0.2,0.8,0.2,true,0.2,0.2,0.0,0.0,7240713591891685400.0,55,true,0.00771504468878602,0.06388144007948894,0.00102070467173913,0.00067923462798359,2,3,0.0,0.0,bipol_dist_speak
bipolarization,heterogeneous,25,M6,1,2,0.5,0.5,0.5,0.2,true,0.1,0.0,0.1,0.1,4692690466958798800.0,15,true,0.02801205751790883,0.21074241225038248,0.00000000003047522,0.00000000001905526,1,3,-0.3,0.0,bipol_dist_speak
bipolarization,heterogeneous,25,M6,1,2,0.5,0.5,0.5,0.2,true,0.1,0.0,0.1,0.1,8636175130330607600.0,15,true,0.02801205751790883,0.1392105939341987,0.00000000002383846,0.00000000000802017,1,3,-0.3,0.0,bipol_dist_speak
bipolarization,homogeneous,24,H12,0,4,0.1,0.2,0.8,0.2,true,0.2,0.2,0.0,0.0,8636175130330607600.0,55,true,0.00771504468878602,0.0715948851710497,0.00091874010127789,0.00056008685250867,2,3,0.0,0.0,bipol_dist_speak
bipolarization,homogeneous,24,H12,0,4,0.1,0.2,0.8,0.2,true,0.2,0.2,0.0,0.0,7043372089166577700.0,55,true,0.00771504468878602,0.05189530333609338,0.00110921267149017,0.00089810633091824,2,3,0.0,0.0,bipol_dist_speak
bipolarization,heterogeneous,25,M6,1,2,0.5,0.5,0.5,0.2,true,0.1,0.0,0.1,0.1,6905470370856337400.0,15,true,0.02801205751790883,0.19410975409345657,0.00000000003283778,0.00000000002321322,1,3,-0.3,0.0,bipol_dist_speak
bipolarization,heterogeneous,25,M6,1,2,0.5,0.5,0.5,0.2,true,0.1,0.0,0.1,0.1,5702577027890589700.0,15,true,0.02801205751790883,0.14865374337829437,0.00000000001960419,0.00000000000683994,1,3,-0.3,0.0,bipol_dist_speak
bipolarization,homogeneous,24,H12,0,4,0.1,0.2,0.8,0.2,true,0.2,0.2,0.0,0.0,8803618445054126100.0,60,true,0.00771504468878602,0.07292763597009287,0.00077695787260088,0.00045580932037881,2,3,0.0,0.0,bipol_dist_speak
bipolarization,homogeneous,24,H12,0,4,0.1,0.2,0.8,0.2,true,0.2,0.2,0.0,0.0,7139002048363152400.0,65,true,0.00771504468878602,0.07356447081561111,0.00071059725600199,0.00047666583142789,2,3,0.0,0.0,bipol_dist_speak
bipolarization,heterogeneous,25,M6,1,2,0.5,0.5,0.5,0.2,true,0.1,0.0,0.1,0.1,1841142524168585220.0,15,true,0.02801205751790883,0.15376560949800883,0.00000000001621458,0.00000000000605648,1,3,-0.3,0.0,bipol_dist_speak
bipolarization,homogeneous,24,H12,0,4,0.1,0.2,0.8,0.2,true,0.2,0.2,0.0,0.0,4477927936947039200.0,65,true,0.00771504468878602,0.06447917814013907,0.00080913559156363,0.00055752927620812,2,3,0.0,0.0,bipol_dist_speak
bipolarization,heterogeneous,25,M6,1,2,0.5,0.5,0.5,0.2,true,0.1,0.0,0.1,0.1,4398895106259038200.0,15,true,0.02801205751790883,0.1866628413723291,0.00000000000996554,0.00000000000337902,1,3,-0.3,0.0,bipol_dist_speak
bipolarization,heterogeneous,25,M6,1,2,0.5,0.5,0.5,0.2,true,0.1,0.0,0.1,0.1,4342572612484808700.0,15,true,0.02801205751790883,0.13840856975851604,0.00000000002160762,0.00000000000926617,1,3,-0.3,0.0,bipol_dist_speak
bipolarization,heterogeneous,25,M6,1,2,0.5,0.5,0.5,0.2,true,0.1,0.0,0.1,0.1,8803618445054126100.0,15,true,0.02801205751790883,0.1501214748954021,0.00000000001797973,0.00000000000749049,1,3,-0.3,0.0,bipol_dist_speak
bipolarization,heterogeneous,25,M6,1,2,0.5,0.5,0.5,0.2,true,0.1,0.0,0.1,0.1,7043372089166577700.0,15,true,0.02801205751790883,0.16462843565459157,0.00000000003518332,0.0000000000225823,1,3,-0.3,0.0,bipol_dist_speak
bipolarization,heterogeneous,25,M6,1,2,0.5,0.5,0.5,0.2,true,0.1,0.0,0.1,0.1,109591146466576384.0,15,true,0.02801205751790883,0.16794323531347258,0.00000000001314837,0.00000000000438353,1,3,-0.3,0.0,bipol_dist_speak
bipolarization,heterogeneous,25,M6,1,2,0.5,0.5,0.5,0.2,true,0.1,0.0,0.1,0.1,7128893484183252000.0,15,true,0.02801205751790883,0.15830109679571572,0.00000000001824624,0.00000000000683309,1,3,-0.3,0.0,bipol_dist_speak
bipolarization,heterogeneous,25,M6,1,2,0.5,0.5,0.5,0.2,true,0.1,0.0,0.1,0.1,4477927936947039200.0,15,true,0.02801205751790883,0.17941785854715694,0.00000000001835213,0.0000000000078884,1,3,-0.3,0.0,bipol_dist_speak
bipolarization,heterogeneous,25,M6,1,2,0.5,0.5,0.5,0.2,true,0.1,0.0,0.1,0.1,4286360386944651300.0,15,true,0.02801205751790883,0.16080366312014008,0.0000000000269204,0.0000000000105604,1,3,-0.3,0.0,bipol_dist_speak
bipolarization,homogeneous,23,H11,0,5,0.3,0.3,0.8,0.3,true,0.2,0.0,0.1,0.1,4692690466958798800.0,55,true,0.01309938700274348,0.05662559226277434,0.00073713945934147,0.00075232323371893,2,4,0.0,0.0,bipol_dist_speak
bipolarization,homogeneous,24,H12,0,4,0.1,0.2,0.8,0.2,true,0.2,0.2,0.0,0.0,7128893484183252000.0,80,true,0.00771504468878602,0.07420662552720184,0.00043032742586073,0.00029464304209135,2,3,0.0,0.0,bipol_dist_speak
bipolarization,homogeneous,23,H11,0,5,0.3,0.3,0.8,0.3,true,0.2,0.0,0.1,0.1,4477927936947039200.0,55,true,0.01309938700274348,0.04797677151947378,0.00099456183828169,0.00111571108693711,2,4,0.0,0.0,bipol_dist_speak
bipolarization,homogeneous,24,H12,0,4,0.1,0.2,0.8,0.2,true,0.2,0.2,0.0,0.0,1841142524168585220.0,85,true,0.00771504468878602,0.08319680232873254,0.00031520638694278,0.00021774011967578,1,3,0.0,0.0,bipol_dist_speak
bipolarization,homogeneous,24,H12,0,4,0.1,0.2,0.8,0.2,true,0.2,0.2,0.0,0.0,6905470370856337400.0,85,true,0.00771504468878602,0.08661834625597852,0.00029677101631395,0.00017406826587509,1,3,0.0,0.0,bipol_dist_speak
bipolarization,homogeneous,24,H12,0,4,0.1,0.2,0.8,0.2,true,0.2,0.2,0.0,0.0,4398895106259038200.0,85,true,0.00771504468878602,0.08906497089659053,0.00032813021590014,0.00021790331302461,1,3,0.0,0.0,bipol_dist_speak
bipolarization,homogeneous,24,H12,0,4,0.1,0.2,0.8,0.2,true,0.2,0.2,0.0,0.0,5702577027890589700.0,90,true,0.00771504468878602,0.0894395767025493,0.00026137496168077,0.00014937723005905,1,3,0.0,0.0,bipol_dist_speak
bipolarization,homogeneous,23,H11,0,5,0.3,0.3,0.8,0.3,true,0.2,0.0,0.1,0.1,4342572612484808700.0,70,true,0.01309938700274348,0.0765196684245952,0.00032833534148878,0.00028831408380904,2,4,0.0,0.0,bipol_dist_speak
bipolarization,homogeneous,23,H11,0,5,0.3,0.3,0.8,0.3,true,0.2,0.0,0.1,0.1,7139002048363152400.0,80,true,0.01309938700274348,0.0786024583798305,0.00021126040049703,0.00019083487029306,2,4,0.0,0.0,bipol_dist_speak
bipolarization,homogeneous,23,H11,0,5,0.3,0.3,0.8,0.3,true,0.2,0.0,0.1,0.1,7128893484183252000.0,75,true,0.01309938700274348,0.06031781636385569,0.00036709899588759,0.00039056837555712,2,4,0.0,0.0,bipol_dist_speak
bipolarization,homogeneous,23,H11,0,5,0.3,0.3,0.8,0.3,true,0.2,0.0,0.1,0.1,8636175130330607600.0,85,true,0.01309938700274348,0.07801321186939622,0.00018331189400628,0.00016487892677138,2,4,0.0,0.0,bipol_dist_speak
bipolarization,homogeneous,23,H11,0,5,0.3,0.3,0.8,0.3,true,0.2,0.0,0.1,0.1,6905470370856337400.0,85,true,0.01309938700274348,0.08540949499228806,0.0001496764047513,0.00011786651715729,1,4,0.0,0.0,bipol_dist_speak
bipolarization,homogeneous,23,H11,0,5,0.3,0.3,0.8,0.3,true,0.2,0.0,0.1,0.1,7240713591891685400.0,90,true,0.01309938700274348,0.05815279241631951,0.00026351718470436,0.00025856846349143,2,4,0.0,0.0,bipol_dist_speak
bipolarization,homogeneous,23,H11,0,5,0.3,0.3,0.8,0.3,true,0.2,0.0,0.1,0.1,7043372089166577700.0,85,true,0.01309938700274348,0.05957460664129649,0.00030696704145996,0.00030616329557734,2,4,0.0,0.0,bipol_dist_speak
bipolarization,homogeneous,23,H11,0,5,0.3,0.3,0.8,0.3,true,0.2,0.0,0.1,0.1,4286360386944651300.0,85,true,0.01309938700274348,0.07983539321809793,0.00017824336974953,0.00016104615897135,2,4,0.0,0.0,bipol_dist_speak
bipolarization,homogeneous,23,H11,0,5,0.3,0.3,0.8,0.3,true,0.2,0.0,0.1,0.1,5702577027890589700.0,105,true,0.01309938700274348,0.08055973960641157,0.00008998447553637,0.00007644594868599,2,4,0.0,0.0,bipol_dist_speak
bipolarization,homogeneous,23,H11,0,5,0.3,0.3,0.8,0.3,true,0.2,0.0,0.1,0.1,4398895106259038200.0,105,true,0.01309938700274348,0.08636776149539412,0.00007774027829027,0.00006449786904764,1,4,0.0,0.0,bipol_dist_speak
bipolarization,homogeneous,23,H11,0,5,0.3,0.3,0.8,0.3,true,0.2,0.0,0.1,0.1,8803618445054126100.0,105,true,0.01309938700274348,0.07725930004783914,0.00010673351911615,0.00011152072355379,2,4,0.0,0.0,bipol_dist_speak
bipolarization,homogeneous,23,H11,0,5,0.3,0.3,0.8,0.3,true,0.2,0.0,0.1,0.1,109591146466576384.0,120,true,0.01309938700274348,0.09918815258062355,0.0000251334037439,0.00002353311297764,1,4,0.0,0.0,bipol_dist_speak
bipolarization,homogeneous,23,H11,0,5,0.3,0.3,0.8,0.3,true,0.2,0.0,0.1,0.1,1841142524168585220.0,130,true,0.01309938700274348,0.08301054531542659,0.00003918604663516,0.00003756250405787,1,4,0.0,0.0,bipol_dist_speak
