model_type,current_condition,selected_debate_id,pro_count,anti_count,convergence_rate,confidence_threshold,repulsion_threshold,repulsion_strength,use_heterogeneous_agents,convergence_rate_sd,confidence_threshold_sd,repulsion_threshold_sd,repulsion_strength_sd,seed,convergence_cycle,mae,opinion_variance,polarization_index,num_clusters,initial_num_clusters,neutral_zone_width,mean_net_repulsion_abs,homophily_strength
consensus,heterogeneous,41,1,2,0.2,0.4,0.5,0.1,false,0.05,0.1,0.1,0.05,5.70257702789059E+018,20,0.103782698367591,6.82368080943E-06,2.97442659073E-06,1,2,0.1,0,0.3
consensus,heterogeneous,41,1,2,0.2,0.4,0.5,0.1,false,0.05,0.1,0.1,0.05,4.6926904669588E+018,20,0.103782698367591,6.82368080943E-06,2.97442659073E-06,1,2,0.1,0,0.3
consensus,heterogeneous,41,1,2,0.2,0.4,0.5,0.1,false,0.05,0.1,0.1,0.05,8.63617513033061E+018,20,0.103782698367591,6.82368080943E-06,2.97442659073E-06,1,2,0.1,0,0.3
consensus,heterogeneous,1,3,3,0.5,0.2,0,0.1,false,0.05,0.1,0.1,0.05,8.80361844505413E+018,15,0.17621235680436,1.93684743179E-06,1.34431191135E-06,1,3,-0.2,1.5,0.3
consensus,heterogeneous,1,3,3,0.5,0.2,0,0.1,false,0.05,0.1,0.1,0.05,5.70257702789059E+018,15,0.17621235680436,1.93684743179E-06,1.34431191135E-06,1,3,-0.2,1.5,0.3
consensus,heterogeneous,41,1,2,0.2,0.4,0.5,0.1,false,0.05,0.1,0.1,0.05,4.28636038694465E+018,20,0.103782698367591,6.82368080943E-06,2.97442659073E-06,1,2,0.1,0,0.3
consensus,heterogeneous,1,3,3,0.5,0.2,0,0.1,false,0.05,0.1,0.1,0.05,4.47792793694704E+018,15,0.17621235680436,1.93684743179E-06,1.34431191135E-06,1,3,-0.2,1.5,0.3
consensus,heterogeneous,1,3,3,0.5,0.2,0,0.1,false,0.05,0.1,0.1,0.05,4.6926904669588E+018,15,0.17621235680436,1.93684743179E-06,1.34431191135E-06,1,3,-0.2,1.5,0.3
consensus,heterogeneous,41,1,2,0.2,0.4,0.5,0.1,false,0.05,0.1,0.1,0.05,7.24071359189169E+018,20,0.103782698367591,6.82368080943E-06,2.97442659073E-06,1,2,0.1,0,0.3
consensus,heterogeneous,1,3,3,0.5,0.2,0,0.1,false,0.05,0.1,0.1,0.05,8.63617513033061E+018,15,0.17621235680436,1.93684743179E-06,1.34431191135E-06,1,3,-0.2,1.5,0.3
consensus,heterogeneous,41,1,2,0.2,0.4,0.5,0.1,false,0.05,0.1,0.1,0.05,1.09591146466576E+017,20,0.103782698367591,6.82368080943E-06,2.97442659073E-06,1,2,0.1,0,0.3
consensus,heterogeneous,41,1,2,0.2,0.4,0.5,0.1,false,0.05,0.1,0.1,0.05,1.84114252416859E+018,20,0.103782698367591,6.82368080943E-06,2.97442659073E-06,1,2,0.1,0,0.3
consensus,heterogeneous,1,3,3,0.5,0.2,0,0.1,false,0.05,0.1,0.1,0.05,7.04337208916658E+018,15,0.17621235680436,1.93684743179E-06,1.34431191135E-06,1,3,-0.2,1.5,0.3
consensus,heterogeneous,41,1,2,0.2,0.4,0.5,0.1,false,0.05,0.1,0.1,0.05,7.13900204836315E+018,20,0.103782698367591,6.82368080943E-06,2.97442659073E-06,1,2,0.1,0,0.3
consensus,heterogeneous,41,1,2,0.2,0.4,0.5,0.1,false,0.05,0.1,0.1,0.05,7.12889348418325E+018,20,0.103782698367591,6.82368080943E-06,2.97442659073E-06,1,2,0.1,0,0.3
consensus,heterogeneous,41,1,2,0.2,0.4,0.5,0.1,false,0.05,0.1,0.1,0.05,4.47792793694704E+018,20,0.103782698367591,6.82368080943E-06,2.97442659073E-06,1,2,0.1,0,0.3
consensus,heterogeneous,1,3,3,0.5,0.2,0,0.1,false,0.05,0.1,0.1,0.05,4.34257261248481E+018,15,0.17621235680436,1.93684743179E-06,1.34431191135E-06,1,3,-0.2,1.5,0.3
consensus,heterogeneous,1,3,3,0.5,0.2,0,0.1,false,0.05,0.1,0.1,0.05,4.28636038694465E+018,15,0.17621235680436,1.93684743179E-06,1.34431191135E-06,1,3,-0.2,1.5,0.3
consensus,heterogeneous,41,1,2,0.2,0.4,0.5,0.1,false,0.05,0.1,0.1,0.05,8.80361844505413E+018,20,0.103782698367591,6.82368080943E-06,2.97442659073E-06,1,2,0.1,0,0.3
consensus,heterogeneous,41,1,2,0.2,0.4,0.5,0.1,false,0.05,0.1,0.1,0.05,4.39889510625904E+018,20,0.103782698367591,6.82368080943E-06,2.97442659073E-06,1,2,0.1,0,0.3
consensus,heterogeneous,1,3,3,0.5,0.2,0,0.1,false,0.05,0.1,0.1,0.05,1.84114252416859E+018,15,0.17621235680436,1.93684743179E-06,1.34431191135E-06,1,3,-0.2,1.5,0.3
consensus,heterogeneous,1,3,3,0.5,0.2,0,0.1,false,0.05,0.1,0.1,0.05,6.90547037085634E+018,15,0.17621235680436,1.93684743179E-06,1.34431191135E-06,1,3,-0.2,1.5,0.3
consensus,heterogeneous,1,3,3,0.5,0.2,0,0.1,false,0.05,0.1,0.1,0.05,7.13900204836315E+018,15,0.17621235680436,1.93684743179E-06,1.34431191135E-06,1,3,-0.2,1.5,0.3
consensus,heterogeneous,1,3,3,0.5,0.2,0,0.1,false,0.05,0.1,0.1,0.05,1.09591146466576E+017,15,0.17621235680436,1.93684743179E-06,1.34431191135E-06,1,3,-0.2,1.5,0.3
consensus,heterogeneous,41,1,2,0.2,0.4,0.5,0.1,false,0.05,0.1,0.1,0.05,7.04337208916658E+018,20,0.103782698367591,6.82368080943E-06,2.97442659073E-06,1,2,0.1,0,0.3
consensus,heterogeneous,41,1,2,0.2,0.4,0.5,0.1,false,0.05,0.1,0.1,0.05,6.90547037085634E+018,20,0.103782698367591,6.82368080943E-06,2.97442659073E-06,1,2,0.1,0,0.3
consensus,heterogeneous,1,3,3,0.5,0.2,0,0.1,false,0.05,0.1,0.1,0.05,7.24071359189169E+018,15,0.17621235680436,1.93684743179E-06,1.34431191135E-06,1,3,-0.2,1.5,0.3
consensus,heterogeneous,1,3,3,0.5,0.2,0,0.1,false,0.05,0.1,0.1,0.05,7.12889348418325E+018,15,0.17621235680436,1.93684743179E-06,1.34431191135E-06,1,3,-0.2,1.5,0.3
consensus,heterogeneous,1,3,3,0.5,0.2,0,0.1,false,0.05,0.1,0.1,0.05,4.39889510625904E+018,15,0.17621235680436,1.93684743179E-06,1.34431191135E-06,1,3,-0.2,1.5,0.3
consensus,heterogeneous,41,1,2,0.2,0.4,0.5,0.1,false,0.05,0.1,0.1,0.05,4.34257261248481E+018,20,0.103782698367591,6.82368080943E-06,2.97442659073E-06,1,2,0.1,0,0.3
consensus,heterogeneous,2,2,3,0.2,0.2,0.8,0.3,false,0.05,0.1,0.1,0.05,7.24071359189169E+018,30,0.165242936240767,2.49796844681E-06,1.66371018018E-06,1,4,0.6,0,0.7
consensus,heterogeneous,2,2,3,0.2,0.2,0.8,0.3,false,0.05,0.1,0.1,0.05,7.13900204836315E+018,30,0.165242936240767,2.49796844681E-06,1.66371018018E-06,1,4,0.6,0,0.7
consensus,homogeneous,50,0,6,0.3,0.2,0,0.3,false,0.05,0.1,0.1,0.05,7.24071359189169E+018,15,0.0724120788241586,4.11299281013E-06,2.98318128788E-06,1,3,-0.2,1.66666666666667,0.3
consensus,homogeneous,50,0,6,0.3,0.2,0,0.3,false,0.05,0.1,0.1,0.05,7.13900204836315E+018,15,0.0724120788241586,4.11299281013E-06,2.98318128788E-06,1,3,-0.2,1.66666666666667,0.3
consensus,heterogeneous,2,2,3,0.2,0.2,0.8,0.3,false,0.05,0.1,0.1,0.05,6.90547037085634E+018,30,0.165242936240767,2.49796844681E-06,1.66371018018E-06,1,4,0.6,0,0.7
consensus,heterogeneous,2,2,3,0.2,0.2,0.8,0.3,false,0.05,0.1,0.1,0.05,8.80361844505413E+018,30,0.165242936240767,2.49796844681E-06,1.66371018018E-06,1,4,0.6,0,0.7
consensus,heterogeneous,2,2,3,0.2,0.2,0.8,0.3,false,0.05,0.1,0.1,0.05,8.63617513033061E+018,30,0.165242936240767,2.49796844681E-06,1.66371018018E-06,1,4,0.6,0,0.7
consensus,heterogeneous,2,2,3,0.2,0.2,0.8,0.3,false,0.05,0.1,0.1,0.05,4.39889510625904E+018,30,0.165242936240767,2.49796844681E-06,1.66371018018E-06,1,4,0.6,0,0.7
consensus,heterogeneous,2,2,3,0.2,0.2,0.8,0.3,false,0.05,0.1,0.1,0.05,1.09591146466576E+017,30,0.165242936240767,2.49796844681E-06,1.66371018018E-06,1,4,0.6,0,0.7
consensus,homogeneous,50,0,6,0.3,0.2,0,0.3,false,0.05,0.1,0.1,0.05,4.6926904669588E+018,15,0.0724120788241586,4.11299281013E-06,2.98318128788E-06,1,3,-0.2,1.66666666666667,0.3
consensus,heterogeneous,2,2,3,0.2,0.2,0.8,0.3,false,0.05,0.1,0.1,0.05,7.12889348418325E+018,30,0.165242936240767,2.49796844681E-06,1.66371018018E-06,1,4,0.6,0,0.7
consensus,homogeneous,50,0,6,0.3,0.2,0,0.3,false,0.05,0.1,0.1,0.05,8.63617513033061E+018,15,0.0724120788241586,4.11299281013E-06,2.98318128788E-06,1,3,-0.2,1.66666666666667,0.3
consensus,heterogeneous,2,2,3,0.2,0.2,0.8,0.3,false,0.05,0.1,0.1,0.05,7.04337208916658E+018,30,0.165242936240767,2.49796844681E-06,1.66371018018E-06,1,4,0.6,0,0.7
consensus,heterogeneous,2,2,3,0.2,0.2,0.8,0.3,false,0.05,0.1,0.1,0.05,4.34257261248481E+018,30,0.165242936240767,2.49796844681E-06,1.66371018018E-06,1,4,0.6,0,0.7
consensus,heterogeneous,2,2,3,0.2,0.2,0.8,0.3,false,0.05,0.1,0.1,0.05,4.6926904669588E+018,30,0.165242936240767,2.49796844681E-06,1.66371018018E-06,1,4,0.6,0,0.7
consensus,heterogeneous,2,2,3,0.2,0.2,0.8,0.3,false,0.05,0.1,0.1,0.05,4.47792793694704E+018,30,0.165242936240767,2.49796844681E-06,1.66371018018E-06,1,4,0.6,0,0.7
consensus,heterogeneous,2,2,3,0.2,0.2,0.8,0.3,false,0.05,0.1,0.1,0.05,5.70257702789059E+018,30,0.165242936240767,2.49796844681E-06,1.66371018018E-06,1,4,0.6,0,0.7
consensus,heterogeneous,2,2,3,0.2,0.2,0.8,0.3,false,0.05,0.1,0.1,0.05,1.84114252416859E+018,30,0.165242936240767,2.49796844681E-06,1.66371018018E-06,1,4,0.6,0,0.7
consensus,heterogeneous,2,2,3,0.2,0.2,0.8,0.3,false,0.05,0.1,0.1,0.05,4.28636038694465E+018,30,0.165242936240767,2.49796844681E-06,1.66371018018E-06,1,4,0.6,0,0.7
consensus,homogeneous,50,0,6,0.3,0.2,0,0.3,false,0.05,0.1,0.1,0.05,6.90547037085634E+018,15,0.0724120788241586,4.11299281013E-06,2.98318128788E-06,1,3,-0.2,1.66666666666667,0.3
consensus,homogeneous,30,0,5,0.1,0.5,0.8,0.3,false,0.05,0.1,0.1,0.05,7.24071359189169E+018,40,0.0575152844251881,8.640366212223E-05,6.593967994872E-05,1,4,0.3,0,0.7
consensus,homogeneous,30,0,5,0.1,0.5,0.8,0.3,false,0.05,0.1,0.1,0.05,5.70257702789059E+018,40,0.0575152844251881,8.640366212223E-05,6.593967994872E-05,1,4,0.3,0,0.7
consensus,homogeneous,30,0,5,0.1,0.5,0.8,0.3,false,0.05,0.1,0.1,0.05,4.47792793694704E+018,40,0.0575152844251881,8.640366212223E-05,6.593967994872E-05,1,4,0.3,0,0.7
consensus,homogeneous,30,0,5,0.1,0.5,0.8,0.3,false,0.05,0.1,0.1,0.05,8.80361844505413E+018,40,0.0575152844251881,8.640366212223E-05,6.593967994872E-05,1,4,0.3,0,0.7
consensus,homogeneous,30,0,5,0.1,0.5,0.8,0.3,false,0.05,0.1,0.1,0.05,1.09591146466576E+017,40,0.0575152844251881,8.640366212223E-05,6.593967994872E-05,1,4,0.3,0,0.7
consensus,homogeneous,50,0,6,0.3,0.2,0,0.3,false,0.05,0.1,0.1,0.05,5.70257702789059E+018,15,0.0724120788241586,4.11299281013E-06,2.98318128788E-06,1,3,-0.2,1.66666666666667,0.3
consensus,homogeneous,30,0,5,0.1,0.5,0.8,0.3,false,0.05,0.1,0.1,0.05,6.90547037085634E+018,40,0.0575152844251881,8.640366212223E-05,6.593967994872E-05,1,4,0.3,0,0.7
consensus,homogeneous,30,0,5,0.1,0.5,0.8,0.3,false,0.05,0.1,0.1,0.05,4.6926904669588E+018,40,0.0575152844251881,8.640366212223E-05,6.593967994872E-05,1,4,0.3,0,0.7
consensus,homogeneous,50,0,6,0.3,0.2,0,0.3,false,0.05,0.1,0.1,0.05,1.09591146466576E+017,15,0.0724120788241586,4.11299281013E-06,2.98318128788E-06,1,3,-0.2,1.66666666666667,0.3
consensus,homogeneous,30,0,5,0.1,0.5,0.8,0.3,false,0.05,0.1,0.1,0.05,1.84114252416859E+018,40,0.0575152844251881,8.640366212223E-05,6.593967994872E-05,1,4,0.3,0,0.7
consensus,homogeneous,30,0,5,0.1,0.5,0.8,0.3,false,0.05,0.1,0.1,0.05,7.12889348418325E+018,40,0.0575152844251881,8.640366212223E-05,6.593967994872E-05,1,4,0.3,0,0.7
consensus,homogeneous,30,0,5,0.1,0.5,0.8,0.3,false,0.05,0.1,0.1,0.05,4.39889510625904E+018,40,0.0575152844251881,8.640366212223E-05,6.593967994872E-05,1,4,0.3,0,0.7
consensus,homogeneous,30,0,5,0.1,0.5,0.8,0.3,false,0.05,0.1,0.1,0.05,8.63617513033061E+018,40,0.0575152844251881,8.640366212223E-05,6.593967994872E-05,1,4,0.3,0,0.7
consensus,homogeneous,30,0,5,0.1,0.5,0.8,0.3,false,0.05,0.1,0.1,0.05,4.28636038694465E+018,40,0.0575152844251881,8.640366212223E-05,6.593967994872E-05,1,4,0.3,0,0.7
consensus,homogeneous,50,0,6,0.3,0.2,0,0.3,false,0.05,0.1,0.1,0.05,7.12889348418325E+018,15,0.0724120788241586,4.11299281013E-06,2.98318128788E-06,1,3,-0.2,1.66666666666667,0.3
consensus,homogeneous,30,0,5,0.1,0.5,0.8,0.3,false,0.05,0.1,0.1,0.05,7.13900204836315E+018,40,0.0575152844251881,8.640366212223E-05,6.593967994872E-05,1,4,0.3,0,0.7
consensus,homogeneous,50,0,6,0.3,0.2,0,0.3,false,0.05,0.1,0.1,0.05,4.39889510625904E+018,15,0.0724120788241586,4.11299281013E-06,2.98318128788E-06,1,3,-0.2,1.66666666666667,0.3
consensus,homogeneous,50,0,6,0.3,0.2,0,0.3,false,0.05,0.1,0.1,0.05,4.34257261248481E+018,15,0.0724120788241586,4.11299281013E-06,2.98318128788E-06,1,3,-0.2,1.66666666666667,0.3
consensus,homogeneous,30,0,5,0.1,0.5,0.8,0.3,false,0.05,0.1,0.1,0.05,4.34257261248481E+018,40,0.0575152844251881,8.640366212223E-05,6.593967994872E-05,1,4,0.3,0,0.7
consensus,homogeneous,50,0,6,0.3,0.2,0,0.3,false,0.05,0.1,0.1,0.05,1.84114252416859E+018,15,0.0724120788241586,4.11299281013E-06,2.98318128788E-06,1,3,-0.2,1.66666666666667,0.3
consensus,homogeneous,50,0,6,0.3,0.2,0,0.3,false,0.05,0.1,0.1,0.05,7.04337208916658E+018,15,0.0724120788241586,4.11299281013E-06,2.98318128788E-06,1,3,-0.2,1.66666666666667,0.3
consensus,homogeneous,50,0,6,0.3,0.2,0,0.3,false,0.05,0.1,0.1,0.05,8.80361844505413E+018,15,0.0724120788241586,4.11299281013E-06,2.98318128788E-06,1,3,-0.2,1.66666666666667,0.3
consensus,homogeneous,30,0,5,0.1,0.5,0.8,0.3,false,0.05,0.1,0.1,0.05,7.04337208916658E+018,40,0.0575152844251881,8.640366212223E-05,6.593967994872E-05,1,4,0.3,0,0.7
consensus,homogeneous,50,0,6,0.3,0.2,0,0.3,false,0.05,0.1,0.1,0.05,4.47792793694704E+018,15,0.0724120788241586,4.11299281013E-06,2.98318128788E-06,1,3,-0.2,1.66666666666667,0.3
consensus,homogeneous,50,0,6,0.3,0.2,0,0.3,false,0.05,0.1,0.1,0.05,4.28636038694465E+018,15,0.0724120788241586,4.11299281013E-06,2.98318128788E-06,1,3,-0.2,1.66666666666667,0.3
consensus,heterogeneous,42,2,2,0.5,0.5,0.8,0.2,false,0.05,0.1,0.1,0.05,4.6926904669588E+018,15,0.168350368932924,2.83314734E-09,2.95173223E-09,1,4,0.3,0,0
consensus,heterogeneous,42,2,2,0.5,0.5,0.8,0.2,false,0.05,0.1,0.1,0.05,8.63617513033061E+018,15,0.168350368932924,2.83314734E-09,2.95173223E-09,1,4,0.3,0,0
consensus,heterogeneous,42,2,2,0.5,0.5,0.8,0.2,false,0.05,0.1,0.1,0.05,7.24071359189169E+018,15,0.168350368932924,2.83314734E-09,2.95173223E-09,1,4,0.3,0,0
consensus,heterogeneous,42,2,2,0.5,0.5,0.8,0.2,false,0.05,0.1,0.1,0.05,7.13900204836315E+018,15,0.168350368932924,2.83314734E-09,2.95173223E-09,1,4,0.3,0,0
consensus,heterogeneous,42,2,2,0.5,0.5,0.8,0.2,false,0.05,0.1,0.1,0.05,1.84114252416859E+018,15,0.168350368932924,2.83314734E-09,2.95173223E-09,1,4,0.3,0,0
consensus,heterogeneous,42,2,2,0.5,0.5,0.8,0.2,false,0.05,0.1,0.1,0.05,8.80361844505413E+018,15,0.168350368932924,2.83314734E-09,2.95173223E-09,1,4,0.3,0,0
consensus,heterogeneous,42,2,2,0.5,0.5,0.8,0.2,false,0.05,0.1,0.1,0.05,6.90547037085634E+018,15,0.168350368932924,2.83314734E-09,2.95173223E-09,1,4,0.3,0,0
consensus,heterogeneous,42,2,2,0.5,0.5,0.8,0.2,false,0.05,0.1,0.1,0.05,7.04337208916658E+018,15,0.168350368932924,2.83314734E-09,2.95173223E-09,1,4,0.3,0,0
consensus,heterogeneous,42,2,2,0.5,0.5,0.8,0.2,false,0.05,0.1,0.1,0.05,1.09591146466576E+017,15,0.168350368932924,2.83314734E-09,2.95173223E-09,1,4,0.3,0,0
consensus,heterogeneous,42,2,2,0.5,0.5,0.8,0.2,false,0.05,0.1,0.1,0.05,4.39889510625904E+018,15,0.168350368932924,2.83314734E-09,2.95173223E-09,1,4,0.3,0,0
consensus,heterogeneous,42,2,2,0.5,0.5,0.8,0.2,false,0.05,0.1,0.1,0.05,4.28636038694465E+018,15,0.168350368932924,2.83314734E-09,2.95173223E-09,1,4,0.3,0,0
consensus,heterogeneous,42,2,2,0.5,0.5,0.8,0.2,false,0.05,0.1,0.1,0.05,5.70257702789059E+018,15,0.168350368932924,2.83314734E-09,2.95173223E-09,1,4,0.3,0,0
consensus,heterogeneous,42,2,2,0.5,0.5,0.8,0.2,false,0.05,0.1,0.1,0.05,4.34257261248481E+018,15,0.168350368932924,2.83314734E-09,2.95173223E-09,1,4,0.3,0,0
consensus,heterogeneous,42,2,2,0.5,0.5,0.8,0.2,false,0.05,0.1,0.1,0.05,7.12889348418325E+018,15,0.168350368932924,2.83314734E-09,2.95173223E-09,1,4,0.3,0,0
consensus,heterogeneous,42,2,2,0.5,0.5,0.8,0.2,false,0.05,0.1,0.1,0.05,4.47792793694704E+018,15,0.168350368932924,2.83314734E-09,2.95173223E-09,1,4,0.3,0,0
consensus,heterogeneous,28,3,3,0.1,0.4,0,0.2,false,0.05,0.1,0.1,0.05,8.63617513033061E+018,35,0.0785371351062546,3.267524111228E-05,2.373053343957E-05,1,4,-0.4,2.16666666666667,0.7
consensus,heterogeneous,21,3,3,0.3,0.2,0.6,0.2,false,0.05,0.1,0.1,0.05,7.24071359189169E+018,20,0.109421369845544,2.8208510077E-07,2.0073521464E-07,1,4,0.4,0,0.7
consensus,heterogeneous,21,3,3,0.3,0.2,0.6,0.2,false,0.05,0.1,0.1,0.05,7.13900204836315E+018,20,0.109421369845544,2.8208510077E-07,2.0073521464E-07,1,4,0.4,0,0.7
consensus,heterogeneous,28,3,3,0.1,0.4,0,0.2,false,0.05,0.1,0.1,0.05,7.13900204836315E+018,35,0.0785371351062546,3.267524111228E-05,2.373053343957E-05,1,4,-0.4,2.16666666666667,0.7
consensus,heterogeneous,28,3,3,0.1,0.4,0,0.2,false,0.05,0.1,0.1,0.05,4.6926904669588E+018,35,0.0785371351062546,3.267524111228E-05,2.373053343957E-05,1,4,-0.4,2.16666666666667,0.7
consensus,heterogeneous,28,3,3,0.1,0.4,0,0.2,false,0.05,0.1,0.1,0.05,6.90547037085634E+018,35,0.0785371351062546,3.267524111228E-05,2.373053343957E-05,1,4,-0.4,2.16666666666667,0.7
consensus,heterogeneous,28,3,3,0.1,0.4,0,0.2,false,0.05,0.1,0.1,0.05,7.24071359189169E+018,35,0.0785371351062546,3.267524111228E-05,2.373053343957E-05,1,4,-0.4,2.16666666666667,0.7
consensus,heterogeneous,28,3,3,0.1,0.4,0,0.2,false,0.05,0.1,0.1,0.05,1.84114252416859E+018,35,0.0785371351062546,3.267524111228E-05,2.373053343957E-05,1,4,-0.4,2.16666666666667,0.7
consensus,heterogeneous,28,3,3,0.1,0.4,0,0.2,false,0.05,0.1,0.1,0.05,4.28636038694465E+018,35,0.0785371351062546,3.267524111228E-05,2.373053343957E-05,1,4,-0.4,2.16666666666667,0.7
consensus,heterogeneous,28,3,3,0.1,0.4,0,0.2,false,0.05,0.1,0.1,0.05,5.70257702789059E+018,35,0.0785371351062546,3.267524111228E-05,2.373053343957E-05,1,4,-0.4,2.16666666666667,0.7
consensus,heterogeneous,28,3,3,0.1,0.4,0,0.2,false,0.05,0.1,0.1,0.05,8.80361844505413E+018,35,0.0785371351062546,3.267524111228E-05,2.373053343957E-05,1,4,-0.4,2.16666666666667,0.7
consensus,heterogeneous,21,3,3,0.3,0.2,0.6,0.2,false,0.05,0.1,0.1,0.05,4.6926904669588E+018,20,0.109421369845544,2.8208510077E-07,2.0073521464E-07,1,4,0.4,0,0.7
consensus,heterogeneous,28,3,3,0.1,0.4,0,0.2,false,0.05,0.1,0.1,0.05,4.39889510625904E+018,35,0.0785371351062546,3.267524111228E-05,2.373053343957E-05,1,4,-0.4,2.16666666666667,0.7
consensus,heterogeneous,21,3,3,0.3,0.2,0.6,0.2,false,0.05,0.1,0.1,0.05,8.63617513033061E+018,20,0.109421369845544,2.8208510077E-07,2.0073521464E-07,1,4,0.4,0,0.7
consensus,heterogeneous,21,3,3,0.3,0.2,0.6,0.2,false,0.05,0.1,0.1,0.05,5.70257702789059E+018,20,0.109421369845544,2.8208510077E-07,2.0073521464E-07,1,4,0.4,0,0.7
consensus,heterogeneous,28,3,3,0.1,0.4,0,0.2,false,0.05,0.1,0.1,0.05,1.09591146466576E+017,35,0.0785371351062546,3.267524111228E-05,2.373053343957E-05,1,4,-0.4,2.16666666666667,0.7
consensus,heterogeneous,28,3,3,0.1,0.4,0,0.2,false,0.05,0.1,0.1,0.05,7.04337208916658E+018,35,0.0785371351062546,3.267524111228E-05,2.373053343957E-05,1,4,-0.4,2.16666666666667,0.7
consensus,homogeneous,50,0,6,0.5,0.6,0.8,0.1,false,0.05,0.1,0.1,0.05,7.13900204836315E+018,15,0.0761433105095662,1.06323515735E-06,6.0686914175E-07,1,3,0.2,0,0
consensus,heterogeneous,21,3,3,0.3,0.2,0.6,0.2,false,0.05,0.1,0.1,0.05,4.39889510625904E+018,20,0.109421369845544,2.8208510077E-07,2.0073521464E-07,1,4,0.4,0,0.7
consensus,heterogeneous,21,3,3,0.3,0.2,0.6,0.2,false,0.05,0.1,0.1,0.05,4.47792793694704E+018,20,0.109421369845544,2.8208510077E-07,2.0073521464E-07,1,4,0.4,0,0.7
consensus,heterogeneous,28,3,3,0.1,0.4,0,0.2,false,0.05,0.1,0.1,0.05,7.12889348418325E+018,35,0.0785371351062546,3.267524111228E-05,2.373053343957E-05,1,4,-0.4,2.16666666666667,0.7
consensus,heterogeneous,28,3,3,0.1,0.4,0,0.2,false,0.05,0.1,0.1,0.05,4.47792793694704E+018,35,0.0785371351062546,3.267524111228E-05,2.373053343957E-05,1,4,-0.4,2.16666666666667,0.7
consensus,heterogeneous,21,3,3,0.3,0.2,0.6,0.2,false,0.05,0.1,0.1,0.05,1.84114252416859E+018,20,0.109421369845544,2.8208510077E-07,2.0073521464E-07,1,4,0.4,0,0.7
consensus,heterogeneous,21,3,3,0.3,0.2,0.6,0.2,false,0.05,0.1,0.1,0.05,6.90547037085634E+018,20,0.109421369845544,2.8208510077E-07,2.0073521464E-07,1,4,0.4,0,0.7
consensus,homogeneous,50,0,6,0.5,0.6,0.8,0.1,false,0.05,0.1,0.1,0.05,7.24071359189169E+018,15,0.0761433105095662,1.06323515735E-06,6.0686914175E-07,1,3,0.2,0,0
consensus,heterogeneous,28,3,3,0.1,0.4,0,0.2,false,0.05,0.1,0.1,0.05,4.34257261248481E+018,35,0.0785371351062546,3.267524111228E-05,2.373053343957E-05,1,4,-0.4,2.16666666666667,0.7
consensus,heterogeneous,21,3,3,0.3,0.2,0.6,0.2,false,0.05,0.1,0.1,0.05,8.80361844505413E+018,20,0.109421369845544,2.8208510077E-07,2.0073521464E-07,1,4,0.4,0,0.7
consensus,heterogeneous,21,3,3,0.3,0.2,0.6,0.2,false,0.05,0.1,0.1,0.05,7.04337208916658E+018,20,0.109421369845544,2.8208510077E-07,2.0073521464E-07,1,4,0.4,0,0.7
consensus,heterogeneous,21,3,3,0.3,0.2,0.6,0.2,false,0.05,0.1,0.1,0.05,1.09591146466576E+017,20,0.109421369845544,2.8208510077E-07,2.0073521464E-07,1,4,0.4,0,0.7
consensus,heterogeneous,21,3,3,0.3,0.2,0.6,0.2,false,0.05,0.1,0.1,0.05,7.12889348418325E+018,20,0.109421369845544,2.8208510077E-07,2.0073521464E-07,1,4,0.4,0,0.7
consensus,heterogeneous,21,3,3,0.3,0.2,0.6,0.2,false,0.05,0.1,0.1,0.05,4.28636038694465E+018,20,0.109421369845544,2.8208510077E-07,2.0073521464E-07,1,4,0.4,0,0.7
consensus,heterogeneous,21,3,3,0.3,0.2,0.6,0.2,false,0.05,0.1,0.1,0.05,4.34257261248481E+018,20,0.109421369845544,2.8208510077E-07,2.0073521464E-07,1,4,0.4,0,0.7
consensus,homogeneous,50,0,6,0.5,0.6,0.8,0.1,false,0.05,0.1,0.1,0.05,4.6926904669588E+018,15,0.0761433105095662,1.06323515735E-06,6.0686914175E-07,1,3,0.2,0,0
consensus,homogeneous,50,0,6,0.5,0.6,0.8,0.1,false,0.05,0.1,0.1,0.05,6.90547037085634E+018,15,0.0761433105095662,1.06323515735E-06,6.0686914175E-07,1,3,0.2,0,0
consensus,homogeneous,50,0,6,0.5,0.6,0.8,0.1,false,0.05,0.1,0.1,0.05,8.63617513033061E+018,15,0.0761433105095662,1.06323515735E-06,6.0686914175E-07,1,3,0.2,0,0
consensus,homogeneous,50,0,6,0.5,0.6,0.8,0.1,false,0.05,0.1,0.1,0.05,4.34257261248481E+018,15,0.0761433105095662,1.06323515735E-06,6.0686914175E-07,1,3,0.2,0,0
consensus,homogeneous,50,0,6,0.5,0.6,0.8,0.1,false,0.05,0.1,0.1,0.05,5.70257702789059E+018,15,0.0761433105095662,1.06323515735E-06,6.0686914175E-07,1,3,0.2,0,0
consensus,homogeneous,50,0,6,0.5,0.6,0.8,0.1,false,0.05,0.1,0.1,0.05,1.84114252416859E+018,15,0.0761433105095662,1.06323515735E-06,6.0686914175E-07,1,3,0.2,0,0
consensus,homogeneous,50,0,6,0.5,0.6,0.8,0.1,false,0.05,0.1,0.1,0.05,4.39889510625904E+018,15,0.0761433105095662,1.06323515735E-06,6.0686914175E-07,1,3,0.2,0,0
consensus,homogeneous,50,0,6,0.5,0.6,0.8,0.1,false,0.05,0.1,0.1,0.05,4.47792793694704E+018,15,0.0761433105095662,1.06323515735E-06,6.0686914175E-07,1,3,0.2,0,0
consensus,homogeneous,50,0,6,0.5,0.6,0.8,0.1,false,0.05,0.1,0.1,0.05,8.80361844505413E+018,15,0.0761433105095662,1.06323515735E-06,6.0686914175E-07,1,3,0.2,0,0
consensus,homogeneous,50,0,6,0.5,0.6,0.8,0.1,false,0.05,0.1,0.1,0.05,1.09591146466576E+017,15,0.0761433105095662,1.06323515735E-06,6.0686914175E-07,1,3,0.2,0,0
consensus,homogeneous,50,0,6,0.5,0.6,0.8,0.1,false,0.05,0.1,0.1,0.05,7.12889348418325E+018,15,0.0761433105095662,1.06323515735E-06,6.0686914175E-07,1,3,0.2,0,0
consensus,homogeneous,50,0,6,0.5,0.6,0.8,0.1,false,0.05,0.1,0.1,0.05,4.28636038694465E+018,15,0.0761433105095662,1.06323515735E-06,6.0686914175E-07,1,3,0.2,0,0
consensus,homogeneous,50,0,6,0.5,0.6,0.8,0.1,false,0.05,0.1,0.1,0.05,7.04337208916658E+018,15,0.0761433105095662,1.06323515735E-06,6.0686914175E-07,1,3,0.2,0,0
consensus,heterogeneous,7,3,3,0.2,0.4,0,0.1,false,0.05,0.1,0.1,0.05,7.24071359189169E+018,25,0.118094499709865,4.00311205251E-06,2.30505201519E-06,1,4,-0.4,2.16666666666667,1
consensus,heterogeneous,7,3,3,0.2,0.4,0,0.1,false,0.05,0.1,0.1,0.05,1.84114252416859E+018,25,0.118094499709865,4.00311205251E-06,2.30505201519E-06,1,4,-0.4,2.16666666666667,1
consensus,heterogeneous,7,3,3,0.2,0.4,0,0.1,false,0.05,0.1,0.1,0.05,4.47792793694704E+018,25,0.118094499709865,4.00311205251E-06,2.30505201519E-06,1,4,-0.4,2.16666666666667,1
consensus,heterogeneous,7,3,3,0.2,0.4,0,0.1,false,0.05,0.1,0.1,0.05,6.90547037085634E+018,25,0.118094499709865,4.00311205251E-06,2.30505201519E-06,1,4,-0.4,2.16666666666667,1
consensus,heterogeneous,7,3,3,0.2,0.4,0,0.1,false,0.05,0.1,0.1,0.05,8.63617513033061E+018,25,0.118094499709865,4.00311205251E-06,2.30505201519E-06,1,4,-0.4,2.16666666666667,1
consensus,heterogeneous,7,3,3,0.2,0.4,0,0.1,false,0.05,0.1,0.1,0.05,7.13900204836315E+018,25,0.118094499709865,4.00311205251E-06,2.30505201519E-06,1,4,-0.4,2.16666666666667,1
consensus,heterogeneous,7,3,3,0.2,0.4,0,0.1,false,0.05,0.1,0.1,0.05,4.34257261248481E+018,25,0.118094499709865,4.00311205251E-06,2.30505201519E-06,1,4,-0.4,2.16666666666667,1
consensus,heterogeneous,7,3,3,0.2,0.4,0,0.1,false,0.05,0.1,0.1,0.05,4.6926904669588E+018,25,0.118094499709865,4.00311205251E-06,2.30505201519E-06,1,4,-0.4,2.16666666666667,1
consensus,heterogeneous,7,3,3,0.2,0.4,0,0.1,false,0.05,0.1,0.1,0.05,4.28636038694465E+018,25,0.118094499709865,4.00311205251E-06,2.30505201519E-06,1,4,-0.4,2.16666666666667,1
consensus,heterogeneous,7,3,3,0.2,0.4,0,0.1,false,0.05,0.1,0.1,0.05,5.70257702789059E+018,25,0.118094499709865,4.00311205251E-06,2.30505201519E-06,1,4,-0.4,2.16666666666667,1
consensus,heterogeneous,7,3,3,0.2,0.4,0,0.1,false,0.05,0.1,0.1,0.05,1.09591146466576E+017,25,0.118094499709865,4.00311205251E-06,2.30505201519E-06,1,4,-0.4,2.16666666666667,1
consensus,heterogeneous,7,3,3,0.2,0.4,0,0.1,false,0.05,0.1,0.1,0.05,4.39889510625904E+018,25,0.118094499709865,4.00311205251E-06,2.30505201519E-06,1,4,-0.4,2.16666666666667,1
consensus,heterogeneous,7,3,3,0.2,0.4,0,0.1,false,0.05,0.1,0.1,0.05,7.12889348418325E+018,25,0.118094499709865,4.00311205251E-06,2.30505201519E-06,1,4,-0.4,2.16666666666667,1
consensus,heterogeneous,7,3,3,0.2,0.4,0,0.1,false,0.05,0.1,0.1,0.05,7.04337208916658E+018,25,0.118094499709865,4.00311205251E-06,2.30505201519E-06,1,4,-0.4,2.16666666666667,1
consensus,heterogeneous,7,3,3,0.2,0.4,0,0.1,false,0.05,0.1,0.1,0.05,8.80361844505413E+018,25,0.118094499709865,4.00311205251E-06,2.30505201519E-06,1,4,-0.4,2.16666666666667,1
consensus,heterogeneous,15,3,3,0.1,0.2,0.5,0.3,false,0.05,0.1,0.1,0.05,8.63617513033061E+018,30,0.0832857722320285,1.982985534558E-05,1.293911421651E-05,1,4,0.3,0,1
consensus,heterogeneous,15,3,3,0.1,0.2,0.5,0.3,false,0.05,0.1,0.1,0.05,7.13900204836315E+018,30,0.0832857722320285,1.982985534558E-05,1.293911421651E-05,1,4,0.3,0,1
consensus,heterogeneous,15,3,3,0.1,0.2,0.5,0.3,false,0.05,0.1,0.1,0.05,4.6926904669588E+018,30,0.0832857722320285,1.982985534558E-05,1.293911421651E-05,1,4,0.3,0,1
consensus,heterogeneous,15,3,3,0.1,0.2,0.5,0.3,false,0.05,0.1,0.1,0.05,5.70257702789059E+018,30,0.0832857722320285,1.982985534558E-05,1.293911421651E-05,1,4,0.3,0,1
consensus,heterogeneous,15,3,3,0.1,0.2,0.5,0.3,false,0.05,0.1,0.1,0.05,7.04337208916658E+018,30,0.0832857722320285,1.982985534558E-05,1.293911421651E-05,1,4,0.3,0,1
consensus,heterogeneous,15,3,3,0.1,0.2,0.5,0.3,false,0.05,0.1,0.1,0.05,4.39889510625904E+018,30,0.0832857722320285,1.982985534558E-05,1.293911421651E-05,1,4,0.3,0,1
consensus,heterogeneous,15,3,3,0.1,0.2,0.5,0.3,false,0.05,0.1,0.1,0.05,1.09591146466576E+017,30,0.0832857722320285,1.982985534558E-05,1.293911421651E-05,1,4,0.3,0,1
consensus,heterogeneous,15,3,3,0.1,0.2,0.5,0.3,false,0.05,0.1,0.1,0.05,7.24071359189169E+018,30,0.0832857722320285,1.982985534558E-05,1.293911421651E-05,1,4,0.3,0,1
consensus,heterogeneous,15,3,3,0.1,0.2,0.5,0.3,false,0.05,0.1,0.1,0.05,4.34257261248481E+018,30,0.0832857722320285,1.982985534558E-05,1.293911421651E-05,1,4,0.3,0,1
consensus,heterogeneous,15,3,3,0.1,0.2,0.5,0.3,false,0.05,0.1,0.1,0.05,6.90547037085634E+018,30,0.0832857722320285,1.982985534558E-05,1.293911421651E-05,1,4,0.3,0,1
consensus,heterogeneous,15,3,3,0.1,0.2,0.5,0.3,false,0.05,0.1,0.1,0.05,1.84114252416859E+018,30,0.0832857722320285,1.982985534558E-05,1.293911421651E-05,1,4,0.3,0,1
consensus,heterogeneous,15,3,3,0.1,0.2,0.5,0.3,false,0.05,0.1,0.1,0.05,8.80361844505413E+018,30,0.0832857722320285,1.982985534558E-05,1.293911421651E-05,1,4,0.3,0,1
consensus,heterogeneous,15,3,3,0.1,0.2,0.5,0.3,false,0.05,0.1,0.1,0.05,4.28636038694465E+018,30,0.0832857722320285,1.982985534558E-05,1.293911421651E-05,1,4,0.3,0,1
consensus,homogeneous,22,0,6,0.1,0.6,0.5,0.2,false,0.05,0.1,0.1,0.05,7.13900204836315E+018,35,0.0345220028374668,4.000614612585E-05,3.823781799743E-05,1,3,-0.1,0,0
consensus,heterogeneous,15,3,3,0.1,0.2,0.5,0.3,false,0.05,0.1,0.1,0.05,7.12889348418325E+018,30,0.0832857722320285,1.982985534558E-05,1.293911421651E-05,1,4,0.3,0,1
consensus,heterogeneous,15,3,3,0.1,0.2,0.5,0.3,false,0.05,0.1,0.1,0.05,4.47792793694704E+018,30,0.0832857722320285,1.982985534558E-05,1.293911421651E-05,1,4,0.3,0,1
consensus,homogeneous,43,0,5,0.2,0.4,0.8,0.1,false,0.05,0.1,0.1,0.05,7.13900204836315E+018,20,0.0449732216858506,9.65967612628E-06,0.0000076533404581,1,3,0.4,0,0.3
consensus,homogeneous,22,0,6,0.1,0.6,0.5,0.2,false,0.05,0.1,0.1,0.05,7.24071359189169E+018,35,0.0345220028374668,4.000614612585E-05,3.823781799743E-05,1,3,-0.1,0,0
consensus,homogeneous,43,0,5,0.2,0.4,0.8,0.1,false,0.05,0.1,0.1,0.05,4.6926904669588E+018,20,0.0449732216858506,9.65967612628E-06,0.0000076533404581,1,3,0.4,0,0.3
consensus,homogeneous,43,0,5,0.2,0.4,0.8,0.1,false,0.05,0.1,0.1,0.05,6.90547037085634E+018,20,0.0449732216858506,9.65967612628E-06,0.0000076533404581,1,3,0.4,0,0.3
consensus,homogeneous,43,0,5,0.2,0.4,0.8,0.1,false,0.05,0.1,0.1,0.05,4.39889510625904E+018,20,0.0449732216858506,9.65967612628E-06,0.0000076533404581,1,3,0.4,0,0.3
consensus,homogeneous,43,0,5,0.2,0.4,0.8,0.1,false,0.05,0.1,0.1,0.05,8.63617513033061E+018,20,0.0449732216858506,9.65967612628E-06,0.0000076533404581,1,3,0.4,0,0.3
consensus,homogeneous,43,0,5,0.2,0.4,0.8,0.1,false,0.05,0.1,0.1,0.05,4.34257261248481E+018,20,0.0449732216858506,9.65967612628E-06,0.0000076533404581,1,3,0.4,0,0.3
consensus,homogeneous,43,0,5,0.2,0.4,0.8,0.1,false,0.05,0.1,0.1,0.05,7.24071359189169E+018,20,0.0449732216858506,9.65967612628E-06,0.0000076533404581,1,3,0.4,0,0.3
consensus,homogeneous,43,0,5,0.2,0.4,0.8,0.1,false,0.05,0.1,0.1,0.05,1.84114252416859E+018,20,0.0449732216858506,9.65967612628E-06,0.0000076533404581,1,3,0.4,0,0.3
consensus,homogeneous,43,0,5,0.2,0.4,0.8,0.1,false,0.05,0.1,0.1,0.05,8.80361844505413E+018,20,0.0449732216858506,9.65967612628E-06,0.0000076533404581,1,3,0.4,0,0.3
consensus,homogeneous,22,0,6,0.1,0.6,0.5,0.2,false,0.05,0.1,0.1,0.05,7.12889348418325E+018,35,0.0345220028374668,4.000614612585E-05,3.823781799743E-05,1,3,-0.1,0,0
consensus,heterogeneous,19,2,2,0.2,0.5,0.2,0.1,false,0.05,0.1,0.1,0.05,7.24071359189169E+018,20,0.155372682947356,6.76405016926E-06,4.57676193468E-06,1,3,-0.3,0,0.7
consensus,homogeneous,43,0,5,0.2,0.4,0.8,0.1,false,0.05,0.1,0.1,0.05,5.70257702789059E+018,20,0.0449732216858506,9.65967612628E-06,0.0000076533404581,1,3,0.4,0,0.3
consensus,homogeneous,22,0,6,0.1,0.6,0.5,0.2,false,0.05,0.1,0.1,0.05,5.70257702789059E+018,35,0.0345220028374668,4.000614612585E-05,3.823781799743E-05,1,3,-0.1,0,0
consensus,homogeneous,43,0,5,0.2,0.4,0.8,0.1,false,0.05,0.1,0.1,0.05,7.04337208916658E+018,20,0.0449732216858506,9.65967612628E-06,0.0000076533404581,1,3,0.4,0,0.3
consensus,homogeneous,22,0,6,0.1,0.6,0.5,0.2,false,0.05,0.1,0.1,0.05,4.6926904669588E+018,35,0.0345220028374668,4.000614612585E-05,3.823781799743E-05,1,3,-0.1,0,0
consensus,homogeneous,43,0,5,0.2,0.4,0.8,0.1,false,0.05,0.1,0.1,0.05,1.09591146466576E+017,20,0.0449732216858506,9.65967612628E-06,0.0000076533404581,1,3,0.4,0,0.3
consensus,homogeneous,22,0,6,0.1,0.6,0.5,0.2,false,0.05,0.1,0.1,0.05,4.34257261248481E+018,35,0.0345220028374668,4.000614612585E-05,3.823781799743E-05,1,3,-0.1,0,0
consensus,homogeneous,43,0,5,0.2,0.4,0.8,0.1,false,0.05,0.1,0.1,0.05,7.12889348418325E+018,20,0.0449732216858506,9.65967612628E-06,0.0000076533404581,1,3,0.4,0,0.3
consensus,heterogeneous,19,2,2,0.2,0.5,0.2,0.1,false,0.05,0.1,0.1,0.05,7.13900204836315E+018,20,0.155372682947356,6.76405016926E-06,4.57676193468E-06,1,3,-0.3,0,0.7
consensus,homogeneous,22,0,6,0.1,0.6,0.5,0.2,false,0.05,0.1,0.1,0.05,8.63617513033061E+018,35,0.0345220028374668,4.000614612585E-05,3.823781799743E-05,1,3,-0.1,0,0
consensus,homogeneous,43,0,5,0.2,0.4,0.8,0.1,false,0.05,0.1,0.1,0.05,4.28636038694465E+018,20,0.0449732216858506,9.65967612628E-06,0.0000076533404581,1,3,0.4,0,0.3
consensus,homogeneous,22,0,6,0.1,0.6,0.5,0.2,false,0.05,0.1,0.1,0.05,4.28636038694465E+018,35,0.0345220028374668,4.000614612585E-05,3.823781799743E-05,1,3,-0.1,0,0
consensus,homogeneous,22,0,6,0.1,0.6,0.5,0.2,false,0.05,0.1,0.1,0.05,4.47792793694704E+018,35,0.0345220028374668,4.000614612585E-05,3.823781799743E-05,1,3,-0.1,0,0
consensus,homogeneous,22,0,6,0.1,0.6,0.5,0.2,false,0.05,0.1,0.1,0.05,8.80361844505413E+018,35,0.0345220028374668,4.000614612585E-05,3.823781799743E-05,1,3,-0.1,0,0
consensus,homogeneous,22,0,6,0.1,0.6,0.5,0.2,false,0.05,0.1,0.1,0.05,1.84114252416859E+018,35,0.0345220028374668,4.000614612585E-05,3.823781799743E-05,1,3,-0.1,0,0
consensus,heterogeneous,19,2,2,0.2,0.5,0.2,0.1,false,0.05,0.1,0.1,0.05,4.6926904669588E+018,20,0.155372682947356,6.76405016926E-06,4.57676193468E-06,1,3,-0.3,0,0.7
consensus,homogeneous,22,0,6,0.1,0.6,0.5,0.2,false,0.05,0.1,0.1,0.05,6.90547037085634E+018,35,0.0345220028374668,4.000614612585E-05,3.823781799743E-05,1,3,-0.1,0,0
consensus,homogeneous,22,0,6,0.1,0.6,0.5,0.2,false,0.05,0.1,0.1,0.05,4.39889510625904E+018,35,0.0345220028374668,4.000614612585E-05,3.823781799743E-05,1,3,-0.1,0,0
consensus,homogeneous,43,0,5,0.2,0.4,0.8,0.1,false,0.05,0.1,0.1,0.05,4.47792793694704E+018,20,0.0449732216858506,9.65967612628E-06,0.0000076533404581,1,3,0.4,0,0.3
consensus,homogeneous,22,0,6,0.1,0.6,0.5,0.2,false,0.05,0.1,0.1,0.05,7.04337208916658E+018,35,0.0345220028374668,4.000614612585E-05,3.823781799743E-05,1,3,-0.1,0,0
consensus,homogeneous,22,0,6,0.1,0.6,0.5,0.2,false,0.05,0.1,0.1,0.05,1.09591146466576E+017,35,0.0345220028374668,4.000614612585E-05,3.823781799743E-05,1,3,-0.1,0,0
consensus,heterogeneous,19,2,2,0.2,0.5,0.2,0.1,false,0.05,0.1,0.1,0.05,5.70257702789059E+018,20,0.155372682947356,6.76405016926E-06,4.57676193468E-06,1,3,-0.3,0,0.7
consensus,heterogeneous,19,2,2,0.2,0.5,0.2,0.1,false,0.05,0.1,0.1,0.05,8.63617513033061E+018,20,0.155372682947356,6.76405016926E-06,4.57676193468E-06,1,3,-0.3,0,0.7
consensus,heterogeneous,19,2,2,0.2,0.5,0.2,0.1,false,0.05,0.1,0.1,0.05,7.04337208916658E+018,20,0.155372682947356,6.76405016926E-06,4.57676193468E-06,1,3,-0.3,0,0.7
consensus,heterogeneous,19,2,2,0.2,0.5,0.2,0.1,false,0.05,0.1,0.1,0.05,7.12889348418325E+018,20,0.155372682947356,6.76405016926E-06,4.57676193468E-06,1,3,-0.3,0,0.7
consensus,heterogeneous,19,2,2,0.2,0.5,0.2,0.1,false,0.05,0.1,0.1,0.05,1.84114252416859E+018,20,0.155372682947356,6.76405016926E-06,4.57676193468E-06,1,3,-0.3,0,0.7
consensus,heterogeneous,19,2,2,0.2,0.5,0.2,0.1,false,0.05,0.1,0.1,0.05,8.80361844505413E+018,20,0.155372682947356,6.76405016926E-06,4.57676193468E-06,1,3,-0.3,0,0.7
consensus,heterogeneous,19,2,2,0.2,0.5,0.2,0.1,false,0.05,0.1,0.1,0.05,4.34257261248481E+018,20,0.155372682947356,6.76405016926E-06,4.57676193468E-06,1,3,-0.3,0,0.7
consensus,heterogeneous,19,2,2,0.2,0.5,0.2,0.1,false,0.05,0.1,0.1,0.05,6.90547037085634E+018,20,0.155372682947356,6.76405016926E-06,4.57676193468E-06,1,3,-0.3,0,0.7
consensus,heterogeneous,19,2,2,0.2,0.5,0.2,0.1,false,0.05,0.1,0.1,0.05,4.39889510625904E+018,20,0.155372682947356,6.76405016926E-06,4.57676193468E-06,1,3,-0.3,0,0.7
consensus,heterogeneous,19,2,2,0.2,0.5,0.2,0.1,false,0.05,0.1,0.1,0.05,1.09591146466576E+017,20,0.155372682947356,6.76405016926E-06,4.57676193468E-06,1,3,-0.3,0,0.7
consensus,heterogeneous,19,2,2,0.2,0.5,0.2,0.1,false,0.05,0.1,0.1,0.05,4.28636038694465E+018,20,0.155372682947356,6.76405016926E-06,4.57676193468E-06,1,3,-0.3,0,0.7
consensus,heterogeneous,37,3,3,0.2,0.2,0.2,0.3,false,0.05,0.1,0.1,0.05,5.70257702789059E+018,25,0.0998600097955322,5.10650921665E-06,0.0000034881646431,1,3,0,0,0.5
consensus,homogeneous,52,0,4,0.2,0.2,0.2,0.2,false,0.05,0.1,0.1,0.05,7.24071359189169E+018,20,0.130930314796605,1.103650434511E-05,5.26734890567E-06,2,2,0,0,0
consensus,homogeneous,52,0,4,0.2,0.2,0.2,0.2,false,0.05,0.1,0.1,0.05,4.6926904669588E+018,20,0.130930314796605,1.103650434511E-05,5.26734890567E-06,2,2,0,0,0
consensus,homogeneous,52,0,4,0.2,0.2,0.2,0.2,false,0.05,0.1,0.1,0.05,8.63617513033061E+018,20,0.130930314796605,1.103650434511E-05,5.26734890567E-06,2,2,0,0,0
consensus,heterogeneous,37,3,3,0.2,0.2,0.2,0.3,false,0.05,0.1,0.1,0.05,1.09591146466576E+017,25,0.0998600097955322,5.10650921665E-06,0.0000034881646431,1,3,0,0,0.5
consensus,heterogeneous,19,2,2,0.2,0.5,0.2,0.1,false,0.05,0.1,0.1,0.05,4.47792793694704E+018,20,0.155372682947356,6.76405016926E-06,4.57676193468E-06,1,3,-0.3,0,0.7
consensus,heterogeneous,37,3,3,0.2,0.2,0.2,0.3,false,0.05,0.1,0.1,0.05,7.24071359189169E+018,25,0.0998600097955322,5.10650921665E-06,0.0000034881646431,1,3,0,0,0.5
consensus,homogeneous,52,0,4,0.2,0.2,0.2,0.2,false,0.05,0.1,0.1,0.05,7.13900204836315E+018,20,0.130930314796605,1.103650434511E-05,5.26734890567E-06,2,2,0,0,0
consensus,heterogeneous,37,3,3,0.2,0.2,0.2,0.3,false,0.05,0.1,0.1,0.05,6.90547037085634E+018,25,0.0998600097955322,5.10650921665E-06,0.0000034881646431,1,3,0,0,0.5
consensus,homogeneous,52,0,4,0.2,0.2,0.2,0.2,false,0.05,0.1,0.1,0.05,1.84114252416859E+018,20,0.130930314796605,1.103650434511E-05,5.26734890567E-06,2,2,0,0,0
consensus,homogeneous,52,0,4,0.2,0.2,0.2,0.2,false,0.05,0.1,0.1,0.05,1.09591146466576E+017,20,0.130930314796605,1.103650434511E-05,5.26734890567E-06,2,2,0,0,0
consensus,heterogeneous,37,3,3,0.2,0.2,0.2,0.3,false,0.05,0.1,0.1,0.05,4.6926904669588E+018,25,0.0998600097955322,5.10650921665E-06,0.0000034881646431,1,3,0,0,0.5
consensus,homogeneous,52,0,4,0.2,0.2,0.2,0.2,false,0.05,0.1,0.1,0.05,5.70257702789059E+018,20,0.130930314796605,1.103650434511E-05,5.26734890567E-06,2,2,0,0,0
consensus,homogeneous,52,0,4,0.2,0.2,0.2,0.2,false,0.05,0.1,0.1,0.05,6.90547037085634E+018,20,0.130930314796605,1.103650434511E-05,5.26734890567E-06,2,2,0,0,0
consensus,heterogeneous,37,3,3,0.2,0.2,0.2,0.3,false,0.05,0.1,0.1,0.05,1.84114252416859E+018,25,0.0998600097955322,5.10650921665E-06,0.0000034881646431,1,3,0,0,0.5
consensus,heterogeneous,37,3,3,0.2,0.2,0.2,0.3,false,0.05,0.1,0.1,0.05,8.80361844505413E+018,25,0.0998600097955322,5.10650921665E-06,0.0000034881646431,1,3,0,0,0.5
consensus,homogeneous,52,0,4,0.2,0.2,0.2,0.2,false,0.05,0.1,0.1,0.05,4.39889510625904E+018,20,0.130930314796605,1.103650434511E-05,5.26734890567E-06,2,2,0,0,0
consensus,homogeneous,52,0,4,0.2,0.2,0.2,0.2,false,0.05,0.1,0.1,0.05,8.80361844505413E+018,20,0.130930314796605,1.103650434511E-05,5.26734890567E-06,2,2,0,0,0
consensus,heterogeneous,37,3,3,0.2,0.2,0.2,0.3,false,0.05,0.1,0.1,0.05,8.63617513033061E+018,25,0.0998600097955322,5.10650921665E-06,0.0000034881646431,1,3,0,0,0.5
consensus,heterogeneous,37,3,3,0.2,0.2,0.2,0.3,false,0.05,0.1,0.1,0.05,4.34257261248481E+018,25,0.0998600097955322,5.10650921665E-06,0.0000034881646431,1,3,0,0,0.5
consensus,homogeneous,52,0,4,0.2,0.2,0.2,0.2,false,0.05,0.1,0.1,0.05,4.34257261248481E+018,20,0.130930314796605,1.103650434511E-05,5.26734890567E-06,2,2,0,0,0
consensus,heterogeneous,18,2,2,0.2,0.2,0,0.3,false,0.05,0.1,0.1,0.05,4.6926904669588E+018,20,0.0929969650450615,7.30182072414E-06,3.32557919049E-06,1,3,-0.2,1.75,0.5
consensus,homogeneous,52,0,4,0.2,0.2,0.2,0.2,false,0.05,0.1,0.1,0.05,7.04337208916658E+018,20,0.130930314796605,1.103650434511E-05,5.26734890567E-06,2,2,0,0,0
consensus,heterogeneous,37,3,3,0.2,0.2,0.2,0.3,false,0.05,0.1,0.1,0.05,4.39889510625904E+018,25,0.0998600097955322,5.10650921665E-06,0.0000034881646431,1,3,0,0,0.5
consensus,homogeneous,52,0,4,0.2,0.2,0.2,0.2,false,0.05,0.1,0.1,0.05,4.47792793694704E+018,20,0.130930314796605,1.103650434511E-05,5.26734890567E-06,2,2,0,0,0
consensus,heterogeneous,37,3,3,0.2,0.2,0.2,0.3,false,0.05,0.1,0.1,0.05,7.12889348418325E+018,25,0.0998600097955322,5.10650921665E-06,0.0000034881646431,1,3,0,0,0.5
consensus,heterogeneous,37,3,3,0.2,0.2,0.2,0.3,false,0.05,0.1,0.1,0.05,7.04337208916658E+018,25,0.0998600097955322,5.10650921665E-06,0.0000034881646431,1,3,0,0,0.5
consensus,heterogeneous,37,3,3,0.2,0.2,0.2,0.3,false,0.05,0.1,0.1,0.05,4.28636038694465E+018,25,0.0998600097955322,5.10650921665E-06,0.0000034881646431,1,3,0,0,0.5
consensus,heterogeneous,37,3,3,0.2,0.2,0.2,0.3,false,0.05,0.1,0.1,0.05,4.47792793694704E+018,25,0.0998600097955322,5.10650921665E-06,0.0000034881646431,1,3,0,0,0.5
consensus,heterogeneous,37,3,3,0.2,0.2,0.2,0.3,false,0.05,0.1,0.1,0.05,7.13900204836315E+018,25,0.0998600097955322,5.10650921665E-06,0.0000034881646431,1,3,0,0,0.5
consensus,homogeneous,52,0,4,0.2,0.2,0.2,0.2,false,0.05,0.1,0.1,0.05,7.12889348418325E+018,20,0.130930314796605,1.103650434511E-05,5.26734890567E-06,2,2,0,0,0
consensus,heterogeneous,18,2,2,0.2,0.2,0,0.3,false,0.05,0.1,0.1,0.05,7.24071359189169E+018,20,0.0929969650450615,7.30182072414E-06,3.32557919049E-06,1,3,-0.2,1.75,0.5
consensus,heterogeneous,18,2,2,0.2,0.2,0,0.3,false,0.05,0.1,0.1,0.05,7.13900204836315E+018,20,0.0929969650450615,7.30182072414E-06,3.32557919049E-06,1,3,-0.2,1.75,0.5
consensus,heterogeneous,18,2,2,0.2,0.2,0,0.3,false,0.05,0.1,0.1,0.05,8.63617513033061E+018,20,0.0929969650450615,7.30182072414E-06,3.32557919049E-06,1,3,-0.2,1.75,0.5
consensus,homogeneous,52,0,4,0.2,0.2,0.2,0.2,false,0.05,0.1,0.1,0.05,4.28636038694465E+018,20,0.130930314796605,1.103650434511E-05,5.26734890567E-06,2,2,0,0,0
consensus,heterogeneous,18,2,2,0.2,0.2,0,0.3,false,0.05,0.1,0.1,0.05,8.80361844505413E+018,20,0.0929969650450615,7.30182072414E-06,3.32557919049E-06,1,3,-0.2,1.75,0.5
consensus,heterogeneous,18,2,2,0.2,0.2,0,0.3,false,0.05,0.1,0.1,0.05,6.90547037085634E+018,20,0.0929969650450615,7.30182072414E-06,3.32557919049E-06,1,3,-0.2,1.75,0.5
consensus,heterogeneous,18,2,2,0.2,0.2,0,0.3,false,0.05,0.1,0.1,0.05,4.34257261248481E+018,20,0.0929969650450615,7.30182072414E-06,3.32557919049E-06,1,3,-0.2,1.75,0.5
consensus,heterogeneous,18,2,2,0.2,0.2,0,0.3,false,0.05,0.1,0.1,0.05,1.09591146466576E+017,20,0.0929969650450615,7.30182072414E-06,3.32557919049E-06,1,3,-0.2,1.75,0.5
consensus,heterogeneous,18,2,2,0.2,0.2,0,0.3,false,0.05,0.1,0.1,0.05,1.84114252416859E+018,20,0.0929969650450615,7.30182072414E-06,3.32557919049E-06,1,3,-0.2,1.75,0.5
consensus,heterogeneous,18,2,2,0.2,0.2,0,0.3,false,0.05,0.1,0.1,0.05,5.70257702789059E+018,20,0.0929969650450615,7.30182072414E-06,3.32557919049E-06,1,3,-0.2,1.75,0.5
consensus,heterogeneous,18,2,2,0.2,0.2,0,0.3,false,0.05,0.1,0.1,0.05,4.39889510625904E+018,20,0.0929969650450615,7.30182072414E-06,3.32557919049E-06,1,3,-0.2,1.75,0.5
consensus,heterogeneous,18,2,2,0.2,0.2,0,0.3,false,0.05,0.1,0.1,0.05,7.12889348418325E+018,20,0.0929969650450615,7.30182072414E-06,3.32557919049E-06,1,3,-0.2,1.75,0.5
consensus,heterogeneous,18,2,2,0.2,0.2,0,0.3,false,0.05,0.1,0.1,0.05,4.47792793694704E+018,20,0.0929969650450615,7.30182072414E-06,3.32557919049E-06,1,3,-0.2,1.75,0.5
consensus,heterogeneous,18,2,2,0.2,0.2,0,0.3,false,0.05,0.1,0.1,0.05,4.28636038694465E+018,20,0.0929969650450615,7.30182072414E-06,3.32557919049E-06,1,3,-0.2,1.75,0.5
consensus,heterogeneous,18,2,2,0.2,0.2,0,0.3,false,0.05,0.1,0.1,0.05,7.04337208916658E+018,20,0.0929969650450615,7.30182072414E-06,3.32557919049E-06,1,3,-0.2,1.75,0.5
consensus,heterogeneous,4,3,3,0.3,0.6,0.8,0.1,false,0.05,0.1,0.1,0.05,7.12889348418325E+018,25,0.154519289397391,2.6022864302E-07,1.9536513476E-07,1,4,0.2,0,1
consensus,heterogeneous,4,3,3,0.3,0.6,0.8,0.1,false,0.05,0.1,0.1,0.05,1.84114252416859E+018,25,0.154519289397391,2.6022864302E-07,1.9536513476E-07,1,4,0.2,0,1
consensus,heterogeneous,4,3,3,0.3,0.6,0.8,0.1,false,0.05,0.1,0.1,0.05,5.70257702789059E+018,25,0.154519289397391,2.6022864302E-07,1.9536513476E-07,1,4,0.2,0,1
consensus,heterogeneous,4,3,3,0.3,0.6,0.8,0.1,false,0.05,0.1,0.1,0.05,4.6926904669588E+018,25,0.154519289397391,2.6022864302E-07,1.9536513476E-07,1,4,0.2,0,1
consensus,heterogeneous,4,3,3,0.3,0.6,0.8,0.1,false,0.05,0.1,0.1,0.05,4.47792793694704E+018,25,0.154519289397391,2.6022864302E-07,1.9536513476E-07,1,4,0.2,0,1
consensus,heterogeneous,4,3,3,0.3,0.6,0.8,0.1,false,0.05,0.1,0.1,0.05,7.13900204836315E+018,25,0.154519289397391,2.6022864302E-07,1.9536513476E-07,1,4,0.2,0,1
consensus,heterogeneous,4,3,3,0.3,0.6,0.8,0.1,false,0.05,0.1,0.1,0.05,8.80361844505413E+018,25,0.154519289397391,2.6022864302E-07,1.9536513476E-07,1,4,0.2,0,1
consensus,heterogeneous,4,3,3,0.3,0.6,0.8,0.1,false,0.05,0.1,0.1,0.05,1.09591146466576E+017,25,0.154519289397391,2.6022864302E-07,1.9536513476E-07,1,4,0.2,0,1
consensus,homogeneous,43,0,5,0.2,0.6,0.5,0.3,false,0.05,0.1,0.1,0.05,7.13900204836315E+018,15,0.0433948476188585,1.090429729128E-05,6.88219354342E-06,1,3,-0.1,0,0.5
consensus,heterogeneous,4,3,3,0.3,0.6,0.8,0.1,false,0.05,0.1,0.1,0.05,8.63617513033061E+018,25,0.154519289397391,2.6022864302E-07,1.9536513476E-07,1,4,0.2,0,1
consensus,heterogeneous,4,3,3,0.3,0.6,0.8,0.1,false,0.05,0.1,0.1,0.05,4.28636038694465E+018,25,0.154519289397391,2.6022864302E-07,1.9536513476E-07,1,4,0.2,0,1
consensus,heterogeneous,4,3,3,0.3,0.6,0.8,0.1,false,0.05,0.1,0.1,0.05,4.34257261248481E+018,25,0.154519289397391,2.6022864302E-07,1.9536513476E-07,1,4,0.2,0,1
consensus,heterogeneous,4,3,3,0.3,0.6,0.8,0.1,false,0.05,0.1,0.1,0.05,7.24071359189169E+018,25,0.154519289397391,2.6022864302E-07,1.9536513476E-07,1,4,0.2,0,1
consensus,heterogeneous,4,3,3,0.3,0.6,0.8,0.1,false,0.05,0.1,0.1,0.05,4.39889510625904E+018,25,0.154519289397391,2.6022864302E-07,1.9536513476E-07,1,4,0.2,0,1
consensus,heterogeneous,4,3,3,0.3,0.6,0.8,0.1,false,0.05,0.1,0.1,0.05,6.90547037085634E+018,25,0.154519289397391,2.6022864302E-07,1.9536513476E-07,1,4,0.2,0,1
consensus,heterogeneous,4,3,3,0.3,0.6,0.8,0.1,false,0.05,0.1,0.1,0.05,7.04337208916658E+018,25,0.154519289397391,2.6022864302E-07,1.9536513476E-07,1,4,0.2,0,1
consensus,homogeneous,43,0,5,0.2,0.6,0.5,0.3,false,0.05,0.1,0.1,0.05,7.24071359189169E+018,15,0.0433948476188585,1.090429729128E-05,6.88219354342E-06,1,3,-0.1,0,0.5
consensus,homogeneous,43,0,5,0.2,0.6,0.5,0.3,false,0.05,0.1,0.1,0.05,4.6926904669588E+018,15,0.0433948476188585,1.090429729128E-05,6.88219354342E-06,1,3,-0.1,0,0.5
consensus,homogeneous,43,0,5,0.2,0.6,0.5,0.3,false,0.05,0.1,0.1,0.05,1.84114252416859E+018,15,0.0433948476188585,1.090429729128E-05,6.88219354342E-06,1,3,-0.1,0,0.5
consensus,homogeneous,43,0,5,0.2,0.6,0.5,0.3,false,0.05,0.1,0.1,0.05,1.09591146466576E+017,15,0.0433948476188585,1.090429729128E-05,6.88219354342E-06,1,3,-0.1,0,0.5
consensus,homogeneous,43,0,5,0.2,0.6,0.5,0.3,false,0.05,0.1,0.1,0.05,4.39889510625904E+018,15,0.0433948476188585,1.090429729128E-05,6.88219354342E-06,1,3,-0.1,0,0.5
consensus,homogeneous,43,0,5,0.2,0.6,0.5,0.3,false,0.05,0.1,0.1,0.05,8.80361844505413E+018,15,0.0433948476188585,1.090429729128E-05,6.88219354342E-06,1,3,-0.1,0,0.5
consensus,homogeneous,43,0,5,0.2,0.6,0.5,0.3,false,0.05,0.1,0.1,0.05,4.47792793694704E+018,15,0.0433948476188585,1.090429729128E-05,6.88219354342E-06,1,3,-0.1,0,0.5
consensus,homogeneous,43,0,5,0.2,0.6,0.5,0.3,false,0.05,0.1,0.1,0.05,6.90547037085634E+018,15,0.0433948476188585,1.090429729128E-05,6.88219354342E-06,1,3,-0.1,0,0.5
consensus,homogeneous,43,0,5,0.2,0.6,0.5,0.3,false,0.05,0.1,0.1,0.05,5.70257702789059E+018,15,0.0433948476188585,1.090429729128E-05,6.88219354342E-06,1,3,-0.1,0,0.5
consensus,homogeneous,43,0,5,0.2,0.6,0.5,0.3,false,0.05,0.1,0.1,0.05,4.34257261248481E+018,15,0.0433948476188585,1.090429729128E-05,6.88219354342E-06,1,3,-0.1,0,0.5
consensus,homogeneous,43,0,5,0.2,0.6,0.5,0.3,false,0.05,0.1,0.1,0.05,7.04337208916658E+018,15,0.0433948476188585,1.090429729128E-05,6.88219354342E-06,1,3,-0.1,0,0.5
consensus,homogeneous,43,0,5,0.2,0.6,0.5,0.3,false,0.05,0.1,0.1,0.05,4.28636038694465E+018,15,0.0433948476188585,1.090429729128E-05,6.88219354342E-06,1,3,-0.1,0,0.5
consensus,homogeneous,43,0,5,0.2,0.6,0.5,0.3,false,0.05,0.1,0.1,0.05,7.12889348418325E+018,15,0.0433948476188585,1.090429729128E-05,6.88219354342E-06,1,3,-0.1,0,0.5
consensus,homogeneous,43,0,5,0.2,0.6,0.5,0.3,false,0.05,0.1,0.1,0.05,8.63617513033061E+018,15,0.0433948476188585,1.090429729128E-05,6.88219354342E-06,1,3,-0.1,0,0.5
consensus,heterogeneous,28,3,3,0.1,0.5,0.8,0.1,false,0.05,0.1,0.1,0.05,8.63617513033061E+018,40,0.0723819044916761,0.00015928980235576,0.00010546360577049,2,4,0.3,0,0
consensus,heterogeneous,28,3,3,0.1,0.5,0.8,0.1,false,0.05,0.1,0.1,0.05,1.84114252416859E+018,40,0.0723819044916761,0.00015928980235576,0.00010546360577049,2,4,0.3,0,0
consensus,heterogeneous,28,3,3,0.1,0.5,0.8,0.1,false,0.05,0.1,0.1,0.05,8.80361844505413E+018,40,0.0723819044916761,0.00015928980235576,0.00010546360577049,2,4,0.3,0,0
consensus,heterogeneous,28,3,3,0.1,0.5,0.8,0.1,false,0.05,0.1,0.1,0.05,7.24071359189169E+018,40,0.0723819044916761,0.00015928980235576,0.00010546360577049,2,4,0.3,0,0
consensus,heterogeneous,28,3,3,0.1,0.5,0.8,0.1,false,0.05,0.1,0.1,0.05,4.6926904669588E+018,40,0.0723819044916761,0.00015928980235576,0.00010546360577049,2,4,0.3,0,0
consensus,heterogeneous,28,3,3,0.1,0.5,0.8,0.1,false,0.05,0.1,0.1,0.05,1.09591146466576E+017,40,0.0723819044916761,0.00015928980235576,0.00010546360577049,2,4,0.3,0,0
consensus,homogeneous,31,0,4,0.1,0.2,0.8,0.3,false,0.05,0.1,0.1,0.05,4.6926904669588E+018,30,0.0471065833770436,0.0000514008860131,3.499039953822E-05,1,3,0.6,0,0
consensus,heterogeneous,28,3,3,0.1,0.5,0.8,0.1,false,0.05,0.1,0.1,0.05,5.70257702789059E+018,40,0.0723819044916761,0.00015928980235576,0.00010546360577049,2,4,0.3,0,0
consensus,heterogeneous,28,3,3,0.1,0.5,0.8,0.1,false,0.05,0.1,0.1,0.05,4.34257261248481E+018,40,0.0723819044916761,0.00015928980235576,0.00010546360577049,2,4,0.3,0,0
consensus,heterogeneous,28,3,3,0.1,0.5,0.8,0.1,false,0.05,0.1,0.1,0.05,7.12889348418325E+018,40,0.0723819044916761,0.00015928980235576,0.00010546360577049,2,4,0.3,0,0
consensus,heterogeneous,28,3,3,0.1,0.5,0.8,0.1,false,0.05,0.1,0.1,0.05,7.13900204836315E+018,40,0.0723819044916761,0.00015928980235576,0.00010546360577049,2,4,0.3,0,0
consensus,heterogeneous,28,3,3,0.1,0.5,0.8,0.1,false,0.05,0.1,0.1,0.05,4.39889510625904E+018,40,0.0723819044916761,0.00015928980235576,0.00010546360577049,2,4,0.3,0,0
consensus,homogeneous,31,0,4,0.1,0.2,0.8,0.3,false,0.05,0.1,0.1,0.05,7.24071359189169E+018,30,0.0471065833770436,0.0000514008860131,3.499039953822E-05,1,3,0.6,0,0
consensus,heterogeneous,28,3,3,0.1,0.5,0.8,0.1,false,0.05,0.1,0.1,0.05,4.28636038694465E+018,40,0.0723819044916761,0.00015928980235576,0.00010546360577049,2,4,0.3,0,0
consensus,heterogeneous,28,3,3,0.1,0.5,0.8,0.1,false,0.05,0.1,0.1,0.05,6.90547037085634E+018,40,0.0723819044916761,0.00015928980235576,0.00010546360577049,2,4,0.3,0,0
consensus,homogeneous,31,0,4,0.1,0.2,0.8,0.3,false,0.05,0.1,0.1,0.05,7.13900204836315E+018,30,0.0471065833770436,0.0000514008860131,3.499039953822E-05,1,3,0.6,0,0
consensus,heterogeneous,28,3,3,0.1,0.5,0.8,0.1,false,0.05,0.1,0.1,0.05,4.47792793694704E+018,40,0.0723819044916761,0.00015928980235576,0.00010546360577049,2,4,0.3,0,0
consensus,heterogeneous,28,3,3,0.1,0.5,0.8,0.1,false,0.05,0.1,0.1,0.05,7.04337208916658E+018,40,0.0723819044916761,0.00015928980235576,0.00010546360577049,2,4,0.3,0,0
consensus,homogeneous,31,0,4,0.1,0.2,0.8,0.3,false,0.05,0.1,0.1,0.05,8.80361844505413E+018,30,0.0471065833770436,0.0000514008860131,3.499039953822E-05,1,3,0.6,0,0
consensus,homogeneous,31,0,4,0.1,0.2,0.8,0.3,false,0.05,0.1,0.1,0.05,8.63617513033061E+018,30,0.0471065833770436,0.0000514008860131,3.499039953822E-05,1,3,0.6,0,0
consensus,homogeneous,31,0,4,0.1,0.2,0.8,0.3,false,0.05,0.1,0.1,0.05,4.39889510625904E+018,30,0.0471065833770436,0.0000514008860131,3.499039953822E-05,1,3,0.6,0,0
consensus,homogeneous,39,0,4,0.1,0.8,0.8,0.1,false,0.05,0.1,0.1,0.05,4.6926904669588E+018,25,0.062038299014983,2.764699380553E-05,2.795113650959E-05,1,2,0,0,0.5
consensus,homogeneous,31,0,4,0.1,0.2,0.8,0.3,false,0.05,0.1,0.1,0.05,1.09591146466576E+017,30,0.0471065833770436,0.0000514008860131,3.499039953822E-05,1,3,0.6,0,0
consensus,homogeneous,31,0,4,0.1,0.2,0.8,0.3,false,0.05,0.1,0.1,0.05,6.90547037085634E+018,30,0.0471065833770436,0.0000514008860131,3.499039953822E-05,1,3,0.6,0,0
consensus,homogeneous,39,0,4,0.1,0.8,0.8,0.1,false,0.05,0.1,0.1,0.05,7.24071359189169E+018,25,0.062038299014983,2.764699380553E-05,2.795113650959E-05,1,2,0,0,0.5
consensus,homogeneous,31,0,4,0.1,0.2,0.8,0.3,false,0.05,0.1,0.1,0.05,7.12889348418325E+018,30,0.0471065833770436,0.0000514008860131,3.499039953822E-05,1,3,0.6,0,0
consensus,homogeneous,39,0,4,0.1,0.8,0.8,0.1,false,0.05,0.1,0.1,0.05,7.13900204836315E+018,25,0.062038299014983,2.764699380553E-05,2.795113650959E-05,1,2,0,0,0.5
consensus,homogeneous,31,0,4,0.1,0.2,0.8,0.3,false,0.05,0.1,0.1,0.05,5.70257702789059E+018,30,0.0471065833770436,0.0000514008860131,3.499039953822E-05,1,3,0.6,0,0
consensus,homogeneous,39,0,4,0.1,0.8,0.8,0.1,false,0.05,0.1,0.1,0.05,6.90547037085634E+018,25,0.062038299014983,2.764699380553E-05,2.795113650959E-05,1,2,0,0,0.5
consensus,heterogeneous,40,2,2,0.3,0.5,0.6,0.3,false,0.05,0.1,0.1,0.05,7.24071359189169E+018,15,0.0451223384941368,9.6505401014E-07,0.0000007341905243,1,3,0.1,0,0.7
consensus,homogeneous,31,0,4,0.1,0.2,0.8,0.3,false,0.05,0.1,0.1,0.05,1.84114252416859E+018,30,0.0471065833770436,0.0000514008860131,3.499039953822E-05,1,3,0.6,0,0
consensus,homogeneous,31,0,4,0.1,0.2,0.8,0.3,false,0.05,0.1,0.1,0.05,4.34257261248481E+018,30,0.0471065833770436,0.0000514008860131,3.499039953822E-05,1,3,0.6,0,0
consensus,homogeneous,39,0,4,0.1,0.8,0.8,0.1,false,0.05,0.1,0.1,0.05,7.04337208916658E+018,25,0.062038299014983,2.764699380553E-05,2.795113650959E-05,1,2,0,0,0.5
consensus,heterogeneous,40,2,2,0.3,0.5,0.6,0.3,false,0.05,0.1,0.1,0.05,5.70257702789059E+018,15,0.0451223384941368,9.6505401014E-07,0.0000007341905243,1,3,0.1,0,0.7
consensus,homogeneous,39,0,4,0.1,0.8,0.8,0.1,false,0.05,0.1,0.1,0.05,8.80361844505413E+018,25,0.062038299014983,2.764699380553E-05,2.795113650959E-05,1,2,0,0,0.5
consensus,heterogeneous,40,2,2,0.3,0.5,0.6,0.3,false,0.05,0.1,0.1,0.05,8.63617513033061E+018,15,0.0451223384941368,9.6505401014E-07,0.0000007341905243,1,3,0.1,0,0.7
consensus,homogeneous,39,0,4,0.1,0.8,0.8,0.1,false,0.05,0.1,0.1,0.05,5.70257702789059E+018,25,0.062038299014983,2.764699380553E-05,2.795113650959E-05,1,2,0,0,0.5
consensus,homogeneous,39,0,4,0.1,0.8,0.8,0.1,false,0.05,0.1,0.1,0.05,8.63617513033061E+018,25,0.062038299014983,2.764699380553E-05,2.795113650959E-05,1,2,0,0,0.5
consensus,heterogeneous,40,2,2,0.3,0.5,0.6,0.3,false,0.05,0.1,0.1,0.05,7.13900204836315E+018,15,0.0451223384941368,9.6505401014E-07,0.0000007341905243,1,3,0.1,0,0.7
consensus,homogeneous,31,0,4,0.1,0.2,0.8,0.3,false,0.05,0.1,0.1,0.05,7.04337208916658E+018,30,0.0471065833770436,0.0000514008860131,3.499039953822E-05,1,3,0.6,0,0
consensus,heterogeneous,40,2,2,0.3,0.5,0.6,0.3,false,0.05,0.1,0.1,0.05,4.6926904669588E+018,15,0.0451223384941368,9.6505401014E-07,0.0000007341905243,1,3,0.1,0,0.7
consensus,heterogeneous,40,2,2,0.3,0.5,0.6,0.3,false,0.05,0.1,0.1,0.05,1.84114252416859E+018,15,0.0451223384941368,9.6505401014E-07,0.0000007341905243,1,3,0.1,0,0.7
consensus,homogeneous,39,0,4,0.1,0.8,0.8,0.1,false,0.05,0.1,0.1,0.05,1.84114252416859E+018,25,0.062038299014983,2.764699380553E-05,2.795113650959E-05,1,2,0,0,0.5
consensus,heterogeneous,40,2,2,0.3,0.5,0.6,0.3,false,0.05,0.1,0.1,0.05,6.90547037085634E+018,15,0.0451223384941368,9.6505401014E-07,0.0000007341905243,1,3,0.1,0,0.7
consensus,homogeneous,31,0,4,0.1,0.2,0.8,0.3,false,0.05,0.1,0.1,0.05,4.47792793694704E+018,30,0.0471065833770436,0.0000514008860131,3.499039953822E-05,1,3,0.6,0,0
consensus,heterogeneous,40,2,2,0.3,0.5,0.6,0.3,false,0.05,0.1,0.1,0.05,7.04337208916658E+018,15,0.0451223384941368,9.6505401014E-07,0.0000007341905243,1,3,0.1,0,0.7
consensus,homogeneous,39,0,4,0.1,0.8,0.8,0.1,false,0.05,0.1,0.1,0.05,4.39889510625904E+018,25,0.062038299014983,2.764699380553E-05,2.795113650959E-05,1,2,0,0,0.5
consensus,homogeneous,39,0,4,0.1,0.8,0.8,0.1,false,0.05,0.1,0.1,0.05,7.12889348418325E+018,25,0.062038299014983,2.764699380553E-05,2.795113650959E-05,1,2,0,0,0.5
consensus,homogeneous,31,0,4,0.1,0.2,0.8,0.3,false,0.05,0.1,0.1,0.05,4.28636038694465E+018,30,0.0471065833770436,0.0000514008860131,3.499039953822E-05,1,3,0.6,0,0
consensus,homogeneous,39,0,4,0.1,0.8,0.8,0.1,false,0.05,0.1,0.1,0.05,4.28636038694465E+018,25,0.062038299014983,2.764699380553E-05,2.795113650959E-05,1,2,0,0,0.5
consensus,heterogeneous,40,2,2,0.3,0.5,0.6,0.3,false,0.05,0.1,0.1,0.05,8.80361844505413E+018,15,0.0451223384941368,9.6505401014E-07,0.0000007341905243,1,3,0.1,0,0.7
consensus,homogeneous,39,0,4,0.1,0.8,0.8,0.1,false,0.05,0.1,0.1,0.05,4.34257261248481E+018,25,0.062038299014983,2.764699380553E-05,2.795113650959E-05,1,2,0,0,0.5
consensus,heterogeneous,40,2,2,0.3,0.5,0.6,0.3,false,0.05,0.1,0.1,0.05,1.09591146466576E+017,15,0.0451223384941368,9.6505401014E-07,0.0000007341905243,1,3,0.1,0,0.7
consensus,heterogeneous,40,2,2,0.3,0.5,0.6,0.3,false,0.05,0.1,0.1,0.05,4.34257261248481E+018,15,0.0451223384941368,9.6505401014E-07,0.0000007341905243,1,3,0.1,0,0.7
consensus,homogeneous,39,0,4,0.1,0.8,0.8,0.1,false,0.05,0.1,0.1,0.05,4.47792793694704E+018,25,0.062038299014983,2.764699380553E-05,2.795113650959E-05,1,2,0,0,0.5
consensus,heterogeneous,40,2,2,0.3,0.5,0.6,0.3,false,0.05,0.1,0.1,0.05,4.28636038694465E+018,15,0.0451223384941368,9.6505401014E-07,0.0000007341905243,1,3,0.1,0,0.7
consensus,heterogeneous,40,2,2,0.3,0.5,0.6,0.3,false,0.05,0.1,0.1,0.05,7.12889348418325E+018,15,0.0451223384941368,9.6505401014E-07,0.0000007341905243,1,3,0.1,0,0.7
consensus,homogeneous,39,0,4,0.1,0.8,0.8,0.1,false,0.05,0.1,0.1,0.05,1.09591146466576E+017,25,0.062038299014983,2.764699380553E-05,2.795113650959E-05,1,2,0,0,0.5
consensus,heterogeneous,40,2,2,0.3,0.5,0.6,0.3,false,0.05,0.1,0.1,0.05,4.39889510625904E+018,15,0.0451223384941368,9.6505401014E-07,0.0000007341905243,1,3,0.1,0,0.7
consensus,heterogeneous,40,2,2,0.3,0.5,0.6,0.3,false,0.05,0.1,0.1,0.05,4.47792793694704E+018,15,0.0451223384941368,9.6505401014E-07,0.0000007341905243,1,3,0.1,0,0.7
consensus,heterogeneous,21,3,3,0.2,0.2,0.6,0.1,false,0.05,0.1,0.1,0.05,7.24071359189169E+018,25,0.108909451401166,2.86579406427E-06,1.83989711791E-06,1,4,0.4,0,0.5
consensus,heterogeneous,21,3,3,0.2,0.2,0.6,0.1,false,0.05,0.1,0.1,0.05,6.90547037085634E+018,25,0.108909451401166,2.86579406427E-06,1.83989711791E-06,1,4,0.4,0,0.5
consensus,heterogeneous,21,3,3,0.2,0.2,0.6,0.1,false,0.05,0.1,0.1,0.05,1.84114252416859E+018,25,0.108909451401166,2.86579406427E-06,1.83989711791E-06,1,4,0.4,0,0.5
consensus,heterogeneous,21,3,3,0.2,0.2,0.6,0.1,false,0.05,0.1,0.1,0.05,4.6926904669588E+018,25,0.108909451401166,2.86579406427E-06,1.83989711791E-06,1,4,0.4,0,0.5
consensus,heterogeneous,21,3,3,0.2,0.2,0.6,0.1,false,0.05,0.1,0.1,0.05,7.13900204836315E+018,25,0.108909451401166,2.86579406427E-06,1.83989711791E-06,1,4,0.4,0,0.5
consensus,heterogeneous,21,3,3,0.2,0.2,0.6,0.1,false,0.05,0.1,0.1,0.05,4.34257261248481E+018,25,0.108909451401166,2.86579406427E-06,1.83989711791E-06,1,4,0.4,0,0.5
consensus,heterogeneous,21,3,3,0.2,0.2,0.6,0.1,false,0.05,0.1,0.1,0.05,4.39889510625904E+018,25,0.108909451401166,2.86579406427E-06,1.83989711791E-06,1,4,0.4,0,0.5
consensus,heterogeneous,21,3,3,0.2,0.2,0.6,0.1,false,0.05,0.1,0.1,0.05,7.04337208916658E+018,25,0.108909451401166,2.86579406427E-06,1.83989711791E-06,1,4,0.4,0,0.5
consensus,heterogeneous,21,3,3,0.2,0.2,0.6,0.1,false,0.05,0.1,0.1,0.05,7.12889348418325E+018,25,0.108909451401166,2.86579406427E-06,1.83989711791E-06,1,4,0.4,0,0.5
consensus,heterogeneous,21,3,3,0.2,0.2,0.6,0.1,false,0.05,0.1,0.1,0.05,4.47792793694704E+018,25,0.108909451401166,2.86579406427E-06,1.83989711791E-06,1,4,0.4,0,0.5
consensus,heterogeneous,21,3,3,0.2,0.2,0.6,0.1,false,0.05,0.1,0.1,0.05,8.63617513033061E+018,25,0.108909451401166,2.86579406427E-06,1.83989711791E-06,1,4,0.4,0,0.5
consensus,heterogeneous,21,3,3,0.2,0.2,0.6,0.1,false,0.05,0.1,0.1,0.05,5.70257702789059E+018,25,0.108909451401166,2.86579406427E-06,1.83989711791E-06,1,4,0.4,0,0.5
consensus,heterogeneous,21,3,3,0.2,0.2,0.6,0.1,false,0.05,0.1,0.1,0.05,8.80361844505413E+018,25,0.108909451401166,2.86579406427E-06,1.83989711791E-06,1,4,0.4,0,0.5
consensus,heterogeneous,21,3,3,0.2,0.2,0.6,0.1,false,0.05,0.1,0.1,0.05,1.09591146466576E+017,25,0.108909451401166,2.86579406427E-06,1.83989711791E-06,1,4,0.4,0,0.5
consensus,heterogeneous,13,2,2,0.1,0.2,0.8,0.2,false,0.05,0.1,0.1,0.05,1.09591146466576E+017,35,0.163257826962825,4.370051568726E-05,2.735894181867E-05,1,2,0.6,0,1
consensus,heterogeneous,13,2,2,0.1,0.2,0.8,0.2,false,0.05,0.1,0.1,0.05,7.13900204836315E+018,35,0.163257826962825,4.370051568726E-05,2.735894181867E-05,1,2,0.6,0,1
consensus,heterogeneous,13,2,2,0.1,0.2,0.8,0.2,false,0.05,0.1,0.1,0.05,5.70257702789059E+018,35,0.163257826962825,4.370051568726E-05,2.735894181867E-05,1,2,0.6,0,1
consensus,heterogeneous,13,2,2,0.1,0.2,0.8,0.2,false,0.05,0.1,0.1,0.05,6.90547037085634E+018,35,0.163257826962825,4.370051568726E-05,2.735894181867E-05,1,2,0.6,0,1
consensus,heterogeneous,13,2,2,0.1,0.2,0.8,0.2,false,0.05,0.1,0.1,0.05,1.84114252416859E+018,35,0.163257826962825,4.370051568726E-05,2.735894181867E-05,1,2,0.6,0,1
consensus,heterogeneous,13,2,2,0.1,0.2,0.8,0.2,false,0.05,0.1,0.1,0.05,8.80361844505413E+018,35,0.163257826962825,4.370051568726E-05,2.735894181867E-05,1,2,0.6,0,1
consensus,heterogeneous,21,3,3,0.2,0.2,0.6,0.1,false,0.05,0.1,0.1,0.05,4.28636038694465E+018,25,0.108909451401166,2.86579406427E-06,1.83989711791E-06,1,4,0.4,0,0.5
consensus,heterogeneous,13,2,2,0.1,0.2,0.8,0.2,false,0.05,0.1,0.1,0.05,4.34257261248481E+018,35,0.163257826962825,4.370051568726E-05,2.735894181867E-05,1,2,0.6,0,1
consensus,heterogeneous,13,2,2,0.1,0.2,0.8,0.2,false,0.05,0.1,0.1,0.05,7.24071359189169E+018,35,0.163257826962825,4.370051568726E-05,2.735894181867E-05,1,2,0.6,0,1
consensus,heterogeneous,13,2,2,0.1,0.2,0.8,0.2,false,0.05,0.1,0.1,0.05,8.63617513033061E+018,35,0.163257826962825,4.370051568726E-05,2.735894181867E-05,1,2,0.6,0,1
consensus,heterogeneous,13,2,2,0.1,0.2,0.8,0.2,false,0.05,0.1,0.1,0.05,4.39889510625904E+018,35,0.163257826962825,4.370051568726E-05,2.735894181867E-05,1,2,0.6,0,1
consensus,heterogeneous,13,2,2,0.1,0.2,0.8,0.2,false,0.05,0.1,0.1,0.05,7.04337208916658E+018,35,0.163257826962825,4.370051568726E-05,2.735894181867E-05,1,2,0.6,0,1
consensus,heterogeneous,13,2,2,0.1,0.2,0.8,0.2,false,0.05,0.1,0.1,0.05,4.6926904669588E+018,35,0.163257826962825,4.370051568726E-05,2.735894181867E-05,1,2,0.6,0,1
consensus,heterogeneous,13,2,2,0.1,0.2,0.8,0.2,false,0.05,0.1,0.1,0.05,7.12889348418325E+018,35,0.163257826962825,4.370051568726E-05,2.735894181867E-05,1,2,0.6,0,1
consensus,heterogeneous,13,2,2,0.1,0.2,0.8,0.2,false,0.05,0.1,0.1,0.05,4.47792793694704E+018,35,0.163257826962825,4.370051568726E-05,2.735894181867E-05,1,2,0.6,0,1
consensus,heterogeneous,13,2,2,0.1,0.2,0.8,0.2,false,0.05,0.1,0.1,0.05,4.28636038694465E+018,35,0.163257826962825,4.370051568726E-05,2.735894181867E-05,1,2,0.6,0,1
consensus,heterogeneous,41,1,2,0.2,0.4,0.5,0.1,true,0,0.3,0,0,4.39889510625904E+018,25,0.0855674831607727,0.0000078164079626,3.23784516041E-06,2,2,0.1,0,0.3
consensus,homogeneous,30,0,5,0.5,0.8,0.6,0.3,true,0,0,0.3,0.05,7.24071359189169E+018,15,0.0654685729338995,1.019376133E-08,1.327271141E-08,1,4,-0.2,0,0.7
consensus,homogeneous,11,0,5,0.2,0.2,0.5,0.1,true,0.2,0.2,0.2,0,7.13900204836315E+018,20,0.0553236514049205,0.00101010451554438,0.00085645045841152,2,3,0.3,0,1
consensus,homogeneous,30,0,5,0.5,0.8,0.6,0.3,true,0,0,0.3,0.05,7.13900204836315E+018,15,0.0654685729338995,1.019376133E-08,1.327271141E-08,1,4,-0.2,0,0.7
consensus,heterogeneous,41,1,2,0.2,0.4,0.5,0.1,true,0,0.3,0,0,8.63617513033061E+018,25,0.0855674831607727,0.0000078164079626,3.23784516041E-06,2,2,0.1,0,0.3
consensus,homogeneous,11,0,5,0.2,0.2,0.5,0.1,true,0.2,0.2,0.2,0,7.12889348418325E+018,20,0.0553236514049205,0.00101010451554438,0.00085645045841152,2,3,0.3,0,1
consensus,heterogeneous,41,1,2,0.2,0.4,0.5,0.1,true,0,0.3,0,0,7.13900204836315E+018,25,0.0855674831607727,0.0000078164079626,3.23784516041E-06,2,2,0.1,0,0.3
consensus,heterogeneous,41,1,2,0.2,0.4,0.5,0.1,true,0,0.3,0,0,8.80361844505413E+018,25,0.0855674831607727,0.0000078164079626,3.23784516041E-06,2,2,0.1,0,0.3
consensus,heterogeneous,41,1,2,0.2,0.4,0.5,0.1,true,0,0.3,0,0,7.12889348418325E+018,25,0.0855674831607727,0.0000078164079626,3.23784516041E-06,2,2,0.1,0,0.3
consensus,homogeneous,11,0,5,0.2,0.2,0.5,0.1,true,0.2,0.2,0.2,0,5.70257702789059E+018,20,0.0553236514049205,0.00101010451554438,0.00085645045841152,2,3,0.3,0,1
consensus,homogeneous,11,0,5,0.2,0.2,0.5,0.1,true,0.2,0.2,0.2,0,8.80361844505413E+018,20,0.0553236514049205,0.00101010451554438,0.00085645045841152,2,3,0.3,0,1
consensus,heterogeneous,41,1,2,0.2,0.4,0.5,0.1,true,0,0.3,0,0,1.09591146466576E+017,25,0.0855674831607727,0.0000078164079626,3.23784516041E-06,2,2,0.1,0,0.3
consensus,homogeneous,11,0,5,0.2,0.2,0.5,0.1,true,0.2,0.2,0.2,0,4.34257261248481E+018,20,0.0553236514049205,0.00101010451554438,0.00085645045841152,2,3,0.3,0,1
consensus,homogeneous,11,0,5,0.2,0.2,0.5,0.1,true,0.2,0.2,0.2,0,7.04337208916658E+018,20,0.0553236514049205,0.00101010451554438,0.00085645045841152,2,3,0.3,0,1
consensus,heterogeneous,41,1,2,0.2,0.4,0.5,0.1,true,0,0.3,0,0,4.28636038694465E+018,25,0.0855674831607727,0.0000078164079626,3.23784516041E-06,2,2,0.1,0,0.3
consensus,heterogeneous,41,1,2,0.2,0.4,0.5,0.1,true,0,0.3,0,0,7.04337208916658E+018,25,0.0855674831607727,0.0000078164079626,3.23784516041E-06,2,2,0.1,0,0.3
consensus,heterogeneous,41,1,2,0.2,0.4,0.5,0.1,true,0,0.3,0,0,1.84114252416859E+018,25,0.0855674831607727,0.0000078164079626,3.23784516041E-06,2,2,0.1,0,0.3
consensus,heterogeneous,41,1,2,0.2,0.4,0.5,0.1,true,0,0.3,0,0,6.90547037085634E+018,25,0.0855674831607727,0.0000078164079626,3.23784516041E-06,2,2,0.1,0,0.3
consensus,homogeneous,11,0,5,0.2,0.2,0.5,0.1,true,0.2,0.2,0.2,0,7.24071359189169E+018,20,0.0553236514049205,0.00101010451554438,0.00085645045841152,2,3,0.3,0,1
consensus,heterogeneous,41,1,2,0.2,0.4,0.5,0.1,true,0,0.3,0,0,4.47792793694704E+018,25,0.0855674831607727,0.0000078164079626,3.23784516041E-06,2,2,0.1,0,0.3
consensus,heterogeneous,41,1,2,0.2,0.4,0.5,0.1,true,0,0.3,0,0,5.70257702789059E+018,25,0.0855674831607727,0.0000078164079626,3.23784516041E-06,2,2,0.1,0,0.3
consensus,heterogeneous,41,1,2,0.2,0.4,0.5,0.1,true,0,0.3,0,0,7.24071359189169E+018,25,0.0855674831607727,0.0000078164079626,3.23784516041E-06,2,2,0.1,0,0.3
consensus,heterogeneous,41,1,2,0.2,0.4,0.5,0.1,true,0,0.3,0,0,4.34257261248481E+018,25,0.0855674831607727,0.0000078164079626,3.23784516041E-06,2,2,0.1,0,0.3
consensus,homogeneous,11,0,5,0.2,0.2,0.5,0.1,true,0.2,0.2,0.2,0,4.39889510625904E+018,20,0.0553236514049205,0.00101010451554438,0.00085645045841152,2,3,0.3,0,1
consensus,homogeneous,11,0,5,0.2,0.2,0.5,0.1,true,0.2,0.2,0.2,0,1.84114252416859E+018,20,0.0553236514049205,0.00101010451554438,0.00085645045841152,2,3,0.3,0,1
consensus,homogeneous,11,0,5,0.2,0.2,0.5,0.1,true,0.2,0.2,0.2,0,6.90547037085634E+018,20,0.0553236514049205,0.00101010451554438,0.00085645045841152,2,3,0.3,0,1
consensus,homogeneous,11,0,5,0.2,0.2,0.5,0.1,true,0.2,0.2,0.2,0,4.6926904669588E+018,20,0.0553236514049205,0.00101010451554438,0.00085645045841152,2,3,0.3,0,1
consensus,heterogeneous,41,1,2,0.2,0.4,0.5,0.1,true,0,0.3,0,0,4.6926904669588E+018,25,0.0855674831607727,0.0000078164079626,3.23784516041E-06,2,2,0.1,0,0.3
consensus,homogeneous,11,0,5,0.2,0.2,0.5,0.1,true,0.2,0.2,0.2,0,4.47792793694704E+018,20,0.0553236514049205,0.00101010451554438,0.00085645045841152,2,3,0.3,0,1
consensus,homogeneous,11,0,5,0.2,0.2,0.5,0.1,true,0.2,0.2,0.2,0,1.09591146466576E+017,20,0.0553236514049205,0.00101010451554438,0.00085645045841152,2,3,0.3,0,1
consensus,homogeneous,11,0,5,0.2,0.2,0.5,0.1,true,0.2,0.2,0.2,0,4.28636038694465E+018,20,0.0553236514049205,0.00101010451554438,0.00085645045841152,2,3,0.3,0,1
consensus,homogeneous,11,0,5,0.2,0.2,0.5,0.1,true,0.2,0.2,0.2,0,8.63617513033061E+018,20,0.0553236514049205,0.00101010451554438,0.00085645045841152,2,3,0.3,0,1
consensus,homogeneous,30,0,5,0.5,0.8,0.6,0.3,true,0,0,0.3,0.05,5.70257702789059E+018,15,0.0654685729338995,1.019376133E-08,1.327271141E-08,1,4,-0.2,0,0.7
consensus,homogeneous,30,0,5,0.5,0.8,0.6,0.3,true,0,0,0.3,0.05,4.28636038694465E+018,15,0.0654685729338995,1.019376133E-08,1.327271141E-08,1,4,-0.2,0,0.7
consensus,homogeneous,30,0,5,0.5,0.8,0.6,0.3,true,0,0,0.3,0.05,6.90547037085634E+018,15,0.0654685729338995,1.019376133E-08,1.327271141E-08,1,4,-0.2,0,0.7
consensus,homogeneous,30,0,5,0.5,0.8,0.6,0.3,true,0,0,0.3,0.05,8.63617513033061E+018,15,0.0654685729338995,1.019376133E-08,1.327271141E-08,1,4,-0.2,0,0.7
consensus,homogeneous,30,0,5,0.5,0.8,0.6,0.3,true,0,0,0.3,0.05,4.6926904669588E+018,15,0.0654685729338995,1.019376133E-08,1.327271141E-08,1,4,-0.2,0,0.7
consensus,homogeneous,30,0,5,0.5,0.8,0.6,0.3,true,0,0,0.3,0.05,1.84114252416859E+018,15,0.0654685729338995,1.019376133E-08,1.327271141E-08,1,4,-0.2,0,0.7
consensus,homogeneous,30,0,5,0.5,0.8,0.6,0.3,true,0,0,0.3,0.05,7.12889348418325E+018,15,0.0654685729338995,1.019376133E-08,1.327271141E-08,1,4,-0.2,0,0.7
consensus,homogeneous,30,0,5,0.5,0.8,0.6,0.3,true,0,0,0.3,0.05,4.47792793694704E+018,15,0.0654685729338995,1.019376133E-08,1.327271141E-08,1,4,-0.2,0,0.7
consensus,homogeneous,30,0,5,0.5,0.8,0.6,0.3,true,0,0,0.3,0.05,8.80361844505413E+018,15,0.0654685729338995,1.019376133E-08,1.327271141E-08,1,4,-0.2,0,0.7
consensus,homogeneous,30,0,5,0.5,0.8,0.6,0.3,true,0,0,0.3,0.05,4.39889510625904E+018,15,0.0654685729338995,1.019376133E-08,1.327271141E-08,1,4,-0.2,0,0.7
consensus,homogeneous,30,0,5,0.5,0.8,0.6,0.3,true,0,0,0.3,0.05,7.04337208916658E+018,15,0.0654685729338995,1.019376133E-08,1.327271141E-08,1,4,-0.2,0,0.7
consensus,homogeneous,30,0,5,0.5,0.8,0.6,0.3,true,0,0,0.3,0.05,1.09591146466576E+017,15,0.0654685729338995,1.019376133E-08,1.327271141E-08,1,4,-0.2,0,0.7
consensus,homogeneous,30,0,5,0.5,0.8,0.6,0.3,true,0,0,0.3,0.05,4.34257261248481E+018,15,0.0654685729338995,1.019376133E-08,1.327271141E-08,1,4,-0.2,0,0.7
consensus,homogeneous,39,0,4,0.5,0.4,0,0.1,true,0.05,0,0,0.2,7.24071359189169E+018,15,0.064200324278786,3.38877957E-09,4.15216327E-09,1,2,-0.4,0,0.5
consensus,homogeneous,39,0,4,0.5,0.4,0,0.1,true,0.05,0,0,0.2,7.13900204836315E+018,15,0.064200324278786,3.38877957E-09,4.15216327E-09,1,2,-0.4,0,0.5
consensus,homogeneous,39,0,4,0.5,0.4,0,0.1,true,0.05,0,0,0.2,8.63617513033061E+018,15,0.064200324278786,3.38877957E-09,4.15216327E-09,1,2,-0.4,0,0.5
consensus,homogeneous,39,0,4,0.5,0.4,0,0.1,true,0.05,0,0,0.2,4.6926904669588E+018,15,0.064200324278786,3.38877957E-09,4.15216327E-09,1,2,-0.4,0,0.5
consensus,heterogeneous,28,3,3,0.1,0.4,0,0.2,true,0.1,0.3,0.1,0.2,8.63617513033061E+018,55,0.0666504958157442,0.00116145295123666,0.00140880964899057,2,4,-0.4,1.5,0.7
consensus,homogeneous,39,0,4,0.5,0.4,0,0.1,true,0.05,0,0,0.2,6.90547037085634E+018,15,0.064200324278786,3.38877957E-09,4.15216327E-09,1,2,-0.4,0,0.5
consensus,heterogeneous,20,2,3,0.1,0.4,0.5,0.1,true,0.05,0.2,0.3,0.2,8.63617513033061E+018,55,0.168429353471969,0.00034460743724078,0.00032024859099483,1,3,0.1,0,0.7
consensus,heterogeneous,28,3,3,0.1,0.4,0,0.2,true,0.1,0.3,0.1,0.2,5.70257702789059E+018,55,0.0666504958157442,0.00116145295123666,0.00140880964899057,2,4,-0.4,1.5,0.7
consensus,homogeneous,39,0,4,0.5,0.4,0,0.1,true,0.05,0,0,0.2,5.70257702789059E+018,15,0.064200324278786,3.38877957E-09,4.15216327E-09,1,2,-0.4,0,0.5
consensus,heterogeneous,28,3,3,0.1,0.4,0,0.2,true,0.1,0.3,0.1,0.2,4.34257261248481E+018,55,0.0666504958157442,0.00116145295123666,0.00140880964899057,2,4,-0.4,1.5,0.7
consensus,heterogeneous,28,3,3,0.1,0.4,0,0.2,true,0.1,0.3,0.1,0.2,4.6926904669588E+018,55,0.0666504958157442,0.00116145295123666,0.00140880964899057,2,4,-0.4,1.5,0.7
consensus,heterogeneous,20,2,3,0.1,0.4,0.5,0.1,true,0.05,0.2,0.3,0.2,4.6926904669588E+018,55,0.168429353471969,0.00034460743724078,0.00032024859099483,1,3,0.1,0,0.7
consensus,heterogeneous,28,3,3,0.1,0.4,0,0.2,true,0.1,0.3,0.1,0.2,7.13900204836315E+018,55,0.0666504958157442,0.00116145295123666,0.00140880964899057,2,4,-0.4,1.5,0.7
consensus,heterogeneous,20,2,3,0.1,0.4,0.5,0.1,true,0.05,0.2,0.3,0.2,7.13900204836315E+018,55,0.168429353471969,0.00034460743724078,0.00032024859099483,1,3,0.1,0,0.7
consensus,heterogeneous,28,3,3,0.1,0.4,0,0.2,true,0.1,0.3,0.1,0.2,4.39889510625904E+018,55,0.0666504958157442,0.00116145295123666,0.00140880964899057,2,4,-0.4,1.5,0.7
consensus,heterogeneous,28,3,3,0.1,0.4,0,0.2,true,0.1,0.3,0.1,0.2,1.09591146466576E+017,55,0.0666504958157442,0.00116145295123666,0.00140880964899057,2,4,-0.4,1.5,0.7
consensus,heterogeneous,28,3,3,0.1,0.4,0,0.2,true,0.1,0.3,0.1,0.2,7.24071359189169E+018,55,0.0666504958157442,0.00116145295123666,0.00140880964899057,2,4,-0.4,1.5,0.7
consensus,heterogeneous,28,3,3,0.1,0.4,0,0.2,true,0.1,0.3,0.1,0.2,4.28636038694465E+018,55,0.0666504958157442,0.00116145295123666,0.00140880964899057,2,4,-0.4,1.5,0.7
consensus,heterogeneous,20,2,3,0.1,0.4,0.5,0.1,true,0.05,0.2,0.3,0.2,7.24071359189169E+018,55,0.168429353471969,0.00034460743724078,0.00032024859099483,1,3,0.1,0,0.7
consensus,heterogeneous,28,3,3,0.1,0.4,0,0.2,true,0.1,0.3,0.1,0.2,4.47792793694704E+018,55,0.0666504958157442,0.00116145295123666,0.00140880964899057,2,4,-0.4,1.5,0.7
consensus,homogeneous,39,0,4,0.5,0.4,0,0.1,true,0.05,0,0,0.2,4.39889510625904E+018,15,0.064200324278786,3.38877957E-09,4.15216327E-09,1,2,-0.4,0,0.5
consensus,homogeneous,39,0,4,0.5,0.4,0,0.1,true,0.05,0,0,0.2,1.84114252416859E+018,15,0.064200324278786,3.38877957E-09,4.15216327E-09,1,2,-0.4,0,0.5
consensus,heterogeneous,28,3,3,0.1,0.4,0,0.2,true,0.1,0.3,0.1,0.2,1.84114252416859E+018,55,0.0666504958157442,0.00116145295123666,0.00140880964899057,2,4,-0.4,1.5,0.7
consensus,heterogeneous,28,3,3,0.1,0.4,0,0.2,true,0.1,0.3,0.1,0.2,7.12889348418325E+018,55,0.0666504958157442,0.00116145295123666,0.00140880964899057,2,4,-0.4,1.5,0.7
consensus,heterogeneous,28,3,3,0.1,0.4,0,0.2,true,0.1,0.3,0.1,0.2,7.04337208916658E+018,55,0.0666504958157442,0.00116145295123666,0.00140880964899057,2,4,-0.4,1.5,0.7
consensus,heterogeneous,20,2,3,0.1,0.4,0.5,0.1,true,0.05,0.2,0.3,0.2,4.39889510625904E+018,55,0.168429353471969,0.00034460743724078,0.00032024859099483,1,3,0.1,0,0.7
consensus,heterogeneous,20,2,3,0.1,0.4,0.5,0.1,true,0.05,0.2,0.3,0.2,4.34257261248481E+018,55,0.168429353471969,0.00034460743724078,0.00032024859099483,1,3,0.1,0,0.7
consensus,heterogeneous,20,2,3,0.1,0.4,0.5,0.1,true,0.05,0.2,0.3,0.2,1.09591146466576E+017,55,0.168429353471969,0.00034460743724078,0.00032024859099483,1,3,0.1,0,0.7
consensus,heterogeneous,20,2,3,0.1,0.4,0.5,0.1,true,0.05,0.2,0.3,0.2,7.04337208916658E+018,55,0.168429353471969,0.00034460743724078,0.00032024859099483,1,3,0.1,0,0.7
consensus,homogeneous,39,0,4,0.5,0.4,0,0.1,true,0.05,0,0,0.2,4.34257261248481E+018,15,0.064200324278786,3.38877957E-09,4.15216327E-09,1,2,-0.4,0,0.5
consensus,heterogeneous,20,2,3,0.1,0.4,0.5,0.1,true,0.05,0.2,0.3,0.2,1.84114252416859E+018,55,0.168429353471969,0.00034460743724078,0.00032024859099483,1,3,0.1,0,0.7
consensus,homogeneous,39,0,4,0.5,0.4,0,0.1,true,0.05,0,0,0.2,1.09591146466576E+017,15,0.064200324278786,3.38877957E-09,4.15216327E-09,1,2,-0.4,0,0.5
consensus,heterogeneous,28,3,3,0.1,0.4,0,0.2,true,0.1,0.3,0.1,0.2,6.90547037085634E+018,55,0.0666504958157442,0.00116145295123666,0.00140880964899057,2,4,-0.4,1.5,0.7
consensus,heterogeneous,20,2,3,0.1,0.4,0.5,0.1,true,0.05,0.2,0.3,0.2,8.80361844505413E+018,55,0.168429353471969,0.00034460743724078,0.00032024859099483,1,3,0.1,0,0.7
consensus,heterogeneous,20,2,3,0.1,0.4,0.5,0.1,true,0.05,0.2,0.3,0.2,4.47792793694704E+018,55,0.168429353471969,0.00034460743724078,0.00032024859099483,1,3,0.1,0,0.7
consensus,heterogeneous,20,2,3,0.1,0.4,0.5,0.1,true,0.05,0.2,0.3,0.2,4.28636038694465E+018,55,0.168429353471969,0.00034460743724078,0.00032024859099483,1,3,0.1,0,0.7
consensus,heterogeneous,28,3,3,0.1,0.4,0,0.2,true,0.1,0.3,0.1,0.2,8.80361844505413E+018,55,0.0666504958157442,0.00116145295123666,0.00140880964899057,2,4,-0.4,1.5,0.7
consensus,heterogeneous,20,2,3,0.1,0.4,0.5,0.1,true,0.05,0.2,0.3,0.2,6.90547037085634E+018,55,0.168429353471969,0.00034460743724078,0.00032024859099483,1,3,0.1,0,0.7
consensus,homogeneous,39,0,4,0.5,0.4,0,0.1,true,0.05,0,0,0.2,7.04337208916658E+018,15,0.064200324278786,3.38877957E-09,4.15216327E-09,1,2,-0.4,0,0.5
consensus,heterogeneous,20,2,3,0.1,0.4,0.5,0.1,true,0.05,0.2,0.3,0.2,7.12889348418325E+018,55,0.168429353471969,0.00034460743724078,0.00032024859099483,1,3,0.1,0,0.7
consensus,homogeneous,39,0,4,0.5,0.4,0,0.1,true,0.05,0,0,0.2,8.80361844505413E+018,15,0.064200324278786,3.38877957E-09,4.15216327E-09,1,2,-0.4,0,0.5
consensus,heterogeneous,20,2,3,0.1,0.4,0.5,0.1,true,0.05,0.2,0.3,0.2,5.70257702789059E+018,55,0.168429353471969,0.00034460743724078,0.00032024859099483,1,3,0.1,0,0.7
consensus,homogeneous,39,0,4,0.5,0.4,0,0.1,true,0.05,0,0,0.2,4.28636038694465E+018,15,0.064200324278786,3.38877957E-09,4.15216327E-09,1,2,-0.4,0,0.5
consensus,homogeneous,39,0,4,0.5,0.4,0,0.1,true,0.05,0,0,0.2,4.47792793694704E+018,15,0.064200324278786,3.38877957E-09,4.15216327E-09,1,2,-0.4,0,0.5
consensus,homogeneous,39,0,4,0.5,0.4,0,0.1,true,0.05,0,0,0.2,7.12889348418325E+018,15,0.064200324278786,3.38877957E-09,4.15216327E-09,1,2,-0.4,0,0.5
consensus,heterogeneous,15,3,3,0.1,0.2,0.5,0.3,true,0.05,0,0.2,0.05,7.24071359189169E+018,30,0.0774381895721525,0.00025505135286469,0.00030522048611616,2,4,0.3,0,1
consensus,heterogeneous,15,3,3,0.1,0.2,0.5,0.3,true,0.05,0,0.2,0.05,4.6926904669588E+018,30,0.0774381895721525,0.00025505135286469,0.00030522048611616,2,4,0.3,0,1
consensus,heterogeneous,15,3,3,0.1,0.2,0.5,0.3,true,0.05,0,0.2,0.05,4.39889510625904E+018,30,0.0774381895721525,0.00025505135286469,0.00030522048611616,2,4,0.3,0,1
consensus,heterogeneous,15,3,3,0.1,0.2,0.5,0.3,true,0.05,0,0.2,0.05,8.80361844505413E+018,30,0.0774381895721525,0.00025505135286469,0.00030522048611616,2,4,0.3,0,1
consensus,heterogeneous,15,3,3,0.1,0.2,0.5,0.3,true,0.05,0,0.2,0.05,7.13900204836315E+018,30,0.0774381895721525,0.00025505135286469,0.00030522048611616,2,4,0.3,0,1
consensus,heterogeneous,15,3,3,0.1,0.2,0.5,0.3,true,0.05,0,0.2,0.05,8.63617513033061E+018,30,0.0774381895721525,0.00025505135286469,0.00030522048611616,2,4,0.3,0,1
consensus,heterogeneous,15,3,3,0.1,0.2,0.5,0.3,true,0.05,0,0.2,0.05,1.84114252416859E+018,30,0.0774381895721525,0.00025505135286469,0.00030522048611616,2,4,0.3,0,1
consensus,heterogeneous,15,3,3,0.1,0.2,0.5,0.3,true,0.05,0,0.2,0.05,7.04337208916658E+018,30,0.0774381895721525,0.00025505135286469,0.00030522048611616,2,4,0.3,0,1
consensus,heterogeneous,15,3,3,0.1,0.2,0.5,0.3,true,0.05,0,0.2,0.05,7.12889348418325E+018,30,0.0774381895721525,0.00025505135286469,0.00030522048611616,2,4,0.3,0,1
consensus,heterogeneous,15,3,3,0.1,0.2,0.5,0.3,true,0.05,0,0.2,0.05,4.47792793694704E+018,30,0.0774381895721525,0.00025505135286469,0.00030522048611616,2,4,0.3,0,1
consensus,heterogeneous,15,3,3,0.1,0.2,0.5,0.3,true,0.05,0,0.2,0.05,5.70257702789059E+018,30,0.0774381895721525,0.00025505135286469,0.00030522048611616,2,4,0.3,0,1
consensus,heterogeneous,15,3,3,0.1,0.2,0.5,0.3,true,0.05,0,0.2,0.05,6.90547037085634E+018,30,0.0774381895721525,0.00025505135286469,0.00030522048611616,2,4,0.3,0,1
consensus,heterogeneous,15,3,3,0.1,0.2,0.5,0.3,true,0.05,0,0.2,0.05,1.09591146466576E+017,30,0.0774381895721525,0.00025505135286469,0.00030522048611616,2,4,0.3,0,1
consensus,heterogeneous,15,3,3,0.1,0.2,0.5,0.3,true,0.05,0,0.2,0.05,4.34257261248481E+018,30,0.0774381895721525,0.00025505135286469,0.00030522048611616,2,4,0.3,0,1
consensus,heterogeneous,15,3,3,0.1,0.2,0.5,0.3,true,0.05,0,0.2,0.05,4.28636038694465E+018,30,0.0774381895721525,0.00025505135286469,0.00030522048611616,2,4,0.3,0,1
consensus,homogeneous,31,0,4,0.1,0.4,0.6,0.3,true,0,0.1,0.3,0.05,7.13900204836315E+018,35,0.0505116740120643,3.402372864609E-05,1.613447491519E-05,1,3,0.2,0,0.3
consensus,heterogeneous,29,2,2,0.1,0.6,0.5,0.1,true,0.05,0.1,0.1,0.05,7.24071359189169E+018,45,0.162143283814392,0.00012676443902515,0.00011620264402471,1,3,-0.1,0,1
consensus,heterogeneous,29,2,2,0.1,0.6,0.5,0.1,true,0.05,0.1,0.1,0.05,7.13900204836315E+018,45,0.162143283814392,0.00012676443902515,0.00011620264402471,1,3,-0.1,0,1
consensus,heterogeneous,29,2,2,0.1,0.6,0.5,0.1,true,0.05,0.1,0.1,0.05,7.12889348418325E+018,45,0.162143283814392,0.00012676443902515,0.00011620264402471,1,3,-0.1,0,1
consensus,heterogeneous,29,2,2,0.1,0.6,0.5,0.1,true,0.05,0.1,0.1,0.05,4.6926904669588E+018,45,0.162143283814392,0.00012676443902515,0.00011620264402471,1,3,-0.1,0,1
consensus,homogeneous,31,0,4,0.1,0.4,0.6,0.3,true,0,0.1,0.3,0.05,7.24071359189169E+018,35,0.0505116740120643,3.402372864609E-05,1.613447491519E-05,1,3,0.2,0,0.3
consensus,heterogeneous,29,2,2,0.1,0.6,0.5,0.1,true,0.05,0.1,0.1,0.05,4.47792793694704E+018,45,0.162143283814392,0.00012676443902515,0.00011620264402471,1,3,-0.1,0,1
consensus,heterogeneous,29,2,2,0.1,0.6,0.5,0.1,true,0.05,0.1,0.1,0.05,7.04337208916658E+018,45,0.162143283814392,0.00012676443902515,0.00011620264402471,1,3,-0.1,0,1
consensus,heterogeneous,29,2,2,0.1,0.6,0.5,0.1,true,0.05,0.1,0.1,0.05,4.28636038694465E+018,45,0.162143283814392,0.00012676443902515,0.00011620264402471,1,3,-0.1,0,1
consensus,heterogeneous,29,2,2,0.1,0.6,0.5,0.1,true,0.05,0.1,0.1,0.05,8.80361844505413E+018,45,0.162143283814392,0.00012676443902515,0.00011620264402471,1,3,-0.1,0,1
consensus,heterogeneous,29,2,2,0.1,0.6,0.5,0.1,true,0.05,0.1,0.1,0.05,4.39889510625904E+018,45,0.162143283814392,0.00012676443902515,0.00011620264402471,1,3,-0.1,0,1
consensus,heterogeneous,29,2,2,0.1,0.6,0.5,0.1,true,0.05,0.1,0.1,0.05,6.90547037085634E+018,45,0.162143283814392,0.00012676443902515,0.00011620264402471,1,3,-0.1,0,1
consensus,heterogeneous,29,2,2,0.1,0.6,0.5,0.1,true,0.05,0.1,0.1,0.05,1.84114252416859E+018,45,0.162143283814392,0.00012676443902515,0.00011620264402471,1,3,-0.1,0,1
consensus,heterogeneous,29,2,2,0.1,0.6,0.5,0.1,true,0.05,0.1,0.1,0.05,5.70257702789059E+018,45,0.162143283814392,0.00012676443902515,0.00011620264402471,1,3,-0.1,0,1
consensus,heterogeneous,29,2,2,0.1,0.6,0.5,0.1,true,0.05,0.1,0.1,0.05,8.63617513033061E+018,45,0.162143283814392,0.00012676443902515,0.00011620264402471,1,3,-0.1,0,1
consensus,heterogeneous,29,2,2,0.1,0.6,0.5,0.1,true,0.05,0.1,0.1,0.05,1.09591146466576E+017,45,0.162143283814392,0.00012676443902515,0.00011620264402471,1,3,-0.1,0,1
consensus,heterogeneous,29,2,2,0.1,0.6,0.5,0.1,true,0.05,0.1,0.1,0.05,4.34257261248481E+018,45,0.162143283814392,0.00012676443902515,0.00011620264402471,1,3,-0.1,0,1
consensus,homogeneous,31,0,4,0.1,0.4,0.6,0.3,true,0,0.1,0.3,0.05,6.90547037085634E+018,35,0.0505116740120643,3.402372864609E-05,1.613447491519E-05,1,3,0.2,0,0.3
consensus,homogeneous,31,0,4,0.1,0.4,0.6,0.3,true,0,0.1,0.3,0.05,8.63617513033061E+018,35,0.0505116740120643,3.402372864609E-05,1.613447491519E-05,1,3,0.2,0,0.3
consensus,homogeneous,31,0,4,0.1,0.4,0.6,0.3,true,0,0.1,0.3,0.05,4.39889510625904E+018,35,0.0505116740120643,3.402372864609E-05,1.613447491519E-05,1,3,0.2,0,0.3
consensus,homogeneous,31,0,4,0.1,0.4,0.6,0.3,true,0,0.1,0.3,0.05,4.6926904669588E+018,35,0.0505116740120643,3.402372864609E-05,1.613447491519E-05,1,3,0.2,0,0.3
consensus,homogeneous,31,0,4,0.1,0.4,0.6,0.3,true,0,0.1,0.3,0.05,5.70257702789059E+018,35,0.0505116740120643,3.402372864609E-05,1.613447491519E-05,1,3,0.2,0,0.3
consensus,homogeneous,52,0,4,0.2,0.2,0.2,0.2,true,0.05,0.1,0,0,7.24071359189169E+018,30,0.147596696628588,4.89764954503E-06,2.91384996912E-06,1,2,0,0,0
consensus,homogeneous,31,0,4,0.1,0.4,0.6,0.3,true,0,0.1,0.3,0.05,8.80361844505413E+018,35,0.0505116740120643,3.402372864609E-05,1.613447491519E-05,1,3,0.2,0,0.3
consensus,homogeneous,31,0,4,0.1,0.4,0.6,0.3,true,0,0.1,0.3,0.05,4.47792793694704E+018,35,0.0505116740120643,3.402372864609E-05,1.613447491519E-05,1,3,0.2,0,0.3
consensus,homogeneous,52,0,4,0.2,0.2,0.2,0.2,true,0.05,0.1,0,0,4.6926904669588E+018,30,0.147596696628588,4.89764954503E-06,2.91384996912E-06,1,2,0,0,0
consensus,homogeneous,31,0,4,0.1,0.4,0.6,0.3,true,0,0.1,0.3,0.05,1.84114252416859E+018,35,0.0505116740120643,3.402372864609E-05,1.613447491519E-05,1,3,0.2,0,0.3
consensus,homogeneous,52,0,4,0.2,0.2,0.2,0.2,true,0.05,0.1,0,0,7.13900204836315E+018,30,0.147596696628588,4.89764954503E-06,2.91384996912E-06,1,2,0,0,0
consensus,homogeneous,52,0,4,0.2,0.2,0.2,0.2,true,0.05,0.1,0,0,6.90547037085634E+018,30,0.147596696628588,4.89764954503E-06,2.91384996912E-06,1,2,0,0,0
consensus,homogeneous,31,0,4,0.1,0.4,0.6,0.3,true,0,0.1,0.3,0.05,4.28636038694465E+018,35,0.0505116740120643,3.402372864609E-05,1.613447491519E-05,1,3,0.2,0,0.3
consensus,homogeneous,31,0,4,0.1,0.4,0.6,0.3,true,0,0.1,0.3,0.05,1.09591146466576E+017,35,0.0505116740120643,3.402372864609E-05,1.613447491519E-05,1,3,0.2,0,0.3
consensus,homogeneous,31,0,4,0.1,0.4,0.6,0.3,true,0,0.1,0.3,0.05,7.04337208916658E+018,35,0.0505116740120643,3.402372864609E-05,1.613447491519E-05,1,3,0.2,0,0.3
consensus,homogeneous,52,0,4,0.2,0.2,0.2,0.2,true,0.05,0.1,0,0,8.63617513033061E+018,30,0.147596696628588,4.89764954503E-06,2.91384996912E-06,1,2,0,0,0
consensus,homogeneous,52,0,4,0.2,0.2,0.2,0.2,true,0.05,0.1,0,0,5.70257702789059E+018,30,0.147596696628588,4.89764954503E-06,2.91384996912E-06,1,2,0,0,0
consensus,homogeneous,52,0,4,0.2,0.2,0.2,0.2,true,0.05,0.1,0,0,8.80361844505413E+018,30,0.147596696628588,4.89764954503E-06,2.91384996912E-06,1,2,0,0,0
consensus,homogeneous,52,0,4,0.2,0.2,0.2,0.2,true,0.05,0.1,0,0,1.84114252416859E+018,30,0.147596696628588,4.89764954503E-06,2.91384996912E-06,1,2,0,0,0
consensus,homogeneous,52,0,4,0.2,0.2,0.2,0.2,true,0.05,0.1,0,0,4.47792793694704E+018,30,0.147596696628588,4.89764954503E-06,2.91384996912E-06,1,2,0,0,0
consensus,homogeneous,52,0,4,0.2,0.2,0.2,0.2,true,0.05,0.1,0,0,7.12889348418325E+018,30,0.147596696628588,4.89764954503E-06,2.91384996912E-06,1,2,0,0,0
consensus,homogeneous,52,0,4,0.2,0.2,0.2,0.2,true,0.05,0.1,0,0,4.34257261248481E+018,30,0.147596696628588,4.89764954503E-06,2.91384996912E-06,1,2,0,0,0
consensus,homogeneous,52,0,4,0.2,0.2,0.2,0.2,true,0.05,0.1,0,0,7.04337208916658E+018,30,0.147596696628588,4.89764954503E-06,2.91384996912E-06,1,2,0,0,0
consensus,homogeneous,31,0,4,0.1,0.4,0.6,0.3,true,0,0.1,0.3,0.05,4.34257261248481E+018,35,0.0505116740120643,3.402372864609E-05,1.613447491519E-05,1,3,0.2,0,0.3
consensus,homogeneous,52,0,4,0.2,0.2,0.2,0.2,true,0.05,0.1,0,0,4.28636038694465E+018,30,0.147596696628588,4.89764954503E-06,2.91384996912E-06,1,2,0,0,0
consensus,heterogeneous,51,3,3,0.2,0.2,0.6,0.2,true,0,0.3,0.2,0,4.6926904669588E+018,25,0.113634868429766,2.89983981853E-06,1.66672556439E-06,1,4,0.4,0,1
consensus,homogeneous,31,0,4,0.1,0.4,0.6,0.3,true,0,0.1,0.3,0.05,7.12889348418325E+018,35,0.0505116740120643,3.402372864609E-05,1.613447491519E-05,1,3,0.2,0,0.3
consensus,homogeneous,52,0,4,0.2,0.2,0.2,0.2,true,0.05,0.1,0,0,4.39889510625904E+018,30,0.147596696628588,4.89764954503E-06,2.91384996912E-06,1,2,0,0,0
consensus,homogeneous,52,0,4,0.2,0.2,0.2,0.2,true,0.05,0.1,0,0,1.09591146466576E+017,30,0.147596696628588,4.89764954503E-06,2.91384996912E-06,1,2,0,0,0
consensus,heterogeneous,51,3,3,0.2,0.2,0.6,0.2,true,0,0.3,0.2,0,7.13900204836315E+018,25,0.113634868429766,2.89983981853E-06,1.66672556439E-06,1,4,0.4,0,1
consensus,heterogeneous,51,3,3,0.2,0.2,0.6,0.2,true,0,0.3,0.2,0,7.24071359189169E+018,25,0.113634868429766,2.89983981853E-06,1.66672556439E-06,1,4,0.4,0,1
consensus,homogeneous,31,0,4,0.5,0.2,0,0.3,true,0.1,0.1,0.3,0.05,4.6926904669588E+018,15,0.078852185462601,4.945964716E-08,0.0000000493747527,1,3,-0.2,0,0.5
consensus,homogeneous,31,0,4,0.5,0.2,0,0.3,true,0.1,0.1,0.3,0.05,8.63617513033061E+018,15,0.078852185462601,4.945964716E-08,0.0000000493747527,1,3,-0.2,0,0.5
consensus,homogeneous,31,0,4,0.5,0.2,0,0.3,true,0.1,0.1,0.3,0.05,6.90547037085634E+018,15,0.078852185462601,4.945964716E-08,0.0000000493747527,1,3,-0.2,0,0.5
consensus,homogeneous,31,0,4,0.5,0.2,0,0.3,true,0.1,0.1,0.3,0.05,7.13900204836315E+018,15,0.078852185462601,4.945964716E-08,0.0000000493747527,1,3,-0.2,0,0.5
consensus,homogeneous,31,0,4,0.5,0.2,0,0.3,true,0.1,0.1,0.3,0.05,5.70257702789059E+018,15,0.078852185462601,4.945964716E-08,0.0000000493747527,1,3,-0.2,0,0.5
consensus,heterogeneous,51,3,3,0.2,0.2,0.6,0.2,true,0,0.3,0.2,0,6.90547037085634E+018,25,0.113634868429766,2.89983981853E-06,1.66672556439E-06,1,4,0.4,0,1
consensus,homogeneous,31,0,4,0.5,0.2,0,0.3,true,0.1,0.1,0.3,0.05,4.34257261248481E+018,15,0.078852185462601,4.945964716E-08,0.0000000493747527,1,3,-0.2,0,0.5
consensus,homogeneous,31,0,4,0.5,0.2,0,0.3,true,0.1,0.1,0.3,0.05,4.39889510625904E+018,15,0.078852185462601,4.945964716E-08,0.0000000493747527,1,3,-0.2,0,0.5
consensus,homogeneous,31,0,4,0.5,0.2,0,0.3,true,0.1,0.1,0.3,0.05,7.24071359189169E+018,15,0.078852185462601,4.945964716E-08,0.0000000493747527,1,3,-0.2,0,0.5
consensus,homogeneous,31,0,4,0.5,0.2,0,0.3,true,0.1,0.1,0.3,0.05,4.47792793694704E+018,15,0.078852185462601,4.945964716E-08,0.0000000493747527,1,3,-0.2,0,0.5
consensus,heterogeneous,51,3,3,0.2,0.2,0.6,0.2,true,0,0.3,0.2,0,4.39889510625904E+018,25,0.113634868429766,2.89983981853E-06,1.66672556439E-06,1,4,0.4,0,1
consensus,homogeneous,31,0,4,0.5,0.2,0,0.3,true,0.1,0.1,0.3,0.05,1.09591146466576E+017,15,0.078852185462601,4.945964716E-08,0.0000000493747527,1,3,-0.2,0,0.5
consensus,heterogeneous,51,3,3,0.2,0.2,0.6,0.2,true,0,0.3,0.2,0,8.63617513033061E+018,25,0.113634868429766,2.89983981853E-06,1.66672556439E-06,1,4,0.4,0,1
consensus,homogeneous,31,0,4,0.5,0.2,0,0.3,true,0.1,0.1,0.3,0.05,7.04337208916658E+018,15,0.078852185462601,4.945964716E-08,0.0000000493747527,1,3,-0.2,0,0.5
consensus,heterogeneous,51,3,3,0.2,0.2,0.6,0.2,true,0,0.3,0.2,0,5.70257702789059E+018,25,0.113634868429766,2.89983981853E-06,1.66672556439E-06,1,4,0.4,0,1
consensus,homogeneous,31,0,4,0.5,0.2,0,0.3,true,0.1,0.1,0.3,0.05,8.80361844505413E+018,15,0.078852185462601,4.945964716E-08,0.0000000493747527,1,3,-0.2,0,0.5
consensus,heterogeneous,51,3,3,0.2,0.2,0.6,0.2,true,0,0.3,0.2,0,1.84114252416859E+018,25,0.113634868429766,2.89983981853E-06,1.66672556439E-06,1,4,0.4,0,1
consensus,homogeneous,31,0,4,0.5,0.2,0,0.3,true,0.1,0.1,0.3,0.05,1.84114252416859E+018,15,0.078852185462601,4.945964716E-08,0.0000000493747527,1,3,-0.2,0,0.5
consensus,heterogeneous,51,3,3,0.2,0.2,0.6,0.2,true,0,0.3,0.2,0,7.04337208916658E+018,25,0.113634868429766,2.89983981853E-06,1.66672556439E-06,1,4,0.4,0,1
consensus,homogeneous,31,0,4,0.5,0.2,0,0.3,true,0.1,0.1,0.3,0.05,4.28636038694465E+018,15,0.078852185462601,4.945964716E-08,0.0000000493747527,1,3,-0.2,0,0.5
consensus,homogeneous,31,0,4,0.5,0.2,0,0.3,true,0.1,0.1,0.3,0.05,7.12889348418325E+018,15,0.078852185462601,4.945964716E-08,0.0000000493747527,1,3,-0.2,0,0.5
consensus,heterogeneous,51,3,3,0.2,0.2,0.6,0.2,true,0,0.3,0.2,0,4.34257261248481E+018,25,0.113634868429766,2.89983981853E-06,1.66672556439E-06,1,4,0.4,0,1
consensus,heterogeneous,51,3,3,0.2,0.2,0.6,0.2,true,0,0.3,0.2,0,8.80361844505413E+018,25,0.113634868429766,2.89983981853E-06,1.66672556439E-06,1,4,0.4,0,1
consensus,heterogeneous,51,3,3,0.2,0.2,0.6,0.2,true,0,0.3,0.2,0,1.09591146466576E+017,25,0.113634868429766,2.89983981853E-06,1.66672556439E-06,1,4,0.4,0,1
consensus,heterogeneous,51,3,3,0.2,0.2,0.6,0.2,true,0,0.3,0.2,0,7.12889348418325E+018,25,0.113634868429766,2.89983981853E-06,1.66672556439E-06,1,4,0.4,0,1
consensus,heterogeneous,51,3,3,0.2,0.2,0.6,0.2,true,0,0.3,0.2,0,4.28636038694465E+018,25,0.113634868429766,2.89983981853E-06,1.66672556439E-06,1,4,0.4,0,1
consensus,heterogeneous,51,3,3,0.2,0.2,0.6,0.2,true,0,0.3,0.2,0,4.47792793694704E+018,25,0.113634868429766,2.89983981853E-06,1.66672556439E-06,1,4,0.4,0,1
consensus,heterogeneous,9,3,4,0.5,0.4,0.5,0.1,true,0,0.3,0.1,0.2,7.24071359189169E+018,15,0.101847813240127,5.2192908E-10,3.6222671E-10,1,4,0.1,0,0
consensus,heterogeneous,9,3,4,0.5,0.4,0.5,0.1,true,0,0.3,0.1,0.2,7.13900204836315E+018,15,0.101847813240127,5.2192908E-10,3.6222671E-10,1,4,0.1,0,0
consensus,homogeneous,6,0,6,0.2,0.6,0.6,0.2,true,0.2,0.2,0.1,0.05,5.70257702789059E+018,30,0.146441488001123,0.00028808306755878,0.00022662586651474,2,4,0,0,0.7
consensus,homogeneous,6,0,6,0.2,0.6,0.6,0.2,true,0.2,0.2,0.1,0.05,7.12889348418325E+018,30,0.146441488001123,0.00028808306755878,0.00022662586651474,2,4,0,0,0.7
consensus,homogeneous,6,0,6,0.2,0.6,0.6,0.2,true,0.2,0.2,0.1,0.05,8.63617513033061E+018,30,0.146441488001123,0.00028808306755878,0.00022662586651474,2,4,0,0,0.7
consensus,homogeneous,6,0,6,0.2,0.6,0.6,0.2,true,0.2,0.2,0.1,0.05,7.24071359189169E+018,30,0.146441488001123,0.00028808306755878,0.00022662586651474,2,4,0,0,0.7
consensus,homogeneous,6,0,6,0.2,0.6,0.6,0.2,true,0.2,0.2,0.1,0.05,7.13900204836315E+018,30,0.146441488001123,0.00028808306755878,0.00022662586651474,2,4,0,0,0.7
consensus,homogeneous,6,0,6,0.2,0.6,0.6,0.2,true,0.2,0.2,0.1,0.05,8.80361844505413E+018,30,0.146441488001123,0.00028808306755878,0.00022662586651474,2,4,0,0,0.7
consensus,homogeneous,6,0,6,0.2,0.6,0.6,0.2,true,0.2,0.2,0.1,0.05,4.6926904669588E+018,30,0.146441488001123,0.00028808306755878,0.00022662586651474,2,4,0,0,0.7
consensus,homogeneous,6,0,6,0.2,0.6,0.6,0.2,true,0.2,0.2,0.1,0.05,4.39889510625904E+018,30,0.146441488001123,0.00028808306755878,0.00022662586651474,2,4,0,0,0.7
consensus,homogeneous,6,0,6,0.2,0.6,0.6,0.2,true,0.2,0.2,0.1,0.05,6.90547037085634E+018,30,0.146441488001123,0.00028808306755878,0.00022662586651474,2,4,0,0,0.7
consensus,homogeneous,6,0,6,0.2,0.6,0.6,0.2,true,0.2,0.2,0.1,0.05,1.84114252416859E+018,30,0.146441488001123,0.00028808306755878,0.00022662586651474,2,4,0,0,0.7
consensus,homogeneous,6,0,6,0.2,0.6,0.6,0.2,true,0.2,0.2,0.1,0.05,1.09591146466576E+017,30,0.146441488001123,0.00028808306755878,0.00022662586651474,2,4,0,0,0.7
consensus,homogeneous,6,0,6,0.2,0.6,0.6,0.2,true,0.2,0.2,0.1,0.05,7.04337208916658E+018,30,0.146441488001123,0.00028808306755878,0.00022662586651474,2,4,0,0,0.7
consensus,homogeneous,6,0,6,0.2,0.6,0.6,0.2,true,0.2,0.2,0.1,0.05,4.34257261248481E+018,30,0.146441488001123,0.00028808306755878,0.00022662586651474,2,4,0,0,0.7
consensus,homogeneous,6,0,6,0.2,0.6,0.6,0.2,true,0.2,0.2,0.1,0.05,4.28636038694465E+018,30,0.146441488001123,0.00028808306755878,0.00022662586651474,2,4,0,0,0.7
consensus,heterogeneous,9,3,4,0.5,0.4,0.5,0.1,true,0,0.3,0.1,0.2,8.63617513033061E+018,15,0.101847813240127,5.2192908E-10,3.6222671E-10,1,4,0.1,0,0
consensus,heterogeneous,9,3,4,0.5,0.4,0.5,0.1,true,0,0.3,0.1,0.2,4.6926904669588E+018,15,0.101847813240127,5.2192908E-10,3.6222671E-10,1,4,0.1,0,0
consensus,heterogeneous,9,3,4,0.5,0.4,0.5,0.1,true,0,0.3,0.1,0.2,6.90547037085634E+018,15,0.101847813240127,5.2192908E-10,3.6222671E-10,1,4,0.1,0,0
consensus,homogeneous,31,0,4,0.1,0.2,0.8,0.3,true,0.1,0,0.3,0.2,7.13900204836315E+018,70,0.101944949229731,0.00025297770625274,0.00012261101314216,1,3,0.6,0,0
consensus,homogeneous,6,0,6,0.2,0.6,0.6,0.2,true,0.2,0.2,0.1,0.05,4.47792793694704E+018,30,0.146441488001123,0.00028808306755878,0.00022662586651474,2,4,0,0,0.7
consensus,homogeneous,31,0,4,0.1,0.2,0.8,0.3,true,0.1,0,0.3,0.2,7.24071359189169E+018,70,0.101944949229731,0.00025297770625274,0.00012261101314216,1,3,0.6,0,0
consensus,heterogeneous,9,3,4,0.5,0.4,0.5,0.1,true,0,0.3,0.1,0.2,5.70257702789059E+018,15,0.101847813240127,5.2192908E-10,3.6222671E-10,1,4,0.1,0,0
consensus,homogeneous,31,0,4,0.1,0.2,0.8,0.3,true,0.1,0,0.3,0.2,1.84114252416859E+018,70,0.101944949229731,0.00025297770625274,0.00012261101314216,1,3,0.6,0,0
consensus,homogeneous,31,0,4,0.1,0.2,0.8,0.3,true,0.1,0,0.3,0.2,4.6926904669588E+018,70,0.101944949229731,0.00025297770625274,0.00012261101314216,1,3,0.6,0,0
consensus,heterogeneous,9,3,4,0.5,0.4,0.5,0.1,true,0,0.3,0.1,0.2,4.47792793694704E+018,15,0.101847813240127,5.2192908E-10,3.6222671E-10,1,4,0.1,0,0
consensus,heterogeneous,9,3,4,0.5,0.4,0.5,0.1,true,0,0.3,0.1,0.2,4.34257261248481E+018,15,0.101847813240127,5.2192908E-10,3.6222671E-10,1,4,0.1,0,0
consensus,heterogeneous,9,3,4,0.5,0.4,0.5,0.1,true,0,0.3,0.1,0.2,1.84114252416859E+018,15,0.101847813240127,5.2192908E-10,3.6222671E-10,1,4,0.1,0,0
consensus,heterogeneous,9,3,4,0.5,0.4,0.5,0.1,true,0,0.3,0.1,0.2,8.80361844505413E+018,15,0.101847813240127,5.2192908E-10,3.6222671E-10,1,4,0.1,0,0
consensus,heterogeneous,9,3,4,0.5,0.4,0.5,0.1,true,0,0.3,0.1,0.2,4.39889510625904E+018,15,0.101847813240127,5.2192908E-10,3.6222671E-10,1,4,0.1,0,0
consensus,heterogeneous,9,3,4,0.5,0.4,0.5,0.1,true,0,0.3,0.1,0.2,1.09591146466576E+017,15,0.101847813240127,5.2192908E-10,3.6222671E-10,1,4,0.1,0,0
consensus,heterogeneous,9,3,4,0.5,0.4,0.5,0.1,true,0,0.3,0.1,0.2,7.04337208916658E+018,15,0.101847813240127,5.2192908E-10,3.6222671E-10,1,4,0.1,0,0
consensus,heterogeneous,9,3,4,0.5,0.4,0.5,0.1,true,0,0.3,0.1,0.2,4.28636038694465E+018,15,0.101847813240127,5.2192908E-10,3.6222671E-10,1,4,0.1,0,0
consensus,heterogeneous,9,3,4,0.5,0.4,0.5,0.1,true,0,0.3,0.1,0.2,7.12889348418325E+018,15,0.101847813240127,5.2192908E-10,3.6222671E-10,1,4,0.1,0,0
consensus,homogeneous,31,0,4,0.1,0.2,0.8,0.3,true,0.1,0,0.3,0.2,8.63617513033061E+018,70,0.101944949229731,0.00025297770625274,0.00012261101314216,1,3,0.6,0,0
consensus,homogeneous,31,0,4,0.1,0.2,0.8,0.3,true,0.1,0,0.3,0.2,7.12889348418325E+018,70,0.101944949229731,0.00025297770625274,0.00012261101314216,1,3,0.6,0,0
consensus,homogeneous,31,0,4,0.1,0.2,0.8,0.3,true,0.1,0,0.3,0.2,8.80361844505413E+018,70,0.101944949229731,0.00025297770625274,0.00012261101314216,1,3,0.6,0,0
consensus,homogeneous,31,0,4,0.1,0.2,0.8,0.3,true,0.1,0,0.3,0.2,6.90547037085634E+018,70,0.101944949229731,0.00025297770625274,0.00012261101314216,1,3,0.6,0,0
consensus,homogeneous,31,0,4,0.1,0.2,0.8,0.3,true,0.1,0,0.3,0.2,4.39889510625904E+018,70,0.101944949229731,0.00025297770625274,0.00012261101314216,1,3,0.6,0,0
consensus,heterogeneous,40,2,2,0.1,0.2,0.6,0.1,true,0,0.1,0.3,0.2,7.24071359189169E+018,30,0.0431331466568497,4.819435098746E-05,3.288666013826E-05,2,3,0.4,0,0.3
consensus,homogeneous,31,0,4,0.1,0.2,0.8,0.3,true,0.1,0,0.3,0.2,4.34257261248481E+018,70,0.101944949229731,0.00025297770625274,0.00012261101314216,1,3,0.6,0,0
consensus,homogeneous,31,0,4,0.1,0.2,0.8,0.3,true,0.1,0,0.3,0.2,4.28636038694465E+018,70,0.101944949229731,0.00025297770625274,0.00012261101314216,1,3,0.6,0,0
consensus,homogeneous,31,0,4,0.1,0.2,0.8,0.3,true,0.1,0,0.3,0.2,7.04337208916658E+018,70,0.101944949229731,0.00025297770625274,0.00012261101314216,1,3,0.6,0,0
consensus,homogeneous,31,0,4,0.1,0.2,0.8,0.3,true,0.1,0,0.3,0.2,5.70257702789059E+018,70,0.101944949229731,0.00025297770625274,0.00012261101314216,1,3,0.6,0,0
consensus,homogeneous,31,0,4,0.1,0.2,0.8,0.3,true,0.1,0,0.3,0.2,1.09591146466576E+017,70,0.101944949229731,0.00025297770625274,0.00012261101314216,1,3,0.6,0,0
consensus,heterogeneous,40,2,2,0.1,0.2,0.6,0.1,true,0,0.1,0.3,0.2,7.13900204836315E+018,30,0.0431331466568497,4.819435098746E-05,3.288666013826E-05,2,3,0.4,0,0.3
consensus,homogeneous,31,0,4,0.1,0.2,0.8,0.3,true,0.1,0,0.3,0.2,4.47792793694704E+018,70,0.101944949229731,0.00025297770625274,0.00012261101314216,1,3,0.6,0,0
consensus,heterogeneous,40,2,2,0.1,0.2,0.6,0.1,true,0,0.1,0.3,0.2,4.34257261248481E+018,30,0.0431331466568497,4.819435098746E-05,3.288666013826E-05,2,3,0.4,0,0.3
consensus,heterogeneous,40,2,2,0.1,0.2,0.6,0.1,true,0,0.1,0.3,0.2,1.84114252416859E+018,30,0.0431331466568497,4.819435098746E-05,3.288666013826E-05,2,3,0.4,0,0.3
consensus,heterogeneous,40,2,2,0.1,0.2,0.6,0.1,true,0,0.1,0.3,0.2,5.70257702789059E+018,30,0.0431331466568497,4.819435098746E-05,3.288666013826E-05,2,3,0.4,0,0.3
consensus,heterogeneous,40,2,2,0.1,0.2,0.6,0.1,true,0,0.1,0.3,0.2,6.90547037085634E+018,30,0.0431331466568497,4.819435098746E-05,3.288666013826E-05,2,3,0.4,0,0.3
consensus,heterogeneous,40,2,2,0.1,0.2,0.6,0.1,true,0,0.1,0.3,0.2,1.09591146466576E+017,30,0.0431331466568497,4.819435098746E-05,3.288666013826E-05,2,3,0.4,0,0.3
consensus,heterogeneous,40,2,2,0.1,0.2,0.6,0.1,true,0,0.1,0.3,0.2,7.04337208916658E+018,30,0.0431331466568497,4.819435098746E-05,3.288666013826E-05,2,3,0.4,0,0.3
consensus,heterogeneous,40,2,2,0.1,0.2,0.6,0.1,true,0,0.1,0.3,0.2,4.6926904669588E+018,30,0.0431331466568497,4.819435098746E-05,3.288666013826E-05,2,3,0.4,0,0.3
consensus,heterogeneous,40,2,2,0.1,0.2,0.6,0.1,true,0,0.1,0.3,0.2,8.63617513033061E+018,30,0.0431331466568497,4.819435098746E-05,3.288666013826E-05,2,3,0.4,0,0.3
consensus,heterogeneous,40,2,2,0.1,0.2,0.6,0.1,true,0,0.1,0.3,0.2,7.12889348418325E+018,30,0.0431331466568497,4.819435098746E-05,3.288666013826E-05,2,3,0.4,0,0.3
consensus,heterogeneous,40,2,2,0.1,0.2,0.6,0.1,true,0,0.1,0.3,0.2,4.47792793694704E+018,30,0.0431331466568497,4.819435098746E-05,3.288666013826E-05,2,3,0.4,0,0.3
consensus,heterogeneous,40,2,2,0.1,0.2,0.6,0.1,true,0,0.1,0.3,0.2,4.28636038694465E+018,30,0.0431331466568497,4.819435098746E-05,3.288666013826E-05,2,3,0.4,0,0.3
consensus,heterogeneous,40,2,2,0.1,0.2,0.6,0.1,true,0,0.1,0.3,0.2,4.39889510625904E+018,30,0.0431331466568497,4.819435098746E-05,3.288666013826E-05,2,3,0.4,0,0.3
consensus,homogeneous,48,0,6,0.2,0.4,0.8,0.3,true,0,0.2,0,0.05,7.13900204836315E+018,25,0.0783784150631427,1.061647107115E-05,8.00911776014E-06,1,3,0.4,0,0.5
consensus,homogeneous,48,0,6,0.2,0.4,0.8,0.3,true,0,0.2,0,0.05,1.84114252416859E+018,25,0.0783784150631427,1.061647107115E-05,8.00911776014E-06,1,3,0.4,0,0.5
consensus,heterogeneous,40,2,2,0.1,0.2,0.6,0.1,true,0,0.1,0.3,0.2,8.80361844505413E+018,30,0.0431331466568497,4.819435098746E-05,3.288666013826E-05,2,3,0.4,0,0.3
consensus,homogeneous,48,0,6,0.2,0.4,0.8,0.3,true,0,0.2,0,0.05,7.24071359189169E+018,25,0.0783784150631427,1.061647107115E-05,8.00911776014E-06,1,3,0.4,0,0.5
consensus,homogeneous,48,0,6,0.2,0.4,0.8,0.3,true,0,0.2,0,0.05,4.39889510625904E+018,25,0.0783784150631427,1.061647107115E-05,8.00911776014E-06,1,3,0.4,0,0.5
consensus,homogeneous,48,0,6,0.2,0.4,0.8,0.3,true,0,0.2,0,0.05,5.70257702789059E+018,25,0.0783784150631427,1.061647107115E-05,8.00911776014E-06,1,3,0.4,0,0.5
consensus,homogeneous,48,0,6,0.2,0.4,0.8,0.3,true,0,0.2,0,0.05,8.80361844505413E+018,25,0.0783784150631427,1.061647107115E-05,8.00911776014E-06,1,3,0.4,0,0.5
consensus,homogeneous,48,0,6,0.2,0.4,0.8,0.3,true,0,0.2,0,0.05,6.90547037085634E+018,25,0.0783784150631427,1.061647107115E-05,8.00911776014E-06,1,3,0.4,0,0.5
consensus,homogeneous,48,0,6,0.2,0.4,0.8,0.3,true,0,0.2,0,0.05,4.6926904669588E+018,25,0.0783784150631427,1.061647107115E-05,8.00911776014E-06,1,3,0.4,0,0.5
consensus,homogeneous,48,0,6,0.2,0.4,0.8,0.3,true,0,0.2,0,0.05,4.34257261248481E+018,25,0.0783784150631427,1.061647107115E-05,8.00911776014E-06,1,3,0.4,0,0.5
consensus,homogeneous,48,0,6,0.2,0.4,0.8,0.3,true,0,0.2,0,0.05,8.63617513033061E+018,25,0.0783784150631427,1.061647107115E-05,8.00911776014E-06,1,3,0.4,0,0.5
consensus,homogeneous,48,0,6,0.2,0.4,0.8,0.3,true,0,0.2,0,0.05,7.12889348418325E+018,25,0.0783784150631427,1.061647107115E-05,8.00911776014E-06,1,3,0.4,0,0.5
consensus,homogeneous,48,0,6,0.2,0.4,0.8,0.3,true,0,0.2,0,0.05,7.04337208916658E+018,25,0.0783784150631427,1.061647107115E-05,8.00911776014E-06,1,3,0.4,0,0.5
consensus,homogeneous,48,0,6,0.2,0.4,0.8,0.3,true,0,0.2,0,0.05,4.28636038694465E+018,25,0.0783784150631427,1.061647107115E-05,8.00911776014E-06,1,3,0.4,0,0.5
consensus,homogeneous,48,0,6,0.2,0.4,0.8,0.3,true,0,0.2,0,0.05,4.47792793694704E+018,25,0.0783784150631427,1.061647107115E-05,8.00911776014E-06,1,3,0.4,0,0.5
consensus,heterogeneous,13,2,2,0.3,0.4,0.8,0.3,true,0,0.1,0.2,0.1,7.13900204836315E+018,20,0.16799310958887,3.35467963918E-06,3.31828267428E-06,1,2,0.4,0,1
consensus,homogeneous,48,0,6,0.2,0.4,0.8,0.3,true,0,0.2,0,0.05,1.09591146466576E+017,25,0.0783784150631427,1.061647107115E-05,8.00911776014E-06,1,3,0.4,0,0.5
consensus,heterogeneous,18,2,2,0.3,0.8,0.5,0.3,true,0.2,0.2,0.1,0.2,8.63617513033061E+018,30,0.102589179071627,1.696113635158E-05,8.11349405324E-06,1,3,-0.3,0,0
consensus,heterogeneous,18,2,2,0.3,0.8,0.5,0.3,true,0.2,0.2,0.1,0.2,1.84114252416859E+018,30,0.102589179071627,1.696113635158E-05,8.11349405324E-06,1,3,-0.3,0,0
consensus,heterogeneous,18,2,2,0.3,0.8,0.5,0.3,true,0.2,0.2,0.1,0.2,7.13900204836315E+018,30,0.102589179071627,1.696113635158E-05,8.11349405324E-06,1,3,-0.3,0,0
consensus,heterogeneous,18,2,2,0.3,0.8,0.5,0.3,true,0.2,0.2,0.1,0.2,7.24071359189169E+018,30,0.102589179071627,1.696113635158E-05,8.11349405324E-06,1,3,-0.3,0,0
consensus,heterogeneous,13,2,2,0.3,0.4,0.8,0.3,true,0,0.1,0.2,0.1,1.84114252416859E+018,20,0.16799310958887,3.35467963918E-06,3.31828267428E-06,1,2,0.4,0,1
consensus,heterogeneous,18,2,2,0.3,0.8,0.5,0.3,true,0.2,0.2,0.1,0.2,6.90547037085634E+018,30,0.102589179071627,1.696113635158E-05,8.11349405324E-06,1,3,-0.3,0,0
consensus,heterogeneous,13,2,2,0.3,0.4,0.8,0.3,true,0,0.1,0.2,0.1,5.70257702789059E+018,20,0.16799310958887,3.35467963918E-06,3.31828267428E-06,1,2,0.4,0,1
consensus,heterogeneous,18,2,2,0.3,0.8,0.5,0.3,true,0.2,0.2,0.1,0.2,4.6926904669588E+018,30,0.102589179071627,1.696113635158E-05,8.11349405324E-06,1,3,-0.3,0,0
consensus,heterogeneous,18,2,2,0.3,0.8,0.5,0.3,true,0.2,0.2,0.1,0.2,5.70257702789059E+018,30,0.102589179071627,1.696113635158E-05,8.11349405324E-06,1,3,-0.3,0,0
consensus,heterogeneous,18,2,2,0.3,0.8,0.5,0.3,true,0.2,0.2,0.1,0.2,4.34257261248481E+018,30,0.102589179071627,1.696113635158E-05,8.11349405324E-06,1,3,-0.3,0,0
consensus,heterogeneous,13,2,2,0.3,0.4,0.8,0.3,true,0,0.1,0.2,0.1,8.80361844505413E+018,20,0.16799310958887,3.35467963918E-06,3.31828267428E-06,1,2,0.4,0,1
consensus,heterogeneous,13,2,2,0.3,0.4,0.8,0.3,true,0,0.1,0.2,0.1,8.63617513033061E+018,20,0.16799310958887,3.35467963918E-06,3.31828267428E-06,1,2,0.4,0,1
consensus,heterogeneous,13,2,2,0.3,0.4,0.8,0.3,true,0,0.1,0.2,0.1,6.90547037085634E+018,20,0.16799310958887,3.35467963918E-06,3.31828267428E-06,1,2,0.4,0,1
consensus,heterogeneous,13,2,2,0.3,0.4,0.8,0.3,true,0,0.1,0.2,0.1,7.24071359189169E+018,20,0.16799310958887,3.35467963918E-06,3.31828267428E-06,1,2,0.4,0,1
consensus,heterogeneous,18,2,2,0.3,0.8,0.5,0.3,true,0.2,0.2,0.1,0.2,4.39889510625904E+018,30,0.102589179071627,1.696113635158E-05,8.11349405324E-06,1,3,-0.3,0,0
consensus,heterogeneous,13,2,2,0.3,0.4,0.8,0.3,true,0,0.1,0.2,0.1,4.39889510625904E+018,20,0.16799310958887,3.35467963918E-06,3.31828267428E-06,1,2,0.4,0,1
consensus,heterogeneous,13,2,2,0.3,0.4,0.8,0.3,true,0,0.1,0.2,0.1,4.6926904669588E+018,20,0.16799310958887,3.35467963918E-06,3.31828267428E-06,1,2,0.4,0,1
consensus,heterogeneous,18,2,2,0.3,0.8,0.5,0.3,true,0.2,0.2,0.1,0.2,7.04337208916658E+018,30,0.102589179071627,1.696113635158E-05,8.11349405324E-06,1,3,-0.3,0,0
consensus,heterogeneous,18,2,2,0.3,0.8,0.5,0.3,true,0.2,0.2,0.1,0.2,7.12889348418325E+018,30,0.102589179071627,1.696113635158E-05,8.11349405324E-06,1,3,-0.3,0,0
consensus,heterogeneous,18,2,2,0.3,0.8,0.5,0.3,true,0.2,0.2,0.1,0.2,4.28636038694465E+018,30,0.102589179071627,1.696113635158E-05,8.11349405324E-06,1,3,-0.3,0,0
consensus,heterogeneous,13,2,2,0.3,0.4,0.8,0.3,true,0,0.1,0.2,0.1,7.04337208916658E+018,20,0.16799310958887,3.35467963918E-06,3.31828267428E-06,1,2,0.4,0,1
consensus,heterogeneous,18,2,2,0.3,0.8,0.5,0.3,true,0.2,0.2,0.1,0.2,1.09591146466576E+017,30,0.102589179071627,1.696113635158E-05,8.11349405324E-06,1,3,-0.3,0,0
consensus,heterogeneous,13,2,2,0.3,0.4,0.8,0.3,true,0,0.1,0.2,0.1,4.34257261248481E+018,20,0.16799310958887,3.35467963918E-06,3.31828267428E-06,1,2,0.4,0,1
consensus,heterogeneous,18,2,2,0.3,0.8,0.5,0.3,true,0.2,0.2,0.1,0.2,8.80361844505413E+018,30,0.102589179071627,1.696113635158E-05,8.11349405324E-06,1,3,-0.3,0,0
consensus,heterogeneous,13,2,2,0.3,0.4,0.8,0.3,true,0,0.1,0.2,0.1,7.12889348418325E+018,20,0.16799310958887,3.35467963918E-06,3.31828267428E-06,1,2,0.4,0,1
consensus,heterogeneous,13,2,2,0.3,0.4,0.8,0.3,true,0,0.1,0.2,0.1,4.28636038694465E+018,20,0.16799310958887,3.35467963918E-06,3.31828267428E-06,1,2,0.4,0,1
consensus,heterogeneous,13,2,2,0.3,0.4,0.8,0.3,true,0,0.1,0.2,0.1,1.09591146466576E+017,20,0.16799310958887,3.35467963918E-06,3.31828267428E-06,1,2,0.4,0,1
consensus,heterogeneous,13,2,2,0.3,0.4,0.8,0.3,true,0,0.1,0.2,0.1,4.47792793694704E+018,20,0.16799310958887,3.35467963918E-06,3.31828267428E-06,1,2,0.4,0,1
consensus,heterogeneous,18,2,2,0.3,0.8,0.5,0.3,true,0.2,0.2,0.1,0.2,4.47792793694704E+018,30,0.102589179071627,1.696113635158E-05,8.11349405324E-06,1,3,-0.3,0,0
consensus,heterogeneous,3,2,2,0.5,0.4,0,0.2,true,0.2,0.1,0.3,0.2,7.24071359189169E+018,15,0.12838540130797,0.0000004536444656,3.8805206753E-07,1,3,-0.4,0,0.5
consensus,heterogeneous,3,2,2,0.5,0.4,0,0.2,true,0.2,0.1,0.3,0.2,7.13900204836315E+018,15,0.12838540130797,0.0000004536444656,3.8805206753E-07,1,3,-0.4,0,0.5
consensus,heterogeneous,51,3,3,0.1,0.6,0.2,0.2,true,0,0.3,0,0.2,7.24071359189169E+018,35,0.109190095508496,2.664050552187E-05,0.0000168884984878,1,4,-0.4,0,0.7
consensus,heterogeneous,51,3,3,0.1,0.6,0.2,0.2,true,0,0.3,0,0.2,6.90547037085634E+018,35,0.109190095508496,2.664050552187E-05,0.0000168884984878,1,4,-0.4,0,0.7
consensus,heterogeneous,3,2,2,0.5,0.4,0,0.2,true,0.2,0.1,0.3,0.2,8.63617513033061E+018,15,0.12838540130797,0.0000004536444656,3.8805206753E-07,1,3,-0.4,0,0.5
consensus,heterogeneous,51,3,3,0.1,0.6,0.2,0.2,true,0,0.3,0,0.2,7.13900204836315E+018,35,0.109190095508496,2.664050552187E-05,0.0000168884984878,1,4,-0.4,0,0.7
consensus,heterogeneous,51,3,3,0.1,0.6,0.2,0.2,true,0,0.3,0,0.2,4.6926904669588E+018,35,0.109190095508496,2.664050552187E-05,0.0000168884984878,1,4,-0.4,0,0.7
consensus,heterogeneous,51,3,3,0.1,0.6,0.2,0.2,true,0,0.3,0,0.2,1.09591146466576E+017,35,0.109190095508496,2.664050552187E-05,0.0000168884984878,1,4,-0.4,0,0.7
consensus,heterogeneous,3,2,2,0.5,0.4,0,0.2,true,0.2,0.1,0.3,0.2,4.6926904669588E+018,15,0.12838540130797,0.0000004536444656,3.8805206753E-07,1,3,-0.4,0,0.5
consensus,homogeneous,50,0,6,0.2,0.4,0.6,0.1,true,0.1,0.3,0,0,7.13900204836315E+018,30,0.0760861112124584,1.565419715439E-05,0.0000125155014682,1,3,0.2,0,0.5
consensus,homogeneous,50,0,6,0.2,0.4,0.6,0.1,true,0.1,0.3,0,0,4.39889510625904E+018,30,0.0760861112124584,1.565419715439E-05,0.0000125155014682,1,3,0.2,0,0.5
consensus,homogeneous,50,0,6,0.2,0.4,0.6,0.1,true,0.1,0.3,0,0,7.24071359189169E+018,30,0.0760861112124584,1.565419715439E-05,0.0000125155014682,1,3,0.2,0,0.5
consensus,heterogeneous,51,3,3,0.1,0.6,0.2,0.2,true,0,0.3,0,0.2,1.84114252416859E+018,35,0.109190095508496,2.664050552187E-05,0.0000168884984878,1,4,-0.4,0,0.7
consensus,homogeneous,50,0,6,0.2,0.4,0.6,0.1,true,0.1,0.3,0,0,5.70257702789059E+018,30,0.0760861112124584,1.565419715439E-05,0.0000125155014682,1,3,0.2,0,0.5
consensus,heterogeneous,51,3,3,0.1,0.6,0.2,0.2,true,0,0.3,0,0.2,8.63617513033061E+018,35,0.109190095508496,2.664050552187E-05,0.0000168884984878,1,4,-0.4,0,0.7
consensus,homogeneous,50,0,6,0.2,0.4,0.6,0.1,true,0.1,0.3,0,0,4.6926904669588E+018,30,0.0760861112124584,1.565419715439E-05,0.0000125155014682,1,3,0.2,0,0.5
consensus,heterogeneous,51,3,3,0.1,0.6,0.2,0.2,true,0,0.3,0,0.2,4.39889510625904E+018,35,0.109190095508496,2.664050552187E-05,0.0000168884984878,1,4,-0.4,0,0.7
consensus,homogeneous,50,0,6,0.2,0.4,0.6,0.1,true,0.1,0.3,0,0,8.80361844505413E+018,30,0.0760861112124584,1.565419715439E-05,0.0000125155014682,1,3,0.2,0,0.5
consensus,heterogeneous,51,3,3,0.1,0.6,0.2,0.2,true,0,0.3,0,0.2,5.70257702789059E+018,35,0.109190095508496,2.664050552187E-05,0.0000168884984878,1,4,-0.4,0,0.7
consensus,heterogeneous,51,3,3,0.1,0.6,0.2,0.2,true,0,0.3,0,0.2,4.34257261248481E+018,35,0.109190095508496,2.664050552187E-05,0.0000168884984878,1,4,-0.4,0,0.7
consensus,homogeneous,50,0,6,0.2,0.4,0.6,0.1,true,0.1,0.3,0,0,4.47792793694704E+018,30,0.0760861112124584,1.565419715439E-05,0.0000125155014682,1,3,0.2,0,0.5
consensus,homogeneous,50,0,6,0.2,0.4,0.6,0.1,true,0.1,0.3,0,0,8.63617513033061E+018,30,0.0760861112124584,1.565419715439E-05,0.0000125155014682,1,3,0.2,0,0.5
consensus,heterogeneous,51,3,3,0.1,0.6,0.2,0.2,true,0,0.3,0,0.2,7.04337208916658E+018,35,0.109190095508496,2.664050552187E-05,0.0000168884984878,1,4,-0.4,0,0.7
consensus,heterogeneous,51,3,3,0.1,0.6,0.2,0.2,true,0,0.3,0,0.2,8.80361844505413E+018,35,0.109190095508496,2.664050552187E-05,0.0000168884984878,1,4,-0.4,0,0.7
consensus,heterogeneous,51,3,3,0.1,0.6,0.2,0.2,true,0,0.3,0,0.2,4.28636038694465E+018,35,0.109190095508496,2.664050552187E-05,0.0000168884984878,1,4,-0.4,0,0.7
consensus,homogeneous,50,0,6,0.2,0.4,0.6,0.1,true,0.1,0.3,0,0,4.28636038694465E+018,30,0.0760861112124584,1.565419715439E-05,0.0000125155014682,1,3,0.2,0,0.5
consensus,homogeneous,50,0,6,0.2,0.4,0.6,0.1,true,0.1,0.3,0,0,1.84114252416859E+018,30,0.0760861112124584,1.565419715439E-05,0.0000125155014682,1,3,0.2,0,0.5
consensus,homogeneous,50,0,6,0.2,0.4,0.6,0.1,true,0.1,0.3,0,0,7.04337208916658E+018,30,0.0760861112124584,1.565419715439E-05,0.0000125155014682,1,3,0.2,0,0.5
consensus,homogeneous,50,0,6,0.2,0.4,0.6,0.1,true,0.1,0.3,0,0,4.34257261248481E+018,30,0.0760861112124584,1.565419715439E-05,0.0000125155014682,1,3,0.2,0,0.5
consensus,homogeneous,50,0,6,0.2,0.4,0.6,0.1,true,0.1,0.3,0,0,1.09591146466576E+017,30,0.0760861112124584,1.565419715439E-05,0.0000125155014682,1,3,0.2,0,0.5
consensus,homogeneous,50,0,6,0.2,0.4,0.6,0.1,true,0.1,0.3,0,0,6.90547037085634E+018,30,0.0760861112124584,1.565419715439E-05,0.0000125155014682,1,3,0.2,0,0.5
consensus,heterogeneous,51,3,3,0.1,0.6,0.2,0.2,true,0,0.3,0,0.2,7.12889348418325E+018,35,0.109190095508496,2.664050552187E-05,0.0000168884984878,1,4,-0.4,0,0.7
consensus,heterogeneous,51,3,3,0.1,0.6,0.2,0.2,true,0,0.3,0,0.2,4.47792793694704E+018,35,0.109190095508496,2.664050552187E-05,0.0000168884984878,1,4,-0.4,0,0.7
consensus,heterogeneous,3,2,2,0.5,0.4,0,0.2,true,0.2,0.1,0.3,0.2,1.84114252416859E+018,15,0.12838540130797,0.0000004536444656,3.8805206753E-07,1,3,-0.4,0,0.5
consensus,heterogeneous,3,2,2,0.5,0.4,0,0.2,true,0.2,0.1,0.3,0.2,6.90547037085634E+018,15,0.12838540130797,0.0000004536444656,3.8805206753E-07,1,3,-0.4,0,0.5
consensus,homogeneous,50,0,6,0.2,0.4,0.6,0.1,true,0.1,0.3,0,0,7.12889348418325E+018,30,0.0760861112124584,1.565419715439E-05,0.0000125155014682,1,3,0.2,0,0.5
consensus,heterogeneous,3,2,2,0.5,0.4,0,0.2,true,0.2,0.1,0.3,0.2,4.39889510625904E+018,15,0.12838540130797,0.0000004536444656,3.8805206753E-07,1,3,-0.4,0,0.5
consensus,heterogeneous,3,2,2,0.5,0.4,0,0.2,true,0.2,0.1,0.3,0.2,8.80361844505413E+018,15,0.12838540130797,0.0000004536444656,3.8805206753E-07,1,3,-0.4,0,0.5
consensus,heterogeneous,3,2,2,0.5,0.4,0,0.2,true,0.2,0.1,0.3,0.2,5.70257702789059E+018,15,0.12838540130797,0.0000004536444656,3.8805206753E-07,1,3,-0.4,0,0.5
consensus,heterogeneous,3,2,2,0.5,0.4,0,0.2,true,0.2,0.1,0.3,0.2,7.04337208916658E+018,15,0.12838540130797,0.0000004536444656,3.8805206753E-07,1,3,-0.4,0,0.5
consensus,heterogeneous,55,2,2,0.5,0.4,0.5,0.2,true,0.05,0.2,0.3,0.2,7.04337208916658E+018,15,0.180629004917588,1.3504449881E-07,1.5673108825E-07,1,4,0.1,0,0.7
consensus,heterogeneous,55,2,2,0.5,0.4,0.5,0.2,true,0.05,0.2,0.3,0.2,6.90547037085634E+018,15,0.180629004917588,1.3504449881E-07,1.5673108825E-07,1,4,0.1,0,0.7
consensus,heterogeneous,3,2,2,0.5,0.4,0,0.2,true,0.2,0.1,0.3,0.2,4.28636038694465E+018,15,0.12838540130797,0.0000004536444656,3.8805206753E-07,1,3,-0.4,0,0.5
consensus,heterogeneous,3,2,2,0.5,0.4,0,0.2,true,0.2,0.1,0.3,0.2,7.12889348418325E+018,15,0.12838540130797,0.0000004536444656,3.8805206753E-07,1,3,-0.4,0,0.5
consensus,heterogeneous,55,2,2,0.5,0.4,0.5,0.2,true,0.05,0.2,0.3,0.2,4.39889510625904E+018,15,0.180629004917588,1.3504449881E-07,1.5673108825E-07,1,4,0.1,0,0.7
consensus,heterogeneous,3,2,2,0.5,0.4,0,0.2,true,0.2,0.1,0.3,0.2,1.09591146466576E+017,15,0.12838540130797,0.0000004536444656,3.8805206753E-07,1,3,-0.4,0,0.5
consensus,heterogeneous,55,2,2,0.5,0.4,0.5,0.2,true,0.05,0.2,0.3,0.2,1.84114252416859E+018,15,0.180629004917588,1.3504449881E-07,1.5673108825E-07,1,4,0.1,0,0.7
consensus,heterogeneous,55,2,2,0.5,0.4,0.5,0.2,true,0.05,0.2,0.3,0.2,7.24071359189169E+018,15,0.180629004917588,1.3504449881E-07,1.5673108825E-07,1,4,0.1,0,0.7
consensus,heterogeneous,55,2,2,0.5,0.4,0.5,0.2,true,0.05,0.2,0.3,0.2,8.63617513033061E+018,15,0.180629004917588,1.3504449881E-07,1.5673108825E-07,1,4,0.1,0,0.7
consensus,heterogeneous,55,2,2,0.5,0.4,0.5,0.2,true,0.05,0.2,0.3,0.2,1.09591146466576E+017,15,0.180629004917588,1.3504449881E-07,1.5673108825E-07,1,4,0.1,0,0.7
consensus,heterogeneous,55,2,2,0.5,0.4,0.5,0.2,true,0.05,0.2,0.3,0.2,4.47792793694704E+018,15,0.180629004917588,1.3504449881E-07,1.5673108825E-07,1,4,0.1,0,0.7
consensus,heterogeneous,55,2,2,0.5,0.4,0.5,0.2,true,0.05,0.2,0.3,0.2,5.70257702789059E+018,15,0.180629004917588,1.3504449881E-07,1.5673108825E-07,1,4,0.1,0,0.7
consensus,heterogeneous,3,2,2,0.5,0.4,0,0.2,true,0.2,0.1,0.3,0.2,4.47792793694704E+018,15,0.12838540130797,0.0000004536444656,3.8805206753E-07,1,3,-0.4,0,0.5
consensus,heterogeneous,55,2,2,0.5,0.4,0.5,0.2,true,0.05,0.2,0.3,0.2,8.80361844505413E+018,15,0.180629004917588,1.3504449881E-07,1.5673108825E-07,1,4,0.1,0,0.7
consensus,heterogeneous,55,2,2,0.5,0.4,0.5,0.2,true,0.05,0.2,0.3,0.2,4.6926904669588E+018,15,0.180629004917588,1.3504449881E-07,1.5673108825E-07,1,4,0.1,0,0.7
consensus,heterogeneous,3,2,2,0.5,0.4,0,0.2,true,0.2,0.1,0.3,0.2,4.34257261248481E+018,15,0.12838540130797,0.0000004536444656,3.8805206753E-07,1,3,-0.4,0,0.5
consensus,heterogeneous,55,2,2,0.5,0.4,0.5,0.2,true,0.05,0.2,0.3,0.2,4.34257261248481E+018,15,0.180629004917588,1.3504449881E-07,1.5673108825E-07,1,4,0.1,0,0.7
consensus,heterogeneous,55,2,2,0.5,0.4,0.5,0.2,true,0.05,0.2,0.3,0.2,4.28636038694465E+018,15,0.180629004917588,1.3504449881E-07,1.5673108825E-07,1,4,0.1,0,0.7
consensus,heterogeneous,55,2,2,0.5,0.4,0.5,0.2,true,0.05,0.2,0.3,0.2,7.13900204836315E+018,15,0.180629004917588,1.3504449881E-07,1.5673108825E-07,1,4,0.1,0,0.7
consensus,heterogeneous,55,2,2,0.5,0.4,0.5,0.2,true,0.05,0.2,0.3,0.2,7.12889348418325E+018,15,0.180629004917588,1.3504449881E-07,1.5673108825E-07,1,4,0.1,0,0.7
consensus,homogeneous,54,0,4,0.1,0.8,0.8,0.1,true,0,0.2,0.2,0,1.84114252416859E+018,20,0.0376743545403547,2.005846997693E-05,1.169178658214E-05,1,1,0,0,1
consensus,homogeneous,54,0,4,0.1,0.8,0.8,0.1,true,0,0.2,0.2,0,8.63617513033061E+018,20,0.0376743545403547,2.005846997693E-05,1.169178658214E-05,1,1,0,0,1
consensus,homogeneous,54,0,4,0.1,0.8,0.8,0.1,true,0,0.2,0.2,0,7.24071359189169E+018,20,0.0376743545403547,2.005846997693E-05,1.169178658214E-05,1,1,0,0,1
consensus,homogeneous,54,0,4,0.1,0.8,0.8,0.1,true,0,0.2,0.2,0,7.13900204836315E+018,20,0.0376743545403547,2.005846997693E-05,1.169178658214E-05,1,1,0,0,1
consensus,homogeneous,54,0,4,0.1,0.8,0.8,0.1,true,0,0.2,0.2,0,4.28636038694465E+018,20,0.0376743545403547,2.005846997693E-05,1.169178658214E-05,1,1,0,0,1
consensus,homogeneous,54,0,4,0.1,0.8,0.8,0.1,true,0,0.2,0.2,0,4.34257261248481E+018,20,0.0376743545403547,2.005846997693E-05,1.169178658214E-05,1,1,0,0,1
consensus,homogeneous,54,0,4,0.1,0.8,0.8,0.1,true,0,0.2,0.2,0,5.70257702789059E+018,20,0.0376743545403547,2.005846997693E-05,1.169178658214E-05,1,1,0,0,1
consensus,homogeneous,54,0,4,0.1,0.8,0.8,0.1,true,0,0.2,0.2,0,1.09591146466576E+017,20,0.0376743545403547,2.005846997693E-05,1.169178658214E-05,1,1,0,0,1
consensus,homogeneous,54,0,4,0.1,0.8,0.8,0.1,true,0,0.2,0.2,0,7.12889348418325E+018,20,0.0376743545403547,2.005846997693E-05,1.169178658214E-05,1,1,0,0,1
consensus,homogeneous,54,0,4,0.1,0.8,0.8,0.1,true,0,0.2,0.2,0,4.39889510625904E+018,20,0.0376743545403547,2.005846997693E-05,1.169178658214E-05,1,1,0,0,1
consensus,homogeneous,54,0,4,0.1,0.8,0.8,0.1,true,0,0.2,0.2,0,4.6926904669588E+018,20,0.0376743545403547,2.005846997693E-05,1.169178658214E-05,1,1,0,0,1
consensus,homogeneous,54,0,4,0.1,0.8,0.8,0.1,true,0,0.2,0.2,0,8.80361844505413E+018,20,0.0376743545403547,2.005846997693E-05,1.169178658214E-05,1,1,0,0,1
consensus,homogeneous,54,0,4,0.1,0.8,0.8,0.1,true,0,0.2,0.2,0,7.04337208916658E+018,20,0.0376743545403547,2.005846997693E-05,1.169178658214E-05,1,1,0,0,1
consensus,homogeneous,54,0,4,0.1,0.8,0.8,0.1,true,0,0.2,0.2,0,6.90547037085634E+018,20,0.0376743545403547,2.005846997693E-05,1.169178658214E-05,1,1,0,0,1
consensus,homogeneous,54,0,4,0.1,0.8,0.8,0.1,true,0,0.2,0.2,0,4.47792793694704E+018,20,0.0376743545403547,2.005846997693E-05,1.169178658214E-05,1,1,0,0,1
consensus,heterogeneous,9,3,4,0.3,0.2,0,0.3,true,0.2,0.2,0,0.05,8.63617513033061E+018,55,0.0986145393769997,0.00014589472704356,0.00018545057440627,2,4,-0.2,0.714285714285714,0
consensus,heterogeneous,9,3,4,0.3,0.2,0,0.3,true,0.2,0.2,0,0.05,7.13900204836315E+018,55,0.0986145393769997,0.00014589472704356,0.00018545057440627,2,4,-0.2,0.714285714285714,0
consensus,heterogeneous,9,3,4,0.3,0.2,0,0.3,true,0.2,0.2,0,0.05,1.84114252416859E+018,55,0.0986145393769997,0.00014589472704356,0.00018545057440627,2,4,-0.2,0.714285714285714,0
consensus,heterogeneous,9,3,4,0.3,0.2,0,0.3,true,0.2,0.2,0,0.05,7.24071359189169E+018,55,0.0986145393769997,0.00014589472704356,0.00018545057440627,2,4,-0.2,0.714285714285714,0
consensus,heterogeneous,9,3,4,0.3,0.2,0,0.3,true,0.2,0.2,0,0.05,8.80361844505413E+018,55,0.0986145393769997,0.00014589472704356,0.00018545057440627,2,4,-0.2,0.714285714285714,0
consensus,heterogeneous,9,3,4,0.3,0.2,0,0.3,true,0.2,0.2,0,0.05,4.28636038694465E+018,55,0.0986145393769997,0.00014589472704356,0.00018545057440627,2,4,-0.2,0.714285714285714,0
consensus,heterogeneous,9,3,4,0.3,0.2,0,0.3,true,0.2,0.2,0,0.05,4.34257261248481E+018,55,0.0986145393769997,0.00014589472704356,0.00018545057440627,2,4,-0.2,0.714285714285714,0
consensus,heterogeneous,9,3,4,0.3,0.2,0,0.3,true,0.2,0.2,0,0.05,4.6926904669588E+018,55,0.0986145393769997,0.00014589472704356,0.00018545057440627,2,4,-0.2,0.714285714285714,0
consensus,heterogeneous,9,3,4,0.3,0.2,0,0.3,true,0.2,0.2,0,0.05,4.39889510625904E+018,55,0.0986145393769997,0.00014589472704356,0.00018545057440627,2,4,-0.2,0.714285714285714,0
consensus,heterogeneous,9,3,4,0.3,0.2,0,0.3,true,0.2,0.2,0,0.05,7.04337208916658E+018,55,0.0986145393769997,0.00014589472704356,0.00018545057440627,2,4,-0.2,0.714285714285714,0
consensus,heterogeneous,9,3,4,0.3,0.2,0,0.3,true,0.2,0.2,0,0.05,6.90547037085634E+018,55,0.0986145393769997,0.00014589472704356,0.00018545057440627,2,4,-0.2,0.714285714285714,0
consensus,heterogeneous,9,3,4,0.3,0.2,0,0.3,true,0.2,0.2,0,0.05,4.47792793694704E+018,55,0.0986145393769997,0.00014589472704356,0.00018545057440627,2,4,-0.2,0.714285714285714,0
consensus,heterogeneous,9,3,4,0.3,0.2,0,0.3,true,0.2,0.2,0,0.05,5.70257702789059E+018,55,0.0986145393769997,0.00014589472704356,0.00018545057440627,2,4,-0.2,0.714285714285714,0
consensus,heterogeneous,9,3,4,0.3,0.2,0,0.3,true,0.2,0.2,0,0.05,7.12889348418325E+018,55,0.0986145393769997,0.00014589472704356,0.00018545057440627,2,4,-0.2,0.714285714285714,0
consensus,heterogeneous,9,3,4,0.3,0.2,0,0.3,true,0.2,0.2,0,0.05,1.09591146466576E+017,55,0.0986145393769997,0.00014589472704356,0.00018545057440627,2,4,-0.2,0.714285714285714,0
clustering,heterogeneous,41,1,2,0.3,0.4,0.5,0.1,false,0.05,0.1,0.1,0.05,1.09591146466576E+017,15,0.10043611057312,1.65229017E-09,6.5228198E-10,1,2,0.1,0,0.3
clustering,heterogeneous,41,1,2,0.3,0.4,0.5,0.1,false,0.05,0.1,0.1,0.05,8.63617513033061E+018,15,0.10043611057312,1.65229017E-09,6.5228198E-10,1,2,0.1,0,0.3
clustering,heterogeneous,41,1,2,0.3,0.4,0.5,0.1,false,0.05,0.1,0.1,0.05,7.13900204836315E+018,15,0.10043611057312,1.65229017E-09,6.5228198E-10,1,2,0.1,0,0.3
clustering,heterogeneous,41,1,2,0.3,0.4,0.5,0.1,false,0.05,0.1,0.1,0.05,7.04337208916658E+018,15,0.10043611057312,1.65229017E-09,6.5228198E-10,1,2,0.1,0,0.3
clustering,heterogeneous,41,1,2,0.3,0.4,0.5,0.1,false,0.05,0.1,0.1,0.05,4.39889510625904E+018,15,0.10043611057312,1.65229017E-09,6.5228198E-10,1,2,0.1,0,0.3
clustering,heterogeneous,41,1,2,0.3,0.4,0.5,0.1,false,0.05,0.1,0.1,0.05,4.47792793694704E+018,15,0.10043611057312,1.65229017E-09,6.5228198E-10,1,2,0.1,0,0.3
clustering,heterogeneous,41,1,2,0.3,0.4,0.5,0.1,false,0.05,0.1,0.1,0.05,4.34257261248481E+018,15,0.10043611057312,1.65229017E-09,6.5228198E-10,1,2,0.1,0,0.3
clustering,heterogeneous,41,1,2,0.3,0.4,0.5,0.1,false,0.05,0.1,0.1,0.05,8.80361844505413E+018,15,0.10043611057312,1.65229017E-09,6.5228198E-10,1,2,0.1,0,0.3
clustering,heterogeneous,41,1,2,0.3,0.4,0.5,0.1,false,0.05,0.1,0.1,0.05,7.24071359189169E+018,15,0.10043611057312,1.65229017E-09,6.5228198E-10,1,2,0.1,0,0.3
clustering,heterogeneous,41,1,2,0.3,0.4,0.5,0.1,false,0.05,0.1,0.1,0.05,1.84114252416859E+018,15,0.10043611057312,1.65229017E-09,6.5228198E-10,1,2,0.1,0,0.3
clustering,heterogeneous,41,1,2,0.3,0.4,0.5,0.1,false,0.05,0.1,0.1,0.05,4.6926904669588E+018,15,0.10043611057312,1.65229017E-09,6.5228198E-10,1,2,0.1,0,0.3
clustering,heterogeneous,41,1,2,0.3,0.4,0.5,0.1,false,0.05,0.1,0.1,0.05,6.90547037085634E+018,15,0.10043611057312,1.65229017E-09,6.5228198E-10,1,2,0.1,0,0.3
clustering,heterogeneous,41,1,2,0.3,0.4,0.5,0.1,false,0.05,0.1,0.1,0.05,4.28636038694465E+018,15,0.10043611057312,1.65229017E-09,6.5228198E-10,1,2,0.1,0,0.3
clustering,heterogeneous,41,1,2,0.3,0.4,0.5,0.1,false,0.05,0.1,0.1,0.05,7.12889348418325E+018,15,0.10043611057312,1.65229017E-09,6.5228198E-10,1,2,0.1,0,0.3
clustering,heterogeneous,2,2,3,0.3,0.2,0.8,0.3,false,0.05,0.1,0.1,0.05,7.24071359189169E+018,15,0.0832618408288018,0.046390548740202,0.046255469984176,2,4,0.6,0,0.7
clustering,heterogeneous,41,1,2,0.3,0.4,0.5,0.1,false,0.05,0.1,0.1,0.05,5.70257702789059E+018,15,0.10043611057312,1.65229017E-09,6.5228198E-10,1,2,0.1,0,0.3
clustering,heterogeneous,2,2,3,0.3,0.2,0.8,0.3,false,0.05,0.1,0.1,0.05,7.13900204836315E+018,15,0.0832618408288018,0.046390548740202,0.046255469984176,2,4,0.6,0,0.7
clustering,heterogeneous,1,3,3,0.5,0.2,0,0.1,false,0.05,0.1,0.1,0.05,1.09591146466576E+017,15,0.0519644282575641,0.0278966006881106,0.0267806769060966,2,3,-0.2,1.5,0.3
clustering,heterogeneous,1,3,3,0.5,0.2,0,0.1,false,0.05,0.1,0.1,0.05,4.28636038694465E+018,15,0.0519644282575641,0.0278966006881106,0.0267806769060966,2,3,-0.2,1.5,0.3
clustering,heterogeneous,1,3,3,0.5,0.2,0,0.1,false,0.05,0.1,0.1,0.05,7.24071359189169E+018,15,0.0519644282575641,0.0278966006881106,0.0267806769060966,2,3,-0.2,1.5,0.3
clustering,heterogeneous,1,3,3,0.5,0.2,0,0.1,false,0.05,0.1,0.1,0.05,4.34257261248481E+018,15,0.0519644282575641,0.0278966006881106,0.0267806769060966,2,3,-0.2,1.5,0.3
clustering,heterogeneous,1,3,3,0.5,0.2,0,0.1,false,0.05,0.1,0.1,0.05,7.13900204836315E+018,15,0.0519644282575641,0.0278966006881106,0.0267806769060966,2,3,-0.2,1.5,0.3
clustering,heterogeneous,1,3,3,0.5,0.2,0,0.1,false,0.05,0.1,0.1,0.05,8.80361844505413E+018,15,0.0519644282575641,0.0278966006881106,0.0267806769060966,2,3,-0.2,1.5,0.3
clustering,heterogeneous,1,3,3,0.5,0.2,0,0.1,false,0.05,0.1,0.1,0.05,4.6926904669588E+018,15,0.0519644282575641,0.0278966006881106,0.0267806769060966,2,3,-0.2,1.5,0.3
clustering,heterogeneous,1,3,3,0.5,0.2,0,0.1,false,0.05,0.1,0.1,0.05,7.12889348418325E+018,15,0.0519644282575641,0.0278966006881106,0.0267806769060966,2,3,-0.2,1.5,0.3
clustering,heterogeneous,1,3,3,0.5,0.2,0,0.1,false,0.05,0.1,0.1,0.05,1.84114252416859E+018,15,0.0519644282575641,0.0278966006881106,0.0267806769060966,2,3,-0.2,1.5,0.3
clustering,heterogeneous,1,3,3,0.5,0.2,0,0.1,false,0.05,0.1,0.1,0.05,4.39889510625904E+018,15,0.0519644282575641,0.0278966006881106,0.0267806769060966,2,3,-0.2,1.5,0.3
clustering,heterogeneous,1,3,3,0.5,0.2,0,0.1,false,0.05,0.1,0.1,0.05,5.70257702789059E+018,15,0.0519644282575641,0.0278966006881106,0.0267806769060966,2,3,-0.2,1.5,0.3
clustering,heterogeneous,1,3,3,0.5,0.2,0,0.1,false,0.05,0.1,0.1,0.05,8.63617513033061E+018,15,0.0519644282575641,0.0278966006881106,0.0267806769060966,2,3,-0.2,1.5,0.3
clustering,heterogeneous,1,3,3,0.5,0.2,0,0.1,false,0.05,0.1,0.1,0.05,6.90547037085634E+018,15,0.0519644282575641,0.0278966006881106,0.0267806769060966,2,3,-0.2,1.5,0.3
clustering,heterogeneous,1,3,3,0.5,0.2,0,0.1,false,0.05,0.1,0.1,0.05,7.04337208916658E+018,15,0.0519644282575641,0.0278966006881106,0.0267806769060966,2,3,-0.2,1.5,0.3
clustering,heterogeneous,1,3,3,0.5,0.2,0,0.1,false,0.05,0.1,0.1,0.05,4.47792793694704E+018,15,0.0519644282575641,0.0278966006881106,0.0267806769060966,2,3,-0.2,1.5,0.3
clustering,heterogeneous,2,2,3,0.3,0.2,0.8,0.3,false,0.05,0.1,0.1,0.05,4.6926904669588E+018,15,0.0832618408288018,0.046390548740202,0.046255469984176,2,4,0.6,0,0.7
clustering,heterogeneous,2,2,3,0.3,0.2,0.8,0.3,false,0.05,0.1,0.1,0.05,8.63617513033061E+018,15,0.0832618408288018,0.046390548740202,0.046255469984176,2,4,0.6,0,0.7
clustering,heterogeneous,2,2,3,0.3,0.2,0.8,0.3,false,0.05,0.1,0.1,0.05,5.70257702789059E+018,15,0.0832618408288018,0.046390548740202,0.046255469984176,2,4,0.6,0,0.7
clustering,heterogeneous,2,2,3,0.3,0.2,0.8,0.3,false,0.05,0.1,0.1,0.05,4.47792793694704E+018,15,0.0832618408288018,0.046390548740202,0.046255469984176,2,4,0.6,0,0.7
clustering,heterogeneous,2,2,3,0.3,0.2,0.8,0.3,false,0.05,0.1,0.1,0.05,4.28636038694465E+018,15,0.0832618408288018,0.046390548740202,0.046255469984176,2,4,0.6,0,0.7
clustering,heterogeneous,2,2,3,0.3,0.2,0.8,0.3,false,0.05,0.1,0.1,0.05,6.90547037085634E+018,15,0.0832618408288018,0.046390548740202,0.046255469984176,2,4,0.6,0,0.7
clustering,heterogeneous,2,2,3,0.3,0.2,0.8,0.3,false,0.05,0.1,0.1,0.05,8.80361844505413E+018,15,0.0832618408288018,0.046390548740202,0.046255469984176,2,4,0.6,0,0.7
clustering,heterogeneous,2,2,3,0.3,0.2,0.8,0.3,false,0.05,0.1,0.1,0.05,1.09591146466576E+017,15,0.0832618408288018,0.046390548740202,0.046255469984176,2,4,0.6,0,0.7
clustering,heterogeneous,2,2,3,0.3,0.2,0.8,0.3,false,0.05,0.1,0.1,0.05,4.34257261248481E+018,15,0.0832618408288018,0.046390548740202,0.046255469984176,2,4,0.6,0,0.7
clustering,heterogeneous,2,2,3,0.3,0.2,0.8,0.3,false,0.05,0.1,0.1,0.05,1.84114252416859E+018,15,0.0832618408288018,0.046390548740202,0.046255469984176,2,4,0.6,0,0.7
clustering,heterogeneous,2,2,3,0.3,0.2,0.8,0.3,false,0.05,0.1,0.1,0.05,4.39889510625904E+018,15,0.0832618408288018,0.046390548740202,0.046255469984176,2,4,0.6,0,0.7
clustering,heterogeneous,2,2,3,0.3,0.2,0.8,0.3,false,0.05,0.1,0.1,0.05,7.04337208916658E+018,15,0.0832618408288018,0.046390548740202,0.046255469984176,2,4,0.6,0,0.7
clustering,heterogeneous,2,2,3,0.3,0.2,0.8,0.3,false,0.05,0.1,0.1,0.05,7.12889348418325E+018,15,0.0832618408288018,0.046390548740202,0.046255469984176,2,4,0.6,0,0.7
clustering,homogeneous,50,0,6,0.4,0.2,0,0.3,false,0.05,0.1,0.1,0.05,8.63617513033061E+018,15,0.0740805890539534,2.401477E-10,1.6888604E-10,1,3,-0.2,1.66666666666667,0.3
clustering,homogeneous,50,0,6,0.4,0.2,0,0.3,false,0.05,0.1,0.1,0.05,7.13900204836315E+018,15,0.0740805890539534,2.401477E-10,1.6888604E-10,1,3,-0.2,1.66666666666667,0.3
clustering,homogeneous,50,0,6,0.4,0.2,0,0.3,false,0.05,0.1,0.1,0.05,7.24071359189169E+018,15,0.0740805890539534,2.401477E-10,1.6888604E-10,1,3,-0.2,1.66666666666667,0.3
clustering,homogeneous,50,0,6,0.4,0.2,0,0.3,false,0.05,0.1,0.1,0.05,6.90547037085634E+018,15,0.0740805890539534,2.401477E-10,1.6888604E-10,1,3,-0.2,1.66666666666667,0.3
clustering,homogeneous,50,0,6,0.4,0.2,0,0.3,false,0.05,0.1,0.1,0.05,5.70257702789059E+018,15,0.0740805890539534,2.401477E-10,1.6888604E-10,1,3,-0.2,1.66666666666667,0.3
clustering,homogeneous,50,0,6,0.4,0.2,0,0.3,false,0.05,0.1,0.1,0.05,4.6926904669588E+018,15,0.0740805890539534,2.401477E-10,1.6888604E-10,1,3,-0.2,1.66666666666667,0.3
clustering,homogeneous,30,0,5,0.1,0.5,0.8,0.3,false,0.05,0.1,0.1,0.05,8.63617513033061E+018,30,0.062281274392587,0.0000169099136661,9.60307752244E-06,1,4,0.3,0,0.7
clustering,homogeneous,50,0,6,0.4,0.2,0,0.3,false,0.05,0.1,0.1,0.05,1.84114252416859E+018,15,0.0740805890539534,2.401477E-10,1.6888604E-10,1,3,-0.2,1.66666666666667,0.3
clustering,homogeneous,50,0,6,0.4,0.2,0,0.3,false,0.05,0.1,0.1,0.05,7.04337208916658E+018,15,0.0740805890539534,2.401477E-10,1.6888604E-10,1,3,-0.2,1.66666666666667,0.3
clustering,homogeneous,50,0,6,0.4,0.2,0,0.3,false,0.05,0.1,0.1,0.05,1.09591146466576E+017,15,0.0740805890539534,2.401477E-10,1.6888604E-10,1,3,-0.2,1.66666666666667,0.3
clustering,homogeneous,50,0,6,0.4,0.2,0,0.3,false,0.05,0.1,0.1,0.05,8.80361844505413E+018,15,0.0740805890539534,2.401477E-10,1.6888604E-10,1,3,-0.2,1.66666666666667,0.3
clustering,homogeneous,30,0,5,0.1,0.5,0.8,0.3,false,0.05,0.1,0.1,0.05,7.13900204836315E+018,30,0.062281274392587,0.0000169099136661,9.60307752244E-06,1,4,0.3,0,0.7
clustering,homogeneous,30,0,5,0.1,0.5,0.8,0.3,false,0.05,0.1,0.1,0.05,7.24071359189169E+018,30,0.062281274392587,0.0000169099136661,9.60307752244E-06,1,4,0.3,0,0.7
clustering,homogeneous,50,0,6,0.4,0.2,0,0.3,false,0.05,0.1,0.1,0.05,4.39889510625904E+018,15,0.0740805890539534,2.401477E-10,1.6888604E-10,1,3,-0.2,1.66666666666667,0.3
clustering,homogeneous,50,0,6,0.4,0.2,0,0.3,false,0.05,0.1,0.1,0.05,7.12889348418325E+018,15,0.0740805890539534,2.401477E-10,1.6888604E-10,1,3,-0.2,1.66666666666667,0.3
clustering,homogeneous,50,0,6,0.4,0.2,0,0.3,false,0.05,0.1,0.1,0.05,4.28636038694465E+018,15,0.0740805890539534,2.401477E-10,1.6888604E-10,1,3,-0.2,1.66666666666667,0.3
clustering,homogeneous,30,0,5,0.1,0.5,0.8,0.3,false,0.05,0.1,0.1,0.05,8.80361844505413E+018,30,0.062281274392587,0.0000169099136661,9.60307752244E-06,1,4,0.3,0,0.7
clustering,homogeneous,50,0,6,0.4,0.2,0,0.3,false,0.05,0.1,0.1,0.05,4.34257261248481E+018,15,0.0740805890539534,2.401477E-10,1.6888604E-10,1,3,-0.2,1.66666666666667,0.3
clustering,homogeneous,30,0,5,0.1,0.5,0.8,0.3,false,0.05,0.1,0.1,0.05,1.84114252416859E+018,30,0.062281274392587,0.0000169099136661,9.60307752244E-06,1,4,0.3,0,0.7
clustering,homogeneous,30,0,5,0.1,0.5,0.8,0.3,false,0.05,0.1,0.1,0.05,5.70257702789059E+018,30,0.062281274392587,0.0000169099136661,9.60307752244E-06,1,4,0.3,0,0.7
clustering,homogeneous,30,0,5,0.1,0.5,0.8,0.3,false,0.05,0.1,0.1,0.05,4.39889510625904E+018,30,0.062281274392587,0.0000169099136661,9.60307752244E-06,1,4,0.3,0,0.7
clustering,homogeneous,30,0,5,0.1,0.5,0.8,0.3,false,0.05,0.1,0.1,0.05,1.09591146466576E+017,30,0.062281274392587,0.0000169099136661,9.60307752244E-06,1,4,0.3,0,0.7
clustering,homogeneous,30,0,5,0.1,0.5,0.8,0.3,false,0.05,0.1,0.1,0.05,4.6926904669588E+018,30,0.062281274392587,0.0000169099136661,9.60307752244E-06,1,4,0.3,0,0.7
clustering,homogeneous,30,0,5,0.1,0.5,0.8,0.3,false,0.05,0.1,0.1,0.05,7.12889348418325E+018,30,0.062281274392587,0.0000169099136661,9.60307752244E-06,1,4,0.3,0,0.7
clustering,homogeneous,30,0,5,0.1,0.5,0.8,0.3,false,0.05,0.1,0.1,0.05,4.34257261248481E+018,30,0.062281274392587,0.0000169099136661,9.60307752244E-06,1,4,0.3,0,0.7
clustering,homogeneous,30,0,5,0.1,0.5,0.8,0.3,false,0.05,0.1,0.1,0.05,7.04337208916658E+018,30,0.062281274392587,0.0000169099136661,9.60307752244E-06,1,4,0.3,0,0.7
clustering,homogeneous,30,0,5,0.1,0.5,0.8,0.3,false,0.05,0.1,0.1,0.05,4.28636038694465E+018,30,0.062281274392587,0.0000169099136661,9.60307752244E-06,1,4,0.3,0,0.7
clustering,homogeneous,50,0,6,0.4,0.2,0,0.3,false,0.05,0.1,0.1,0.05,4.47792793694704E+018,15,0.0740805890539534,2.401477E-10,1.6888604E-10,1,3,-0.2,1.66666666666667,0.3
clustering,homogeneous,30,0,5,0.1,0.5,0.8,0.3,false,0.05,0.1,0.1,0.05,4.47792793694704E+018,30,0.062281274392587,0.0000169099136661,9.60307752244E-06,1,4,0.3,0,0.7
clustering,homogeneous,30,0,5,0.1,0.5,0.8,0.3,false,0.05,0.1,0.1,0.05,6.90547037085634E+018,30,0.062281274392587,0.0000169099136661,9.60307752244E-06,1,4,0.3,0,0.7
clustering,heterogeneous,42,2,2,0.5,0.5,0.8,0.2,false,0.05,0.1,0.1,0.05,8.63617513033061E+018,15,0.17214733487795,1.4222E-13,9.713E-14,1,4,0.3,0,0
clustering,heterogeneous,42,2,2,0.5,0.5,0.8,0.2,false,0.05,0.1,0.1,0.05,7.24071359189169E+018,15,0.17214733487795,1.4222E-13,9.713E-14,1,4,0.3,0,0
clustering,heterogeneous,42,2,2,0.5,0.5,0.8,0.2,false,0.05,0.1,0.1,0.05,7.13900204836315E+018,15,0.17214733487795,1.4222E-13,9.713E-14,1,4,0.3,0,0
clustering,heterogeneous,42,2,2,0.5,0.5,0.8,0.2,false,0.05,0.1,0.1,0.05,1.09591146466576E+017,15,0.17214733487795,1.4222E-13,9.713E-14,1,4,0.3,0,0
clustering,heterogeneous,42,2,2,0.5,0.5,0.8,0.2,false,0.05,0.1,0.1,0.05,6.90547037085634E+018,15,0.17214733487795,1.4222E-13,9.713E-14,1,4,0.3,0,0
clustering,heterogeneous,42,2,2,0.5,0.5,0.8,0.2,false,0.05,0.1,0.1,0.05,4.39889510625904E+018,15,0.17214733487795,1.4222E-13,9.713E-14,1,4,0.3,0,0
clustering,heterogeneous,42,2,2,0.5,0.5,0.8,0.2,false,0.05,0.1,0.1,0.05,4.6926904669588E+018,15,0.17214733487795,1.4222E-13,9.713E-14,1,4,0.3,0,0
clustering,heterogeneous,42,2,2,0.5,0.5,0.8,0.2,false,0.05,0.1,0.1,0.05,4.47792793694704E+018,15,0.17214733487795,1.4222E-13,9.713E-14,1,4,0.3,0,0
clustering,heterogeneous,28,3,3,0.1,0.4,0,0.2,false,0.05,0.1,0.1,0.05,7.13900204836315E+018,30,0.0805521366850952,7.70385938319E-06,5.29549459258E-06,1,4,-0.4,2.16666666666667,0.7
clustering,heterogeneous,42,2,2,0.5,0.5,0.8,0.2,false,0.05,0.1,0.1,0.05,4.28636038694465E+018,15,0.17214733487795,1.4222E-13,9.713E-14,1,4,0.3,0,0
clustering,heterogeneous,42,2,2,0.5,0.5,0.8,0.2,false,0.05,0.1,0.1,0.05,5.70257702789059E+018,15,0.17214733487795,1.4222E-13,9.713E-14,1,4,0.3,0,0
clustering,heterogeneous,42,2,2,0.5,0.5,0.8,0.2,false,0.05,0.1,0.1,0.05,1.84114252416859E+018,15,0.17214733487795,1.4222E-13,9.713E-14,1,4,0.3,0,0
clustering,heterogeneous,42,2,2,0.5,0.5,0.8,0.2,false,0.05,0.1,0.1,0.05,4.34257261248481E+018,15,0.17214733487795,1.4222E-13,9.713E-14,1,4,0.3,0,0
clustering,heterogeneous,42,2,2,0.5,0.5,0.8,0.2,false,0.05,0.1,0.1,0.05,8.80361844505413E+018,15,0.17214733487795,1.4222E-13,9.713E-14,1,4,0.3,0,0
clustering,heterogeneous,21,3,3,0.3,0.2,0.6,0.2,false,0.05,0.1,0.1,0.05,7.24071359189169E+018,15,0.10946663671212,2.9766853927E-07,1.9202288368E-07,1,4,0.4,0,0.7
clustering,heterogeneous,42,2,2,0.5,0.5,0.8,0.2,false,0.05,0.1,0.1,0.05,7.12889348418325E+018,15,0.17214733487795,1.4222E-13,9.713E-14,1,4,0.3,0,0
clustering,heterogeneous,42,2,2,0.5,0.5,0.8,0.2,false,0.05,0.1,0.1,0.05,7.04337208916658E+018,15,0.17214733487795,1.4222E-13,9.713E-14,1,4,0.3,0,0
clustering,heterogeneous,28,3,3,0.1,0.4,0,0.2,false,0.05,0.1,0.1,0.05,7.24071359189169E+018,30,0.0805521366850952,7.70385938319E-06,5.29549459258E-06,1,4,-0.4,2.16666666666667,0.7
clustering,heterogeneous,28,3,3,0.1,0.4,0,0.2,false,0.05,0.1,0.1,0.05,1.84114252416859E+018,30,0.0805521366850952,7.70385938319E-06,5.29549459258E-06,1,4,-0.4,2.16666666666667,0.7
clustering,heterogeneous,28,3,3,0.1,0.4,0,0.2,false,0.05,0.1,0.1,0.05,4.6926904669588E+018,30,0.0805521366850952,7.70385938319E-06,5.29549459258E-06,1,4,-0.4,2.16666666666667,0.7
clustering,heterogeneous,28,3,3,0.1,0.4,0,0.2,false,0.05,0.1,0.1,0.05,8.63617513033061E+018,30,0.0805521366850952,7.70385938319E-06,5.29549459258E-06,1,4,-0.4,2.16666666666667,0.7
clustering,heterogeneous,28,3,3,0.1,0.4,0,0.2,false,0.05,0.1,0.1,0.05,4.39889510625904E+018,30,0.0805521366850952,7.70385938319E-06,5.29549459258E-06,1,4,-0.4,2.16666666666667,0.7
clustering,heterogeneous,28,3,3,0.1,0.4,0,0.2,false,0.05,0.1,0.1,0.05,5.70257702789059E+018,30,0.0805521366850952,7.70385938319E-06,5.29549459258E-06,1,4,-0.4,2.16666666666667,0.7
clustering,heterogeneous,28,3,3,0.1,0.4,0,0.2,false,0.05,0.1,0.1,0.05,7.04337208916658E+018,30,0.0805521366850952,7.70385938319E-06,5.29549459258E-06,1,4,-0.4,2.16666666666667,0.7
clustering,heterogeneous,21,3,3,0.3,0.2,0.6,0.2,false,0.05,0.1,0.1,0.05,7.13900204836315E+018,15,0.10946663671212,2.9766853927E-07,1.9202288368E-07,1,4,0.4,0,0.7
clustering,heterogeneous,21,3,3,0.3,0.2,0.6,0.2,false,0.05,0.1,0.1,0.05,4.6926904669588E+018,15,0.10946663671212,2.9766853927E-07,1.9202288368E-07,1,4,0.4,0,0.7
clustering,heterogeneous,28,3,3,0.1,0.4,0,0.2,false,0.05,0.1,0.1,0.05,7.12889348418325E+018,30,0.0805521366850952,7.70385938319E-06,5.29549459258E-06,1,4,-0.4,2.16666666666667,0.7
clustering,heterogeneous,28,3,3,0.1,0.4,0,0.2,false,0.05,0.1,0.1,0.05,6.90547037085634E+018,30,0.0805521366850952,7.70385938319E-06,5.29549459258E-06,1,4,-0.4,2.16666666666667,0.7
clustering,heterogeneous,21,3,3,0.3,0.2,0.6,0.2,false,0.05,0.1,0.1,0.05,8.63617513033061E+018,15,0.10946663671212,2.9766853927E-07,1.9202288368E-07,1,4,0.4,0,0.7
clustering,heterogeneous,21,3,3,0.3,0.2,0.6,0.2,false,0.05,0.1,0.1,0.05,8.80361844505413E+018,15,0.10946663671212,2.9766853927E-07,1.9202288368E-07,1,4,0.4,0,0.7
clustering,heterogeneous,21,3,3,0.3,0.2,0.6,0.2,false,0.05,0.1,0.1,0.05,6.90547037085634E+018,15,0.10946663671212,2.9766853927E-07,1.9202288368E-07,1,4,0.4,0,0.7
clustering,heterogeneous,28,3,3,0.1,0.4,0,0.2,false,0.05,0.1,0.1,0.05,1.09591146466576E+017,30,0.0805521366850952,7.70385938319E-06,5.29549459258E-06,1,4,-0.4,2.16666666666667,0.7
clustering,heterogeneous,28,3,3,0.1,0.4,0,0.2,false,0.05,0.1,0.1,0.05,4.34257261248481E+018,30,0.0805521366850952,7.70385938319E-06,5.29549459258E-06,1,4,-0.4,2.16666666666667,0.7
clustering,heterogeneous,28,3,3,0.1,0.4,0,0.2,false,0.05,0.1,0.1,0.05,4.47792793694704E+018,30,0.0805521366850952,7.70385938319E-06,5.29549459258E-06,1,4,-0.4,2.16666666666667,0.7
clustering,heterogeneous,28,3,3,0.1,0.4,0,0.2,false,0.05,0.1,0.1,0.05,4.28636038694465E+018,30,0.0805521366850952,7.70385938319E-06,5.29549459258E-06,1,4,-0.4,2.16666666666667,0.7
clustering,heterogeneous,21,3,3,0.3,0.2,0.6,0.2,false,0.05,0.1,0.1,0.05,7.12889348418325E+018,15,0.10946663671212,2.9766853927E-07,1.9202288368E-07,1,4,0.4,0,0.7
clustering,heterogeneous,21,3,3,0.3,0.2,0.6,0.2,false,0.05,0.1,0.1,0.05,5.70257702789059E+018,15,0.10946663671212,2.9766853927E-07,1.9202288368E-07,1,4,0.4,0,0.7
clustering,heterogeneous,21,3,3,0.3,0.2,0.6,0.2,false,0.05,0.1,0.1,0.05,4.47792793694704E+018,15,0.10946663671212,2.9766853927E-07,1.9202288368E-07,1,4,0.4,0,0.7
clustering,heterogeneous,21,3,3,0.3,0.2,0.6,0.2,false,0.05,0.1,0.1,0.05,1.84114252416859E+018,15,0.10946663671212,2.9766853927E-07,1.9202288368E-07,1,4,0.4,0,0.7
clustering,heterogeneous,21,3,3,0.3,0.2,0.6,0.2,false,0.05,0.1,0.1,0.05,4.39889510625904E+018,15,0.10946663671212,2.9766853927E-07,1.9202288368E-07,1,4,0.4,0,0.7
clustering,homogeneous,50,0,6,0.5,0.6,0.8,0.1,false,0.05,0.1,0.1,0.05,6.90547037085634E+018,15,0.0784411223541228,1.991463E-10,1.5691043E-10,1,3,0.2,0,0
clustering,heterogeneous,21,3,3,0.3,0.2,0.6,0.2,false,0.05,0.1,0.1,0.05,7.04337208916658E+018,15,0.10946663671212,2.9766853927E-07,1.9202288368E-07,1,4,0.4,0,0.7
clustering,heterogeneous,28,3,3,0.1,0.4,0,0.2,false,0.05,0.1,0.1,0.05,8.80361844505413E+018,30,0.0805521366850952,7.70385938319E-06,5.29549459258E-06,1,4,-0.4,2.16666666666667,0.7
clustering,homogeneous,50,0,6,0.5,0.6,0.8,0.1,false,0.05,0.1,0.1,0.05,7.24071359189169E+018,15,0.0784411223541228,1.991463E-10,1.5691043E-10,1,3,0.2,0,0
clustering,homogeneous,50,0,6,0.5,0.6,0.8,0.1,false,0.05,0.1,0.1,0.05,7.13900204836315E+018,15,0.0784411223541228,1.991463E-10,1.5691043E-10,1,3,0.2,0,0
clustering,heterogeneous,21,3,3,0.3,0.2,0.6,0.2,false,0.05,0.1,0.1,0.05,4.34257261248481E+018,15,0.10946663671212,2.9766853927E-07,1.9202288368E-07,1,4,0.4,0,0.7
clustering,heterogeneous,21,3,3,0.3,0.2,0.6,0.2,false,0.05,0.1,0.1,0.05,1.09591146466576E+017,15,0.10946663671212,2.9766853927E-07,1.9202288368E-07,1,4,0.4,0,0.7
clustering,homogeneous,50,0,6,0.5,0.6,0.8,0.1,false,0.05,0.1,0.1,0.05,4.6926904669588E+018,15,0.0784411223541228,1.991463E-10,1.5691043E-10,1,3,0.2,0,0
clustering,homogeneous,50,0,6,0.5,0.6,0.8,0.1,false,0.05,0.1,0.1,0.05,8.63617513033061E+018,15,0.0784411223541228,1.991463E-10,1.5691043E-10,1,3,0.2,0,0
clustering,heterogeneous,21,3,3,0.3,0.2,0.6,0.2,false,0.05,0.1,0.1,0.05,4.28636038694465E+018,15,0.10946663671212,2.9766853927E-07,1.9202288368E-07,1,4,0.4,0,0.7
clustering,homogeneous,50,0,6,0.5,0.6,0.8,0.1,false,0.05,0.1,0.1,0.05,1.84114252416859E+018,15,0.0784411223541228,1.991463E-10,1.5691043E-10,1,3,0.2,0,0
clustering,homogeneous,50,0,6,0.5,0.6,0.8,0.1,false,0.05,0.1,0.1,0.05,5.70257702789059E+018,15,0.0784411223541228,1.991463E-10,1.5691043E-10,1,3,0.2,0,0
clustering,homogeneous,50,0,6,0.5,0.6,0.8,0.1,false,0.05,0.1,0.1,0.05,4.39889510625904E+018,15,0.0784411223541228,1.991463E-10,1.5691043E-10,1,3,0.2,0,0
clustering,homogeneous,50,0,6,0.5,0.6,0.8,0.1,false,0.05,0.1,0.1,0.05,8.80361844505413E+018,15,0.0784411223541228,1.991463E-10,1.5691043E-10,1,3,0.2,0,0
clustering,homogeneous,50,0,6,0.5,0.6,0.8,0.1,false,0.05,0.1,0.1,0.05,1.09591146466576E+017,15,0.0784411223541228,1.991463E-10,1.5691043E-10,1,3,0.2,0,0
clustering,homogeneous,50,0,6,0.5,0.6,0.8,0.1,false,0.05,0.1,0.1,0.05,4.47792793694704E+018,15,0.0784411223541228,1.991463E-10,1.5691043E-10,1,3,0.2,0,0
clustering,homogeneous,50,0,6,0.5,0.6,0.8,0.1,false,0.05,0.1,0.1,0.05,7.04337208916658E+018,15,0.0784411223541228,1.991463E-10,1.5691043E-10,1,3,0.2,0,0
clustering,homogeneous,50,0,6,0.5,0.6,0.8,0.1,false,0.05,0.1,0.1,0.05,4.34257261248481E+018,15,0.0784411223541228,1.991463E-10,1.5691043E-10,1,3,0.2,0,0
clustering,heterogeneous,7,3,3,0.3,0.3,0,0.1,false,0.05,0.1,0.1,0.05,4.6926904669588E+018,15,0.0694419498702178,0.022728903807002,0.0362035441707584,2,4,-0.3,2.16666666666667,1
clustering,heterogeneous,7,3,3,0.3,0.3,0,0.1,false,0.05,0.1,0.1,0.05,8.63617513033061E+018,15,0.0694419498702178,0.022728903807002,0.0362035441707584,2,4,-0.3,2.16666666666667,1
clustering,heterogeneous,7,3,3,0.3,0.3,0,0.1,false,0.05,0.1,0.1,0.05,1.84114252416859E+018,15,0.0694419498702178,0.022728903807002,0.0362035441707584,2,4,-0.3,2.16666666666667,1
clustering,homogeneous,50,0,6,0.5,0.6,0.8,0.1,false,0.05,0.1,0.1,0.05,7.12889348418325E+018,15,0.0784411223541228,1.991463E-10,1.5691043E-10,1,3,0.2,0,0
clustering,heterogeneous,7,3,3,0.3,0.3,0,0.1,false,0.05,0.1,0.1,0.05,5.70257702789059E+018,15,0.0694419498702178,0.022728903807002,0.0362035441707584,2,4,-0.3,2.16666666666667,1
clustering,homogeneous,50,0,6,0.5,0.6,0.8,0.1,false,0.05,0.1,0.1,0.05,4.28636038694465E+018,15,0.0784411223541228,1.991463E-10,1.5691043E-10,1,3,0.2,0,0
clustering,heterogeneous,7,3,3,0.3,0.3,0,0.1,false,0.05,0.1,0.1,0.05,4.34257261248481E+018,15,0.0694419498702178,0.022728903807002,0.0362035441707584,2,4,-0.3,2.16666666666667,1
clustering,heterogeneous,7,3,3,0.3,0.3,0,0.1,false,0.05,0.1,0.1,0.05,7.13900204836315E+018,15,0.0694419498702178,0.022728903807002,0.0362035441707584,2,4,-0.3,2.16666666666667,1
clustering,heterogeneous,7,3,3,0.3,0.3,0,0.1,false,0.05,0.1,0.1,0.05,6.90547037085634E+018,15,0.0694419498702178,0.022728903807002,0.0362035441707584,2,4,-0.3,2.16666666666667,1
clustering,heterogeneous,7,3,3,0.3,0.3,0,0.1,false,0.05,0.1,0.1,0.05,4.39889510625904E+018,15,0.0694419498702178,0.022728903807002,0.0362035441707584,2,4,-0.3,2.16666666666667,1
clustering,heterogeneous,7,3,3,0.3,0.3,0,0.1,false,0.05,0.1,0.1,0.05,7.04337208916658E+018,15,0.0694419498702178,0.022728903807002,0.0362035441707584,2,4,-0.3,2.16666666666667,1
clustering,heterogeneous,7,3,3,0.3,0.3,0,0.1,false,0.05,0.1,0.1,0.05,7.12889348418325E+018,15,0.0694419498702178,0.022728903807002,0.0362035441707584,2,4,-0.3,2.16666666666667,1
clustering,heterogeneous,7,3,3,0.3,0.3,0,0.1,false,0.05,0.1,0.1,0.05,7.24071359189169E+018,15,0.0694419498702178,0.022728903807002,0.0362035441707584,2,4,-0.3,2.16666666666667,1
clustering,heterogeneous,7,3,3,0.3,0.3,0,0.1,false,0.05,0.1,0.1,0.05,1.09591146466576E+017,15,0.0694419498702178,0.022728903807002,0.0362035441707584,2,4,-0.3,2.16666666666667,1
clustering,heterogeneous,7,3,3,0.3,0.3,0,0.1,false,0.05,0.1,0.1,0.05,8.80361844505413E+018,15,0.0694419498702178,0.022728903807002,0.0362035441707584,2,4,-0.3,2.16666666666667,1
clustering,heterogeneous,7,3,3,0.3,0.3,0,0.1,false,0.05,0.1,0.1,0.05,4.28636038694465E+018,15,0.0694419498702178,0.022728903807002,0.0362035441707584,2,4,-0.3,2.16666666666667,1
clustering,heterogeneous,7,3,3,0.3,0.3,0,0.1,false,0.05,0.1,0.1,0.05,4.47792793694704E+018,15,0.0694419498702178,0.022728903807002,0.0362035441707584,2,4,-0.3,2.16666666666667,1
clustering,homogeneous,22,0,6,0.2,0.6,0.5,0.2,false,0.05,0.1,0.1,0.05,7.04337208916658E+018,15,0.0357633497818205,2.09060779109E-06,2.27692764396E-06,1,3,-0.1,0,0
clustering,homogeneous,22,0,6,0.2,0.6,0.5,0.2,false,0.05,0.1,0.1,0.05,6.90547037085634E+018,15,0.0357633497818205,2.09060779109E-06,2.27692764396E-06,1,3,-0.1,0,0
clustering,homogeneous,22,0,6,0.2,0.6,0.5,0.2,false,0.05,0.1,0.1,0.05,4.34257261248481E+018,15,0.0357633497818205,2.09060779109E-06,2.27692764396E-06,1,3,-0.1,0,0
clustering,homogeneous,22,0,6,0.2,0.6,0.5,0.2,false,0.05,0.1,0.1,0.05,7.13900204836315E+018,15,0.0357633497818205,2.09060779109E-06,2.27692764396E-06,1,3,-0.1,0,0
clustering,homogeneous,22,0,6,0.2,0.6,0.5,0.2,false,0.05,0.1,0.1,0.05,4.6926904669588E+018,15,0.0357633497818205,2.09060779109E-06,2.27692764396E-06,1,3,-0.1,0,0
clustering,homogeneous,22,0,6,0.2,0.6,0.5,0.2,false,0.05,0.1,0.1,0.05,7.24071359189169E+018,15,0.0357633497818205,2.09060779109E-06,2.27692764396E-06,1,3,-0.1,0,0
clustering,heterogeneous,15,3,3,0.2,0.2,0.5,0.3,false,0.05,0.1,0.1,0.05,4.6926904669588E+018,25,0.0983906787292077,1.38479715981E-06,9.6280841573E-07,1,4,0.3,0,1
clustering,homogeneous,22,0,6,0.2,0.6,0.5,0.2,false,0.05,0.1,0.1,0.05,7.12889348418325E+018,15,0.0357633497818205,2.09060779109E-06,2.27692764396E-06,1,3,-0.1,0,0
clustering,homogeneous,22,0,6,0.2,0.6,0.5,0.2,false,0.05,0.1,0.1,0.05,8.63617513033061E+018,15,0.0357633497818205,2.09060779109E-06,2.27692764396E-06,1,3,-0.1,0,0
clustering,heterogeneous,15,3,3,0.2,0.2,0.5,0.3,false,0.05,0.1,0.1,0.05,8.63617513033061E+018,25,0.0983906787292077,1.38479715981E-06,9.6280841573E-07,1,4,0.3,0,1
clustering,heterogeneous,15,3,3,0.2,0.2,0.5,0.3,false,0.05,0.1,0.1,0.05,4.47792793694704E+018,25,0.0983906787292077,1.38479715981E-06,9.6280841573E-07,1,4,0.3,0,1
clustering,homogeneous,22,0,6,0.2,0.6,0.5,0.2,false,0.05,0.1,0.1,0.05,4.39889510625904E+018,15,0.0357633497818205,2.09060779109E-06,2.27692764396E-06,1,3,-0.1,0,0
clustering,heterogeneous,15,3,3,0.2,0.2,0.5,0.3,false,0.05,0.1,0.1,0.05,7.24071359189169E+018,25,0.0983906787292077,1.38479715981E-06,9.6280841573E-07,1,4,0.3,0,1
clustering,homogeneous,22,0,6,0.2,0.6,0.5,0.2,false,0.05,0.1,0.1,0.05,1.09591146466576E+017,15,0.0357633497818205,2.09060779109E-06,2.27692764396E-06,1,3,-0.1,0,0
clustering,homogeneous,22,0,6,0.2,0.6,0.5,0.2,false,0.05,0.1,0.1,0.05,8.80361844505413E+018,15,0.0357633497818205,2.09060779109E-06,2.27692764396E-06,1,3,-0.1,0,0
clustering,heterogeneous,15,3,3,0.2,0.2,0.5,0.3,false,0.05,0.1,0.1,0.05,1.84114252416859E+018,25,0.0983906787292077,1.38479715981E-06,9.6280841573E-07,1,4,0.3,0,1
clustering,heterogeneous,15,3,3,0.2,0.2,0.5,0.3,false,0.05,0.1,0.1,0.05,8.80361844505413E+018,25,0.0983906787292077,1.38479715981E-06,9.6280841573E-07,1,4,0.3,0,1
clustering,homogeneous,22,0,6,0.2,0.6,0.5,0.2,false,0.05,0.1,0.1,0.05,5.70257702789059E+018,15,0.0357633497818205,2.09060779109E-06,2.27692764396E-06,1,3,-0.1,0,0
clustering,homogeneous,22,0,6,0.2,0.6,0.5,0.2,false,0.05,0.1,0.1,0.05,1.84114252416859E+018,15,0.0357633497818205,2.09060779109E-06,2.27692764396E-06,1,3,-0.1,0,0
clustering,homogeneous,43,0,5,0.3,0.4,0.8,0.1,false,0.05,0.1,0.1,0.05,7.13900204836315E+018,15,0.0461496050169368,1.312050347E-08,9.26234791E-09,1,3,0.4,0,0.3
clustering,heterogeneous,15,3,3,0.2,0.2,0.5,0.3,false,0.05,0.1,0.1,0.05,5.70257702789059E+018,25,0.0983906787292077,1.38479715981E-06,9.6280841573E-07,1,4,0.3,0,1
clustering,homogeneous,22,0,6,0.2,0.6,0.5,0.2,false,0.05,0.1,0.1,0.05,4.28636038694465E+018,15,0.0357633497818205,2.09060779109E-06,2.27692764396E-06,1,3,-0.1,0,0
clustering,heterogeneous,15,3,3,0.2,0.2,0.5,0.3,false,0.05,0.1,0.1,0.05,4.39889510625904E+018,25,0.0983906787292077,1.38479715981E-06,9.6280841573E-07,1,4,0.3,0,1
clustering,homogeneous,22,0,6,0.2,0.6,0.5,0.2,false,0.05,0.1,0.1,0.05,4.47792793694704E+018,15,0.0357633497818205,2.09060779109E-06,2.27692764396E-06,1,3,-0.1,0,0
clustering,homogeneous,43,0,5,0.3,0.4,0.8,0.1,false,0.05,0.1,0.1,0.05,7.24071359189169E+018,15,0.0461496050169368,1.312050347E-08,9.26234791E-09,1,3,0.4,0,0.3
clustering,heterogeneous,15,3,3,0.2,0.2,0.5,0.3,false,0.05,0.1,0.1,0.05,7.13900204836315E+018,25,0.0983906787292077,1.38479715981E-06,9.6280841573E-07,1,4,0.3,0,1
clustering,heterogeneous,15,3,3,0.2,0.2,0.5,0.3,false,0.05,0.1,0.1,0.05,7.12889348418325E+018,25,0.0983906787292077,1.38479715981E-06,9.6280841573E-07,1,4,0.3,0,1
clustering,heterogeneous,15,3,3,0.2,0.2,0.5,0.3,false,0.05,0.1,0.1,0.05,6.90547037085634E+018,25,0.0983906787292077,1.38479715981E-06,9.6280841573E-07,1,4,0.3,0,1
clustering,heterogeneous,15,3,3,0.2,0.2,0.5,0.3,false,0.05,0.1,0.1,0.05,1.09591146466576E+017,25,0.0983906787292077,1.38479715981E-06,9.6280841573E-07,1,4,0.3,0,1
clustering,heterogeneous,15,3,3,0.2,0.2,0.5,0.3,false,0.05,0.1,0.1,0.05,4.34257261248481E+018,25,0.0983906787292077,1.38479715981E-06,9.6280841573E-07,1,4,0.3,0,1
clustering,heterogeneous,15,3,3,0.2,0.2,0.5,0.3,false,0.05,0.1,0.1,0.05,7.04337208916658E+018,25,0.0983906787292077,1.38479715981E-06,9.6280841573E-07,1,4,0.3,0,1
clustering,heterogeneous,15,3,3,0.2,0.2,0.5,0.3,false,0.05,0.1,0.1,0.05,4.28636038694465E+018,25,0.0983906787292077,1.38479715981E-06,9.6280841573E-07,1,4,0.3,0,1
clustering,homogeneous,43,0,5,0.3,0.4,0.8,0.1,false,0.05,0.1,0.1,0.05,4.6926904669588E+018,15,0.0461496050169368,1.312050347E-08,9.26234791E-09,1,3,0.4,0,0.3
clustering,homogeneous,43,0,5,0.3,0.4,0.8,0.1,false,0.05,0.1,0.1,0.05,6.90547037085634E+018,15,0.0461496050169368,1.312050347E-08,9.26234791E-09,1,3,0.4,0,0.3
clustering,heterogeneous,19,2,2,0.2,0.5,0.2,0.1,false,0.05,0.1,0.1,0.05,1.84114252416859E+018,15,0.155903538165701,3.73622716161E-06,2.46138452825E-06,1,3,-0.3,0,0.7
clustering,heterogeneous,19,2,2,0.2,0.5,0.2,0.1,false,0.05,0.1,0.1,0.05,6.90547037085634E+018,15,0.155903538165701,3.73622716161E-06,2.46138452825E-06,1,3,-0.3,0,0.7
clustering,homogeneous,43,0,5,0.3,0.4,0.8,0.1,false,0.05,0.1,0.1,0.05,5.70257702789059E+018,15,0.0461496050169368,1.312050347E-08,9.26234791E-09,1,3,0.4,0,0.3
clustering,heterogeneous,19,2,2,0.2,0.5,0.2,0.1,false,0.05,0.1,0.1,0.05,7.13900204836315E+018,15,0.155903538165701,3.73622716161E-06,2.46138452825E-06,1,3,-0.3,0,0.7
clustering,homogeneous,43,0,5,0.3,0.4,0.8,0.1,false,0.05,0.1,0.1,0.05,4.34257261248481E+018,15,0.0461496050169368,1.312050347E-08,9.26234791E-09,1,3,0.4,0,0.3
clustering,heterogeneous,19,2,2,0.2,0.5,0.2,0.1,false,0.05,0.1,0.1,0.05,4.6926904669588E+018,15,0.155903538165701,3.73622716161E-06,2.46138452825E-06,1,3,-0.3,0,0.7
clustering,homogeneous,43,0,5,0.3,0.4,0.8,0.1,false,0.05,0.1,0.1,0.05,8.63617513033061E+018,15,0.0461496050169368,1.312050347E-08,9.26234791E-09,1,3,0.4,0,0.3
clustering,homogeneous,43,0,5,0.3,0.4,0.8,0.1,false,0.05,0.1,0.1,0.05,4.47792793694704E+018,15,0.0461496050169368,1.312050347E-08,9.26234791E-09,1,3,0.4,0,0.3
clustering,homogeneous,43,0,5,0.3,0.4,0.8,0.1,false,0.05,0.1,0.1,0.05,4.39889510625904E+018,15,0.0461496050169368,1.312050347E-08,9.26234791E-09,1,3,0.4,0,0.3
clustering,heterogeneous,19,2,2,0.2,0.5,0.2,0.1,false,0.05,0.1,0.1,0.05,7.04337208916658E+018,15,0.155903538165701,3.73622716161E-06,2.46138452825E-06,1,3,-0.3,0,0.7
clustering,homogeneous,43,0,5,0.3,0.4,0.8,0.1,false,0.05,0.1,0.1,0.05,4.28636038694465E+018,15,0.0461496050169368,1.312050347E-08,9.26234791E-09,1,3,0.4,0,0.3
clustering,heterogeneous,19,2,2,0.2,0.5,0.2,0.1,false,0.05,0.1,0.1,0.05,4.28636038694465E+018,15,0.155903538165701,3.73622716161E-06,2.46138452825E-06,1,3,-0.3,0,0.7
clustering,homogeneous,43,0,5,0.3,0.4,0.8,0.1,false,0.05,0.1,0.1,0.05,7.04337208916658E+018,15,0.0461496050169368,1.312050347E-08,9.26234791E-09,1,3,0.4,0,0.3
clustering,homogeneous,43,0,5,0.3,0.4,0.8,0.1,false,0.05,0.1,0.1,0.05,1.84114252416859E+018,15,0.0461496050169368,1.312050347E-08,9.26234791E-09,1,3,0.4,0,0.3
clustering,heterogeneous,19,2,2,0.2,0.5,0.2,0.1,false,0.05,0.1,0.1,0.05,8.80361844505413E+018,15,0.155903538165701,3.73622716161E-06,2.46138452825E-06,1,3,-0.3,0,0.7
clustering,heterogeneous,19,2,2,0.2,0.5,0.2,0.1,false,0.05,0.1,0.1,0.05,4.34257261248481E+018,15,0.155903538165701,3.73622716161E-06,2.46138452825E-06,1,3,-0.3,0,0.7
clustering,heterogeneous,19,2,2,0.2,0.5,0.2,0.1,false,0.05,0.1,0.1,0.05,7.24071359189169E+018,15,0.155903538165701,3.73622716161E-06,2.46138452825E-06,1,3,-0.3,0,0.7
clustering,heterogeneous,19,2,2,0.2,0.5,0.2,0.1,false,0.05,0.1,0.1,0.05,8.63617513033061E+018,15,0.155903538165701,3.73622716161E-06,2.46138452825E-06,1,3,-0.3,0,0.7
clustering,heterogeneous,19,2,2,0.2,0.5,0.2,0.1,false,0.05,0.1,0.1,0.05,4.47792793694704E+018,15,0.155903538165701,3.73622716161E-06,2.46138452825E-06,1,3,-0.3,0,0.7
clustering,homogeneous,43,0,5,0.3,0.4,0.8,0.1,false,0.05,0.1,0.1,0.05,7.12889348418325E+018,15,0.0461496050169368,1.312050347E-08,9.26234791E-09,1,3,0.4,0,0.3
clustering,heterogeneous,19,2,2,0.2,0.5,0.2,0.1,false,0.05,0.1,0.1,0.05,5.70257702789059E+018,15,0.155903538165701,3.73622716161E-06,2.46138452825E-06,1,3,-0.3,0,0.7
clustering,heterogeneous,19,2,2,0.2,0.5,0.2,0.1,false,0.05,0.1,0.1,0.05,7.12889348418325E+018,15,0.155903538165701,3.73622716161E-06,2.46138452825E-06,1,3,-0.3,0,0.7
clustering,homogeneous,43,0,5,0.3,0.4,0.8,0.1,false,0.05,0.1,0.1,0.05,8.80361844505413E+018,15,0.0461496050169368,1.312050347E-08,9.26234791E-09,1,3,0.4,0,0.3
clustering,heterogeneous,19,2,2,0.2,0.5,0.2,0.1,false,0.05,0.1,0.1,0.05,4.39889510625904E+018,15,0.155903538165701,3.73622716161E-06,2.46138452825E-06,1,3,-0.3,0,0.7
clustering,homogeneous,43,0,5,0.3,0.4,0.8,0.1,false,0.05,0.1,0.1,0.05,1.09591146466576E+017,15,0.0461496050169368,1.312050347E-08,9.26234791E-09,1,3,0.4,0,0.3
clustering,heterogeneous,19,2,2,0.2,0.5,0.2,0.1,false,0.05,0.1,0.1,0.05,1.09591146466576E+017,15,0.155903538165701,3.73622716161E-06,2.46138452825E-06,1,3,-0.3,0,0.7
clustering,heterogeneous,37,3,3,0.2,0.2,0.2,0.3,false,0.05,0.1,0.1,0.05,7.13900204836315E+018,20,0.100023099212882,1.61015234173E-06,1.01024320267E-06,1,3,0,0,0.5
clustering,heterogeneous,37,3,3,0.2,0.2,0.2,0.3,false,0.05,0.1,0.1,0.05,7.24071359189169E+018,20,0.100023099212882,1.61015234173E-06,1.01024320267E-06,1,3,0,0,0.5
clustering,homogeneous,52,0,4,0.2,0.2,0.2,0.2,false,0.05,0.1,0.1,0.05,7.13900204836315E+018,20,0.131219879348317,5.5618079056E-07,2.4840169192E-07,2,2,0,0,0
clustering,heterogeneous,37,3,3,0.2,0.2,0.2,0.3,false,0.05,0.1,0.1,0.05,8.63617513033061E+018,20,0.100023099212882,1.61015234173E-06,1.01024320267E-06,1,3,0,0,0.5
clustering,heterogeneous,37,3,3,0.2,0.2,0.2,0.3,false,0.05,0.1,0.1,0.05,4.6926904669588E+018,20,0.100023099212882,1.61015234173E-06,1.01024320267E-06,1,3,0,0,0.5
clustering,heterogeneous,37,3,3,0.2,0.2,0.2,0.3,false,0.05,0.1,0.1,0.05,5.70257702789059E+018,20,0.100023099212882,1.61015234173E-06,1.01024320267E-06,1,3,0,0,0.5
clustering,heterogeneous,37,3,3,0.2,0.2,0.2,0.3,false,0.05,0.1,0.1,0.05,6.90547037085634E+018,20,0.100023099212882,1.61015234173E-06,1.01024320267E-06,1,3,0,0,0.5
clustering,heterogeneous,37,3,3,0.2,0.2,0.2,0.3,false,0.05,0.1,0.1,0.05,4.34257261248481E+018,20,0.100023099212882,1.61015234173E-06,1.01024320267E-06,1,3,0,0,0.5
clustering,heterogeneous,37,3,3,0.2,0.2,0.2,0.3,false,0.05,0.1,0.1,0.05,1.84114252416859E+018,20,0.100023099212882,1.61015234173E-06,1.01024320267E-06,1,3,0,0,0.5
clustering,homogeneous,52,0,4,0.2,0.2,0.2,0.2,false,0.05,0.1,0.1,0.05,8.80361844505413E+018,20,0.131219879348317,5.5618079056E-07,2.4840169192E-07,2,2,0,0,0
clustering,homogeneous,52,0,4,0.2,0.2,0.2,0.2,false,0.05,0.1,0.1,0.05,4.28636038694465E+018,20,0.131219879348317,5.5618079056E-07,2.4840169192E-07,2,2,0,0,0
clustering,heterogeneous,37,3,3,0.2,0.2,0.2,0.3,false,0.05,0.1,0.1,0.05,7.12889348418325E+018,20,0.100023099212882,1.61015234173E-06,1.01024320267E-06,1,3,0,0,0.5
clustering,heterogeneous,37,3,3,0.2,0.2,0.2,0.3,false,0.05,0.1,0.1,0.05,4.39889510625904E+018,20,0.100023099212882,1.61015234173E-06,1.01024320267E-06,1,3,0,0,0.5
clustering,homogeneous,52,0,4,0.2,0.2,0.2,0.2,false,0.05,0.1,0.1,0.05,6.90547037085634E+018,20,0.131219879348317,5.5618079056E-07,2.4840169192E-07,2,2,0,0,0
clustering,homogeneous,52,0,4,0.2,0.2,0.2,0.2,false,0.05,0.1,0.1,0.05,7.24071359189169E+018,20,0.131219879348317,5.5618079056E-07,2.4840169192E-07,2,2,0,0,0
clustering,homogeneous,52,0,4,0.2,0.2,0.2,0.2,false,0.05,0.1,0.1,0.05,5.70257702789059E+018,20,0.131219879348317,5.5618079056E-07,2.4840169192E-07,2,2,0,0,0
clustering,homogeneous,52,0,4,0.2,0.2,0.2,0.2,false,0.05,0.1,0.1,0.05,7.12889348418325E+018,20,0.131219879348317,5.5618079056E-07,2.4840169192E-07,2,2,0,0,0
clustering,homogeneous,52,0,4,0.2,0.2,0.2,0.2,false,0.05,0.1,0.1,0.05,4.34257261248481E+018,20,0.131219879348317,5.5618079056E-07,2.4840169192E-07,2,2,0,0,0
clustering,homogeneous,52,0,4,0.2,0.2,0.2,0.2,false,0.05,0.1,0.1,0.05,7.04337208916658E+018,20,0.131219879348317,5.5618079056E-07,2.4840169192E-07,2,2,0,0,0
clustering,heterogeneous,18,2,2,0.2,0.3,0,0.3,false,0.05,0.1,0.1,0.05,7.13900204836315E+018,20,0.0949058782700904,3.9827576015E-07,1.8053053409E-07,1,3,-0.3,1.75,0.5
clustering,heterogeneous,37,3,3,0.2,0.2,0.2,0.3,false,0.05,0.1,0.1,0.05,7.04337208916658E+018,20,0.100023099212882,1.61015234173E-06,1.01024320267E-06,1,3,0,0,0.5
clustering,homogeneous,52,0,4,0.2,0.2,0.2,0.2,false,0.05,0.1,0.1,0.05,1.84114252416859E+018,20,0.131219879348317,5.5618079056E-07,2.4840169192E-07,2,2,0,0,0
clustering,heterogeneous,37,3,3,0.2,0.2,0.2,0.3,false,0.05,0.1,0.1,0.05,8.80361844505413E+018,20,0.100023099212882,1.61015234173E-06,1.01024320267E-06,1,3,0,0,0.5
clustering,heterogeneous,37,3,3,0.2,0.2,0.2,0.3,false,0.05,0.1,0.1,0.05,4.28636038694465E+018,20,0.100023099212882,1.61015234173E-06,1.01024320267E-06,1,3,0,0,0.5
clustering,heterogeneous,18,2,2,0.2,0.3,0,0.3,false,0.05,0.1,0.1,0.05,4.6926904669588E+018,20,0.0949058782700904,3.9827576015E-07,1.8053053409E-07,1,3,-0.3,1.75,0.5
clustering,homogeneous,52,0,4,0.2,0.2,0.2,0.2,false,0.05,0.1,0.1,0.05,4.39889510625904E+018,20,0.131219879348317,5.5618079056E-07,2.4840169192E-07,2,2,0,0,0
clustering,homogeneous,52,0,4,0.2,0.2,0.2,0.2,false,0.05,0.1,0.1,0.05,4.6926904669588E+018,20,0.131219879348317,5.5618079056E-07,2.4840169192E-07,2,2,0,0,0
clustering,heterogeneous,37,3,3,0.2,0.2,0.2,0.3,false,0.05,0.1,0.1,0.05,1.09591146466576E+017,20,0.100023099212882,1.61015234173E-06,1.01024320267E-06,1,3,0,0,0.5
clustering,homogeneous,52,0,4,0.2,0.2,0.2,0.2,false,0.05,0.1,0.1,0.05,8.63617513033061E+018,20,0.131219879348317,5.5618079056E-07,2.4840169192E-07,2,2,0,0,0
clustering,heterogeneous,37,3,3,0.2,0.2,0.2,0.3,false,0.05,0.1,0.1,0.05,4.47792793694704E+018,20,0.100023099212882,1.61015234173E-06,1.01024320267E-06,1,3,0,0,0.5
clustering,homogeneous,52,0,4,0.2,0.2,0.2,0.2,false,0.05,0.1,0.1,0.05,1.09591146466576E+017,20,0.131219879348317,5.5618079056E-07,2.4840169192E-07,2,2,0,0,0
clustering,homogeneous,52,0,4,0.2,0.2,0.2,0.2,false,0.05,0.1,0.1,0.05,4.47792793694704E+018,20,0.131219879348317,5.5618079056E-07,2.4840169192E-07,2,2,0,0,0
clustering,heterogeneous,18,2,2,0.2,0.3,0,0.3,false,0.05,0.1,0.1,0.05,6.90547037085634E+018,20,0.0949058782700904,3.9827576015E-07,1.8053053409E-07,1,3,-0.3,1.75,0.5
clustering,heterogeneous,18,2,2,0.2,0.3,0,0.3,false,0.05,0.1,0.1,0.05,5.70257702789059E+018,20,0.0949058782700904,3.9827576015E-07,1.8053053409E-07,1,3,-0.3,1.75,0.5
clustering,heterogeneous,18,2,2,0.2,0.3,0,0.3,false,0.05,0.1,0.1,0.05,4.39889510625904E+018,20,0.0949058782700904,3.9827576015E-07,1.8053053409E-07,1,3,-0.3,1.75,0.5
clustering,heterogeneous,4,3,3,0.4,0.6,0.8,0.1,false,0.05,0.1,0.1,0.05,1.09591146466576E+017,15,0.154658512648202,1.463859658E-08,8.39718161E-09,1,4,0.2,0,1
clustering,heterogeneous,18,2,2,0.2,0.3,0,0.3,false,0.05,0.1,0.1,0.05,7.12889348418325E+018,20,0.0949058782700904,3.9827576015E-07,1.8053053409E-07,1,3,-0.3,1.75,0.5
clustering,heterogeneous,4,3,3,0.4,0.6,0.8,0.1,false,0.05,0.1,0.1,0.05,1.84114252416859E+018,15,0.154658512648202,1.463859658E-08,8.39718161E-09,1,4,0.2,0,1
clustering,heterogeneous,18,2,2,0.2,0.3,0,0.3,false,0.05,0.1,0.1,0.05,7.24071359189169E+018,20,0.0949058782700904,3.9827576015E-07,1.8053053409E-07,1,3,-0.3,1.75,0.5
clustering,heterogeneous,18,2,2,0.2,0.3,0,0.3,false,0.05,0.1,0.1,0.05,8.63617513033061E+018,20,0.0949058782700904,3.9827576015E-07,1.8053053409E-07,1,3,-0.3,1.75,0.5
clustering,heterogeneous,18,2,2,0.2,0.3,0,0.3,false,0.05,0.1,0.1,0.05,1.84114252416859E+018,20,0.0949058782700904,3.9827576015E-07,1.8053053409E-07,1,3,-0.3,1.75,0.5
clustering,heterogeneous,18,2,2,0.2,0.3,0,0.3,false,0.05,0.1,0.1,0.05,1.09591146466576E+017,20,0.0949058782700904,3.9827576015E-07,1.8053053409E-07,1,3,-0.3,1.75,0.5
clustering,heterogeneous,18,2,2,0.2,0.3,0,0.3,false,0.05,0.1,0.1,0.05,7.04337208916658E+018,20,0.0949058782700904,3.9827576015E-07,1.8053053409E-07,1,3,-0.3,1.75,0.5
clustering,heterogeneous,4,3,3,0.4,0.6,0.8,0.1,false,0.05,0.1,0.1,0.05,4.6926904669588E+018,15,0.154658512648202,1.463859658E-08,8.39718161E-09,1,4,0.2,0,1
clustering,heterogeneous,18,2,2,0.2,0.3,0,0.3,false,0.05,0.1,0.1,0.05,8.80361844505413E+018,20,0.0949058782700904,3.9827576015E-07,1.8053053409E-07,1,3,-0.3,1.75,0.5
clustering,heterogeneous,4,3,3,0.4,0.6,0.8,0.1,false,0.05,0.1,0.1,0.05,8.63617513033061E+018,15,0.154658512648202,1.463859658E-08,8.39718161E-09,1,4,0.2,0,1
clustering,heterogeneous,18,2,2,0.2,0.3,0,0.3,false,0.05,0.1,0.1,0.05,4.34257261248481E+018,20,0.0949058782700904,3.9827576015E-07,1.8053053409E-07,1,3,-0.3,1.75,0.5
clustering,heterogeneous,4,3,3,0.4,0.6,0.8,0.1,false,0.05,0.1,0.1,0.05,6.90547037085634E+018,15,0.154658512648202,1.463859658E-08,8.39718161E-09,1,4,0.2,0,1
clustering,heterogeneous,4,3,3,0.4,0.6,0.8,0.1,false,0.05,0.1,0.1,0.05,7.24071359189169E+018,15,0.154658512648202,1.463859658E-08,8.39718161E-09,1,4,0.2,0,1
clustering,heterogeneous,4,3,3,0.4,0.6,0.8,0.1,false,0.05,0.1,0.1,0.05,7.12889348418325E+018,15,0.154658512648202,1.463859658E-08,8.39718161E-09,1,4,0.2,0,1
clustering,heterogeneous,4,3,3,0.4,0.6,0.8,0.1,false,0.05,0.1,0.1,0.05,4.47792793694704E+018,15,0.154658512648202,1.463859658E-08,8.39718161E-09,1,4,0.2,0,1
clustering,heterogeneous,4,3,3,0.4,0.6,0.8,0.1,false,0.05,0.1,0.1,0.05,5.70257702789059E+018,15,0.154658512648202,1.463859658E-08,8.39718161E-09,1,4,0.2,0,1
clustering,heterogeneous,4,3,3,0.4,0.6,0.8,0.1,false,0.05,0.1,0.1,0.05,8.80361844505413E+018,15,0.154658512648202,1.463859658E-08,8.39718161E-09,1,4,0.2,0,1
clustering,heterogeneous,4,3,3,0.4,0.6,0.8,0.1,false,0.05,0.1,0.1,0.05,4.34257261248481E+018,15,0.154658512648202,1.463859658E-08,8.39718161E-09,1,4,0.2,0,1
clustering,heterogeneous,4,3,3,0.4,0.6,0.8,0.1,false,0.05,0.1,0.1,0.05,7.04337208916658E+018,15,0.154658512648202,1.463859658E-08,8.39718161E-09,1,4,0.2,0,1
clustering,heterogeneous,4,3,3,0.4,0.6,0.8,0.1,false,0.05,0.1,0.1,0.05,4.39889510625904E+018,15,0.154658512648202,1.463859658E-08,8.39718161E-09,1,4,0.2,0,1
clustering,heterogeneous,4,3,3,0.4,0.6,0.8,0.1,false,0.05,0.1,0.1,0.05,7.13900204836315E+018,15,0.154658512648202,1.463859658E-08,8.39718161E-09,1,4,0.2,0,1
clustering,heterogeneous,18,2,2,0.2,0.3,0,0.3,false,0.05,0.1,0.1,0.05,4.28636038694465E+018,20,0.0949058782700904,3.9827576015E-07,1.8053053409E-07,1,3,-0.3,1.75,0.5
clustering,heterogeneous,18,2,2,0.2,0.3,0,0.3,false,0.05,0.1,0.1,0.05,4.47792793694704E+018,20,0.0949058782700904,3.9827576015E-07,1.8053053409E-07,1,3,-0.3,1.75,0.5
clustering,heterogeneous,4,3,3,0.4,0.6,0.8,0.1,false,0.05,0.1,0.1,0.05,4.28636038694465E+018,15,0.154658512648202,1.463859658E-08,8.39718161E-09,1,4,0.2,0,1
clustering,heterogeneous,28,3,3,0.1,0.5,0.8,0.1,false,0.05,0.1,0.1,0.05,4.6926904669588E+018,30,0.0766073863313034,5.039951183333E-05,3.135694729004E-05,1,4,0.3,0,0
clustering,homogeneous,43,0,5,0.3,0.6,0.5,0.3,false,0.05,0.1,0.1,0.05,7.12889348418325E+018,15,0.0451116713521162,0.0000000076441466,4.17725212E-09,1,3,-0.1,0,0.5
clustering,heterogeneous,28,3,3,0.1,0.5,0.8,0.1,false,0.05,0.1,0.1,0.05,7.13900204836315E+018,30,0.0766073863313034,5.039951183333E-05,3.135694729004E-05,1,4,0.3,0,0
clustering,homogeneous,43,0,5,0.3,0.6,0.5,0.3,false,0.05,0.1,0.1,0.05,1.09591146466576E+017,15,0.0451116713521162,0.0000000076441466,4.17725212E-09,1,3,-0.1,0,0.5
clustering,heterogeneous,28,3,3,0.1,0.5,0.8,0.1,false,0.05,0.1,0.1,0.05,7.24071359189169E+018,30,0.0766073863313034,5.039951183333E-05,3.135694729004E-05,1,4,0.3,0,0
clustering,homogeneous,43,0,5,0.3,0.6,0.5,0.3,false,0.05,0.1,0.1,0.05,7.13900204836315E+018,15,0.0451116713521162,0.0000000076441466,4.17725212E-09,1,3,-0.1,0,0.5
clustering,homogeneous,43,0,5,0.3,0.6,0.5,0.3,false,0.05,0.1,0.1,0.05,4.6926904669588E+018,15,0.0451116713521162,0.0000000076441466,4.17725212E-09,1,3,-0.1,0,0.5
clustering,homogeneous,43,0,5,0.3,0.6,0.5,0.3,false,0.05,0.1,0.1,0.05,1.84114252416859E+018,15,0.0451116713521162,0.0000000076441466,4.17725212E-09,1,3,-0.1,0,0.5
clustering,homogeneous,43,0,5,0.3,0.6,0.5,0.3,false,0.05,0.1,0.1,0.05,4.39889510625904E+018,15,0.0451116713521162,0.0000000076441466,4.17725212E-09,1,3,-0.1,0,0.5
clustering,homogeneous,43,0,5,0.3,0.6,0.5,0.3,false,0.05,0.1,0.1,0.05,4.28636038694465E+018,15,0.0451116713521162,0.0000000076441466,4.17725212E-09,1,3,-0.1,0,0.5
clustering,homogeneous,43,0,5,0.3,0.6,0.5,0.3,false,0.05,0.1,0.1,0.05,8.80361844505413E+018,15,0.0451116713521162,0.0000000076441466,4.17725212E-09,1,3,-0.1,0,0.5
clustering,homogeneous,43,0,5,0.3,0.6,0.5,0.3,false,0.05,0.1,0.1,0.05,4.34257261248481E+018,15,0.0451116713521162,0.0000000076441466,4.17725212E-09,1,3,-0.1,0,0.5
clustering,homogeneous,43,0,5,0.3,0.6,0.5,0.3,false,0.05,0.1,0.1,0.05,4.47792793694704E+018,15,0.0451116713521162,0.0000000076441466,4.17725212E-09,1,3,-0.1,0,0.5
clustering,homogeneous,43,0,5,0.3,0.6,0.5,0.3,false,0.05,0.1,0.1,0.05,8.63617513033061E+018,15,0.0451116713521162,0.0000000076441466,4.17725212E-09,1,3,-0.1,0,0.5
clustering,heterogeneous,28,3,3,0.1,0.5,0.8,0.1,false,0.05,0.1,0.1,0.05,8.63617513033061E+018,30,0.0766073863313034,5.039951183333E-05,3.135694729004E-05,1,4,0.3,0,0
clustering,homogeneous,43,0,5,0.3,0.6,0.5,0.3,false,0.05,0.1,0.1,0.05,5.70257702789059E+018,15,0.0451116713521162,0.0000000076441466,4.17725212E-09,1,3,-0.1,0,0.5
clustering,homogeneous,43,0,5,0.3,0.6,0.5,0.3,false,0.05,0.1,0.1,0.05,7.24071359189169E+018,15,0.0451116713521162,0.0000000076441466,4.17725212E-09,1,3,-0.1,0,0.5
clustering,homogeneous,43,0,5,0.3,0.6,0.5,0.3,false,0.05,0.1,0.1,0.05,6.90547037085634E+018,15,0.0451116713521162,0.0000000076441466,4.17725212E-09,1,3,-0.1,0,0.5
clustering,homogeneous,43,0,5,0.3,0.6,0.5,0.3,false,0.05,0.1,0.1,0.05,7.04337208916658E+018,15,0.0451116713521162,0.0000000076441466,4.17725212E-09,1,3,-0.1,0,0.5
clustering,heterogeneous,28,3,3,0.1,0.5,0.8,0.1,false,0.05,0.1,0.1,0.05,7.12889348418325E+018,30,0.0766073863313034,5.039951183333E-05,3.135694729004E-05,1,4,0.3,0,0
clustering,heterogeneous,28,3,3,0.1,0.5,0.8,0.1,false,0.05,0.1,0.1,0.05,4.39889510625904E+018,30,0.0766073863313034,5.039951183333E-05,3.135694729004E-05,1,4,0.3,0,0
clustering,heterogeneous,28,3,3,0.1,0.5,0.8,0.1,false,0.05,0.1,0.1,0.05,8.80361844505413E+018,30,0.0766073863313034,5.039951183333E-05,3.135694729004E-05,1,4,0.3,0,0
clustering,heterogeneous,28,3,3,0.1,0.5,0.8,0.1,false,0.05,0.1,0.1,0.05,6.90547037085634E+018,30,0.0766073863313034,5.039951183333E-05,3.135694729004E-05,1,4,0.3,0,0
clustering,homogeneous,31,0,4,0.1,0.2,0.8,0.3,false,0.05,0.1,0.1,0.05,7.24071359189169E+018,25,0.0503315579665957,2.189368463449E-05,1.383731713511E-05,1,3,0.6,0,0
clustering,homogeneous,31,0,4,0.1,0.2,0.8,0.3,false,0.05,0.1,0.1,0.05,7.13900204836315E+018,25,0.0503315579665957,2.189368463449E-05,1.383731713511E-05,1,3,0.6,0,0
clustering,heterogeneous,28,3,3,0.1,0.5,0.8,0.1,false,0.05,0.1,0.1,0.05,5.70257702789059E+018,30,0.0766073863313034,5.039951183333E-05,3.135694729004E-05,1,4,0.3,0,0
clustering,heterogeneous,28,3,3,0.1,0.5,0.8,0.1,false,0.05,0.1,0.1,0.05,7.04337208916658E+018,30,0.0766073863313034,5.039951183333E-05,3.135694729004E-05,1,4,0.3,0,0
clustering,heterogeneous,28,3,3,0.1,0.5,0.8,0.1,false,0.05,0.1,0.1,0.05,1.84114252416859E+018,30,0.0766073863313034,5.039951183333E-05,3.135694729004E-05,1,4,0.3,0,0
clustering,heterogeneous,28,3,3,0.1,0.5,0.8,0.1,false,0.05,0.1,0.1,0.05,4.34257261248481E+018,30,0.0766073863313034,5.039951183333E-05,3.135694729004E-05,1,4,0.3,0,0
clustering,heterogeneous,28,3,3,0.1,0.5,0.8,0.1,false,0.05,0.1,0.1,0.05,1.09591146466576E+017,30,0.0766073863313034,5.039951183333E-05,3.135694729004E-05,1,4,0.3,0,0
clustering,heterogeneous,28,3,3,0.1,0.5,0.8,0.1,false,0.05,0.1,0.1,0.05,4.28636038694465E+018,30,0.0766073863313034,5.039951183333E-05,3.135694729004E-05,1,4,0.3,0,0
clustering,heterogeneous,28,3,3,0.1,0.5,0.8,0.1,false,0.05,0.1,0.1,0.05,4.47792793694704E+018,30,0.0766073863313034,5.039951183333E-05,3.135694729004E-05,1,4,0.3,0,0
clustering,homogeneous,31,0,4,0.1,0.2,0.8,0.3,false,0.05,0.1,0.1,0.05,4.34257261248481E+018,25,0.0503315579665957,2.189368463449E-05,1.383731713511E-05,1,3,0.6,0,0
clustering,homogeneous,31,0,4,0.1,0.2,0.8,0.3,false,0.05,0.1,0.1,0.05,1.84114252416859E+018,25,0.0503315579665957,2.189368463449E-05,1.383731713511E-05,1,3,0.6,0,0
clustering,homogeneous,31,0,4,0.1,0.2,0.8,0.3,false,0.05,0.1,0.1,0.05,7.04337208916658E+018,25,0.0503315579665957,2.189368463449E-05,1.383731713511E-05,1,3,0.6,0,0
clustering,homogeneous,31,0,4,0.1,0.2,0.8,0.3,false,0.05,0.1,0.1,0.05,4.39889510625904E+018,25,0.0503315579665957,2.189368463449E-05,1.383731713511E-05,1,3,0.6,0,0
clustering,homogeneous,31,0,4,0.1,0.2,0.8,0.3,false,0.05,0.1,0.1,0.05,7.12889348418325E+018,25,0.0503315579665957,2.189368463449E-05,1.383731713511E-05,1,3,0.6,0,0
clustering,homogeneous,39,0,4,0.1,0.7,0.8,0.1,false,0.05,0.1,0.1,0.05,6.90547037085634E+018,25,0.0636064814451381,5.66813785452E-06,4.46200514465E-06,1,2,0.1,0,0.5
clustering,homogeneous,31,0,4,0.1,0.2,0.8,0.3,false,0.05,0.1,0.1,0.05,6.90547037085634E+018,25,0.0503315579665957,2.189368463449E-05,1.383731713511E-05,1,3,0.6,0,0
clustering,homogeneous,31,0,4,0.1,0.2,0.8,0.3,false,0.05,0.1,0.1,0.05,5.70257702789059E+018,25,0.0503315579665957,2.189368463449E-05,1.383731713511E-05,1,3,0.6,0,0
clustering,homogeneous,31,0,4,0.1,0.2,0.8,0.3,false,0.05,0.1,0.1,0.05,8.80361844505413E+018,25,0.0503315579665957,2.189368463449E-05,1.383731713511E-05,1,3,0.6,0,0
clustering,homogeneous,31,0,4,0.1,0.2,0.8,0.3,false,0.05,0.1,0.1,0.05,4.6926904669588E+018,25,0.0503315579665957,2.189368463449E-05,1.383731713511E-05,1,3,0.6,0,0
clustering,homogeneous,39,0,4,0.1,0.7,0.8,0.1,false,0.05,0.1,0.1,0.05,7.13900204836315E+018,25,0.0636064814451381,5.66813785452E-06,4.46200514465E-06,1,2,0.1,0,0.5
clustering,homogeneous,31,0,4,0.1,0.2,0.8,0.3,false,0.05,0.1,0.1,0.05,1.09591146466576E+017,25,0.0503315579665957,2.189368463449E-05,1.383731713511E-05,1,3,0.6,0,0
clustering,homogeneous,31,0,4,0.1,0.2,0.8,0.3,false,0.05,0.1,0.1,0.05,4.47792793694704E+018,25,0.0503315579665957,2.189368463449E-05,1.383731713511E-05,1,3,0.6,0,0
clustering,homogeneous,31,0,4,0.1,0.2,0.8,0.3,false,0.05,0.1,0.1,0.05,8.63617513033061E+018,25,0.0503315579665957,2.189368463449E-05,1.383731713511E-05,1,3,0.6,0,0
clustering,homogeneous,39,0,4,0.1,0.7,0.8,0.1,false,0.05,0.1,0.1,0.05,4.6926904669588E+018,25,0.0636064814451381,5.66813785452E-06,4.46200514465E-06,1,2,0.1,0,0.5
clustering,homogeneous,39,0,4,0.1,0.7,0.8,0.1,false,0.05,0.1,0.1,0.05,7.12889348418325E+018,25,0.0636064814451381,5.66813785452E-06,4.46200514465E-06,1,2,0.1,0,0.5
clustering,homogeneous,39,0,4,0.1,0.7,0.8,0.1,false,0.05,0.1,0.1,0.05,7.04337208916658E+018,25,0.0636064814451381,5.66813785452E-06,4.46200514465E-06,1,2,0.1,0,0.5
clustering,homogeneous,31,0,4,0.1,0.2,0.8,0.3,false,0.05,0.1,0.1,0.05,4.28636038694465E+018,25,0.0503315579665957,2.189368463449E-05,1.383731713511E-05,1,3,0.6,0,0
clustering,homogeneous,39,0,4,0.1,0.7,0.8,0.1,false,0.05,0.1,0.1,0.05,8.63617513033061E+018,25,0.0636064814451381,5.66813785452E-06,4.46200514465E-06,1,2,0.1,0,0.5
clustering,homogeneous,39,0,4,0.1,0.7,0.8,0.1,false,0.05,0.1,0.1,0.05,7.24071359189169E+018,25,0.0636064814451381,5.66813785452E-06,4.46200514465E-06,1,2,0.1,0,0.5
clustering,heterogeneous,40,2,2,0.4,0.4,0.6,0.3,false,0.05,0.1,0.1,0.05,8.63617513033061E+018,15,0.046644881093472,2.982536E-11,1.682798E-11,1,3,0.2,0,0.7
clustering,heterogeneous,40,2,2,0.4,0.4,0.6,0.3,false,0.05,0.1,0.1,0.05,7.24071359189169E+018,15,0.046644881093472,2.982536E-11,1.682798E-11,1,3,0.2,0,0.7
clustering,homogeneous,39,0,4,0.1,0.7,0.8,0.1,false,0.05,0.1,0.1,0.05,8.80361844505413E+018,25,0.0636064814451381,5.66813785452E-06,4.46200514465E-06,1,2,0.1,0,0.5
clustering,homogeneous,39,0,4,0.1,0.7,0.8,0.1,false,0.05,0.1,0.1,0.05,4.34257261248481E+018,25,0.0636064814451381,5.66813785452E-06,4.46200514465E-06,1,2,0.1,0,0.5
clustering,heterogeneous,40,2,2,0.4,0.4,0.6,0.3,false,0.05,0.1,0.1,0.05,4.39889510625904E+018,15,0.046644881093472,2.982536E-11,1.682798E-11,1,3,0.2,0,0.7
clustering,heterogeneous,40,2,2,0.4,0.4,0.6,0.3,false,0.05,0.1,0.1,0.05,6.90547037085634E+018,15,0.046644881093472,2.982536E-11,1.682798E-11,1,3,0.2,0,0.7
clustering,homogeneous,39,0,4,0.1,0.7,0.8,0.1,false,0.05,0.1,0.1,0.05,5.70257702789059E+018,25,0.0636064814451381,5.66813785452E-06,4.46200514465E-06,1,2,0.1,0,0.5
clustering,heterogeneous,40,2,2,0.4,0.4,0.6,0.3,false,0.05,0.1,0.1,0.05,8.80361844505413E+018,15,0.046644881093472,2.982536E-11,1.682798E-11,1,3,0.2,0,0.7
clustering,homogeneous,39,0,4,0.1,0.7,0.8,0.1,false,0.05,0.1,0.1,0.05,4.47792793694704E+018,25,0.0636064814451381,5.66813785452E-06,4.46200514465E-06,1,2,0.1,0,0.5
clustering,heterogeneous,40,2,2,0.4,0.4,0.6,0.3,false,0.05,0.1,0.1,0.05,4.6926904669588E+018,15,0.046644881093472,2.982536E-11,1.682798E-11,1,3,0.2,0,0.7
clustering,heterogeneous,40,2,2,0.4,0.4,0.6,0.3,false,0.05,0.1,0.1,0.05,5.70257702789059E+018,15,0.046644881093472,2.982536E-11,1.682798E-11,1,3,0.2,0,0.7
clustering,homogeneous,39,0,4,0.1,0.7,0.8,0.1,false,0.05,0.1,0.1,0.05,1.09591146466576E+017,25,0.0636064814451381,5.66813785452E-06,4.46200514465E-06,1,2,0.1,0,0.5
clustering,homogeneous,39,0,4,0.1,0.7,0.8,0.1,false,0.05,0.1,0.1,0.05,1.84114252416859E+018,25,0.0636064814451381,5.66813785452E-06,4.46200514465E-06,1,2,0.1,0,0.5
clustering,heterogeneous,40,2,2,0.4,0.4,0.6,0.3,false,0.05,0.1,0.1,0.05,1.84114252416859E+018,15,0.046644881093472,2.982536E-11,1.682798E-11,1,3,0.2,0,0.7
clustering,heterogeneous,40,2,2,0.4,0.4,0.6,0.3,false,0.05,0.1,0.1,0.05,4.28636038694465E+018,15,0.046644881093472,2.982536E-11,1.682798E-11,1,3,0.2,0,0.7
clustering,homogeneous,39,0,4,0.1,0.7,0.8,0.1,false,0.05,0.1,0.1,0.05,4.39889510625904E+018,25,0.0636064814451381,5.66813785452E-06,4.46200514465E-06,1,2,0.1,0,0.5
clustering,heterogeneous,40,2,2,0.4,0.4,0.6,0.3,false,0.05,0.1,0.1,0.05,4.34257261248481E+018,15,0.046644881093472,2.982536E-11,1.682798E-11,1,3,0.2,0,0.7
clustering,heterogeneous,40,2,2,0.4,0.4,0.6,0.3,false,0.05,0.1,0.1,0.05,7.13900204836315E+018,15,0.046644881093472,2.982536E-11,1.682798E-11,1,3,0.2,0,0.7
clustering,heterogeneous,40,2,2,0.4,0.4,0.6,0.3,false,0.05,0.1,0.1,0.05,7.04337208916658E+018,15,0.046644881093472,2.982536E-11,1.682798E-11,1,3,0.2,0,0.7
clustering,heterogeneous,40,2,2,0.4,0.4,0.6,0.3,false,0.05,0.1,0.1,0.05,1.09591146466576E+017,15,0.046644881093472,2.982536E-11,1.682798E-11,1,3,0.2,0,0.7
clustering,heterogeneous,40,2,2,0.4,0.4,0.6,0.3,false,0.05,0.1,0.1,0.05,7.12889348418325E+018,15,0.046644881093472,2.982536E-11,1.682798E-11,1,3,0.2,0,0.7
clustering,heterogeneous,40,2,2,0.4,0.4,0.6,0.3,false,0.05,0.1,0.1,0.05,4.47792793694704E+018,15,0.046644881093472,2.982536E-11,1.682798E-11,1,3,0.2,0,0.7
clustering,heterogeneous,21,3,3,0.3,0.3,0.6,0.1,false,0.05,0.1,0.1,0.05,7.24071359189169E+018,15,0.109486768312515,2.6944488501E-07,1.7636037144E-07,1,4,0.3,0,0.5
clustering,heterogeneous,21,3,3,0.3,0.3,0.6,0.1,false,0.05,0.1,0.1,0.05,4.6926904669588E+018,15,0.109486768312515,2.6944488501E-07,1.7636037144E-07,1,4,0.3,0,0.5
clustering,heterogeneous,21,3,3,0.3,0.3,0.6,0.1,false,0.05,0.1,0.1,0.05,6.90547037085634E+018,15,0.109486768312515,2.6944488501E-07,1.7636037144E-07,1,4,0.3,0,0.5
clustering,heterogeneous,21,3,3,0.3,0.3,0.6,0.1,false,0.05,0.1,0.1,0.05,7.13900204836315E+018,15,0.109486768312515,2.6944488501E-07,1.7636037144E-07,1,4,0.3,0,0.5
clustering,heterogeneous,21,3,3,0.3,0.3,0.6,0.1,false,0.05,0.1,0.1,0.05,5.70257702789059E+018,15,0.109486768312515,2.6944488501E-07,1.7636037144E-07,1,4,0.3,0,0.5
clustering,heterogeneous,21,3,3,0.3,0.3,0.6,0.1,false,0.05,0.1,0.1,0.05,8.63617513033061E+018,15,0.109486768312515,2.6944488501E-07,1.7636037144E-07,1,4,0.3,0,0.5
clustering,heterogeneous,13,2,2,0.1,0.3,0.8,0.2,false,0.05,0.1,0.1,0.05,5.70257702789059E+018,15,0.0636123001615089,0.0273107844387092,0.0241432521033241,2,2,0.5,0,1
clustering,heterogeneous,21,3,3,0.3,0.3,0.6,0.1,false,0.05,0.1,0.1,0.05,1.84114252416859E+018,15,0.109486768312515,2.6944488501E-07,1.7636037144E-07,1,4,0.3,0,0.5
clustering,heterogeneous,13,2,2,0.1,0.3,0.8,0.2,false,0.05,0.1,0.1,0.05,4.39889510625904E+018,15,0.0636123001615089,0.0273107844387092,0.0241432521033241,2,2,0.5,0,1
clustering,heterogeneous,21,3,3,0.3,0.3,0.6,0.1,false,0.05,0.1,0.1,0.05,4.39889510625904E+018,15,0.109486768312515,2.6944488501E-07,1.7636037144E-07,1,4,0.3,0,0.5
clustering,heterogeneous,13,2,2,0.1,0.3,0.8,0.2,false,0.05,0.1,0.1,0.05,8.63617513033061E+018,15,0.0636123001615089,0.0273107844387092,0.0241432521033241,2,2,0.5,0,1
clustering,heterogeneous,13,2,2,0.1,0.3,0.8,0.2,false,0.05,0.1,0.1,0.05,8.80361844505413E+018,15,0.0636123001615089,0.0273107844387092,0.0241432521033241,2,2,0.5,0,1
clustering,heterogeneous,13,2,2,0.1,0.3,0.8,0.2,false,0.05,0.1,0.1,0.05,7.24071359189169E+018,15,0.0636123001615089,0.0273107844387092,0.0241432521033241,2,2,0.5,0,1
clustering,heterogeneous,21,3,3,0.3,0.3,0.6,0.1,false,0.05,0.1,0.1,0.05,4.34257261248481E+018,15,0.109486768312515,2.6944488501E-07,1.7636037144E-07,1,4,0.3,0,0.5
clustering,homogeneous,39,0,4,0.1,0.7,0.8,0.1,false,0.05,0.1,0.1,0.05,4.28636038694465E+018,25,0.0636064814451381,5.66813785452E-06,4.46200514465E-06,1,2,0.1,0,0.5
clustering,heterogeneous,21,3,3,0.3,0.3,0.6,0.1,false,0.05,0.1,0.1,0.05,4.47792793694704E+018,15,0.109486768312515,2.6944488501E-07,1.7636037144E-07,1,4,0.3,0,0.5
clustering,heterogeneous,21,3,3,0.3,0.3,0.6,0.1,false,0.05,0.1,0.1,0.05,8.80361844505413E+018,15,0.109486768312515,2.6944488501E-07,1.7636037144E-07,1,4,0.3,0,0.5
clustering,heterogeneous,13,2,2,0.1,0.3,0.8,0.2,false,0.05,0.1,0.1,0.05,7.13900204836315E+018,15,0.0636123001615089,0.0273107844387092,0.0241432521033241,2,2,0.5,0,1
clustering,heterogeneous,13,2,2,0.1,0.3,0.8,0.2,false,0.05,0.1,0.1,0.05,4.6926904669588E+018,15,0.0636123001615089,0.0273107844387092,0.0241432521033241,2,2,0.5,0,1
clustering,heterogeneous,21,3,3,0.3,0.3,0.6,0.1,false,0.05,0.1,0.1,0.05,7.12889348418325E+018,15,0.109486768312515,2.6944488501E-07,1.7636037144E-07,1,4,0.3,0,0.5
clustering,heterogeneous,13,2,2,0.1,0.3,0.8,0.2,false,0.05,0.1,0.1,0.05,6.90547037085634E+018,15,0.0636123001615089,0.0273107844387092,0.0241432521033241,2,2,0.5,0,1
clustering,heterogeneous,13,2,2,0.1,0.3,0.8,0.2,false,0.05,0.1,0.1,0.05,4.34257261248481E+018,15,0.0636123001615089,0.0273107844387092,0.0241432521033241,2,2,0.5,0,1
clustering,heterogeneous,13,2,2,0.1,0.3,0.8,0.2,false,0.05,0.1,0.1,0.05,1.84114252416859E+018,15,0.0636123001615089,0.0273107844387092,0.0241432521033241,2,2,0.5,0,1
clustering,heterogeneous,13,2,2,0.1,0.3,0.8,0.2,false,0.05,0.1,0.1,0.05,4.47792793694704E+018,15,0.0636123001615089,0.0273107844387092,0.0241432521033241,2,2,0.5,0,1
clustering,heterogeneous,21,3,3,0.3,0.3,0.6,0.1,false,0.05,0.1,0.1,0.05,7.04337208916658E+018,15,0.109486768312515,2.6944488501E-07,1.7636037144E-07,1,4,0.3,0,0.5
clustering,heterogeneous,21,3,3,0.3,0.3,0.6,0.1,false,0.05,0.1,0.1,0.05,1.09591146466576E+017,15,0.109486768312515,2.6944488501E-07,1.7636037144E-07,1,4,0.3,0,0.5
clustering,heterogeneous,21,3,3,0.3,0.3,0.6,0.1,false,0.05,0.1,0.1,0.05,4.28636038694465E+018,15,0.109486768312515,2.6944488501E-07,1.7636037144E-07,1,4,0.3,0,0.5
clustering,heterogeneous,13,2,2,0.1,0.3,0.8,0.2,false,0.05,0.1,0.1,0.05,1.09591146466576E+017,15,0.0636123001615089,0.0273107844387092,0.0241432521033241,2,2,0.5,0,1
clustering,heterogeneous,13,2,2,0.1,0.3,0.8,0.2,false,0.05,0.1,0.1,0.05,7.12889348418325E+018,15,0.0636123001615089,0.0273107844387092,0.0241432521033241,2,2,0.5,0,1
clustering,heterogeneous,13,2,2,0.1,0.3,0.8,0.2,false,0.05,0.1,0.1,0.05,4.28636038694465E+018,15,0.0636123001615089,0.0273107844387092,0.0241432521033241,2,2,0.5,0,1
clustering,heterogeneous,13,2,2,0.1,0.3,0.8,0.2,false,0.05,0.1,0.1,0.05,7.04337208916658E+018,15,0.0636123001615089,0.0273107844387092,0.0241432521033241,2,2,0.5,0,1
clustering,heterogeneous,41,1,2,0.3,0.4,0.5,0.1,true,0,0.3,0.1,0.05,4.47792793694704E+018,15,0.0831402307442689,1.24334527E-09,6.0252598E-10,1,2,0.1,0,0.3
clustering,heterogeneous,41,1,2,0.3,0.4,0.5,0.1,true,0,0.3,0.1,0.05,1.84114252416859E+018,15,0.0831402307442689,1.24334527E-09,6.0252598E-10,1,2,0.1,0,0.3
clustering,heterogeneous,41,1,2,0.3,0.4,0.5,0.1,true,0,0.3,0.1,0.05,4.6926904669588E+018,15,0.0831402307442689,1.24334527E-09,6.0252598E-10,1,2,0.1,0,0.3
clustering,heterogeneous,41,1,2,0.3,0.4,0.5,0.1,true,0,0.3,0.1,0.05,7.04337208916658E+018,15,0.0831402307442689,1.24334527E-09,6.0252598E-10,1,2,0.1,0,0.3
clustering,heterogeneous,41,1,2,0.3,0.4,0.5,0.1,true,0,0.3,0.1,0.05,4.39889510625904E+018,15,0.0831402307442689,1.24334527E-09,6.0252598E-10,1,2,0.1,0,0.3
clustering,heterogeneous,41,1,2,0.3,0.4,0.5,0.1,true,0,0.3,0.1,0.05,6.90547037085634E+018,15,0.0831402307442689,1.24334527E-09,6.0252598E-10,1,2,0.1,0,0.3
clustering,heterogeneous,41,1,2,0.3,0.4,0.5,0.1,true,0,0.3,0.1,0.05,7.12889348418325E+018,15,0.0831402307442689,1.24334527E-09,6.0252598E-10,1,2,0.1,0,0.3
clustering,heterogeneous,41,1,2,0.3,0.4,0.5,0.1,true,0,0.3,0.1,0.05,8.80361844505413E+018,15,0.0831402307442689,1.24334527E-09,6.0252598E-10,1,2,0.1,0,0.3
clustering,heterogeneous,41,1,2,0.3,0.4,0.5,0.1,true,0,0.3,0.1,0.05,4.28636038694465E+018,15,0.0831402307442689,1.24334527E-09,6.0252598E-10,1,2,0.1,0,0.3
clustering,heterogeneous,41,1,2,0.3,0.4,0.5,0.1,true,0,0.3,0.1,0.05,4.34257261248481E+018,15,0.0831402307442689,1.24334527E-09,6.0252598E-10,1,2,0.1,0,0.3
clustering,heterogeneous,41,1,2,0.3,0.4,0.5,0.1,true,0,0.3,0.1,0.05,7.24071359189169E+018,15,0.0831402307442689,1.24334527E-09,6.0252598E-10,1,2,0.1,0,0.3
clustering,heterogeneous,41,1,2,0.3,0.4,0.5,0.1,true,0,0.3,0.1,0.05,7.13900204836315E+018,15,0.0831402307442689,1.24334527E-09,6.0252598E-10,1,2,0.1,0,0.3
clustering,heterogeneous,41,1,2,0.3,0.4,0.5,0.1,true,0,0.3,0.1,0.05,5.70257702789059E+018,15,0.0831402307442689,1.24334527E-09,6.0252598E-10,1,2,0.1,0,0.3
clustering,heterogeneous,41,1,2,0.3,0.4,0.5,0.1,true,0,0.3,0.1,0.05,8.63617513033061E+018,15,0.0831402307442689,1.24334527E-09,6.0252598E-10,1,2,0.1,0,0.3
clustering,heterogeneous,46,2,2,0.4,0.5,0,0.2,true,0.2,0.2,0.1,0.05,7.13900204836315E+018,15,0.075224125976513,0.0000000490687423,2.306592752E-08,1,2,-0.5,0,1
clustering,heterogeneous,41,1,2,0.3,0.4,0.5,0.1,true,0,0.3,0.1,0.05,1.09591146466576E+017,15,0.0831402307442689,1.24334527E-09,6.0252598E-10,1,2,0.1,0,0.3
clustering,heterogeneous,46,2,2,0.4,0.5,0,0.2,true,0.2,0.2,0.1,0.05,7.24071359189169E+018,15,0.075224125976513,0.0000000490687423,2.306592752E-08,1,2,-0.5,0,1
clustering,heterogeneous,46,2,2,0.4,0.5,0,0.2,true,0.2,0.2,0.1,0.05,8.63617513033061E+018,15,0.075224125976513,0.0000000490687423,2.306592752E-08,1,2,-0.5,0,1
clustering,heterogeneous,46,2,2,0.4,0.5,0,0.2,true,0.2,0.2,0.1,0.05,4.6926904669588E+018,15,0.075224125976513,0.0000000490687423,2.306592752E-08,1,2,-0.5,0,1
clustering,heterogeneous,46,2,2,0.4,0.5,0,0.2,true,0.2,0.2,0.1,0.05,5.70257702789059E+018,15,0.075224125976513,0.0000000490687423,2.306592752E-08,1,2,-0.5,0,1
clustering,heterogeneous,46,2,2,0.4,0.5,0,0.2,true,0.2,0.2,0.1,0.05,6.90547037085634E+018,15,0.075224125976513,0.0000000490687423,2.306592752E-08,1,2,-0.5,0,1
clustering,heterogeneous,46,2,2,0.4,0.5,0,0.2,true,0.2,0.2,0.1,0.05,8.80361844505413E+018,15,0.075224125976513,0.0000000490687423,2.306592752E-08,1,2,-0.5,0,1
clustering,heterogeneous,46,2,2,0.4,0.5,0,0.2,true,0.2,0.2,0.1,0.05,1.09591146466576E+017,15,0.075224125976513,0.0000000490687423,2.306592752E-08,1,2,-0.5,0,1
clustering,heterogeneous,46,2,2,0.4,0.5,0,0.2,true,0.2,0.2,0.1,0.05,1.84114252416859E+018,15,0.075224125976513,0.0000000490687423,2.306592752E-08,1,2,-0.5,0,1
clustering,heterogeneous,46,2,2,0.4,0.5,0,0.2,true,0.2,0.2,0.1,0.05,4.39889510625904E+018,15,0.075224125976513,0.0000000490687423,2.306592752E-08,1,2,-0.5,0,1
clustering,heterogeneous,46,2,2,0.4,0.5,0,0.2,true,0.2,0.2,0.1,0.05,4.34257261248481E+018,15,0.075224125976513,0.0000000490687423,2.306592752E-08,1,2,-0.5,0,1
clustering,heterogeneous,46,2,2,0.4,0.5,0,0.2,true,0.2,0.2,0.1,0.05,7.12889348418325E+018,15,0.075224125976513,0.0000000490687423,2.306592752E-08,1,2,-0.5,0,1
clustering,heterogeneous,46,2,2,0.4,0.5,0,0.2,true,0.2,0.2,0.1,0.05,7.04337208916658E+018,15,0.075224125976513,0.0000000490687423,2.306592752E-08,1,2,-0.5,0,1
clustering,heterogeneous,46,2,2,0.4,0.5,0,0.2,true,0.2,0.2,0.1,0.05,4.28636038694465E+018,15,0.075224125976513,0.0000000490687423,2.306592752E-08,1,2,-0.5,0,1
clustering,homogeneous,50,0,6,0.4,0.2,0,0.3,true,0.1,0,0.1,0.05,7.24071359189169E+018,15,0.07256412386203,3.734746873E-08,0.000000023294854,1,3,-0.2,0,0.3
clustering,homogeneous,50,0,6,0.4,0.2,0,0.3,true,0.1,0,0.1,0.05,7.13900204836315E+018,15,0.07256412386203,3.734746873E-08,0.000000023294854,1,3,-0.2,0,0.3
clustering,homogeneous,50,0,6,0.4,0.2,0,0.3,true,0.1,0,0.1,0.05,8.63617513033061E+018,15,0.07256412386203,3.734746873E-08,0.000000023294854,1,3,-0.2,0,0.3
clustering,heterogeneous,46,2,2,0.4,0.5,0,0.2,true,0.2,0.2,0.1,0.05,4.47792793694704E+018,15,0.075224125976513,0.0000000490687423,2.306592752E-08,1,2,-0.5,0,1
clustering,homogeneous,50,0,6,0.4,0.2,0,0.3,true,0.1,0,0.1,0.05,4.6926904669588E+018,15,0.07256412386203,3.734746873E-08,0.000000023294854,1,3,-0.2,0,0.3
clustering,heterogeneous,1,3,3,0.1,0.3,0.2,0.1,true,0,0.3,0.1,0.05,7.13900204836315E+018,35,0.175057335756913,2.625259211333E-05,1.727049250007E-05,2,3,-0.1,0,0.5
clustering,heterogeneous,1,3,3,0.1,0.3,0.2,0.1,true,0,0.3,0.1,0.05,7.04337208916658E+018,35,0.175057335756913,2.625259211333E-05,1.727049250007E-05,2,3,-0.1,0,0.5
clustering,heterogeneous,1,3,3,0.1,0.3,0.2,0.1,true,0,0.3,0.1,0.05,4.28636038694465E+018,35,0.175057335756913,2.625259211333E-05,1.727049250007E-05,2,3,-0.1,0,0.5
clustering,heterogeneous,1,3,3,0.1,0.3,0.2,0.1,true,0,0.3,0.1,0.05,1.09591146466576E+017,35,0.175057335756913,2.625259211333E-05,1.727049250007E-05,2,3,-0.1,0,0.5
clustering,homogeneous,50,0,6,0.4,0.2,0,0.3,true,0.1,0,0.1,0.05,4.39889510625904E+018,15,0.07256412386203,3.734746873E-08,0.000000023294854,1,3,-0.2,0,0.3
clustering,heterogeneous,1,3,3,0.1,0.3,0.2,0.1,true,0,0.3,0.1,0.05,8.80361844505413E+018,35,0.175057335756913,2.625259211333E-05,1.727049250007E-05,2,3,-0.1,0,0.5
clustering,heterogeneous,1,3,3,0.1,0.3,0.2,0.1,true,0,0.3,0.1,0.05,8.63617513033061E+018,35,0.175057335756913,2.625259211333E-05,1.727049250007E-05,2,3,-0.1,0,0.5
clustering,heterogeneous,1,3,3,0.1,0.3,0.2,0.1,true,0,0.3,0.1,0.05,4.47792793694704E+018,35,0.175057335756913,2.625259211333E-05,1.727049250007E-05,2,3,-0.1,0,0.5
clustering,heterogeneous,1,3,3,0.1,0.3,0.2,0.1,true,0,0.3,0.1,0.05,4.39889510625904E+018,35,0.175057335756913,2.625259211333E-05,1.727049250007E-05,2,3,-0.1,0,0.5
clustering,heterogeneous,1,3,3,0.1,0.3,0.2,0.1,true,0,0.3,0.1,0.05,1.84114252416859E+018,35,0.175057335756913,2.625259211333E-05,1.727049250007E-05,2,3,-0.1,0,0.5
clustering,heterogeneous,1,3,3,0.1,0.3,0.2,0.1,true,0,0.3,0.1,0.05,7.12889348418325E+018,35,0.175057335756913,2.625259211333E-05,1.727049250007E-05,2,3,-0.1,0,0.5
clustering,heterogeneous,1,3,3,0.1,0.3,0.2,0.1,true,0,0.3,0.1,0.05,7.24071359189169E+018,35,0.175057335756913,2.625259211333E-05,1.727049250007E-05,2,3,-0.1,0,0.5
clustering,homogeneous,50,0,6,0.4,0.2,0,0.3,true,0.1,0,0.1,0.05,5.70257702789059E+018,15,0.07256412386203,3.734746873E-08,0.000000023294854,1,3,-0.2,0,0.3
clustering,homogeneous,50,0,6,0.4,0.2,0,0.3,true,0.1,0,0.1,0.05,6.90547037085634E+018,15,0.07256412386203,3.734746873E-08,0.000000023294854,1,3,-0.2,0,0.3
clustering,heterogeneous,1,3,3,0.1,0.3,0.2,0.1,true,0,0.3,0.1,0.05,5.70257702789059E+018,35,0.175057335756913,2.625259211333E-05,1.727049250007E-05,2,3,-0.1,0,0.5
clustering,homogeneous,50,0,6,0.4,0.2,0,0.3,true,0.1,0,0.1,0.05,4.34257261248481E+018,15,0.07256412386203,3.734746873E-08,0.000000023294854,1,3,-0.2,0,0.3
clustering,homogeneous,50,0,6,0.4,0.2,0,0.3,true,0.1,0,0.1,0.05,1.84114252416859E+018,15,0.07256412386203,3.734746873E-08,0.000000023294854,1,3,-0.2,0,0.3
clustering,homogeneous,50,0,6,0.4,0.2,0,0.3,true,0.1,0,0.1,0.05,8.80361844505413E+018,15,0.07256412386203,3.734746873E-08,0.000000023294854,1,3,-0.2,0,0.3
clustering,homogeneous,50,0,6,0.4,0.2,0,0.3,true,0.1,0,0.1,0.05,1.09591146466576E+017,15,0.07256412386203,3.734746873E-08,0.000000023294854,1,3,-0.2,0,0.3
clustering,heterogeneous,1,3,3,0.1,0.3,0.2,0.1,true,0,0.3,0.1,0.05,6.90547037085634E+018,35,0.175057335756913,2.625259211333E-05,1.727049250007E-05,2,3,-0.1,0,0.5
clustering,heterogeneous,1,3,3,0.1,0.3,0.2,0.1,true,0,0.3,0.1,0.05,4.6926904669588E+018,35,0.175057335756913,2.625259211333E-05,1.727049250007E-05,2,3,-0.1,0,0.5
clustering,heterogeneous,1,3,3,0.1,0.3,0.2,0.1,true,0,0.3,0.1,0.05,4.34257261248481E+018,35,0.175057335756913,2.625259211333E-05,1.727049250007E-05,2,3,-0.1,0,0.5
clustering,homogeneous,50,0,6,0.4,0.2,0,0.3,true,0.1,0,0.1,0.05,7.04337208916658E+018,15,0.07256412386203,3.734746873E-08,0.000000023294854,1,3,-0.2,0,0.3
clustering,homogeneous,50,0,6,0.4,0.2,0,0.3,true,0.1,0,0.1,0.05,4.28636038694465E+018,15,0.07256412386203,3.734746873E-08,0.000000023294854,1,3,-0.2,0,0.3
clustering,homogeneous,50,0,6,0.4,0.2,0,0.3,true,0.1,0,0.1,0.05,4.47792793694704E+018,15,0.07256412386203,3.734746873E-08,0.000000023294854,1,3,-0.2,0,0.3
clustering,homogeneous,50,0,6,0.4,0.2,0,0.3,true,0.1,0,0.1,0.05,7.12889348418325E+018,15,0.07256412386203,3.734746873E-08,0.000000023294854,1,3,-0.2,0,0.3
clustering,heterogeneous,19,2,2,0.1,0.6,0.6,0.3,true,0.05,0.3,0.1,0.05,1.84114252416859E+018,35,0.155606003438088,1.240043847408E-05,1.116906259519E-05,1,3,0,0,1
clustering,homogeneous,50,0,6,0.5,0.6,0.8,0.1,true,0,0.1,0.1,0.05,7.24071359189169E+018,15,0.0614093574422844,2.971049344E-08,1.850490636E-08,1,3,0.2,0,0
clustering,heterogeneous,19,2,2,0.1,0.6,0.6,0.3,true,0.05,0.3,0.1,0.05,7.13900204836315E+018,35,0.155606003438088,1.240043847408E-05,1.116906259519E-05,1,3,0,0,1
clustering,heterogeneous,19,2,2,0.1,0.6,0.6,0.3,true,0.05,0.3,0.1,0.05,4.6926904669588E+018,35,0.155606003438088,1.240043847408E-05,1.116906259519E-05,1,3,0,0,1
clustering,heterogeneous,19,2,2,0.1,0.6,0.6,0.3,true,0.05,0.3,0.1,0.05,7.24071359189169E+018,35,0.155606003438088,1.240043847408E-05,1.116906259519E-05,1,3,0,0,1
clustering,heterogeneous,19,2,2,0.1,0.6,0.6,0.3,true,0.05,0.3,0.1,0.05,4.28636038694465E+018,35,0.155606003438088,1.240043847408E-05,1.116906259519E-05,1,3,0,0,1
clustering,homogeneous,50,0,6,0.5,0.6,0.8,0.1,true,0,0.1,0.1,0.05,7.13900204836315E+018,15,0.0614093574422844,2.971049344E-08,1.850490636E-08,1,3,0.2,0,0
clustering,heterogeneous,19,2,2,0.1,0.6,0.6,0.3,true,0.05,0.3,0.1,0.05,1.09591146466576E+017,35,0.155606003438088,1.240043847408E-05,1.116906259519E-05,1,3,0,0,1
clustering,heterogeneous,19,2,2,0.1,0.6,0.6,0.3,true,0.05,0.3,0.1,0.05,4.47792793694704E+018,35,0.155606003438088,1.240043847408E-05,1.116906259519E-05,1,3,0,0,1
clustering,heterogeneous,19,2,2,0.1,0.6,0.6,0.3,true,0.05,0.3,0.1,0.05,8.80361844505413E+018,35,0.155606003438088,1.240043847408E-05,1.116906259519E-05,1,3,0,0,1
clustering,heterogeneous,19,2,2,0.1,0.6,0.6,0.3,true,0.05,0.3,0.1,0.05,4.39889510625904E+018,35,0.155606003438088,1.240043847408E-05,1.116906259519E-05,1,3,0,0,1
clustering,heterogeneous,19,2,2,0.1,0.6,0.6,0.3,true,0.05,0.3,0.1,0.05,8.63617513033061E+018,35,0.155606003438088,1.240043847408E-05,1.116906259519E-05,1,3,0,0,1
clustering,heterogeneous,19,2,2,0.1,0.6,0.6,0.3,true,0.05,0.3,0.1,0.05,6.90547037085634E+018,35,0.155606003438088,1.240043847408E-05,1.116906259519E-05,1,3,0,0,1
clustering,heterogeneous,19,2,2,0.1,0.6,0.6,0.3,true,0.05,0.3,0.1,0.05,5.70257702789059E+018,35,0.155606003438088,1.240043847408E-05,1.116906259519E-05,1,3,0,0,1
clustering,heterogeneous,19,2,2,0.1,0.6,0.6,0.3,true,0.05,0.3,0.1,0.05,7.04337208916658E+018,35,0.155606003438088,1.240043847408E-05,1.116906259519E-05,1,3,0,0,1
clustering,heterogeneous,19,2,2,0.1,0.6,0.6,0.3,true,0.05,0.3,0.1,0.05,7.12889348418325E+018,35,0.155606003438088,1.240043847408E-05,1.116906259519E-05,1,3,0,0,1
clustering,heterogeneous,19,2,2,0.1,0.6,0.6,0.3,true,0.05,0.3,0.1,0.05,4.34257261248481E+018,35,0.155606003438088,1.240043847408E-05,1.116906259519E-05,1,3,0,0,1
clustering,homogeneous,50,0,6,0.5,0.6,0.8,0.1,true,0,0.1,0.1,0.05,8.63617513033061E+018,15,0.0614093574422844,2.971049344E-08,1.850490636E-08,1,3,0.2,0,0
clustering,homogeneous,50,0,6,0.5,0.6,0.8,0.1,true,0,0.1,0.1,0.05,4.6926904669588E+018,15,0.0614093574422844,2.971049344E-08,1.850490636E-08,1,3,0.2,0,0
clustering,homogeneous,50,0,6,0.5,0.6,0.8,0.1,true,0,0.1,0.1,0.05,4.39889510625904E+018,15,0.0614093574422844,2.971049344E-08,1.850490636E-08,1,3,0.2,0,0
clustering,homogeneous,50,0,6,0.5,0.6,0.8,0.1,true,0,0.1,0.1,0.05,5.70257702789059E+018,15,0.0614093574422844,2.971049344E-08,1.850490636E-08,1,3,0.2,0,0
clustering,homogeneous,50,0,6,0.5,0.6,0.8,0.1,true,0,0.1,0.1,0.05,1.84114252416859E+018,15,0.0614093574422844,2.971049344E-08,1.850490636E-08,1,3,0.2,0,0
clustering,homogeneous,50,0,6,0.5,0.6,0.8,0.1,true,0,0.1,0.1,0.05,4.34257261248481E+018,15,0.0614093574422844,2.971049344E-08,1.850490636E-08,1,3,0.2,0,0
clustering,homogeneous,50,0,6,0.5,0.6,0.8,0.1,true,0,0.1,0.1,0.05,6.90547037085634E+018,15,0.0614093574422844,2.971049344E-08,1.850490636E-08,1,3,0.2,0,0
clustering,homogeneous,50,0,6,0.5,0.6,0.8,0.1,true,0,0.1,0.1,0.05,8.80361844505413E+018,15,0.0614093574422844,2.971049344E-08,1.850490636E-08,1,3,0.2,0,0
clustering,heterogeneous,20,2,3,0.1,0.4,0.5,0.1,true,0.05,0.2,0.1,0.05,1.84114252416859E+018,50,0.175193270312714,0.00017816123507547,0.00016752290653917,1,3,0.1,0,0.7
clustering,heterogeneous,20,2,3,0.1,0.4,0.5,0.1,true,0.05,0.2,0.1,0.05,7.13900204836315E+018,50,0.175193270312714,0.00017816123507547,0.00016752290653917,1,3,0.1,0,0.7
clustering,homogeneous,50,0,6,0.5,0.6,0.8,0.1,true,0,0.1,0.1,0.05,7.04337208916658E+018,15,0.0614093574422844,2.971049344E-08,1.850490636E-08,1,3,0.2,0,0
clustering,homogeneous,50,0,6,0.5,0.6,0.8,0.1,true,0,0.1,0.1,0.05,1.09591146466576E+017,15,0.0614093574422844,2.971049344E-08,1.850490636E-08,1,3,0.2,0,0
clustering,heterogeneous,20,2,3,0.1,0.4,0.5,0.1,true,0.05,0.2,0.1,0.05,4.34257261248481E+018,50,0.175193270312714,0.00017816123507547,0.00016752290653917,1,3,0.1,0,0.7
clustering,homogeneous,50,0,6,0.5,0.6,0.8,0.1,true,0,0.1,0.1,0.05,4.47792793694704E+018,15,0.0614093574422844,2.971049344E-08,1.850490636E-08,1,3,0.2,0,0
clustering,homogeneous,50,0,6,0.5,0.6,0.8,0.1,true,0,0.1,0.1,0.05,4.28636038694465E+018,15,0.0614093574422844,2.971049344E-08,1.850490636E-08,1,3,0.2,0,0
clustering,homogeneous,50,0,6,0.5,0.6,0.8,0.1,true,0,0.1,0.1,0.05,7.12889348418325E+018,15,0.0614093574422844,2.971049344E-08,1.850490636E-08,1,3,0.2,0,0
clustering,heterogeneous,20,2,3,0.1,0.4,0.5,0.1,true,0.05,0.2,0.1,0.05,4.47792793694704E+018,50,0.175193270312714,0.00017816123507547,0.00016752290653917,1,3,0.1,0,0.7
clustering,heterogeneous,20,2,3,0.1,0.4,0.5,0.1,true,0.05,0.2,0.1,0.05,7.04337208916658E+018,50,0.175193270312714,0.00017816123507547,0.00016752290653917,1,3,0.1,0,0.7
clustering,heterogeneous,20,2,3,0.1,0.4,0.5,0.1,true,0.05,0.2,0.1,0.05,8.63617513033061E+018,50,0.175193270312714,0.00017816123507547,0.00016752290653917,1,3,0.1,0,0.7
clustering,heterogeneous,20,2,3,0.1,0.4,0.5,0.1,true,0.05,0.2,0.1,0.05,1.09591146466576E+017,50,0.175193270312714,0.00017816123507547,0.00016752290653917,1,3,0.1,0,0.7
clustering,heterogeneous,20,2,3,0.1,0.4,0.5,0.1,true,0.05,0.2,0.1,0.05,4.39889510625904E+018,50,0.175193270312714,0.00017816123507547,0.00016752290653917,1,3,0.1,0,0.7
clustering,heterogeneous,20,2,3,0.1,0.4,0.5,0.1,true,0.05,0.2,0.1,0.05,6.90547037085634E+018,50,0.175193270312714,0.00017816123507547,0.00016752290653917,1,3,0.1,0,0.7
clustering,heterogeneous,20,2,3,0.1,0.4,0.5,0.1,true,0.05,0.2,0.1,0.05,4.28636038694465E+018,50,0.175193270312714,0.00017816123507547,0.00016752290653917,1,3,0.1,0,0.7
clustering,heterogeneous,20,2,3,0.1,0.4,0.5,0.1,true,0.05,0.2,0.1,0.05,8.80361844505413E+018,50,0.175193270312714,0.00017816123507547,0.00016752290653917,1,3,0.1,0,0.7
clustering,heterogeneous,20,2,3,0.1,0.4,0.5,0.1,true,0.05,0.2,0.1,0.05,4.6926904669588E+018,50,0.175193270312714,0.00017816123507547,0.00016752290653917,1,3,0.1,0,0.7
clustering,heterogeneous,20,2,3,0.1,0.4,0.5,0.1,true,0.05,0.2,0.1,0.05,7.24071359189169E+018,50,0.175193270312714,0.00017816123507547,0.00016752290653917,1,3,0.1,0,0.7
clustering,heterogeneous,20,2,3,0.1,0.4,0.5,0.1,true,0.05,0.2,0.1,0.05,5.70257702789059E+018,50,0.175193270312714,0.00017816123507547,0.00016752290653917,1,3,0.1,0,0.7
clustering,heterogeneous,20,2,3,0.1,0.4,0.5,0.1,true,0.05,0.2,0.1,0.05,7.12889348418325E+018,50,0.175193270312714,0.00017816123507547,0.00016752290653917,1,3,0.1,0,0.7
clustering,heterogeneous,55,2,2,0.5,0.4,0.2,0.2,true,0.1,0,0.1,0.05,8.63617513033061E+018,15,0.18084445273489,5.53944E-12,3.13903E-12,1,4,-0.2,0,0.5
clustering,heterogeneous,55,2,2,0.5,0.4,0.2,0.2,true,0.1,0,0.1,0.05,1.84114252416859E+018,15,0.18084445273489,5.53944E-12,3.13903E-12,1,4,-0.2,0,0.5
clustering,heterogeneous,55,2,2,0.5,0.4,0.2,0.2,true,0.1,0,0.1,0.05,7.24071359189169E+018,15,0.18084445273489,5.53944E-12,3.13903E-12,1,4,-0.2,0,0.5
clustering,heterogeneous,55,2,2,0.5,0.4,0.2,0.2,true,0.1,0,0.1,0.05,5.70257702789059E+018,15,0.18084445273489,5.53944E-12,3.13903E-12,1,4,-0.2,0,0.5
clustering,heterogeneous,55,2,2,0.5,0.4,0.2,0.2,true,0.1,0,0.1,0.05,4.6926904669588E+018,15,0.18084445273489,5.53944E-12,3.13903E-12,1,4,-0.2,0,0.5
clustering,heterogeneous,55,2,2,0.5,0.4,0.2,0.2,true,0.1,0,0.1,0.05,7.13900204836315E+018,15,0.18084445273489,5.53944E-12,3.13903E-12,1,4,-0.2,0,0.5
clustering,heterogeneous,55,2,2,0.5,0.4,0.2,0.2,true,0.1,0,0.1,0.05,6.90547037085634E+018,15,0.18084445273489,5.53944E-12,3.13903E-12,1,4,-0.2,0,0.5
clustering,heterogeneous,55,2,2,0.5,0.4,0.2,0.2,true,0.1,0,0.1,0.05,8.80361844505413E+018,15,0.18084445273489,5.53944E-12,3.13903E-12,1,4,-0.2,0,0.5
clustering,heterogeneous,55,2,2,0.5,0.4,0.2,0.2,true,0.1,0,0.1,0.05,4.34257261248481E+018,15,0.18084445273489,5.53944E-12,3.13903E-12,1,4,-0.2,0,0.5
clustering,heterogeneous,55,2,2,0.5,0.4,0.2,0.2,true,0.1,0,0.1,0.05,7.04337208916658E+018,15,0.18084445273489,5.53944E-12,3.13903E-12,1,4,-0.2,0,0.5
clustering,heterogeneous,55,2,2,0.5,0.4,0.2,0.2,true,0.1,0,0.1,0.05,4.47792793694704E+018,15,0.18084445273489,5.53944E-12,3.13903E-12,1,4,-0.2,0,0.5
clustering,heterogeneous,55,2,2,0.5,0.4,0.2,0.2,true,0.1,0,0.1,0.05,4.28636038694465E+018,15,0.18084445273489,5.53944E-12,3.13903E-12,1,4,-0.2,0,0.5
clustering,heterogeneous,55,2,2,0.5,0.4,0.2,0.2,true,0.1,0,0.1,0.05,4.39889510625904E+018,15,0.18084445273489,5.53944E-12,3.13903E-12,1,4,-0.2,0,0.5
clustering,heterogeneous,55,2,2,0.5,0.4,0.2,0.2,true,0.1,0,0.1,0.05,1.09591146466576E+017,15,0.18084445273489,5.53944E-12,3.13903E-12,1,4,-0.2,0,0.5
clustering,homogeneous,43,0,5,0.3,0.4,0.8,0.1,true,0.05,0.1,0.1,0.05,7.13900204836315E+018,15,0.0470346834664891,3.8837342372E-07,2.2511458708E-07,1,3,0.4,0,0.3
clustering,homogeneous,43,0,5,0.3,0.4,0.8,0.1,true,0.05,0.1,0.1,0.05,4.6926904669588E+018,15,0.0470346834664891,3.8837342372E-07,2.2511458708E-07,1,3,0.4,0,0.3
clustering,homogeneous,43,0,5,0.3,0.4,0.8,0.1,true,0.05,0.1,0.1,0.05,7.24071359189169E+018,15,0.0470346834664891,3.8837342372E-07,2.2511458708E-07,1,3,0.4,0,0.3
clustering,homogeneous,43,0,5,0.3,0.4,0.8,0.1,true,0.05,0.1,0.1,0.05,8.63617513033061E+018,15,0.0470346834664891,3.8837342372E-07,2.2511458708E-07,1,3,0.4,0,0.3
clustering,heterogeneous,55,2,2,0.5,0.4,0.2,0.2,true,0.1,0,0.1,0.05,7.12889348418325E+018,15,0.18084445273489,5.53944E-12,3.13903E-12,1,4,-0.2,0,0.5
clustering,homogeneous,43,0,5,0.3,0.4,0.8,0.1,true,0.05,0.1,0.1,0.05,6.90547037085634E+018,15,0.0470346834664891,3.8837342372E-07,2.2511458708E-07,1,3,0.4,0,0.3
clustering,homogeneous,43,0,5,0.3,0.4,0.8,0.1,true,0.05,0.1,0.1,0.05,4.39889510625904E+018,15,0.0470346834664891,3.8837342372E-07,2.2511458708E-07,1,3,0.4,0,0.3
clustering,homogeneous,43,0,5,0.3,0.4,0.8,0.1,true,0.05,0.1,0.1,0.05,7.12889348418325E+018,15,0.0470346834664891,3.8837342372E-07,2.2511458708E-07,1,3,0.4,0,0.3
clustering,homogeneous,43,0,5,0.3,0.4,0.8,0.1,true,0.05,0.1,0.1,0.05,4.34257261248481E+018,15,0.0470346834664891,3.8837342372E-07,2.2511458708E-07,1,3,0.4,0,0.3
clustering,homogeneous,43,0,5,0.3,0.4,0.8,0.1,true,0.05,0.1,0.1,0.05,5.70257702789059E+018,15,0.0470346834664891,3.8837342372E-07,2.2511458708E-07,1,3,0.4,0,0.3
clustering,homogeneous,43,0,5,0.3,0.4,0.8,0.1,true,0.05,0.1,0.1,0.05,7.04337208916658E+018,15,0.0470346834664891,3.8837342372E-07,2.2511458708E-07,1,3,0.4,0,0.3
clustering,homogeneous,31,0,4,0.2,0.3,0.6,0.3,true,0,0.1,0.1,0.05,7.13900204836315E+018,15,0.0503080126505048,9.7575714358E-07,6.1479903487E-07,1,3,0.3,0,0.3
clustering,homogeneous,43,0,5,0.3,0.4,0.8,0.1,true,0.05,0.1,0.1,0.05,8.80361844505413E+018,15,0.0470346834664891,3.8837342372E-07,2.2511458708E-07,1,3,0.4,0,0.3
clustering,homogeneous,43,0,5,0.3,0.4,0.8,0.1,true,0.05,0.1,0.1,0.05,1.84114252416859E+018,15,0.0470346834664891,3.8837342372E-07,2.2511458708E-07,1,3,0.4,0,0.3
clustering,homogeneous,43,0,5,0.3,0.4,0.8,0.1,true,0.05,0.1,0.1,0.05,4.28636038694465E+018,15,0.0470346834664891,3.8837342372E-07,2.2511458708E-07,1,3,0.4,0,0.3
clustering,homogeneous,43,0,5,0.3,0.4,0.8,0.1,true,0.05,0.1,0.1,0.05,4.47792793694704E+018,15,0.0470346834664891,3.8837342372E-07,2.2511458708E-07,1,3,0.4,0,0.3
clustering,homogeneous,43,0,5,0.3,0.4,0.8,0.1,true,0.05,0.1,0.1,0.05,1.09591146466576E+017,15,0.0470346834664891,3.8837342372E-07,2.2511458708E-07,1,3,0.4,0,0.3
clustering,homogeneous,31,0,4,0.2,0.3,0.6,0.3,true,0,0.1,0.1,0.05,6.90547037085634E+018,15,0.0503080126505048,9.7575714358E-07,6.1479903487E-07,1,3,0.3,0,0.3
clustering,homogeneous,31,0,4,0.2,0.3,0.6,0.3,true,0,0.1,0.1,0.05,7.24071359189169E+018,15,0.0503080126505048,9.7575714358E-07,6.1479903487E-07,1,3,0.3,0,0.3
clustering,homogeneous,31,0,4,0.2,0.3,0.6,0.3,true,0,0.1,0.1,0.05,4.6926904669588E+018,15,0.0503080126505048,9.7575714358E-07,6.1479903487E-07,1,3,0.3,0,0.3
clustering,homogeneous,31,0,4,0.2,0.3,0.6,0.3,true,0,0.1,0.1,0.05,8.63617513033061E+018,15,0.0503080126505048,9.7575714358E-07,6.1479903487E-07,1,3,0.3,0,0.3
clustering,homogeneous,31,0,4,0.2,0.3,0.6,0.3,true,0,0.1,0.1,0.05,1.84114252416859E+018,15,0.0503080126505048,9.7575714358E-07,6.1479903487E-07,1,3,0.3,0,0.3
clustering,homogeneous,31,0,4,0.2,0.3,0.6,0.3,true,0,0.1,0.1,0.05,5.70257702789059E+018,15,0.0503080126505048,9.7575714358E-07,6.1479903487E-07,1,3,0.3,0,0.3
clustering,homogeneous,31,0,4,0.2,0.3,0.6,0.3,true,0,0.1,0.1,0.05,7.12889348418325E+018,15,0.0503080126505048,9.7575714358E-07,6.1479903487E-07,1,3,0.3,0,0.3
clustering,homogeneous,31,0,4,0.2,0.3,0.6,0.3,true,0,0.1,0.1,0.05,4.39889510625904E+018,15,0.0503080126505048,9.7575714358E-07,6.1479903487E-07,1,3,0.3,0,0.3
clustering,homogeneous,31,0,4,0.2,0.3,0.6,0.3,true,0,0.1,0.1,0.05,7.04337208916658E+018,15,0.0503080126505048,9.7575714358E-07,6.1479903487E-07,1,3,0.3,0,0.3
clustering,homogeneous,31,0,4,0.2,0.3,0.6,0.3,true,0,0.1,0.1,0.05,4.34257261248481E+018,15,0.0503080126505048,9.7575714358E-07,6.1479903487E-07,1,3,0.3,0,0.3
clustering,homogeneous,31,0,4,0.2,0.3,0.6,0.3,true,0,0.1,0.1,0.05,1.09591146466576E+017,15,0.0503080126505048,9.7575714358E-07,6.1479903487E-07,1,3,0.3,0,0.3
clustering,homogeneous,31,0,4,0.2,0.3,0.6,0.3,true,0,0.1,0.1,0.05,8.80361844505413E+018,15,0.0503080126505048,9.7575714358E-07,6.1479903487E-07,1,3,0.3,0,0.3
clustering,homogeneous,53,0,4,0.3,0.8,0.2,0.1,true,0.05,0,0.1,0.05,4.6926904669588E+018,15,0.0673874925264169,1.53401254E-09,1.11681475E-09,1,1,-0.6,0,0.3
clustering,homogeneous,53,0,4,0.3,0.8,0.2,0.1,true,0.05,0,0.1,0.05,7.24071359189169E+018,15,0.0673874925264169,1.53401254E-09,1.11681475E-09,1,1,-0.6,0,0.3
clustering,homogeneous,31,0,4,0.2,0.3,0.6,0.3,true,0,0.1,0.1,0.05,4.28636038694465E+018,15,0.0503080126505048,9.7575714358E-07,6.1479903487E-07,1,3,0.3,0,0.3
clustering,homogeneous,53,0,4,0.3,0.8,0.2,0.1,true,0.05,0,0.1,0.05,7.13900204836315E+018,15,0.0673874925264169,1.53401254E-09,1.11681475E-09,1,1,-0.6,0,0.3
clustering,homogeneous,53,0,4,0.3,0.8,0.2,0.1,true,0.05,0,0.1,0.05,8.63617513033061E+018,15,0.0673874925264169,1.53401254E-09,1.11681475E-09,1,1,-0.6,0,0.3
clustering,homogeneous,31,0,4,0.2,0.3,0.6,0.3,true,0,0.1,0.1,0.05,4.47792793694704E+018,15,0.0503080126505048,9.7575714358E-07,6.1479903487E-07,1,3,0.3,0,0.3
clustering,homogeneous,53,0,4,0.3,0.8,0.2,0.1,true,0.05,0,0.1,0.05,6.90547037085634E+018,15,0.0673874925264169,1.53401254E-09,1.11681475E-09,1,1,-0.6,0,0.3
clustering,homogeneous,53,0,4,0.3,0.8,0.2,0.1,true,0.05,0,0.1,0.05,4.34257261248481E+018,15,0.0673874925264169,1.53401254E-09,1.11681475E-09,1,1,-0.6,0,0.3
clustering,homogeneous,53,0,4,0.3,0.8,0.2,0.1,true,0.05,0,0.1,0.05,5.70257702789059E+018,15,0.0673874925264169,1.53401254E-09,1.11681475E-09,1,1,-0.6,0,0.3
clustering,homogeneous,53,0,4,0.3,0.8,0.2,0.1,true,0.05,0,0.1,0.05,4.39889510625904E+018,15,0.0673874925264169,1.53401254E-09,1.11681475E-09,1,1,-0.6,0,0.3
clustering,homogeneous,53,0,4,0.3,0.8,0.2,0.1,true,0.05,0,0.1,0.05,1.84114252416859E+018,15,0.0673874925264169,1.53401254E-09,1.11681475E-09,1,1,-0.6,0,0.3
clustering,homogeneous,53,0,4,0.3,0.8,0.2,0.1,true,0.05,0,0.1,0.05,1.09591146466576E+017,15,0.0673874925264169,1.53401254E-09,1.11681475E-09,1,1,-0.6,0,0.3
clustering,homogeneous,53,0,4,0.3,0.8,0.2,0.1,true,0.05,0,0.1,0.05,8.80361844505413E+018,15,0.0673874925264169,1.53401254E-09,1.11681475E-09,1,1,-0.6,0,0.3
clustering,heterogeneous,15,3,3,0.1,0.2,0.8,0.1,true,0,0.2,0.1,0.05,7.04337208916658E+018,70,0.100596511123382,1.722064434877E-05,1.071942437911E-05,1,4,0.6,0,0.3
clustering,heterogeneous,15,3,3,0.1,0.2,0.8,0.1,true,0,0.2,0.1,0.05,8.63617513033061E+018,70,0.100596511123382,1.722064434877E-05,1.071942437911E-05,1,4,0.6,0,0.3
clustering,homogeneous,53,0,4,0.3,0.8,0.2,0.1,true,0.05,0,0.1,0.05,7.12889348418325E+018,15,0.0673874925264169,1.53401254E-09,1.11681475E-09,1,1,-0.6,0,0.3
clustering,homogeneous,53,0,4,0.3,0.8,0.2,0.1,true,0.05,0,0.1,0.05,7.04337208916658E+018,15,0.0673874925264169,1.53401254E-09,1.11681475E-09,1,1,-0.6,0,0.3
clustering,heterogeneous,15,3,3,0.1,0.2,0.8,0.1,true,0,0.2,0.1,0.05,7.13900204836315E+018,70,0.100596511123382,1.722064434877E-05,1.071942437911E-05,1,4,0.6,0,0.3
clustering,heterogeneous,15,3,3,0.1,0.2,0.8,0.1,true,0,0.2,0.1,0.05,4.6926904669588E+018,70,0.100596511123382,1.722064434877E-05,1.071942437911E-05,1,4,0.6,0,0.3
clustering,homogeneous,53,0,4,0.3,0.8,0.2,0.1,true,0.05,0,0.1,0.05,4.47792793694704E+018,15,0.0673874925264169,1.53401254E-09,1.11681475E-09,1,1,-0.6,0,0.3
clustering,homogeneous,53,0,4,0.3,0.8,0.2,0.1,true,0.05,0,0.1,0.05,4.28636038694465E+018,15,0.0673874925264169,1.53401254E-09,1.11681475E-09,1,1,-0.6,0,0.3
clustering,heterogeneous,15,3,3,0.1,0.2,0.8,0.1,true,0,0.2,0.1,0.05,1.09591146466576E+017,70,0.100596511123382,1.722064434877E-05,1.071942437911E-05,1,4,0.6,0,0.3
clustering,heterogeneous,18,2,2,0.2,0.3,0,0.3,true,0,0.2,0.1,0.05,7.13900204836315E+018,25,0.094378275091583,1.44391150979E-06,8.0244604439E-07,1,3,-0.3,0,0.5
clustering,heterogeneous,15,3,3,0.1,0.2,0.8,0.1,true,0,0.2,0.1,0.05,1.84114252416859E+018,70,0.100596511123382,1.722064434877E-05,1.071942437911E-05,1,4,0.6,0,0.3
clustering,heterogeneous,15,3,3,0.1,0.2,0.8,0.1,true,0,0.2,0.1,0.05,6.90547037085634E+018,70,0.100596511123382,1.722064434877E-05,1.071942437911E-05,1,4,0.6,0,0.3
clustering,heterogeneous,15,3,3,0.1,0.2,0.8,0.1,true,0,0.2,0.1,0.05,4.47792793694704E+018,70,0.100596511123382,1.722064434877E-05,1.071942437911E-05,1,4,0.6,0,0.3
clustering,heterogeneous,15,3,3,0.1,0.2,0.8,0.1,true,0,0.2,0.1,0.05,4.39889510625904E+018,70,0.100596511123382,1.722064434877E-05,1.071942437911E-05,1,4,0.6,0,0.3
clustering,heterogeneous,15,3,3,0.1,0.2,0.8,0.1,true,0,0.2,0.1,0.05,5.70257702789059E+018,70,0.100596511123382,1.722064434877E-05,1.071942437911E-05,1,4,0.6,0,0.3
clustering,heterogeneous,18,2,2,0.2,0.3,0,0.3,true,0,0.2,0.1,0.05,5.70257702789059E+018,25,0.094378275091583,1.44391150979E-06,8.0244604439E-07,1,3,-0.3,0,0.5
clustering,heterogeneous,15,3,3,0.1,0.2,0.8,0.1,true,0,0.2,0.1,0.05,7.12889348418325E+018,70,0.100596511123382,1.722064434877E-05,1.071942437911E-05,1,4,0.6,0,0.3
clustering,heterogeneous,15,3,3,0.1,0.2,0.8,0.1,true,0,0.2,0.1,0.05,7.24071359189169E+018,70,0.100596511123382,1.722064434877E-05,1.071942437911E-05,1,4,0.6,0,0.3
clustering,heterogeneous,15,3,3,0.1,0.2,0.8,0.1,true,0,0.2,0.1,0.05,4.34257261248481E+018,70,0.100596511123382,1.722064434877E-05,1.071942437911E-05,1,4,0.6,0,0.3
clustering,heterogeneous,18,2,2,0.2,0.3,0,0.3,true,0,0.2,0.1,0.05,4.39889510625904E+018,25,0.094378275091583,1.44391150979E-06,8.0244604439E-07,1,3,-0.3,0,0.5
clustering,heterogeneous,18,2,2,0.2,0.3,0,0.3,true,0,0.2,0.1,0.05,8.80361844505413E+018,25,0.094378275091583,1.44391150979E-06,8.0244604439E-07,1,3,-0.3,0,0.5
clustering,heterogeneous,18,2,2,0.2,0.3,0,0.3,true,0,0.2,0.1,0.05,8.63617513033061E+018,25,0.094378275091583,1.44391150979E-06,8.0244604439E-07,1,3,-0.3,0,0.5
clustering,heterogeneous,18,2,2,0.2,0.3,0,0.3,true,0,0.2,0.1,0.05,7.24071359189169E+018,25,0.094378275091583,1.44391150979E-06,8.0244604439E-07,1,3,-0.3,0,0.5
clustering,homogeneous,35,0,6,0.5,0.2,0.8,0.2,true,0.1,0.3,0.1,0.05,7.13900204836315E+018,15,0.0788560068266082,7.906715082E-08,5.519767319E-08,1,4,0.6,0,0
clustering,homogeneous,35,0,6,0.5,0.2,0.8,0.2,true,0.1,0.3,0.1,0.05,6.90547037085634E+018,15,0.0788560068266082,7.906715082E-08,5.519767319E-08,1,4,0.6,0,0
clustering,homogeneous,35,0,6,0.5,0.2,0.8,0.2,true,0.1,0.3,0.1,0.05,7.24071359189169E+018,15,0.0788560068266082,7.906715082E-08,5.519767319E-08,1,4,0.6,0,0
clustering,heterogeneous,18,2,2,0.2,0.3,0,0.3,true,0,0.2,0.1,0.05,1.84114252416859E+018,25,0.094378275091583,1.44391150979E-06,8.0244604439E-07,1,3,-0.3,0,0.5
clustering,heterogeneous,18,2,2,0.2,0.3,0,0.3,true,0,0.2,0.1,0.05,6.90547037085634E+018,25,0.094378275091583,1.44391150979E-06,8.0244604439E-07,1,3,-0.3,0,0.5
clustering,heterogeneous,18,2,2,0.2,0.3,0,0.3,true,0,0.2,0.1,0.05,4.6926904669588E+018,25,0.094378275091583,1.44391150979E-06,8.0244604439E-07,1,3,-0.3,0,0.5
clustering,homogeneous,35,0,6,0.5,0.2,0.8,0.2,true,0.1,0.3,0.1,0.05,4.6926904669588E+018,15,0.0788560068266082,7.906715082E-08,5.519767319E-08,1,4,0.6,0,0
clustering,homogeneous,35,0,6,0.5,0.2,0.8,0.2,true,0.1,0.3,0.1,0.05,5.70257702789059E+018,15,0.0788560068266082,7.906715082E-08,5.519767319E-08,1,4,0.6,0,0
clustering,heterogeneous,18,2,2,0.2,0.3,0,0.3,true,0,0.2,0.1,0.05,4.34257261248481E+018,25,0.094378275091583,1.44391150979E-06,8.0244604439E-07,1,3,-0.3,0,0.5
clustering,heterogeneous,18,2,2,0.2,0.3,0,0.3,true,0,0.2,0.1,0.05,4.28636038694465E+018,25,0.094378275091583,1.44391150979E-06,8.0244604439E-07,1,3,-0.3,0,0.5
clustering,heterogeneous,15,3,3,0.1,0.2,0.8,0.1,true,0,0.2,0.1,0.05,8.80361844505413E+018,70,0.100596511123382,1.722064434877E-05,1.071942437911E-05,1,4,0.6,0,0.3
clustering,homogeneous,35,0,6,0.5,0.2,0.8,0.2,true,0.1,0.3,0.1,0.05,8.63617513033061E+018,15,0.0788560068266082,7.906715082E-08,5.519767319E-08,1,4,0.6,0,0
clustering,homogeneous,35,0,6,0.5,0.2,0.8,0.2,true,0.1,0.3,0.1,0.05,1.84114252416859E+018,15,0.0788560068266082,7.906715082E-08,5.519767319E-08,1,4,0.6,0,0
clustering,homogeneous,35,0,6,0.5,0.2,0.8,0.2,true,0.1,0.3,0.1,0.05,8.80361844505413E+018,15,0.0788560068266082,7.906715082E-08,5.519767319E-08,1,4,0.6,0,0
clustering,heterogeneous,15,3,3,0.1,0.2,0.8,0.1,true,0,0.2,0.1,0.05,4.28636038694465E+018,70,0.100596511123382,1.722064434877E-05,1.071942437911E-05,1,4,0.6,0,0.3
clustering,heterogeneous,18,2,2,0.2,0.3,0,0.3,true,0,0.2,0.1,0.05,1.09591146466576E+017,25,0.094378275091583,1.44391150979E-06,8.0244604439E-07,1,3,-0.3,0,0.5
clustering,heterogeneous,18,2,2,0.2,0.3,0,0.3,true,0,0.2,0.1,0.05,4.47792793694704E+018,25,0.094378275091583,1.44391150979E-06,8.0244604439E-07,1,3,-0.3,0,0.5
clustering,homogeneous,35,0,6,0.5,0.2,0.8,0.2,true,0.1,0.3,0.1,0.05,7.12889348418325E+018,15,0.0788560068266082,7.906715082E-08,5.519767319E-08,1,4,0.6,0,0
clustering,homogeneous,35,0,6,0.5,0.2,0.8,0.2,true,0.1,0.3,0.1,0.05,4.39889510625904E+018,15,0.0788560068266082,7.906715082E-08,5.519767319E-08,1,4,0.6,0,0
clustering,homogeneous,35,0,6,0.5,0.2,0.8,0.2,true,0.1,0.3,0.1,0.05,7.04337208916658E+018,15,0.0788560068266082,7.906715082E-08,5.519767319E-08,1,4,0.6,0,0
clustering,homogeneous,35,0,6,0.5,0.2,0.8,0.2,true,0.1,0.3,0.1,0.05,4.47792793694704E+018,15,0.0788560068266082,7.906715082E-08,5.519767319E-08,1,4,0.6,0,0
clustering,homogeneous,11,0,5,0.1,0.7,0.5,0.3,true,0.2,0.1,0.1,0.05,6.90547037085634E+018,15,0.0649207942403771,0.00122975021316608,0.00108683905982793,2,3,-0.2,0,0.5
clustering,heterogeneous,18,2,2,0.2,0.3,0,0.3,true,0,0.2,0.1,0.05,7.04337208916658E+018,25,0.094378275091583,1.44391150979E-06,8.0244604439E-07,1,3,-0.3,0,0.5
clustering,homogeneous,35,0,6,0.5,0.2,0.8,0.2,true,0.1,0.3,0.1,0.05,4.28636038694465E+018,15,0.0788560068266082,7.906715082E-08,5.519767319E-08,1,4,0.6,0,0
clustering,heterogeneous,18,2,2,0.2,0.3,0,0.3,true,0,0.2,0.1,0.05,7.12889348418325E+018,25,0.094378275091583,1.44391150979E-06,8.0244604439E-07,1,3,-0.3,0,0.5
clustering,homogeneous,35,0,6,0.5,0.2,0.8,0.2,true,0.1,0.3,0.1,0.05,4.34257261248481E+018,15,0.0788560068266082,7.906715082E-08,5.519767319E-08,1,4,0.6,0,0
clustering,homogeneous,11,0,5,0.1,0.7,0.5,0.3,true,0.2,0.1,0.1,0.05,7.13900204836315E+018,15,0.0649207942403771,0.00122975021316608,0.00108683905982793,2,3,-0.2,0,0.5
clustering,homogeneous,11,0,5,0.1,0.7,0.5,0.3,true,0.2,0.1,0.1,0.05,1.84114252416859E+018,15,0.0649207942403771,0.00122975021316608,0.00108683905982793,2,3,-0.2,0,0.5
clustering,homogeneous,11,0,5,0.1,0.7,0.5,0.3,true,0.2,0.1,0.1,0.05,8.63617513033061E+018,15,0.0649207942403771,0.00122975021316608,0.00108683905982793,2,3,-0.2,0,0.5
clustering,homogeneous,11,0,5,0.1,0.7,0.5,0.3,true,0.2,0.1,0.1,0.05,5.70257702789059E+018,15,0.0649207942403771,0.00122975021316608,0.00108683905982793,2,3,-0.2,0,0.5
clustering,homogeneous,11,0,5,0.1,0.7,0.5,0.3,true,0.2,0.1,0.1,0.05,7.24071359189169E+018,15,0.0649207942403771,0.00122975021316608,0.00108683905982793,2,3,-0.2,0,0.5
clustering,homogeneous,35,0,6,0.5,0.2,0.8,0.2,true,0.1,0.3,0.1,0.05,1.09591146466576E+017,15,0.0788560068266082,7.906715082E-08,5.519767319E-08,1,4,0.6,0,0
clustering,homogeneous,11,0,5,0.1,0.7,0.5,0.3,true,0.2,0.1,0.1,0.05,4.6926904669588E+018,15,0.0649207942403771,0.00122975021316608,0.00108683905982793,2,3,-0.2,0,0.5
clustering,homogeneous,11,0,5,0.1,0.7,0.5,0.3,true,0.2,0.1,0.1,0.05,4.39889510625904E+018,15,0.0649207942403771,0.00122975021316608,0.00108683905982793,2,3,-0.2,0,0.5
clustering,homogeneous,11,0,5,0.1,0.7,0.5,0.3,true,0.2,0.1,0.1,0.05,7.12889348418325E+018,15,0.0649207942403771,0.00122975021316608,0.00108683905982793,2,3,-0.2,0,0.5
clustering,homogeneous,11,0,5,0.1,0.7,0.5,0.3,true,0.2,0.1,0.1,0.05,8.80361844505413E+018,15,0.0649207942403771,0.00122975021316608,0.00108683905982793,2,3,-0.2,0,0.5
clustering,homogeneous,11,0,5,0.1,0.7,0.5,0.3,true,0.2,0.1,0.1,0.05,4.34257261248481E+018,15,0.0649207942403771,0.00122975021316608,0.00108683905982793,2,3,-0.2,0,0.5
clustering,homogeneous,11,0,5,0.1,0.7,0.5,0.3,true,0.2,0.1,0.1,0.05,4.47792793694704E+018,15,0.0649207942403771,0.00122975021316608,0.00108683905982793,2,3,-0.2,0,0.5
clustering,homogeneous,11,0,5,0.1,0.7,0.5,0.3,true,0.2,0.1,0.1,0.05,7.04337208916658E+018,15,0.0649207942403771,0.00122975021316608,0.00108683905982793,2,3,-0.2,0,0.5
clustering,homogeneous,11,0,5,0.1,0.7,0.5,0.3,true,0.2,0.1,0.1,0.05,4.28636038694465E+018,15,0.0649207942403771,0.00122975021316608,0.00108683905982793,2,3,-0.2,0,0.5
clustering,homogeneous,11,0,5,0.1,0.7,0.5,0.3,true,0.2,0.1,0.1,0.05,1.09591146466576E+017,15,0.0649207942403771,0.00122975021316608,0.00108683905982793,2,3,-0.2,0,0.5
clustering,heterogeneous,47,2,2,0.5,0.2,0.5,0.3,true,0.05,0.3,0.1,0.05,6.90547037085634E+018,15,0.116368112767715,2.122868E-11,1.360681E-11,1,3,0.3,0,0.7
clustering,heterogeneous,47,2,2,0.5,0.2,0.5,0.3,true,0.05,0.3,0.1,0.05,7.13900204836315E+018,15,0.116368112767715,2.122868E-11,1.360681E-11,1,3,0.3,0,0.7
clustering,heterogeneous,47,2,2,0.5,0.2,0.5,0.3,true,0.05,0.3,0.1,0.05,7.24071359189169E+018,15,0.116368112767715,2.122868E-11,1.360681E-11,1,3,0.3,0,0.7
clustering,heterogeneous,47,2,2,0.5,0.2,0.5,0.3,true,0.05,0.3,0.1,0.05,4.28636038694465E+018,15,0.116368112767715,2.122868E-11,1.360681E-11,1,3,0.3,0,0.7
clustering,heterogeneous,47,2,2,0.5,0.2,0.5,0.3,true,0.05,0.3,0.1,0.05,4.47792793694704E+018,15,0.116368112767715,2.122868E-11,1.360681E-11,1,3,0.3,0,0.7
clustering,heterogeneous,47,2,2,0.5,0.2,0.5,0.3,true,0.05,0.3,0.1,0.05,8.63617513033061E+018,15,0.116368112767715,2.122868E-11,1.360681E-11,1,3,0.3,0,0.7
clustering,heterogeneous,47,2,2,0.5,0.2,0.5,0.3,true,0.05,0.3,0.1,0.05,7.04337208916658E+018,15,0.116368112767715,2.122868E-11,1.360681E-11,1,3,0.3,0,0.7
clustering,heterogeneous,47,2,2,0.5,0.2,0.5,0.3,true,0.05,0.3,0.1,0.05,5.70257702789059E+018,15,0.116368112767715,2.122868E-11,1.360681E-11,1,3,0.3,0,0.7
clustering,heterogeneous,47,2,2,0.5,0.2,0.5,0.3,true,0.05,0.3,0.1,0.05,1.84114252416859E+018,15,0.116368112767715,2.122868E-11,1.360681E-11,1,3,0.3,0,0.7
clustering,heterogeneous,47,2,2,0.5,0.2,0.5,0.3,true,0.05,0.3,0.1,0.05,4.39889510625904E+018,15,0.116368112767715,2.122868E-11,1.360681E-11,1,3,0.3,0,0.7
clustering,heterogeneous,47,2,2,0.5,0.2,0.5,0.3,true,0.05,0.3,0.1,0.05,4.34257261248481E+018,15,0.116368112767715,2.122868E-11,1.360681E-11,1,3,0.3,0,0.7
clustering,heterogeneous,47,2,2,0.5,0.2,0.5,0.3,true,0.05,0.3,0.1,0.05,4.6926904669588E+018,15,0.116368112767715,2.122868E-11,1.360681E-11,1,3,0.3,0,0.7
clustering,heterogeneous,47,2,2,0.5,0.2,0.5,0.3,true,0.05,0.3,0.1,0.05,8.80361844505413E+018,15,0.116368112767715,2.122868E-11,1.360681E-11,1,3,0.3,0,0.7
clustering,heterogeneous,47,2,2,0.5,0.2,0.5,0.3,true,0.05,0.3,0.1,0.05,7.12889348418325E+018,15,0.116368112767715,2.122868E-11,1.360681E-11,1,3,0.3,0,0.7
clustering,heterogeneous,47,2,2,0.5,0.2,0.5,0.3,true,0.05,0.3,0.1,0.05,1.09591146466576E+017,15,0.116368112767715,2.122868E-11,1.360681E-11,1,3,0.3,0,0.7
clustering,homogeneous,50,0,6,0.4,0.4,0.5,0.1,true,0.05,0.2,0.1,0.05,7.24071359189169E+018,15,0.0745886300757837,3.3654194E-10,2.6197798E-10,1,3,0.1,0,0.7
clustering,homogeneous,50,0,6,0.4,0.4,0.5,0.1,true,0.05,0.2,0.1,0.05,7.13900204836315E+018,15,0.0745886300757837,3.3654194E-10,2.6197798E-10,1,3,0.1,0,0.7
clustering,homogeneous,50,0,6,0.4,0.4,0.5,0.1,true,0.05,0.2,0.1,0.05,8.63617513033061E+018,15,0.0745886300757837,3.3654194E-10,2.6197798E-10,1,3,0.1,0,0.7
clustering,homogeneous,50,0,6,0.4,0.4,0.5,0.1,true,0.05,0.2,0.1,0.05,4.6926904669588E+018,15,0.0745886300757837,3.3654194E-10,2.6197798E-10,1,3,0.1,0,0.7
clustering,homogeneous,50,0,6,0.4,0.4,0.5,0.1,true,0.05,0.2,0.1,0.05,4.39889510625904E+018,15,0.0745886300757837,3.3654194E-10,2.6197798E-10,1,3,0.1,0,0.7
clustering,homogeneous,50,0,6,0.4,0.4,0.5,0.1,true,0.05,0.2,0.1,0.05,8.80361844505413E+018,15,0.0745886300757837,3.3654194E-10,2.6197798E-10,1,3,0.1,0,0.7
clustering,homogeneous,50,0,6,0.4,0.4,0.5,0.1,true,0.05,0.2,0.1,0.05,4.47792793694704E+018,15,0.0745886300757837,3.3654194E-10,2.6197798E-10,1,3,0.1,0,0.7
clustering,heterogeneous,13,2,2,0.1,0.3,0.8,0.2,true,0.1,0,0.1,0.05,7.24071359189169E+018,15,0.0670715025875218,0.0266839621558124,0.0230147705948897,2,2,0.5,0,1
clustering,homogeneous,50,0,6,0.4,0.4,0.5,0.1,true,0.05,0.2,0.1,0.05,6.90547037085634E+018,15,0.0745886300757837,3.3654194E-10,2.6197798E-10,1,3,0.1,0,0.7
clustering,homogeneous,50,0,6,0.4,0.4,0.5,0.1,true,0.05,0.2,0.1,0.05,7.04337208916658E+018,15,0.0745886300757837,3.3654194E-10,2.6197798E-10,1,3,0.1,0,0.7
clustering,heterogeneous,13,2,2,0.1,0.3,0.8,0.2,true,0.1,0,0.1,0.05,4.6926904669588E+018,15,0.0670715025875218,0.0266839621558124,0.0230147705948897,2,2,0.5,0,1
clustering,heterogeneous,13,2,2,0.1,0.3,0.8,0.2,true,0.1,0,0.1,0.05,7.13900204836315E+018,15,0.0670715025875218,0.0266839621558124,0.0230147705948897,2,2,0.5,0,1
clustering,homogeneous,31,0,4,0.1,0.2,0.8,0.3,true,0.1,0,0.1,0.05,8.63617513033061E+018,55,0.101566068100061,5.400260936398E-05,2.612519332792E-05,1,3,0.6,0,0
clustering,homogeneous,31,0,4,0.1,0.2,0.8,0.3,true,0.1,0,0.1,0.05,6.90547037085634E+018,55,0.101566068100061,5.400260936398E-05,2.612519332792E-05,1,3,0.6,0,0
clustering,homogeneous,50,0,6,0.4,0.4,0.5,0.1,true,0.05,0.2,0.1,0.05,1.09591146466576E+017,15,0.0745886300757837,3.3654194E-10,2.6197798E-10,1,3,0.1,0,0.7
clustering,homogeneous,50,0,6,0.4,0.4,0.5,0.1,true,0.05,0.2,0.1,0.05,1.84114252416859E+018,15,0.0745886300757837,3.3654194E-10,2.6197798E-10,1,3,0.1,0,0.7
clustering,homogeneous,50,0,6,0.4,0.4,0.5,0.1,true,0.05,0.2,0.1,0.05,4.28636038694465E+018,15,0.0745886300757837,3.3654194E-10,2.6197798E-10,1,3,0.1,0,0.7
clustering,homogeneous,31,0,4,0.1,0.2,0.8,0.3,true,0.1,0,0.1,0.05,1.84114252416859E+018,55,0.101566068100061,5.400260936398E-05,2.612519332792E-05,1,3,0.6,0,0
clustering,homogeneous,31,0,4,0.1,0.2,0.8,0.3,true,0.1,0,0.1,0.05,8.80361844505413E+018,55,0.101566068100061,5.400260936398E-05,2.612519332792E-05,1,3,0.6,0,0
clustering,homogeneous,50,0,6,0.4,0.4,0.5,0.1,true,0.05,0.2,0.1,0.05,5.70257702789059E+018,15,0.0745886300757837,3.3654194E-10,2.6197798E-10,1,3,0.1,0,0.7
clustering,homogeneous,50,0,6,0.4,0.4,0.5,0.1,true,0.05,0.2,0.1,0.05,4.34257261248481E+018,15,0.0745886300757837,3.3654194E-10,2.6197798E-10,1,3,0.1,0,0.7
clustering,homogeneous,31,0,4,0.1,0.2,0.8,0.3,true,0.1,0,0.1,0.05,4.47792793694704E+018,55,0.101566068100061,5.400260936398E-05,2.612519332792E-05,1,3,0.6,0,0
clustering,homogeneous,50,0,6,0.4,0.4,0.5,0.1,true,0.05,0.2,0.1,0.05,7.12889348418325E+018,15,0.0745886300757837,3.3654194E-10,2.6197798E-10,1,3,0.1,0,0.7
clustering,homogeneous,31,0,4,0.1,0.2,0.8,0.3,true,0.1,0,0.1,0.05,4.39889510625904E+018,55,0.101566068100061,5.400260936398E-05,2.612519332792E-05,1,3,0.6,0,0
clustering,homogeneous,31,0,4,0.1,0.2,0.8,0.3,true,0.1,0,0.1,0.05,7.24071359189169E+018,55,0.101566068100061,5.400260936398E-05,2.612519332792E-05,1,3,0.6,0,0
clustering,heterogeneous,13,2,2,0.1,0.3,0.8,0.2,true,0.1,0,0.1,0.05,1.84114252416859E+018,15,0.0670715025875218,0.0266839621558124,0.0230147705948897,2,2,0.5,0,1
clustering,heterogeneous,13,2,2,0.1,0.3,0.8,0.2,true,0.1,0,0.1,0.05,8.63617513033061E+018,15,0.0670715025875218,0.0266839621558124,0.0230147705948897,2,2,0.5,0,1
clustering,homogeneous,31,0,4,0.1,0.2,0.8,0.3,true,0.1,0,0.1,0.05,4.6926904669588E+018,55,0.101566068100061,5.400260936398E-05,2.612519332792E-05,1,3,0.6,0,0
clustering,heterogeneous,13,2,2,0.1,0.3,0.8,0.2,true,0.1,0,0.1,0.05,5.70257702789059E+018,15,0.0670715025875218,0.0266839621558124,0.0230147705948897,2,2,0.5,0,1
clustering,homogeneous,31,0,4,0.1,0.2,0.8,0.3,true,0.1,0,0.1,0.05,7.13900204836315E+018,55,0.101566068100061,5.400260936398E-05,2.612519332792E-05,1,3,0.6,0,0
clustering,heterogeneous,13,2,2,0.1,0.3,0.8,0.2,true,0.1,0,0.1,0.05,4.39889510625904E+018,15,0.0670715025875218,0.0266839621558124,0.0230147705948897,2,2,0.5,0,1
clustering,homogeneous,31,0,4,0.1,0.2,0.8,0.3,true,0.1,0,0.1,0.05,5.70257702789059E+018,55,0.101566068100061,5.400260936398E-05,2.612519332792E-05,1,3,0.6,0,0
clustering,homogeneous,31,0,4,0.1,0.2,0.8,0.3,true,0.1,0,0.1,0.05,7.12889348418325E+018,55,0.101566068100061,5.400260936398E-05,2.612519332792E-05,1,3,0.6,0,0
clustering,heterogeneous,13,2,2,0.1,0.3,0.8,0.2,true,0.1,0,0.1,0.05,7.04337208916658E+018,15,0.0670715025875218,0.0266839621558124,0.0230147705948897,2,2,0.5,0,1
clustering,homogeneous,31,0,4,0.1,0.2,0.8,0.3,true,0.1,0,0.1,0.05,7.04337208916658E+018,55,0.101566068100061,5.400260936398E-05,2.612519332792E-05,1,3,0.6,0,0
clustering,homogeneous,31,0,4,0.1,0.2,0.8,0.3,true,0.1,0,0.1,0.05,1.09591146466576E+017,55,0.101566068100061,5.400260936398E-05,2.612519332792E-05,1,3,0.6,0,0
clustering,heterogeneous,13,2,2,0.1,0.3,0.8,0.2,true,0.1,0,0.1,0.05,4.47792793694704E+018,15,0.0670715025875218,0.0266839621558124,0.0230147705948897,2,2,0.5,0,1
clustering,heterogeneous,13,2,2,0.1,0.3,0.8,0.2,true,0.1,0,0.1,0.05,4.34257261248481E+018,15,0.0670715025875218,0.0266839621558124,0.0230147705948897,2,2,0.5,0,1
clustering,homogeneous,31,0,4,0.1,0.2,0.8,0.3,true,0.1,0,0.1,0.05,4.34257261248481E+018,55,0.101566068100061,5.400260936398E-05,2.612519332792E-05,1,3,0.6,0,0
clustering,heterogeneous,13,2,2,0.1,0.3,0.8,0.2,true,0.1,0,0.1,0.05,6.90547037085634E+018,15,0.0670715025875218,0.0266839621558124,0.0230147705948897,2,2,0.5,0,1
clustering,heterogeneous,3,2,2,0.4,0.3,0.2,0.1,true,0.2,0.3,0.1,0.05,7.24071359189169E+018,15,0.122751666734299,1.5957610353E-07,9.373067803E-08,1,3,-0.1,0,0.3
clustering,heterogeneous,13,2,2,0.1,0.3,0.8,0.2,true,0.1,0,0.1,0.05,1.09591146466576E+017,15,0.0670715025875218,0.0266839621558124,0.0230147705948897,2,2,0.5,0,1
clustering,heterogeneous,3,2,2,0.4,0.3,0.2,0.1,true,0.2,0.3,0.1,0.05,8.80361844505413E+018,15,0.122751666734299,1.5957610353E-07,9.373067803E-08,1,3,-0.1,0,0.3
clustering,heterogeneous,3,2,2,0.4,0.3,0.2,0.1,true,0.2,0.3,0.1,0.05,1.84114252416859E+018,15,0.122751666734299,1.5957610353E-07,9.373067803E-08,1,3,-0.1,0,0.3
clustering,heterogeneous,3,2,2,0.4,0.3,0.2,0.1,true,0.2,0.3,0.1,0.05,4.6926904669588E+018,15,0.122751666734299,1.5957610353E-07,9.373067803E-08,1,3,-0.1,0,0.3
clustering,heterogeneous,13,2,2,0.1,0.3,0.8,0.2,true,0.1,0,0.1,0.05,4.28636038694465E+018,15,0.0670715025875218,0.0266839621558124,0.0230147705948897,2,2,0.5,0,1
clustering,homogeneous,31,0,4,0.1,0.2,0.8,0.3,true,0.1,0,0.1,0.05,4.28636038694465E+018,55,0.101566068100061,5.400260936398E-05,2.612519332792E-05,1,3,0.6,0,0
clustering,heterogeneous,3,2,2,0.4,0.3,0.2,0.1,true,0.2,0.3,0.1,0.05,4.39889510625904E+018,15,0.122751666734299,1.5957610353E-07,9.373067803E-08,1,3,-0.1,0,0.3
clustering,heterogeneous,3,2,2,0.4,0.3,0.2,0.1,true,0.2,0.3,0.1,0.05,6.90547037085634E+018,15,0.122751666734299,1.5957610353E-07,9.373067803E-08,1,3,-0.1,0,0.3
clustering,heterogeneous,3,2,2,0.4,0.3,0.2,0.1,true,0.2,0.3,0.1,0.05,8.63617513033061E+018,15,0.122751666734299,1.5957610353E-07,9.373067803E-08,1,3,-0.1,0,0.3
clustering,heterogeneous,13,2,2,0.1,0.3,0.8,0.2,true,0.1,0,0.1,0.05,8.80361844505413E+018,15,0.0670715025875218,0.0266839621558124,0.0230147705948897,2,2,0.5,0,1
clustering,heterogeneous,13,2,2,0.1,0.3,0.8,0.2,true,0.1,0,0.1,0.05,7.12889348418325E+018,15,0.0670715025875218,0.0266839621558124,0.0230147705948897,2,2,0.5,0,1
clustering,heterogeneous,3,2,2,0.4,0.3,0.2,0.1,true,0.2,0.3,0.1,0.05,7.04337208916658E+018,15,0.122751666734299,1.5957610353E-07,9.373067803E-08,1,3,-0.1,0,0.3
clustering,heterogeneous,3,2,2,0.4,0.3,0.2,0.1,true,0.2,0.3,0.1,0.05,5.70257702789059E+018,15,0.122751666734299,1.5957610353E-07,9.373067803E-08,1,3,-0.1,0,0.3
clustering,heterogeneous,3,2,2,0.4,0.3,0.2,0.1,true,0.2,0.3,0.1,0.05,7.13900204836315E+018,15,0.122751666734299,1.5957610353E-07,9.373067803E-08,1,3,-0.1,0,0.3
clustering,heterogeneous,3,2,2,0.4,0.3,0.2,0.1,true,0.2,0.3,0.1,0.05,1.09591146466576E+017,15,0.122751666734299,1.5957610353E-07,9.373067803E-08,1,3,-0.1,0,0.3
clustering,heterogeneous,3,2,2,0.4,0.3,0.2,0.1,true,0.2,0.3,0.1,0.05,4.47792793694704E+018,15,0.122751666734299,1.5957610353E-07,9.373067803E-08,1,3,-0.1,0,0.3
clustering,heterogeneous,3,2,2,0.4,0.3,0.2,0.1,true,0.2,0.3,0.1,0.05,4.34257261248481E+018,15,0.122751666734299,1.5957610353E-07,9.373067803E-08,1,3,-0.1,0,0.3
clustering,homogeneous,48,0,6,0.3,0.4,0.8,0.3,true,0,0.2,0.1,0.05,5.70257702789059E+018,15,0.0817960189085265,9.4461358836E-07,0.000000802223282,1,3,0.4,0,0.5
clustering,heterogeneous,3,2,2,0.4,0.3,0.2,0.1,true,0.2,0.3,0.1,0.05,7.12889348418325E+018,15,0.122751666734299,1.5957610353E-07,9.373067803E-08,1,3,-0.1,0,0.3
clustering,homogeneous,48,0,6,0.3,0.4,0.8,0.3,true,0,0.2,0.1,0.05,6.90547037085634E+018,15,0.0817960189085265,9.4461358836E-07,0.000000802223282,1,3,0.4,0,0.5
clustering,heterogeneous,3,2,2,0.4,0.3,0.2,0.1,true,0.2,0.3,0.1,0.05,4.28636038694465E+018,15,0.122751666734299,1.5957610353E-07,9.373067803E-08,1,3,-0.1,0,0.3
clustering,homogeneous,48,0,6,0.3,0.4,0.8,0.3,true,0,0.2,0.1,0.05,1.84114252416859E+018,15,0.0817960189085265,9.4461358836E-07,0.000000802223282,1,3,0.4,0,0.5
clustering,heterogeneous,10,2,2,0.3,0.4,0.6,0.3,true,0.1,0,0.1,0.05,1.84114252416859E+018,15,0.128026992443679,6.1580606311E-07,5.3132325638E-07,1,3,0.2,0,0.5
clustering,homogeneous,48,0,6,0.3,0.4,0.8,0.3,true,0,0.2,0.1,0.05,4.39889510625904E+018,15,0.0817960189085265,9.4461358836E-07,0.000000802223282,1,3,0.4,0,0.5
clustering,homogeneous,48,0,6,0.3,0.4,0.8,0.3,true,0,0.2,0.1,0.05,7.24071359189169E+018,15,0.0817960189085265,9.4461358836E-07,0.000000802223282,1,3,0.4,0,0.5
clustering,homogeneous,48,0,6,0.3,0.4,0.8,0.3,true,0,0.2,0.1,0.05,4.6926904669588E+018,15,0.0817960189085265,9.4461358836E-07,0.000000802223282,1,3,0.4,0,0.5
clustering,homogeneous,48,0,6,0.3,0.4,0.8,0.3,true,0,0.2,0.1,0.05,7.13900204836315E+018,15,0.0817960189085265,9.4461358836E-07,0.000000802223282,1,3,0.4,0,0.5
clustering,heterogeneous,10,2,2,0.3,0.4,0.6,0.3,true,0.1,0,0.1,0.05,8.63617513033061E+018,15,0.128026992443679,6.1580606311E-07,5.3132325638E-07,1,3,0.2,0,0.5
clustering,heterogeneous,10,2,2,0.3,0.4,0.6,0.3,true,0.1,0,0.1,0.05,4.6926904669588E+018,15,0.128026992443679,6.1580606311E-07,5.3132325638E-07,1,3,0.2,0,0.5
clustering,homogeneous,48,0,6,0.3,0.4,0.8,0.3,true,0,0.2,0.1,0.05,8.80361844505413E+018,15,0.0817960189085265,9.4461358836E-07,0.000000802223282,1,3,0.4,0,0.5
clustering,homogeneous,48,0,6,0.3,0.4,0.8,0.3,true,0,0.2,0.1,0.05,1.09591146466576E+017,15,0.0817960189085265,9.4461358836E-07,0.000000802223282,1,3,0.4,0,0.5
clustering,heterogeneous,10,2,2,0.3,0.4,0.6,0.3,true,0.1,0,0.1,0.05,7.13900204836315E+018,15,0.128026992443679,6.1580606311E-07,5.3132325638E-07,1,3,0.2,0,0.5
clustering,heterogeneous,10,2,2,0.3,0.4,0.6,0.3,true,0.1,0,0.1,0.05,6.90547037085634E+018,15,0.128026992443679,6.1580606311E-07,5.3132325638E-07,1,3,0.2,0,0.5
clustering,homogeneous,48,0,6,0.3,0.4,0.8,0.3,true,0,0.2,0.1,0.05,7.12889348418325E+018,15,0.0817960189085265,9.4461358836E-07,0.000000802223282,1,3,0.4,0,0.5
clustering,homogeneous,48,0,6,0.3,0.4,0.8,0.3,true,0,0.2,0.1,0.05,4.47792793694704E+018,15,0.0817960189085265,9.4461358836E-07,0.000000802223282,1,3,0.4,0,0.5
clustering,heterogeneous,10,2,2,0.3,0.4,0.6,0.3,true,0.1,0,0.1,0.05,5.70257702789059E+018,15,0.128026992443679,6.1580606311E-07,5.3132325638E-07,1,3,0.2,0,0.5
clustering,homogeneous,48,0,6,0.3,0.4,0.8,0.3,true,0,0.2,0.1,0.05,7.04337208916658E+018,15,0.0817960189085265,9.4461358836E-07,0.000000802223282,1,3,0.4,0,0.5
clustering,heterogeneous,10,2,2,0.3,0.4,0.6,0.3,true,0.1,0,0.1,0.05,7.24071359189169E+018,15,0.128026992443679,6.1580606311E-07,5.3132325638E-07,1,3,0.2,0,0.5
clustering,homogeneous,48,0,6,0.3,0.4,0.8,0.3,true,0,0.2,0.1,0.05,4.28636038694465E+018,15,0.0817960189085265,9.4461358836E-07,0.000000802223282,1,3,0.4,0,0.5
clustering,homogeneous,48,0,6,0.3,0.4,0.8,0.3,true,0,0.2,0.1,0.05,8.63617513033061E+018,15,0.0817960189085265,9.4461358836E-07,0.000000802223282,1,3,0.4,0,0.5
clustering,heterogeneous,10,2,2,0.3,0.4,0.6,0.3,true,0.1,0,0.1,0.05,4.39889510625904E+018,15,0.128026992443679,6.1580606311E-07,5.3132325638E-07,1,3,0.2,0,0.5
clustering,heterogeneous,10,2,2,0.3,0.4,0.6,0.3,true,0.1,0,0.1,0.05,8.80361844505413E+018,15,0.128026992443679,6.1580606311E-07,5.3132325638E-07,1,3,0.2,0,0.5
clustering,heterogeneous,10,2,2,0.3,0.4,0.6,0.3,true,0.1,0,0.1,0.05,7.04337208916658E+018,15,0.128026992443679,6.1580606311E-07,5.3132325638E-07,1,3,0.2,0,0.5
clustering,homogeneous,48,0,6,0.3,0.4,0.8,0.3,true,0,0.2,0.1,0.05,4.34257261248481E+018,15,0.0817960189085265,9.4461358836E-07,0.000000802223282,1,3,0.4,0,0.5
clustering,heterogeneous,10,2,2,0.3,0.4,0.6,0.3,true,0.1,0,0.1,0.05,1.09591146466576E+017,15,0.128026992443679,6.1580606311E-07,5.3132325638E-07,1,3,0.2,0,0.5
clustering,heterogeneous,10,2,2,0.3,0.4,0.6,0.3,true,0.1,0,0.1,0.05,7.12889348418325E+018,15,0.128026992443679,6.1580606311E-07,5.3132325638E-07,1,3,0.2,0,0.5
clustering,heterogeneous,10,2,2,0.3,0.4,0.6,0.3,true,0.1,0,0.1,0.05,4.28636038694465E+018,15,0.128026992443679,6.1580606311E-07,5.3132325638E-07,1,3,0.2,0,0.5
clustering,heterogeneous,51,3,3,0.3,0.4,0.8,0.1,true,0.05,0.3,0.1,0.05,7.24071359189169E+018,15,0.121177135985198,1.64719122647E-06,1.47404864561E-06,1,4,0.4,0,0.5
clustering,heterogeneous,51,3,3,0.3,0.4,0.8,0.1,true,0.05,0.3,0.1,0.05,7.13900204836315E+018,15,0.121177135985198,1.64719122647E-06,1.47404864561E-06,1,4,0.4,0,0.5
clustering,heterogeneous,51,3,3,0.3,0.4,0.8,0.1,true,0.05,0.3,0.1,0.05,5.70257702789059E+018,15,0.121177135985198,1.64719122647E-06,1.47404864561E-06,1,4,0.4,0,0.5
clustering,heterogeneous,10,2,2,0.3,0.4,0.6,0.3,true,0.1,0,0.1,0.05,4.34257261248481E+018,15,0.128026992443679,6.1580606311E-07,5.3132325638E-07,1,3,0.2,0,0.5
clustering,heterogeneous,51,3,3,0.3,0.4,0.8,0.1,true,0.05,0.3,0.1,0.05,8.63617513033061E+018,15,0.121177135985198,1.64719122647E-06,1.47404864561E-06,1,4,0.4,0,0.5
clustering,heterogeneous,10,2,2,0.3,0.4,0.6,0.3,true,0.1,0,0.1,0.05,4.47792793694704E+018,15,0.128026992443679,6.1580606311E-07,5.3132325638E-07,1,3,0.2,0,0.5
clustering,heterogeneous,51,3,3,0.3,0.4,0.8,0.1,true,0.05,0.3,0.1,0.05,4.39889510625904E+018,15,0.121177135985198,1.64719122647E-06,1.47404864561E-06,1,4,0.4,0,0.5
clustering,heterogeneous,51,3,3,0.3,0.4,0.8,0.1,true,0.05,0.3,0.1,0.05,6.90547037085634E+018,15,0.121177135985198,1.64719122647E-06,1.47404864561E-06,1,4,0.4,0,0.5
clustering,homogeneous,50,0,6,0.5,0.2,0.5,0.2,true,0.2,0,0.1,0.05,8.63617513033061E+018,15,0.0742899448353948,0.0000023491569735,2.44230557684E-06,1,3,0.3,0,0.5
clustering,heterogeneous,51,3,3,0.3,0.4,0.8,0.1,true,0.05,0.3,0.1,0.05,1.09591146466576E+017,15,0.121177135985198,1.64719122647E-06,1.47404864561E-06,1,4,0.4,0,0.5
clustering,heterogeneous,51,3,3,0.3,0.4,0.8,0.1,true,0.05,0.3,0.1,0.05,8.80361844505413E+018,15,0.121177135985198,1.64719122647E-06,1.47404864561E-06,1,4,0.4,0,0.5
clustering,heterogeneous,51,3,3,0.3,0.4,0.8,0.1,true,0.05,0.3,0.1,0.05,4.34257261248481E+018,15,0.121177135985198,1.64719122647E-06,1.47404864561E-06,1,4,0.4,0,0.5
clustering,homogeneous,50,0,6,0.5,0.2,0.5,0.2,true,0.2,0,0.1,0.05,4.34257261248481E+018,15,0.0742899448353948,0.0000023491569735,2.44230557684E-06,1,3,0.3,0,0.5
clustering,heterogeneous,51,3,3,0.3,0.4,0.8,0.1,true,0.05,0.3,0.1,0.05,4.28636038694465E+018,15,0.121177135985198,1.64719122647E-06,1.47404864561E-06,1,4,0.4,0,0.5
clustering,homogeneous,50,0,6,0.5,0.2,0.5,0.2,true,0.2,0,0.1,0.05,7.24071359189169E+018,15,0.0742899448353948,0.0000023491569735,2.44230557684E-06,1,3,0.3,0,0.5
clustering,heterogeneous,51,3,3,0.3,0.4,0.8,0.1,true,0.05,0.3,0.1,0.05,4.6926904669588E+018,15,0.121177135985198,1.64719122647E-06,1.47404864561E-06,1,4,0.4,0,0.5
clustering,heterogeneous,51,3,3,0.3,0.4,0.8,0.1,true,0.05,0.3,0.1,0.05,1.84114252416859E+018,15,0.121177135985198,1.64719122647E-06,1.47404864561E-06,1,4,0.4,0,0.5
clustering,heterogeneous,51,3,3,0.3,0.4,0.8,0.1,true,0.05,0.3,0.1,0.05,7.04337208916658E+018,15,0.121177135985198,1.64719122647E-06,1.47404864561E-06,1,4,0.4,0,0.5
clustering,heterogeneous,51,3,3,0.3,0.4,0.8,0.1,true,0.05,0.3,0.1,0.05,4.47792793694704E+018,15,0.121177135985198,1.64719122647E-06,1.47404864561E-06,1,4,0.4,0,0.5
clustering,homogeneous,50,0,6,0.5,0.2,0.5,0.2,true,0.2,0,0.1,0.05,5.70257702789059E+018,15,0.0742899448353948,0.0000023491569735,2.44230557684E-06,1,3,0.3,0,0.5
clustering,homogeneous,50,0,6,0.5,0.2,0.5,0.2,true,0.2,0,0.1,0.05,8.80361844505413E+018,15,0.0742899448353948,0.0000023491569735,2.44230557684E-06,1,3,0.3,0,0.5
clustering,homogeneous,50,0,6,0.5,0.2,0.5,0.2,true,0.2,0,0.1,0.05,4.6926904669588E+018,15,0.0742899448353948,0.0000023491569735,2.44230557684E-06,1,3,0.3,0,0.5
clustering,heterogeneous,51,3,3,0.3,0.4,0.8,0.1,true,0.05,0.3,0.1,0.05,7.12889348418325E+018,15,0.121177135985198,1.64719122647E-06,1.47404864561E-06,1,4,0.4,0,0.5
clustering,homogeneous,50,0,6,0.5,0.2,0.5,0.2,true,0.2,0,0.1,0.05,7.12889348418325E+018,15,0.0742899448353948,0.0000023491569735,2.44230557684E-06,1,3,0.3,0,0.5
clustering,homogeneous,50,0,6,0.5,0.2,0.5,0.2,true,0.2,0,0.1,0.05,7.13900204836315E+018,15,0.0742899448353948,0.0000023491569735,2.44230557684E-06,1,3,0.3,0,0.5
clustering,homogeneous,50,0,6,0.5,0.2,0.5,0.2,true,0.2,0,0.1,0.05,6.90547037085634E+018,15,0.0742899448353948,0.0000023491569735,2.44230557684E-06,1,3,0.3,0,0.5
clustering,homogeneous,50,0,6,0.5,0.2,0.5,0.2,true,0.2,0,0.1,0.05,1.84114252416859E+018,15,0.0742899448353948,0.0000023491569735,2.44230557684E-06,1,3,0.3,0,0.5
clustering,homogeneous,50,0,6,0.5,0.2,0.5,0.2,true,0.2,0,0.1,0.05,4.39889510625904E+018,15,0.0742899448353948,0.0000023491569735,2.44230557684E-06,1,3,0.3,0,0.5
clustering,homogeneous,43,0,5,0.2,0.4,0.6,0.1,true,0,0.3,0.1,0.05,7.24071359189169E+018,15,0.0435970803898786,6.2578464007E-07,3.3456527397E-07,1,3,0.2,0,1
clustering,homogeneous,50,0,6,0.5,0.2,0.5,0.2,true,0.2,0,0.1,0.05,7.04337208916658E+018,15,0.0742899448353948,0.0000023491569735,2.44230557684E-06,1,3,0.3,0,0.5
clustering,homogeneous,43,0,5,0.2,0.4,0.6,0.1,true,0,0.3,0.1,0.05,4.6926904669588E+018,15,0.0435970803898786,6.2578464007E-07,3.3456527397E-07,1,3,0.2,0,1
clustering,homogeneous,43,0,5,0.2,0.4,0.6,0.1,true,0,0.3,0.1,0.05,8.63617513033061E+018,15,0.0435970803898786,6.2578464007E-07,3.3456527397E-07,1,3,0.2,0,1
clustering,homogeneous,43,0,5,0.2,0.4,0.6,0.1,true,0,0.3,0.1,0.05,7.13900204836315E+018,15,0.0435970803898786,6.2578464007E-07,3.3456527397E-07,1,3,0.2,0,1
clustering,homogeneous,50,0,6,0.5,0.2,0.5,0.2,true,0.2,0,0.1,0.05,1.09591146466576E+017,15,0.0742899448353948,0.0000023491569735,2.44230557684E-06,1,3,0.3,0,0.5
clustering,homogeneous,43,0,5,0.2,0.4,0.6,0.1,true,0,0.3,0.1,0.05,1.84114252416859E+018,15,0.0435970803898786,6.2578464007E-07,3.3456527397E-07,1,3,0.2,0,1
clustering,homogeneous,50,0,6,0.5,0.2,0.5,0.2,true,0.2,0,0.1,0.05,4.47792793694704E+018,15,0.0742899448353948,0.0000023491569735,2.44230557684E-06,1,3,0.3,0,0.5
clustering,homogeneous,50,0,6,0.5,0.2,0.5,0.2,true,0.2,0,0.1,0.05,4.28636038694465E+018,15,0.0742899448353948,0.0000023491569735,2.44230557684E-06,1,3,0.3,0,0.5
clustering,homogeneous,43,0,5,0.2,0.4,0.6,0.1,true,0,0.3,0.1,0.05,7.12889348418325E+018,15,0.0435970803898786,6.2578464007E-07,3.3456527397E-07,1,3,0.2,0,1
clustering,homogeneous,43,0,5,0.2,0.4,0.6,0.1,true,0,0.3,0.1,0.05,6.90547037085634E+018,15,0.0435970803898786,6.2578464007E-07,3.3456527397E-07,1,3,0.2,0,1
clustering,homogeneous,43,0,5,0.2,0.4,0.6,0.1,true,0,0.3,0.1,0.05,5.70257702789059E+018,15,0.0435970803898786,6.2578464007E-07,3.3456527397E-07,1,3,0.2,0,1
clustering,homogeneous,43,0,5,0.2,0.4,0.6,0.1,true,0,0.3,0.1,0.05,8.80361844505413E+018,15,0.0435970803898786,6.2578464007E-07,3.3456527397E-07,1,3,0.2,0,1
clustering,homogeneous,43,0,5,0.2,0.4,0.6,0.1,true,0,0.3,0.1,0.05,4.39889510625904E+018,15,0.0435970803898786,6.2578464007E-07,3.3456527397E-07,1,3,0.2,0,1
clustering,homogeneous,43,0,5,0.2,0.4,0.6,0.1,true,0,0.3,0.1,0.05,4.34257261248481E+018,15,0.0435970803898786,6.2578464007E-07,3.3456527397E-07,1,3,0.2,0,1
clustering,homogeneous,43,0,5,0.2,0.4,0.6,0.1,true,0,0.3,0.1,0.05,7.04337208916658E+018,15,0.0435970803898786,6.2578464007E-07,3.3456527397E-07,1,3,0.2,0,1
clustering,homogeneous,43,0,5,0.2,0.4,0.6,0.1,true,0,0.3,0.1,0.05,4.47792793694704E+018,15,0.0435970803898786,6.2578464007E-07,3.3456527397E-07,1,3,0.2,0,1
clustering,homogeneous,43,0,5,0.2,0.4,0.6,0.1,true,0,0.3,0.1,0.05,1.09591146466576E+017,15,0.0435970803898786,6.2578464007E-07,3.3456527397E-07,1,3,0.2,0,1
clustering,homogeneous,43,0,5,0.2,0.4,0.6,0.1,true,0,0.3,0.1,0.05,4.28636038694465E+018,15,0.0435970803898786,6.2578464007E-07,3.3456527397E-07,1,3,0.2,0,1
bipolarization,heterogeneous,41,1,2,0.2,0.3,0.6,0.1,false,0.05,0.1,0.1,0.05,5.70257702789059E+018,15,0.102037624932495,2.9320569559E-07,1.2166455545E-07,1,2,0.3,0,0.3
bipolarization,heterogeneous,41,1,2,0.2,0.3,0.6,0.1,false,0.05,0.1,0.1,0.05,8.63617513033061E+018,15,0.102037624932495,2.9320569559E-07,1.2166455545E-07,1,2,0.3,0,0.3
bipolarization,heterogeneous,41,1,2,0.2,0.3,0.6,0.1,false,0.05,0.1,0.1,0.05,7.13900204836315E+018,15,0.102037624932495,2.9320569559E-07,1.2166455545E-07,1,2,0.3,0,0.3
bipolarization,heterogeneous,41,1,2,0.2,0.3,0.6,0.1,false,0.05,0.1,0.1,0.05,4.34257261248481E+018,15,0.102037624932495,2.9320569559E-07,1.2166455545E-07,1,2,0.3,0,0.3
bipolarization,heterogeneous,41,1,2,0.2,0.3,0.6,0.1,false,0.05,0.1,0.1,0.05,6.90547037085634E+018,15,0.102037624932495,2.9320569559E-07,1.2166455545E-07,1,2,0.3,0,0.3
bipolarization,heterogeneous,41,1,2,0.2,0.3,0.6,0.1,false,0.05,0.1,0.1,0.05,4.39889510625904E+018,15,0.102037624932495,2.9320569559E-07,1.2166455545E-07,1,2,0.3,0,0.3
bipolarization,heterogeneous,41,1,2,0.2,0.3,0.6,0.1,false,0.05,0.1,0.1,0.05,1.84114252416859E+018,15,0.102037624932495,2.9320569559E-07,1.2166455545E-07,1,2,0.3,0,0.3
bipolarization,heterogeneous,41,1,2,0.2,0.3,0.6,0.1,false,0.05,0.1,0.1,0.05,4.6926904669588E+018,15,0.102037624932495,2.9320569559E-07,1.2166455545E-07,1,2,0.3,0,0.3
bipolarization,heterogeneous,41,1,2,0.2,0.3,0.6,0.1,false,0.05,0.1,0.1,0.05,7.24071359189169E+018,15,0.102037624932495,2.9320569559E-07,1.2166455545E-07,1,2,0.3,0,0.3
bipolarization,heterogeneous,41,1,2,0.2,0.3,0.6,0.1,false,0.05,0.1,0.1,0.05,8.80361844505413E+018,15,0.102037624932495,2.9320569559E-07,1.2166455545E-07,1,2,0.3,0,0.3
bipolarization,heterogeneous,41,1,2,0.2,0.3,0.6,0.1,false,0.05,0.1,0.1,0.05,7.04337208916658E+018,15,0.102037624932495,2.9320569559E-07,1.2166455545E-07,1,2,0.3,0,0.3
bipolarization,heterogeneous,41,1,2,0.2,0.3,0.6,0.1,false,0.05,0.1,0.1,0.05,4.28636038694465E+018,15,0.102037624932495,2.9320569559E-07,1.2166455545E-07,1,2,0.3,0,0.3
bipolarization,heterogeneous,41,1,2,0.2,0.3,0.6,0.1,false,0.05,0.1,0.1,0.05,4.47792793694704E+018,15,0.102037624932495,2.9320569559E-07,1.2166455545E-07,1,2,0.3,0,0.3
bipolarization,heterogeneous,41,1,2,0.2,0.3,0.6,0.1,false,0.05,0.1,0.1,0.05,7.12889348418325E+018,15,0.102037624932495,2.9320569559E-07,1.2166455545E-07,1,2,0.3,0,0.3
bipolarization,heterogeneous,1,3,3,0.5,0.2,0.4,0.1,false,0.05,0.1,0.1,0.05,4.39889510625904E+018,15,0.0519644282575641,0.0278966006881106,0.0267806769060966,2,3,0.2,0,0.3
bipolarization,heterogeneous,41,1,2,0.2,0.3,0.6,0.1,false,0.05,0.1,0.1,0.05,1.09591146466576E+017,15,0.102037624932495,2.9320569559E-07,1.2166455545E-07,1,2,0.3,0,0.3
bipolarization,heterogeneous,1,3,3,0.5,0.2,0.4,0.1,false,0.05,0.1,0.1,0.05,1.84114252416859E+018,15,0.0519644282575641,0.0278966006881106,0.0267806769060966,2,3,0.2,0,0.3
bipolarization,heterogeneous,1,3,3,0.5,0.2,0.4,0.1,false,0.05,0.1,0.1,0.05,4.28636038694465E+018,15,0.0519644282575641,0.0278966006881106,0.0267806769060966,2,3,0.2,0,0.3
bipolarization,heterogeneous,1,3,3,0.5,0.2,0.4,0.1,false,0.05,0.1,0.1,0.05,4.6926904669588E+018,15,0.0519644282575641,0.0278966006881106,0.0267806769060966,2,3,0.2,0,0.3
bipolarization,heterogeneous,1,3,3,0.5,0.2,0.4,0.1,false,0.05,0.1,0.1,0.05,6.90547037085634E+018,15,0.0519644282575641,0.0278966006881106,0.0267806769060966,2,3,0.2,0,0.3
bipolarization,heterogeneous,1,3,3,0.5,0.2,0.4,0.1,false,0.05,0.1,0.1,0.05,1.09591146466576E+017,15,0.0519644282575641,0.0278966006881106,0.0267806769060966,2,3,0.2,0,0.3
bipolarization,heterogeneous,1,3,3,0.5,0.2,0.4,0.1,false,0.05,0.1,0.1,0.05,7.24071359189169E+018,15,0.0519644282575641,0.0278966006881106,0.0267806769060966,2,3,0.2,0,0.3
bipolarization,heterogeneous,1,3,3,0.5,0.2,0.4,0.1,false,0.05,0.1,0.1,0.05,8.80361844505413E+018,15,0.0519644282575641,0.0278966006881106,0.0267806769060966,2,3,0.2,0,0.3
bipolarization,heterogeneous,1,3,3,0.5,0.2,0.4,0.1,false,0.05,0.1,0.1,0.05,4.34257261248481E+018,15,0.0519644282575641,0.0278966006881106,0.0267806769060966,2,3,0.2,0,0.3
bipolarization,heterogeneous,1,3,3,0.5,0.2,0.4,0.1,false,0.05,0.1,0.1,0.05,7.13900204836315E+018,15,0.0519644282575641,0.0278966006881106,0.0267806769060966,2,3,0.2,0,0.3
bipolarization,heterogeneous,2,2,3,0.2,0.2,0.8,0.3,false,0.05,0.1,0.1,0.05,7.24071359189169E+018,20,0.0829064973397626,0.0451187605836054,0.0448366520842933,2,4,0.6,0,0.7
bipolarization,heterogeneous,1,3,3,0.5,0.2,0.4,0.1,false,0.05,0.1,0.1,0.05,7.04337208916658E+018,15,0.0519644282575641,0.0278966006881106,0.0267806769060966,2,3,0.2,0,0.3
bipolarization,heterogeneous,1,3,3,0.5,0.2,0.4,0.1,false,0.05,0.1,0.1,0.05,4.47792793694704E+018,15,0.0519644282575641,0.0278966006881106,0.0267806769060966,2,3,0.2,0,0.3
bipolarization,heterogeneous,1,3,3,0.5,0.2,0.4,0.1,false,0.05,0.1,0.1,0.05,5.70257702789059E+018,15,0.0519644282575641,0.0278966006881106,0.0267806769060966,2,3,0.2,0,0.3
bipolarization,heterogeneous,1,3,3,0.5,0.2,0.4,0.1,false,0.05,0.1,0.1,0.05,7.12889348418325E+018,15,0.0519644282575641,0.0278966006881106,0.0267806769060966,2,3,0.2,0,0.3
bipolarization,heterogeneous,2,2,3,0.2,0.2,0.8,0.3,false,0.05,0.1,0.1,0.05,7.13900204836315E+018,20,0.0829064973397626,0.0451187605836054,0.0448366520842933,2,4,0.6,0,0.7
bipolarization,heterogeneous,1,3,3,0.5,0.2,0.4,0.1,false,0.05,0.1,0.1,0.05,8.63617513033061E+018,15,0.0519644282575641,0.0278966006881106,0.0267806769060966,2,3,0.2,0,0.3
bipolarization,heterogeneous,2,2,3,0.2,0.2,0.8,0.3,false,0.05,0.1,0.1,0.05,8.63617513033061E+018,20,0.0829064973397626,0.0451187605836054,0.0448366520842933,2,4,0.6,0,0.7
bipolarization,heterogeneous,2,2,3,0.2,0.2,0.8,0.3,false,0.05,0.1,0.1,0.05,4.47792793694704E+018,20,0.0829064973397626,0.0451187605836054,0.0448366520842933,2,4,0.6,0,0.7
bipolarization,heterogeneous,2,2,3,0.2,0.2,0.8,0.3,false,0.05,0.1,0.1,0.05,6.90547037085634E+018,20,0.0829064973397626,0.0451187605836054,0.0448366520842933,2,4,0.6,0,0.7
bipolarization,heterogeneous,2,2,3,0.2,0.2,0.8,0.3,false,0.05,0.1,0.1,0.05,8.80361844505413E+018,20,0.0829064973397626,0.0451187605836054,0.0448366520842933,2,4,0.6,0,0.7
bipolarization,heterogeneous,2,2,3,0.2,0.2,0.8,0.3,false,0.05,0.1,0.1,0.05,7.12889348418325E+018,20,0.0829064973397626,0.0451187605836054,0.0448366520842933,2,4,0.6,0,0.7
bipolarization,heterogeneous,2,2,3,0.2,0.2,0.8,0.3,false,0.05,0.1,0.1,0.05,7.04337208916658E+018,20,0.0829064973397626,0.0451187605836054,0.0448366520842933,2,4,0.6,0,0.7
bipolarization,heterogeneous,2,2,3,0.2,0.2,0.8,0.3,false,0.05,0.1,0.1,0.05,5.70257702789059E+018,20,0.0829064973397626,0.0451187605836054,0.0448366520842933,2,4,0.6,0,0.7
bipolarization,heterogeneous,2,2,3,0.2,0.2,0.8,0.3,false,0.05,0.1,0.1,0.05,1.84114252416859E+018,20,0.0829064973397626,0.0451187605836054,0.0448366520842933,2,4,0.6,0,0.7
bipolarization,heterogeneous,2,2,3,0.2,0.2,0.8,0.3,false,0.05,0.1,0.1,0.05,4.6926904669588E+018,20,0.0829064973397626,0.0451187605836054,0.0448366520842933,2,4,0.6,0,0.7
bipolarization,heterogeneous,2,2,3,0.2,0.2,0.8,0.3,false,0.05,0.1,0.1,0.05,4.34257261248481E+018,20,0.0829064973397626,0.0451187605836054,0.0448366520842933,2,4,0.6,0,0.7
bipolarization,heterogeneous,2,2,3,0.2,0.2,0.8,0.3,false,0.05,0.1,0.1,0.05,4.39889510625904E+018,20,0.0829064973397626,0.0451187605836054,0.0448366520842933,2,4,0.6,0,0.7
bipolarization,heterogeneous,2,2,3,0.2,0.2,0.8,0.3,false,0.05,0.1,0.1,0.05,1.09591146466576E+017,20,0.0829064973397626,0.0451187605836054,0.0448366520842933,2,4,0.6,0,0.7
bipolarization,homogeneous,50,0,6,0.3,0.2,0.4,0.3,false,0.05,0.1,0.1,0.05,7.13900204836315E+018,15,0.073698868067763,0.0000000239038493,1.392195364E-08,1,3,0.2,0,0.3
bipolarization,homogeneous,50,0,6,0.3,0.2,0.4,0.3,false,0.05,0.1,0.1,0.05,7.24071359189169E+018,15,0.073698868067763,0.0000000239038493,1.392195364E-08,1,3,0.2,0,0.3
bipolarization,homogeneous,50,0,6,0.3,0.2,0.4,0.3,false,0.05,0.1,0.1,0.05,4.6926904669588E+018,15,0.073698868067763,0.0000000239038493,1.392195364E-08,1,3,0.2,0,0.3
bipolarization,heterogeneous,2,2,3,0.2,0.2,0.8,0.3,false,0.05,0.1,0.1,0.05,4.28636038694465E+018,20,0.0829064973397626,0.0451187605836054,0.0448366520842933,2,4,0.6,0,0.7
bipolarization,homogeneous,50,0,6,0.3,0.2,0.4,0.3,false,0.05,0.1,0.1,0.05,8.63617513033061E+018,15,0.073698868067763,0.0000000239038493,1.392195364E-08,1,3,0.2,0,0.3
bipolarization,homogeneous,30,0,5,0.1,0.4,0.8,0.3,false,0.05,0.1,0.1,0.05,5.70257702789059E+018,30,0.062281274392587,0.0000169099136661,9.60307752244E-06,1,4,0.4,0,0.7
bipolarization,homogeneous,30,0,5,0.1,0.4,0.8,0.3,false,0.05,0.1,0.1,0.05,7.13900204836315E+018,30,0.062281274392587,0.0000169099136661,9.60307752244E-06,1,4,0.4,0,0.7
bipolarization,homogeneous,30,0,5,0.1,0.4,0.8,0.3,false,0.05,0.1,0.1,0.05,8.63617513033061E+018,30,0.062281274392587,0.0000169099136661,9.60307752244E-06,1,4,0.4,0,0.7
bipolarization,homogeneous,30,0,5,0.1,0.4,0.8,0.3,false,0.05,0.1,0.1,0.05,7.24071359189169E+018,30,0.062281274392587,0.0000169099136661,9.60307752244E-06,1,4,0.4,0,0.7
bipolarization,homogeneous,50,0,6,0.3,0.2,0.4,0.3,false,0.05,0.1,0.1,0.05,6.90547037085634E+018,15,0.073698868067763,0.0000000239038493,1.392195364E-08,1,3,0.2,0,0.3
bipolarization,homogeneous,30,0,5,0.1,0.4,0.8,0.3,false,0.05,0.1,0.1,0.05,4.6926904669588E+018,30,0.062281274392587,0.0000169099136661,9.60307752244E-06,1,4,0.4,0,0.7
bipolarization,homogeneous,50,0,6,0.3,0.2,0.4,0.3,false,0.05,0.1,0.1,0.05,5.70257702789059E+018,15,0.073698868067763,0.0000000239038493,1.392195364E-08,1,3,0.2,0,0.3
bipolarization,homogeneous,30,0,5,0.1,0.4,0.8,0.3,false,0.05,0.1,0.1,0.05,1.09591146466576E+017,30,0.062281274392587,0.0000169099136661,9.60307752244E-06,1,4,0.4,0,0.7
bipolarization,homogeneous,30,0,5,0.1,0.4,0.8,0.3,false,0.05,0.1,0.1,0.05,8.80361844505413E+018,30,0.062281274392587,0.0000169099136661,9.60307752244E-06,1,4,0.4,0,0.7
bipolarization,homogeneous,50,0,6,0.3,0.2,0.4,0.3,false,0.05,0.1,0.1,0.05,4.39889510625904E+018,15,0.073698868067763,0.0000000239038493,1.392195364E-08,1,3,0.2,0,0.3
bipolarization,homogeneous,30,0,5,0.1,0.4,0.8,0.3,false,0.05,0.1,0.1,0.05,4.34257261248481E+018,30,0.062281274392587,0.0000169099136661,9.60307752244E-06,1,4,0.4,0,0.7
bipolarization,homogeneous,30,0,5,0.1,0.4,0.8,0.3,false,0.05,0.1,0.1,0.05,7.12889348418325E+018,30,0.062281274392587,0.0000169099136661,9.60307752244E-06,1,4,0.4,0,0.7
bipolarization,homogeneous,50,0,6,0.3,0.2,0.4,0.3,false,0.05,0.1,0.1,0.05,8.80361844505413E+018,15,0.073698868067763,0.0000000239038493,1.392195364E-08,1,3,0.2,0,0.3
bipolarization,homogeneous,30,0,5,0.1,0.4,0.8,0.3,false,0.05,0.1,0.1,0.05,4.39889510625904E+018,30,0.062281274392587,0.0000169099136661,9.60307752244E-06,1,4,0.4,0,0.7
bipolarization,homogeneous,30,0,5,0.1,0.4,0.8,0.3,false,0.05,0.1,0.1,0.05,4.47792793694704E+018,30,0.062281274392587,0.0000169099136661,9.60307752244E-06,1,4,0.4,0,0.7
bipolarization,homogeneous,50,0,6,0.3,0.2,0.4,0.3,false,0.05,0.1,0.1,0.05,1.84114252416859E+018,15,0.073698868067763,0.0000000239038493,1.392195364E-08,1,3,0.2,0,0.3
bipolarization,homogeneous,50,0,6,0.3,0.2,0.4,0.3,false,0.05,0.1,0.1,0.05,4.47792793694704E+018,15,0.073698868067763,0.0000000239038493,1.392195364E-08,1,3,0.2,0,0.3
bipolarization,homogeneous,50,0,6,0.3,0.2,0.4,0.3,false,0.05,0.1,0.1,0.05,4.28636038694465E+018,15,0.073698868067763,0.0000000239038493,1.392195364E-08,1,3,0.2,0,0.3
bipolarization,homogeneous,50,0,6,0.3,0.2,0.4,0.3,false,0.05,0.1,0.1,0.05,7.04337208916658E+018,15,0.073698868067763,0.0000000239038493,1.392195364E-08,1,3,0.2,0,0.3
bipolarization,homogeneous,30,0,5,0.1,0.4,0.8,0.3,false,0.05,0.1,0.1,0.05,4.28636038694465E+018,30,0.062281274392587,0.0000169099136661,9.60307752244E-06,1,4,0.4,0,0.7
bipolarization,homogeneous,50,0,6,0.3,0.2,0.4,0.3,false,0.05,0.1,0.1,0.05,4.34257261248481E+018,15,0.073698868067763,0.0000000239038493,1.392195364E-08,1,3,0.2,0,0.3
bipolarization,homogeneous,30,0,5,0.1,0.4,0.8,0.3,false,0.05,0.1,0.1,0.05,7.04337208916658E+018,30,0.062281274392587,0.0000169099136661,9.60307752244E-06,1,4,0.4,0,0.7
bipolarization,homogeneous,50,0,6,0.3,0.2,0.4,0.3,false,0.05,0.1,0.1,0.05,7.12889348418325E+018,15,0.073698868067763,0.0000000239038493,1.392195364E-08,1,3,0.2,0,0.3
bipolarization,homogeneous,50,0,6,0.3,0.2,0.4,0.3,false,0.05,0.1,0.1,0.05,1.09591146466576E+017,15,0.073698868067763,0.0000000239038493,1.392195364E-08,1,3,0.2,0,0.3
bipolarization,homogeneous,30,0,5,0.1,0.4,0.8,0.3,false,0.05,0.1,0.1,0.05,1.84114252416859E+018,30,0.062281274392587,0.0000169099136661,9.60307752244E-06,1,4,0.4,0,0.7
bipolarization,homogeneous,30,0,5,0.1,0.4,0.8,0.3,false,0.05,0.1,0.1,0.05,6.90547037085634E+018,30,0.062281274392587,0.0000169099136661,9.60307752244E-06,1,4,0.4,0,0.7
bipolarization,heterogeneous,42,2,2,0.5,0.3,0.8,0.2,false,0.05,0.1,0.1,0.05,7.24071359189169E+018,15,0.144098619792963,3.02246E-12,1.98894E-12,1,4,0.5,0,0
bipolarization,heterogeneous,42,2,2,0.5,0.3,0.8,0.2,false,0.05,0.1,0.1,0.05,4.6926904669588E+018,15,0.144098619792963,3.02246E-12,1.98894E-12,1,4,0.5,0,0
bipolarization,heterogeneous,42,2,2,0.5,0.3,0.8,0.2,false,0.05,0.1,0.1,0.05,1.09591146466576E+017,15,0.144098619792963,3.02246E-12,1.98894E-12,1,4,0.5,0,0
bipolarization,heterogeneous,42,2,2,0.5,0.3,0.8,0.2,false,0.05,0.1,0.1,0.05,8.63617513033061E+018,15,0.144098619792963,3.02246E-12,1.98894E-12,1,4,0.5,0,0
bipolarization,heterogeneous,42,2,2,0.5,0.3,0.8,0.2,false,0.05,0.1,0.1,0.05,4.39889510625904E+018,15,0.144098619792963,3.02246E-12,1.98894E-12,1,4,0.5,0,0
bipolarization,heterogeneous,42,2,2,0.5,0.3,0.8,0.2,false,0.05,0.1,0.1,0.05,7.13900204836315E+018,15,0.144098619792963,3.02246E-12,1.98894E-12,1,4,0.5,0,0
bipolarization,heterogeneous,42,2,2,0.5,0.3,0.8,0.2,false,0.05,0.1,0.1,0.05,6.90547037085634E+018,15,0.144098619792963,3.02246E-12,1.98894E-12,1,4,0.5,0,0
bipolarization,heterogeneous,42,2,2,0.5,0.3,0.8,0.2,false,0.05,0.1,0.1,0.05,1.84114252416859E+018,15,0.144098619792963,3.02246E-12,1.98894E-12,1,4,0.5,0,0
bipolarization,heterogeneous,42,2,2,0.5,0.3,0.8,0.2,false,0.05,0.1,0.1,0.05,4.47792793694704E+018,15,0.144098619792963,3.02246E-12,1.98894E-12,1,4,0.5,0,0
bipolarization,heterogeneous,42,2,2,0.5,0.3,0.8,0.2,false,0.05,0.1,0.1,0.05,8.80361844505413E+018,15,0.144098619792963,3.02246E-12,1.98894E-12,1,4,0.5,0,0
bipolarization,heterogeneous,42,2,2,0.5,0.3,0.8,0.2,false,0.05,0.1,0.1,0.05,4.34257261248481E+018,15,0.144098619792963,3.02246E-12,1.98894E-12,1,4,0.5,0,0
bipolarization,heterogeneous,42,2,2,0.5,0.3,0.8,0.2,false,0.05,0.1,0.1,0.05,4.28636038694465E+018,15,0.144098619792963,3.02246E-12,1.98894E-12,1,4,0.5,0,0
bipolarization,heterogeneous,42,2,2,0.5,0.3,0.8,0.2,false,0.05,0.1,0.1,0.05,7.04337208916658E+018,15,0.144098619792963,3.02246E-12,1.98894E-12,1,4,0.5,0,0
bipolarization,heterogeneous,42,2,2,0.5,0.3,0.8,0.2,false,0.05,0.1,0.1,0.05,5.70257702789059E+018,15,0.144098619792963,3.02246E-12,1.98894E-12,1,4,0.5,0,0
bipolarization,heterogeneous,28,3,3,0.1,0.3,0.4,0.2,false,0.05,0.1,0.1,0.05,7.24071359189169E+018,30,0.0805521366850952,7.70385938319E-06,5.29549459258E-06,1,4,0.1,0,0.7
bipolarization,heterogeneous,21,3,3,0.3,0.2,0.7,0.2,false,0.05,0.1,0.1,0.05,7.24071359189169E+018,15,0.10946663671212,2.9766853927E-07,1.9202288368E-07,1,4,0.5,0,0.7
bipolarization,heterogeneous,21,3,3,0.3,0.2,0.7,0.2,false,0.05,0.1,0.1,0.05,7.13900204836315E+018,15,0.10946663671212,2.9766853927E-07,1.9202288368E-07,1,4,0.5,0,0.7
bipolarization,heterogeneous,42,2,2,0.5,0.3,0.8,0.2,false,0.05,0.1,0.1,0.05,7.12889348418325E+018,15,0.144098619792963,3.02246E-12,1.98894E-12,1,4,0.5,0,0
bipolarization,heterogeneous,28,3,3,0.1,0.3,0.4,0.2,false,0.05,0.1,0.1,0.05,8.63617513033061E+018,30,0.0805521366850952,7.70385938319E-06,5.29549459258E-06,1,4,0.1,0,0.7
bipolarization,heterogeneous,28,3,3,0.1,0.3,0.4,0.2,false,0.05,0.1,0.1,0.05,5.70257702789059E+018,30,0.0805521366850952,7.70385938319E-06,5.29549459258E-06,1,4,0.1,0,0.7
bipolarization,heterogeneous,28,3,3,0.1,0.3,0.4,0.2,false,0.05,0.1,0.1,0.05,4.6926904669588E+018,30,0.0805521366850952,7.70385938319E-06,5.29549459258E-06,1,4,0.1,0,0.7
bipolarization,heterogeneous,28,3,3,0.1,0.3,0.4,0.2,false,0.05,0.1,0.1,0.05,1.84114252416859E+018,30,0.0805521366850952,7.70385938319E-06,5.29549459258E-06,1,4,0.1,0,0.7
bipolarization,heterogeneous,28,3,3,0.1,0.3,0.4,0.2,false,0.05,0.1,0.1,0.05,7.13900204836315E+018,30,0.0805521366850952,7.70385938319E-06,5.29549459258E-06,1,4,0.1,0,0.7
bipolarization,heterogeneous,28,3,3,0.1,0.3,0.4,0.2,false,0.05,0.1,0.1,0.05,6.90547037085634E+018,30,0.0805521366850952,7.70385938319E-06,5.29549459258E-06,1,4,0.1,0,0.7
bipolarization,heterogeneous,21,3,3,0.3,0.2,0.7,0.2,false,0.05,0.1,0.1,0.05,4.6926904669588E+018,15,0.10946663671212,2.9766853927E-07,1.9202288368E-07,1,4,0.5,0,0.7
bipolarization,heterogeneous,28,3,3,0.1,0.3,0.4,0.2,false,0.05,0.1,0.1,0.05,7.04337208916658E+018,30,0.0805521366850952,7.70385938319E-06,5.29549459258E-06,1,4,0.1,0,0.7
bipolarization,heterogeneous,21,3,3,0.3,0.2,0.7,0.2,false,0.05,0.1,0.1,0.05,4.39889510625904E+018,15,0.10946663671212,2.9766853927E-07,1.9202288368E-07,1,4,0.5,0,0.7
bipolarization,heterogeneous,21,3,3,0.3,0.2,0.7,0.2,false,0.05,0.1,0.1,0.05,6.90547037085634E+018,15,0.10946663671212,2.9766853927E-07,1.9202288368E-07,1,4,0.5,0,0.7
bipolarization,heterogeneous,28,3,3,0.1,0.3,0.4,0.2,false,0.05,0.1,0.1,0.05,4.34257261248481E+018,30,0.0805521366850952,7.70385938319E-06,5.29549459258E-06,1,4,0.1,0,0.7
bipolarization,heterogeneous,28,3,3,0.1,0.3,0.4,0.2,false,0.05,0.1,0.1,0.05,1.09591146466576E+017,30,0.0805521366850952,7.70385938319E-06,5.29549459258E-06,1,4,0.1,0,0.7
bipolarization,heterogeneous,21,3,3,0.3,0.2,0.7,0.2,false,0.05,0.1,0.1,0.05,8.63617513033061E+018,15,0.10946663671212,2.9766853927E-07,1.9202288368E-07,1,4,0.5,0,0.7
bipolarization,heterogeneous,21,3,3,0.3,0.2,0.7,0.2,false,0.05,0.1,0.1,0.05,1.84114252416859E+018,15,0.10946663671212,2.9766853927E-07,1.9202288368E-07,1,4,0.5,0,0.7
bipolarization,heterogeneous,28,3,3,0.1,0.3,0.4,0.2,false,0.05,0.1,0.1,0.05,7.12889348418325E+018,30,0.0805521366850952,7.70385938319E-06,5.29549459258E-06,1,4,0.1,0,0.7
bipolarization,heterogeneous,21,3,3,0.3,0.2,0.7,0.2,false,0.05,0.1,0.1,0.05,1.09591146466576E+017,15,0.10946663671212,2.9766853927E-07,1.9202288368E-07,1,4,0.5,0,0.7
bipolarization,homogeneous,50,0,6,0.5,0.4,0.8,0.1,false,0.05,0.1,0.1,0.05,7.24071359189169E+018,15,0.0784411223541227,1.991463E-10,1.5691043E-10,1,3,0.4,0,0
bipolarization,heterogeneous,21,3,3,0.3,0.2,0.7,0.2,false,0.05,0.1,0.1,0.05,5.70257702789059E+018,15,0.10946663671212,2.9766853927E-07,1.9202288368E-07,1,4,0.5,0,0.7
bipolarization,heterogeneous,21,3,3,0.3,0.2,0.7,0.2,false,0.05,0.1,0.1,0.05,4.34257261248481E+018,15,0.10946663671212,2.9766853927E-07,1.9202288368E-07,1,4,0.5,0,0.7
bipolarization,heterogeneous,28,3,3,0.1,0.3,0.4,0.2,false,0.05,0.1,0.1,0.05,4.39889510625904E+018,30,0.0805521366850952,7.70385938319E-06,5.29549459258E-06,1,4,0.1,0,0.7
bipolarization,heterogeneous,21,3,3,0.3,0.2,0.7,0.2,false,0.05,0.1,0.1,0.05,8.80361844505413E+018,15,0.10946663671212,2.9766853927E-07,1.9202288368E-07,1,4,0.5,0,0.7
bipolarization,homogeneous,50,0,6,0.5,0.4,0.8,0.1,false,0.05,0.1,0.1,0.05,7.13900204836315E+018,15,0.0784411223541227,1.991463E-10,1.5691043E-10,1,3,0.4,0,0
bipolarization,heterogeneous,28,3,3,0.1,0.3,0.4,0.2,false,0.05,0.1,0.1,0.05,4.28636038694465E+018,30,0.0805521366850952,7.70385938319E-06,5.29549459258E-06,1,4,0.1,0,0.7
bipolarization,heterogeneous,21,3,3,0.3,0.2,0.7,0.2,false,0.05,0.1,0.1,0.05,4.47792793694704E+018,15,0.10946663671212,2.9766853927E-07,1.9202288368E-07,1,4,0.5,0,0.7
bipolarization,heterogeneous,21,3,3,0.3,0.2,0.7,0.2,false,0.05,0.1,0.1,0.05,4.28636038694465E+018,15,0.10946663671212,2.9766853927E-07,1.9202288368E-07,1,4,0.5,0,0.7
bipolarization,heterogeneous,28,3,3,0.1,0.3,0.4,0.2,false,0.05,0.1,0.1,0.05,8.80361844505413E+018,30,0.0805521366850952,7.70385938319E-06,5.29549459258E-06,1,4,0.1,0,0.7
bipolarization,heterogeneous,21,3,3,0.3,0.2,0.7,0.2,false,0.05,0.1,0.1,0.05,7.12889348418325E+018,15,0.10946663671212,2.9766853927E-07,1.9202288368E-07,1,4,0.5,0,0.7
bipolarization,heterogeneous,21,3,3,0.3,0.2,0.7,0.2,false,0.05,0.1,0.1,0.05,7.04337208916658E+018,15,0.10946663671212,2.9766853927E-07,1.9202288368E-07,1,4,0.5,0,0.7
bipolarization,homogeneous,50,0,6,0.5,0.4,0.8,0.1,false,0.05,0.1,0.1,0.05,6.90547037085634E+018,15,0.0784411223541227,1.991463E-10,1.5691043E-10,1,3,0.4,0,0
bipolarization,homogeneous,50,0,6,0.5,0.4,0.8,0.1,false,0.05,0.1,0.1,0.05,8.63617513033061E+018,15,0.0784411223541227,1.991463E-10,1.5691043E-10,1,3,0.4,0,0
bipolarization,heterogeneous,28,3,3,0.1,0.3,0.4,0.2,false,0.05,0.1,0.1,0.05,4.47792793694704E+018,30,0.0805521366850952,7.70385938319E-06,5.29549459258E-06,1,4,0.1,0,0.7
bipolarization,homogeneous,50,0,6,0.5,0.4,0.8,0.1,false,0.05,0.1,0.1,0.05,5.70257702789059E+018,15,0.0784411223541227,1.991463E-10,1.5691043E-10,1,3,0.4,0,0
bipolarization,homogeneous,50,0,6,0.5,0.4,0.8,0.1,false,0.05,0.1,0.1,0.05,1.84114252416859E+018,15,0.0784411223541227,1.991463E-10,1.5691043E-10,1,3,0.4,0,0
bipolarization,homogeneous,50,0,6,0.5,0.4,0.8,0.1,false,0.05,0.1,0.1,0.05,8.80361844505413E+018,15,0.0784411223541227,1.991463E-10,1.5691043E-10,1,3,0.4,0,0
bipolarization,homogeneous,50,0,6,0.5,0.4,0.8,0.1,false,0.05,0.1,0.1,0.05,7.04337208916658E+018,15,0.0784411223541227,1.991463E-10,1.5691043E-10,1,3,0.4,0,0
bipolarization,homogeneous,50,0,6,0.5,0.4,0.8,0.1,false,0.05,0.1,0.1,0.05,4.6926904669588E+018,15,0.0784411223541227,1.991463E-10,1.5691043E-10,1,3,0.4,0,0
bipolarization,homogeneous,50,0,6,0.5,0.4,0.8,0.1,false,0.05,0.1,0.1,0.05,4.34257261248481E+018,15,0.0784411223541227,1.991463E-10,1.5691043E-10,1,3,0.4,0,0
bipolarization,homogeneous,50,0,6,0.5,0.4,0.8,0.1,false,0.05,0.1,0.1,0.05,7.12889348418325E+018,15,0.0784411223541227,1.991463E-10,1.5691043E-10,1,3,0.4,0,0
bipolarization,homogeneous,50,0,6,0.5,0.4,0.8,0.1,false,0.05,0.1,0.1,0.05,1.09591146466576E+017,15,0.0784411223541227,1.991463E-10,1.5691043E-10,1,3,0.4,0,0
bipolarization,homogeneous,50,0,6,0.5,0.4,0.8,0.1,false,0.05,0.1,0.1,0.05,4.39889510625904E+018,15,0.0784411223541227,1.991463E-10,1.5691043E-10,1,3,0.4,0,0
bipolarization,homogeneous,50,0,6,0.5,0.4,0.8,0.1,false,0.05,0.1,0.1,0.05,4.28636038694465E+018,15,0.0784411223541227,1.991463E-10,1.5691043E-10,1,3,0.4,0,0
bipolarization,homogeneous,50,0,6,0.5,0.4,0.8,0.1,false,0.05,0.1,0.1,0.05,4.47792793694704E+018,15,0.0784411223541227,1.991463E-10,1.5691043E-10,1,3,0.4,0,0
bipolarization,heterogeneous,7,3,3,0.2,0.3,0.4,0.1,false,0.05,0.1,0.1,0.05,4.47792793694704E+018,25,0.460199573801142,0.138548592885696,0.22083544935277,2,4,0.1,1.33333333333333,1
bipolarization,heterogeneous,7,3,3,0.2,0.3,0.4,0.1,false,0.05,0.1,0.1,0.05,4.39889510625904E+018,25,0.460199573801142,0.138548592885696,0.22083544935277,2,4,0.1,1.33333333333333,1
bipolarization,heterogeneous,7,3,3,0.2,0.3,0.4,0.1,false,0.05,0.1,0.1,0.05,4.6926904669588E+018,25,0.460199573801142,0.138548592885696,0.22083544935277,2,4,0.1,1.33333333333333,1
bipolarization,heterogeneous,7,3,3,0.2,0.3,0.4,0.1,false,0.05,0.1,0.1,0.05,7.13900204836315E+018,25,0.460199573801142,0.138548592885696,0.22083544935277,2,4,0.1,1.33333333333333,1
bipolarization,heterogeneous,7,3,3,0.2,0.3,0.4,0.1,false,0.05,0.1,0.1,0.05,1.84114252416859E+018,25,0.460199573801142,0.138548592885696,0.22083544935277,2,4,0.1,1.33333333333333,1
bipolarization,heterogeneous,7,3,3,0.2,0.3,0.4,0.1,false,0.05,0.1,0.1,0.05,1.09591146466576E+017,25,0.460199573801142,0.138548592885696,0.22083544935277,2,4,0.1,1.33333333333333,1
bipolarization,heterogeneous,7,3,3,0.2,0.3,0.4,0.1,false,0.05,0.1,0.1,0.05,4.34257261248481E+018,25,0.460199573801142,0.138548592885696,0.22083544935277,2,4,0.1,1.33333333333333,1
bipolarization,heterogeneous,7,3,3,0.2,0.3,0.4,0.1,false,0.05,0.1,0.1,0.05,8.63617513033061E+018,25,0.460199573801142,0.138548592885696,0.22083544935277,2,4,0.1,1.33333333333333,1
bipolarization,heterogeneous,7,3,3,0.2,0.3,0.4,0.1,false,0.05,0.1,0.1,0.05,5.70257702789059E+018,25,0.460199573801142,0.138548592885696,0.22083544935277,2,4,0.1,1.33333333333333,1
bipolarization,heterogeneous,7,3,3,0.2,0.3,0.4,0.1,false,0.05,0.1,0.1,0.05,7.24071359189169E+018,25,0.460199573801142,0.138548592885696,0.22083544935277,2,4,0.1,1.33333333333333,1
bipolarization,heterogeneous,7,3,3,0.2,0.3,0.4,0.1,false,0.05,0.1,0.1,0.05,6.90547037085634E+018,25,0.460199573801142,0.138548592885696,0.22083544935277,2,4,0.1,1.33333333333333,1
bipolarization,heterogeneous,7,3,3,0.2,0.3,0.4,0.1,false,0.05,0.1,0.1,0.05,4.28636038694465E+018,25,0.460199573801142,0.138548592885696,0.22083544935277,2,4,0.1,1.33333333333333,1
bipolarization,homogeneous,22,0,6,0.1,0.4,0.6,0.2,false,0.05,0.1,0.1,0.05,7.13900204836315E+018,25,0.0350962830762244,9.88393243211E-06,1.148129644506E-05,1,3,0.2,0,0
bipolarization,heterogeneous,7,3,3,0.2,0.3,0.4,0.1,false,0.05,0.1,0.1,0.05,7.04337208916658E+018,25,0.460199573801142,0.138548592885696,0.22083544935277,2,4,0.1,1.33333333333333,1
bipolarization,heterogeneous,7,3,3,0.2,0.3,0.4,0.1,false,0.05,0.1,0.1,0.05,8.80361844505413E+018,25,0.460199573801142,0.138548592885696,0.22083544935277,2,4,0.1,1.33333333333333,1
bipolarization,heterogeneous,7,3,3,0.2,0.3,0.4,0.1,false,0.05,0.1,0.1,0.05,7.12889348418325E+018,25,0.460199573801142,0.138548592885696,0.22083544935277,2,4,0.1,1.33333333333333,1
bipolarization,homogeneous,22,0,6,0.1,0.4,0.6,0.2,false,0.05,0.1,0.1,0.05,7.24071359189169E+018,25,0.0350962830762244,9.88393243211E-06,1.148129644506E-05,1,3,0.2,0,0
bipolarization,homogeneous,22,0,6,0.1,0.4,0.6,0.2,false,0.05,0.1,0.1,0.05,4.6926904669588E+018,25,0.0350962830762244,9.88393243211E-06,1.148129644506E-05,1,3,0.2,0,0
bipolarization,homogeneous,22,0,6,0.1,0.4,0.6,0.2,false,0.05,0.1,0.1,0.05,6.90547037085634E+018,25,0.0350962830762244,9.88393243211E-06,1.148129644506E-05,1,3,0.2,0,0
bipolarization,homogeneous,43,0,5,0.2,0.3,0.8,0.1,false,0.05,0.1,0.1,0.05,7.24071359189169E+018,15,0.0454389484800414,1.77146462556E-06,1.00537051464E-06,1,3,0.5,0,0.3
bipolarization,homogeneous,22,0,6,0.1,0.4,0.6,0.2,false,0.05,0.1,0.1,0.05,4.39889510625904E+018,25,0.0350962830762244,9.88393243211E-06,1.148129644506E-05,1,3,0.2,0,0
bipolarization,homogeneous,22,0,6,0.1,0.4,0.6,0.2,false,0.05,0.1,0.1,0.05,5.70257702789059E+018,25,0.0350962830762244,9.88393243211E-06,1.148129644506E-05,1,3,0.2,0,0
bipolarization,homogeneous,22,0,6,0.1,0.4,0.6,0.2,false,0.05,0.1,0.1,0.05,8.63617513033061E+018,25,0.0350962830762244,9.88393243211E-06,1.148129644506E-05,1,3,0.2,0,0
bipolarization,heterogeneous,15,3,3,0.1,0.2,0.6,0.3,false,0.05,0.1,0.1,0.05,8.63617513033061E+018,45,0.0972688999397864,9.01931299414E-06,6.51917922577E-06,1,4,0.4,0,1
bipolarization,homogeneous,43,0,5,0.2,0.3,0.8,0.1,false,0.05,0.1,0.1,0.05,7.13900204836315E+018,15,0.0454389484800414,1.77146462556E-06,1.00537051464E-06,1,3,0.5,0,0.3
bipolarization,homogeneous,43,0,5,0.2,0.3,0.8,0.1,false,0.05,0.1,0.1,0.05,4.6926904669588E+018,15,0.0454389484800414,1.77146462556E-06,1.00537051464E-06,1,3,0.5,0,0.3
bipolarization,heterogeneous,15,3,3,0.1,0.2,0.6,0.3,false,0.05,0.1,0.1,0.05,1.84114252416859E+018,45,0.0972688999397864,9.01931299414E-06,6.51917922577E-06,1,4,0.4,0,1
bipolarization,homogeneous,22,0,6,0.1,0.4,0.6,0.2,false,0.05,0.1,0.1,0.05,8.80361844505413E+018,25,0.0350962830762244,9.88393243211E-06,1.148129644506E-05,1,3,0.2,0,0
bipolarization,heterogeneous,15,3,3,0.1,0.2,0.6,0.3,false,0.05,0.1,0.1,0.05,4.39889510625904E+018,45,0.0972688999397864,9.01931299414E-06,6.51917922577E-06,1,4,0.4,0,1
bipolarization,homogeneous,43,0,5,0.2,0.3,0.8,0.1,false,0.05,0.1,0.1,0.05,5.70257702789059E+018,15,0.0454389484800414,1.77146462556E-06,1.00537051464E-06,1,3,0.5,0,0.3
bipolarization,homogeneous,22,0,6,0.1,0.4,0.6,0.2,false,0.05,0.1,0.1,0.05,1.84114252416859E+018,25,0.0350962830762244,9.88393243211E-06,1.148129644506E-05,1,3,0.2,0,0
bipolarization,homogeneous,43,0,5,0.2,0.3,0.8,0.1,false,0.05,0.1,0.1,0.05,8.63617513033061E+018,15,0.0454389484800414,1.77146462556E-06,1.00537051464E-06,1,3,0.5,0,0.3
bipolarization,heterogeneous,15,3,3,0.1,0.2,0.6,0.3,false,0.05,0.1,0.1,0.05,7.24071359189169E+018,45,0.0972688999397864,9.01931299414E-06,6.51917922577E-06,1,4,0.4,0,1
bipolarization,homogeneous,22,0,6,0.1,0.4,0.6,0.2,false,0.05,0.1,0.1,0.05,7.12889348418325E+018,25,0.0350962830762244,9.88393243211E-06,1.148129644506E-05,1,3,0.2,0,0
bipolarization,heterogeneous,15,3,3,0.1,0.2,0.6,0.3,false,0.05,0.1,0.1,0.05,7.12889348418325E+018,45,0.0972688999397864,9.01931299414E-06,6.51917922577E-06,1,4,0.4,0,1
bipolarization,homogeneous,22,0,6,0.1,0.4,0.6,0.2,false,0.05,0.1,0.1,0.05,4.34257261248481E+018,25,0.0350962830762244,9.88393243211E-06,1.148129644506E-05,1,3,0.2,0,0
bipolarization,heterogeneous,15,3,3,0.1,0.2,0.6,0.3,false,0.05,0.1,0.1,0.05,4.28636038694465E+018,45,0.0972688999397864,9.01931299414E-06,6.51917922577E-06,1,4,0.4,0,1
bipolarization,heterogeneous,15,3,3,0.1,0.2,0.6,0.3,false,0.05,0.1,0.1,0.05,7.04337208916658E+018,45,0.0972688999397864,9.01931299414E-06,6.51917922577E-06,1,4,0.4,0,1
bipolarization,heterogeneous,15,3,3,0.1,0.2,0.6,0.3,false,0.05,0.1,0.1,0.05,6.90547037085634E+018,45,0.0972688999397864,9.01931299414E-06,6.51917922577E-06,1,4,0.4,0,1
bipolarization,heterogeneous,15,3,3,0.1,0.2,0.6,0.3,false,0.05,0.1,0.1,0.05,1.09591146466576E+017,45,0.0972688999397864,9.01931299414E-06,6.51917922577E-06,1,4,0.4,0,1
bipolarization,heterogeneous,15,3,3,0.1,0.2,0.6,0.3,false,0.05,0.1,0.1,0.05,5.70257702789059E+018,45,0.0972688999397864,9.01931299414E-06,6.51917922577E-06,1,4,0.4,0,1
bipolarization,homogeneous,43,0,5,0.2,0.3,0.8,0.1,false,0.05,0.1,0.1,0.05,6.90547037085634E+018,15,0.0454389484800414,1.77146462556E-06,1.00537051464E-06,1,3,0.5,0,0.3
bipolarization,heterogeneous,15,3,3,0.1,0.2,0.6,0.3,false,0.05,0.1,0.1,0.05,4.6926904669588E+018,45,0.0972688999397864,9.01931299414E-06,6.51917922577E-06,1,4,0.4,0,1
bipolarization,homogeneous,22,0,6,0.1,0.4,0.6,0.2,false,0.05,0.1,0.1,0.05,1.09591146466576E+017,25,0.0350962830762244,9.88393243211E-06,1.148129644506E-05,1,3,0.2,0,0
bipolarization,heterogeneous,15,3,3,0.1,0.2,0.6,0.3,false,0.05,0.1,0.1,0.05,8.80361844505413E+018,45,0.0972688999397864,9.01931299414E-06,6.51917922577E-06,1,4,0.4,0,1
bipolarization,homogeneous,22,0,6,0.1,0.4,0.6,0.2,false,0.05,0.1,0.1,0.05,4.47792793694704E+018,25,0.0350962830762244,9.88393243211E-06,1.148129644506E-05,1,3,0.2,0,0
bipolarization,heterogeneous,15,3,3,0.1,0.2,0.6,0.3,false,0.05,0.1,0.1,0.05,4.34257261248481E+018,45,0.0972688999397864,9.01931299414E-06,6.51917922577E-06,1,4,0.4,0,1
bipolarization,homogeneous,22,0,6,0.1,0.4,0.6,0.2,false,0.05,0.1,0.1,0.05,4.28636038694465E+018,25,0.0350962830762244,9.88393243211E-06,1.148129644506E-05,1,3,0.2,0,0
bipolarization,heterogeneous,15,3,3,0.1,0.2,0.6,0.3,false,0.05,0.1,0.1,0.05,7.13900204836315E+018,45,0.0972688999397864,9.01931299414E-06,6.51917922577E-06,1,4,0.4,0,1
bipolarization,homogeneous,22,0,6,0.1,0.4,0.6,0.2,false,0.05,0.1,0.1,0.05,7.04337208916658E+018,25,0.0350962830762244,9.88393243211E-06,1.148129644506E-05,1,3,0.2,0,0
bipolarization,homogeneous,43,0,5,0.2,0.3,0.8,0.1,false,0.05,0.1,0.1,0.05,7.12889348418325E+018,15,0.0454389484800414,1.77146462556E-06,1.00537051464E-06,1,3,0.5,0,0.3
bipolarization,heterogeneous,15,3,3,0.1,0.2,0.6,0.3,false,0.05,0.1,0.1,0.05,4.47792793694704E+018,45,0.0972688999397864,9.01931299414E-06,6.51917922577E-06,1,4,0.4,0,1
bipolarization,homogeneous,43,0,5,0.2,0.3,0.8,0.1,false,0.05,0.1,0.1,0.05,8.80361844505413E+018,15,0.0454389484800414,1.77146462556E-06,1.00537051464E-06,1,3,0.5,0,0.3
bipolarization,homogeneous,43,0,5,0.2,0.3,0.8,0.1,false,0.05,0.1,0.1,0.05,7.04337208916658E+018,15,0.0454389484800414,1.77146462556E-06,1.00537051464E-06,1,3,0.5,0,0.3
bipolarization,heterogeneous,19,2,2,0.2,0.4,0.5,0.1,false,0.05,0.1,0.1,0.05,1.84114252416859E+018,15,0.155903538165701,3.73622716161E-06,2.46138452825E-06,1,3,0.1,0,0.7
bipolarization,homogeneous,43,0,5,0.2,0.3,0.8,0.1,false,0.05,0.1,0.1,0.05,4.39889510625904E+018,15,0.0454389484800414,1.77146462556E-06,1.00537051464E-06,1,3,0.5,0,0.3
bipolarization,heterogeneous,19,2,2,0.2,0.4,0.5,0.1,false,0.05,0.1,0.1,0.05,4.6926904669588E+018,15,0.155903538165701,3.73622716161E-06,2.46138452825E-06,1,3,0.1,0,0.7
bipolarization,heterogeneous,19,2,2,0.2,0.4,0.5,0.1,false,0.05,0.1,0.1,0.05,8.63617513033061E+018,15,0.155903538165701,3.73622716161E-06,2.46138452825E-06,1,3,0.1,0,0.7
bipolarization,heterogeneous,19,2,2,0.2,0.4,0.5,0.1,false,0.05,0.1,0.1,0.05,5.70257702789059E+018,15,0.155903538165701,3.73622716161E-06,2.46138452825E-06,1,3,0.1,0,0.7
bipolarization,homogeneous,43,0,5,0.2,0.3,0.8,0.1,false,0.05,0.1,0.1,0.05,1.84114252416859E+018,15,0.0454389484800414,1.77146462556E-06,1.00537051464E-06,1,3,0.5,0,0.3
bipolarization,heterogeneous,19,2,2,0.2,0.4,0.5,0.1,false,0.05,0.1,0.1,0.05,8.80361844505413E+018,15,0.155903538165701,3.73622716161E-06,2.46138452825E-06,1,3,0.1,0,0.7
bipolarization,homogeneous,43,0,5,0.2,0.3,0.8,0.1,false,0.05,0.1,0.1,0.05,1.09591146466576E+017,15,0.0454389484800414,1.77146462556E-06,1.00537051464E-06,1,3,0.5,0,0.3
bipolarization,homogeneous,43,0,5,0.2,0.3,0.8,0.1,false,0.05,0.1,0.1,0.05,4.34257261248481E+018,15,0.0454389484800414,1.77146462556E-06,1.00537051464E-06,1,3,0.5,0,0.3
bipolarization,homogeneous,43,0,5,0.2,0.3,0.8,0.1,false,0.05,0.1,0.1,0.05,4.28636038694465E+018,15,0.0454389484800414,1.77146462556E-06,1.00537051464E-06,1,3,0.5,0,0.3
bipolarization,heterogeneous,19,2,2,0.2,0.4,0.5,0.1,false,0.05,0.1,0.1,0.05,6.90547037085634E+018,15,0.155903538165701,3.73622716161E-06,2.46138452825E-06,1,3,0.1,0,0.7
bipolarization,homogeneous,43,0,5,0.2,0.3,0.8,0.1,false,0.05,0.1,0.1,0.05,4.47792793694704E+018,15,0.0454389484800414,1.77146462556E-06,1.00537051464E-06,1,3,0.5,0,0.3
bipolarization,heterogeneous,19,2,2,0.2,0.4,0.5,0.1,false,0.05,0.1,0.1,0.05,7.24071359189169E+018,15,0.155903538165701,3.73622716161E-06,2.46138452825E-06,1,3,0.1,0,0.7
bipolarization,heterogeneous,19,2,2,0.2,0.4,0.5,0.1,false,0.05,0.1,0.1,0.05,7.13900204836315E+018,15,0.155903538165701,3.73622716161E-06,2.46138452825E-06,1,3,0.1,0,0.7
bipolarization,heterogeneous,19,2,2,0.2,0.4,0.5,0.1,false,0.05,0.1,0.1,0.05,4.47792793694704E+018,15,0.155903538165701,3.73622716161E-06,2.46138452825E-06,1,3,0.1,0,0.7
bipolarization,heterogeneous,19,2,2,0.2,0.4,0.5,0.1,false,0.05,0.1,0.1,0.05,1.09591146466576E+017,15,0.155903538165701,3.73622716161E-06,2.46138452825E-06,1,3,0.1,0,0.7
bipolarization,heterogeneous,19,2,2,0.2,0.4,0.5,0.1,false,0.05,0.1,0.1,0.05,4.39889510625904E+018,15,0.155903538165701,3.73622716161E-06,2.46138452825E-06,1,3,0.1,0,0.7
bipolarization,heterogeneous,19,2,2,0.2,0.4,0.5,0.1,false,0.05,0.1,0.1,0.05,7.12889348418325E+018,15,0.155903538165701,3.73622716161E-06,2.46138452825E-06,1,3,0.1,0,0.7
bipolarization,heterogeneous,19,2,2,0.2,0.4,0.5,0.1,false,0.05,0.1,0.1,0.05,4.34257261248481E+018,15,0.155903538165701,3.73622716161E-06,2.46138452825E-06,1,3,0.1,0,0.7
bipolarization,heterogeneous,19,2,2,0.2,0.4,0.5,0.1,false,0.05,0.1,0.1,0.05,4.28636038694465E+018,15,0.155903538165701,3.73622716161E-06,2.46138452825E-06,1,3,0.1,0,0.7
bipolarization,heterogeneous,19,2,2,0.2,0.4,0.5,0.1,false,0.05,0.1,0.1,0.05,7.04337208916658E+018,15,0.155903538165701,3.73622716161E-06,2.46138452825E-06,1,3,0.1,0,0.7
bipolarization,heterogeneous,37,3,3,0.2,0.2,0.5,0.3,false,0.05,0.1,0.1,0.05,6.90547037085634E+018,20,0.100023099212882,1.61015234173E-06,1.01024320267E-06,1,3,0.3,0,0.5
bipolarization,heterogeneous,37,3,3,0.2,0.2,0.5,0.3,false,0.05,0.1,0.1,0.05,7.24071359189169E+018,20,0.100023099212882,1.61015234173E-06,1.01024320267E-06,1,3,0.3,0,0.5
bipolarization,heterogeneous,37,3,3,0.2,0.2,0.5,0.3,false,0.05,0.1,0.1,0.05,7.13900204836315E+018,20,0.100023099212882,1.61015234173E-06,1.01024320267E-06,1,3,0.3,0,0.5
bipolarization,heterogeneous,37,3,3,0.2,0.2,0.5,0.3,false,0.05,0.1,0.1,0.05,4.6926904669588E+018,20,0.100023099212882,1.61015234173E-06,1.01024320267E-06,1,3,0.3,0,0.5
bipolarization,homogeneous,52,0,4,0.2,0.2,0.5,0.2,false,0.05,0.1,0.1,0.05,8.63617513033061E+018,20,0.131219879348317,5.5618079056E-07,2.4840169192E-07,2,2,0.3,0,0
bipolarization,heterogeneous,37,3,3,0.2,0.2,0.5,0.3,false,0.05,0.1,0.1,0.05,8.63617513033061E+018,20,0.100023099212882,1.61015234173E-06,1.01024320267E-06,1,3,0.3,0,0.5
bipolarization,heterogeneous,37,3,3,0.2,0.2,0.5,0.3,false,0.05,0.1,0.1,0.05,4.39889510625904E+018,20,0.100023099212882,1.61015234173E-06,1.01024320267E-06,1,3,0.3,0,0.5
bipolarization,homogeneous,52,0,4,0.2,0.2,0.5,0.2,false,0.05,0.1,0.1,0.05,7.13900204836315E+018,20,0.131219879348317,5.5618079056E-07,2.4840169192E-07,2,2,0.3,0,0
bipolarization,heterogeneous,37,3,3,0.2,0.2,0.5,0.3,false,0.05,0.1,0.1,0.05,5.70257702789059E+018,20,0.100023099212882,1.61015234173E-06,1.01024320267E-06,1,3,0.3,0,0.5
bipolarization,heterogeneous,37,3,3,0.2,0.2,0.5,0.3,false,0.05,0.1,0.1,0.05,4.34257261248481E+018,20,0.100023099212882,1.61015234173E-06,1.01024320267E-06,1,3,0.3,0,0.5
bipolarization,heterogeneous,37,3,3,0.2,0.2,0.5,0.3,false,0.05,0.1,0.1,0.05,1.84114252416859E+018,20,0.100023099212882,1.61015234173E-06,1.01024320267E-06,1,3,0.3,0,0.5
bipolarization,homogeneous,52,0,4,0.2,0.2,0.5,0.2,false,0.05,0.1,0.1,0.05,4.39889510625904E+018,20,0.131219879348317,5.5618079056E-07,2.4840169192E-07,2,2,0.3,0,0
bipolarization,heterogeneous,37,3,3,0.2,0.2,0.5,0.3,false,0.05,0.1,0.1,0.05,8.80361844505413E+018,20,0.100023099212882,1.61015234173E-06,1.01024320267E-06,1,3,0.3,0,0.5
bipolarization,homogeneous,52,0,4,0.2,0.2,0.5,0.2,false,0.05,0.1,0.1,0.05,6.90547037085634E+018,20,0.131219879348317,5.5618079056E-07,2.4840169192E-07,2,2,0.3,0,0
bipolarization,homogeneous,52,0,4,0.2,0.2,0.5,0.2,false,0.05,0.1,0.1,0.05,7.24071359189169E+018,20,0.131219879348317,5.5618079056E-07,2.4840169192E-07,2,2,0.3,0,0
bipolarization,homogeneous,52,0,4,0.2,0.2,0.5,0.2,false,0.05,0.1,0.1,0.05,1.84114252416859E+018,20,0.131219879348317,5.5618079056E-07,2.4840169192E-07,2,2,0.3,0,0
bipolarization,homogeneous,52,0,4,0.2,0.2,0.5,0.2,false,0.05,0.1,0.1,0.05,4.6926904669588E+018,20,0.131219879348317,5.5618079056E-07,2.4840169192E-07,2,2,0.3,0,0
bipolarization,homogeneous,52,0,4,0.2,0.2,0.5,0.2,false,0.05,0.1,0.1,0.05,5.70257702789059E+018,20,0.131219879348317,5.5618079056E-07,2.4840169192E-07,2,2,0.3,0,0
bipolarization,heterogeneous,18,2,2,0.2,0.2,0.4,0.3,false,0.05,0.1,0.1,0.05,7.24071359189169E+018,15,0.0598572753232276,0.0241315746993329,0.0214335814780728,2,3,0.2,0,0.5
bipolarization,heterogeneous,37,3,3,0.2,0.2,0.5,0.3,false,0.05,0.1,0.1,0.05,7.04337208916658E+018,20,0.100023099212882,1.61015234173E-06,1.01024320267E-06,1,3,0.3,0,0.5
bipolarization,heterogeneous,37,3,3,0.2,0.2,0.5,0.3,false,0.05,0.1,0.1,0.05,4.47792793694704E+018,20,0.100023099212882,1.61015234173E-06,1.01024320267E-06,1,3,0.3,0,0.5
bipolarization,homogeneous,52,0,4,0.2,0.2,0.5,0.2,false,0.05,0.1,0.1,0.05,8.80361844505413E+018,20,0.131219879348317,5.5618079056E-07,2.4840169192E-07,2,2,0.3,0,0
bipolarization,heterogeneous,37,3,3,0.2,0.2,0.5,0.3,false,0.05,0.1,0.1,0.05,1.09591146466576E+017,20,0.100023099212882,1.61015234173E-06,1.01024320267E-06,1,3,0.3,0,0.5
bipolarization,heterogeneous,18,2,2,0.2,0.2,0.4,0.3,false,0.05,0.1,0.1,0.05,7.13900204836315E+018,15,0.0598572753232276,0.0241315746993329,0.0214335814780728,2,3,0.2,0,0.5
bipolarization,homogeneous,52,0,4,0.2,0.2,0.5,0.2,false,0.05,0.1,0.1,0.05,1.09591146466576E+017,20,0.131219879348317,5.5618079056E-07,2.4840169192E-07,2,2,0.3,0,0
bipolarization,homogeneous,52,0,4,0.2,0.2,0.5,0.2,false,0.05,0.1,0.1,0.05,4.47792793694704E+018,20,0.131219879348317,5.5618079056E-07,2.4840169192E-07,2,2,0.3,0,0
bipolarization,homogeneous,52,0,4,0.2,0.2,0.5,0.2,false,0.05,0.1,0.1,0.05,4.34257261248481E+018,20,0.131219879348317,5.5618079056E-07,2.4840169192E-07,2,2,0.3,0,0
bipolarization,homogeneous,52,0,4,0.2,0.2,0.5,0.2,false,0.05,0.1,0.1,0.05,7.04337208916658E+018,20,0.131219879348317,5.5618079056E-07,2.4840169192E-07,2,2,0.3,0,0
bipolarization,heterogeneous,18,2,2,0.2,0.2,0.4,0.3,false,0.05,0.1,0.1,0.05,4.6926904669588E+018,15,0.0598572753232276,0.0241315746993329,0.0214335814780728,2,3,0.2,0,0.5
bipolarization,homogeneous,52,0,4,0.2,0.2,0.5,0.2,false,0.05,0.1,0.1,0.05,7.12889348418325E+018,20,0.131219879348317,5.5618079056E-07,2.4840169192E-07,2,2,0.3,0,0
bipolarization,heterogeneous,37,3,3,0.2,0.2,0.5,0.3,false,0.05,0.1,0.1,0.05,7.12889348418325E+018,20,0.100023099212882,1.61015234173E-06,1.01024320267E-06,1,3,0.3,0,0.5
bipolarization,heterogeneous,18,2,2,0.2,0.2,0.4,0.3,false,0.05,0.1,0.1,0.05,5.70257702789059E+018,15,0.0598572753232276,0.0241315746993329,0.0214335814780728,2,3,0.2,0,0.5
bipolarization,heterogeneous,18,2,2,0.2,0.2,0.4,0.3,false,0.05,0.1,0.1,0.05,6.90547037085634E+018,15,0.0598572753232276,0.0241315746993329,0.0214335814780728,2,3,0.2,0,0.5
bipolarization,heterogeneous,37,3,3,0.2,0.2,0.5,0.3,false,0.05,0.1,0.1,0.05,4.28636038694465E+018,20,0.100023099212882,1.61015234173E-06,1.01024320267E-06,1,3,0.3,0,0.5
bipolarization,heterogeneous,18,2,2,0.2,0.2,0.4,0.3,false,0.05,0.1,0.1,0.05,7.04337208916658E+018,15,0.0598572753232276,0.0241315746993329,0.0214335814780728,2,3,0.2,0,0.5
bipolarization,homogeneous,52,0,4,0.2,0.2,0.5,0.2,false,0.05,0.1,0.1,0.05,4.28636038694465E+018,20,0.131219879348317,5.5618079056E-07,2.4840169192E-07,2,2,0.3,0,0
bipolarization,heterogeneous,18,2,2,0.2,0.2,0.4,0.3,false,0.05,0.1,0.1,0.05,4.39889510625904E+018,15,0.0598572753232276,0.0241315746993329,0.0214335814780728,2,3,0.2,0,0.5
bipolarization,heterogeneous,18,2,2,0.2,0.2,0.4,0.3,false,0.05,0.1,0.1,0.05,4.34257261248481E+018,15,0.0598572753232276,0.0241315746993329,0.0214335814780728,2,3,0.2,0,0.5
bipolarization,heterogeneous,18,2,2,0.2,0.2,0.4,0.3,false,0.05,0.1,0.1,0.05,4.28636038694465E+018,15,0.0598572753232276,0.0241315746993329,0.0214335814780728,2,3,0.2,0,0.5
bipolarization,heterogeneous,18,2,2,0.2,0.2,0.4,0.3,false,0.05,0.1,0.1,0.05,1.09591146466576E+017,15,0.0598572753232276,0.0241315746993329,0.0214335814780728,2,3,0.2,0,0.5
bipolarization,heterogeneous,18,2,2,0.2,0.2,0.4,0.3,false,0.05,0.1,0.1,0.05,7.12889348418325E+018,15,0.0598572753232276,0.0241315746993329,0.0214335814780728,2,3,0.2,0,0.5
bipolarization,heterogeneous,18,2,2,0.2,0.2,0.4,0.3,false,0.05,0.1,0.1,0.05,8.80361844505413E+018,15,0.0598572753232276,0.0241315746993329,0.0214335814780728,2,3,0.2,0,0.5
bipolarization,heterogeneous,18,2,2,0.2,0.2,0.4,0.3,false,0.05,0.1,0.1,0.05,8.63617513033061E+018,15,0.0598572753232276,0.0241315746993329,0.0214335814780728,2,3,0.2,0,0.5
bipolarization,heterogeneous,18,2,2,0.2,0.2,0.4,0.3,false,0.05,0.1,0.1,0.05,1.84114252416859E+018,15,0.0598572753232276,0.0241315746993329,0.0214335814780728,2,3,0.2,0,0.5
bipolarization,heterogeneous,18,2,2,0.2,0.2,0.4,0.3,false,0.05,0.1,0.1,0.05,4.47792793694704E+018,15,0.0598572753232276,0.0241315746993329,0.0214335814780728,2,3,0.2,0,0.5
bipolarization,heterogeneous,4,3,3,0.3,0.4,0.8,0.1,false,0.05,0.1,0.1,0.05,5.70257702789059E+018,20,0.154620912701423,4.482303657E-08,2.621614165E-08,1,4,0.4,0,1
bipolarization,heterogeneous,4,3,3,0.3,0.4,0.8,0.1,false,0.05,0.1,0.1,0.05,7.24071359189169E+018,20,0.154620912701423,4.482303657E-08,2.621614165E-08,1,4,0.4,0,1
bipolarization,heterogeneous,4,3,3,0.3,0.4,0.8,0.1,false,0.05,0.1,0.1,0.05,7.12889348418325E+018,20,0.154620912701423,4.482303657E-08,2.621614165E-08,1,4,0.4,0,1
bipolarization,heterogeneous,4,3,3,0.3,0.4,0.8,0.1,false,0.05,0.1,0.1,0.05,4.39889510625904E+018,20,0.154620912701423,4.482303657E-08,2.621614165E-08,1,4,0.4,0,1
bipolarization,heterogeneous,4,3,3,0.3,0.4,0.8,0.1,false,0.05,0.1,0.1,0.05,1.09591146466576E+017,20,0.154620912701423,4.482303657E-08,2.621614165E-08,1,4,0.4,0,1
bipolarization,heterogeneous,4,3,3,0.3,0.4,0.8,0.1,false,0.05,0.1,0.1,0.05,8.63617513033061E+018,20,0.154620912701423,4.482303657E-08,2.621614165E-08,1,4,0.4,0,1
bipolarization,heterogeneous,4,3,3,0.3,0.4,0.8,0.1,false,0.05,0.1,0.1,0.05,4.34257261248481E+018,20,0.154620912701423,4.482303657E-08,2.621614165E-08,1,4,0.4,0,1
bipolarization,heterogeneous,4,3,3,0.3,0.4,0.8,0.1,false,0.05,0.1,0.1,0.05,4.6926904669588E+018,20,0.154620912701423,4.482303657E-08,2.621614165E-08,1,4,0.4,0,1
bipolarization,homogeneous,43,0,5,0.2,0.4,0.6,0.3,false,0.05,0.1,0.1,0.05,7.13900204836315E+018,15,0.044717907203919,6.3269967607E-07,0.0000005241485445,1,3,0.2,0,0.5
bipolarization,heterogeneous,4,3,3,0.3,0.4,0.8,0.1,false,0.05,0.1,0.1,0.05,7.13900204836315E+018,20,0.154620912701423,4.482303657E-08,2.621614165E-08,1,4,0.4,0,1
bipolarization,heterogeneous,4,3,3,0.3,0.4,0.8,0.1,false,0.05,0.1,0.1,0.05,6.90547037085634E+018,20,0.154620912701423,4.482303657E-08,2.621614165E-08,1,4,0.4,0,1
bipolarization,heterogeneous,4,3,3,0.3,0.4,0.8,0.1,false,0.05,0.1,0.1,0.05,1.84114252416859E+018,20,0.154620912701423,4.482303657E-08,2.621614165E-08,1,4,0.4,0,1
bipolarization,heterogeneous,4,3,3,0.3,0.4,0.8,0.1,false,0.05,0.1,0.1,0.05,8.80361844505413E+018,20,0.154620912701423,4.482303657E-08,2.621614165E-08,1,4,0.4,0,1
bipolarization,heterogeneous,4,3,3,0.3,0.4,0.8,0.1,false,0.05,0.1,0.1,0.05,7.04337208916658E+018,20,0.154620912701423,4.482303657E-08,2.621614165E-08,1,4,0.4,0,1
bipolarization,homogeneous,43,0,5,0.2,0.4,0.6,0.3,false,0.05,0.1,0.1,0.05,7.24071359189169E+018,15,0.044717907203919,6.3269967607E-07,0.0000005241485445,1,3,0.2,0,0.5
bipolarization,homogeneous,43,0,5,0.2,0.4,0.6,0.3,false,0.05,0.1,0.1,0.05,4.6926904669588E+018,15,0.044717907203919,6.3269967607E-07,0.0000005241485445,1,3,0.2,0,0.5
bipolarization,heterogeneous,4,3,3,0.3,0.4,0.8,0.1,false,0.05,0.1,0.1,0.05,4.28636038694465E+018,20,0.154620912701423,4.482303657E-08,2.621614165E-08,1,4,0.4,0,1
bipolarization,heterogeneous,4,3,3,0.3,0.4,0.8,0.1,false,0.05,0.1,0.1,0.05,4.47792793694704E+018,20,0.154620912701423,4.482303657E-08,2.621614165E-08,1,4,0.4,0,1
bipolarization,homogeneous,43,0,5,0.2,0.4,0.6,0.3,false,0.05,0.1,0.1,0.05,8.63617513033061E+018,15,0.044717907203919,6.3269967607E-07,0.0000005241485445,1,3,0.2,0,0.5
bipolarization,heterogeneous,28,3,3,0.1,0.4,0.8,0.1,false,0.05,0.1,0.1,0.05,6.90547037085634E+018,30,0.0766073863313035,5.039951183333E-05,3.135694729004E-05,1,4,0.4,0,0
bipolarization,heterogeneous,28,3,3,0.1,0.4,0.8,0.1,false,0.05,0.1,0.1,0.05,1.84114252416859E+018,30,0.0766073863313035,5.039951183333E-05,3.135694729004E-05,1,4,0.4,0,0
bipolarization,homogeneous,43,0,5,0.2,0.4,0.6,0.3,false,0.05,0.1,0.1,0.05,5.70257702789059E+018,15,0.044717907203919,6.3269967607E-07,0.0000005241485445,1,3,0.2,0,0.5
bipolarization,heterogeneous,28,3,3,0.1,0.4,0.8,0.1,false,0.05,0.1,0.1,0.05,4.39889510625904E+018,30,0.0766073863313035,5.039951183333E-05,3.135694729004E-05,1,4,0.4,0,0
bipolarization,heterogeneous,28,3,3,0.1,0.4,0.8,0.1,false,0.05,0.1,0.1,0.05,7.13900204836315E+018,30,0.0766073863313035,5.039951183333E-05,3.135694729004E-05,1,4,0.4,0,0
bipolarization,heterogeneous,28,3,3,0.1,0.4,0.8,0.1,false,0.05,0.1,0.1,0.05,7.24071359189169E+018,30,0.0766073863313035,5.039951183333E-05,3.135694729004E-05,1,4,0.4,0,0
bipolarization,homogeneous,43,0,5,0.2,0.4,0.6,0.3,false,0.05,0.1,0.1,0.05,7.04337208916658E+018,15,0.044717907203919,6.3269967607E-07,0.0000005241485445,1,3,0.2,0,0.5
bipolarization,heterogeneous,28,3,3,0.1,0.4,0.8,0.1,false,0.05,0.1,0.1,0.05,4.6926904669588E+018,30,0.0766073863313035,5.039951183333E-05,3.135694729004E-05,1,4,0.4,0,0
bipolarization,homogeneous,43,0,5,0.2,0.4,0.6,0.3,false,0.05,0.1,0.1,0.05,4.34257261248481E+018,15,0.044717907203919,6.3269967607E-07,0.0000005241485445,1,3,0.2,0,0.5
bipolarization,heterogeneous,28,3,3,0.1,0.4,0.8,0.1,false,0.05,0.1,0.1,0.05,8.80361844505413E+018,30,0.0766073863313035,5.039951183333E-05,3.135694729004E-05,1,4,0.4,0,0
bipolarization,homogeneous,43,0,5,0.2,0.4,0.6,0.3,false,0.05,0.1,0.1,0.05,8.80361844505413E+018,15,0.044717907203919,6.3269967607E-07,0.0000005241485445,1,3,0.2,0,0.5
bipolarization,homogeneous,43,0,5,0.2,0.4,0.6,0.3,false,0.05,0.1,0.1,0.05,6.90547037085634E+018,15,0.044717907203919,6.3269967607E-07,0.0000005241485445,1,3,0.2,0,0.5
bipolarization,homogeneous,43,0,5,0.2,0.4,0.6,0.3,false,0.05,0.1,0.1,0.05,1.09591146466576E+017,15,0.044717907203919,6.3269967607E-07,0.0000005241485445,1,3,0.2,0,0.5
bipolarization,heterogeneous,28,3,3,0.1,0.4,0.8,0.1,false,0.05,0.1,0.1,0.05,5.70257702789059E+018,30,0.0766073863313035,5.039951183333E-05,3.135694729004E-05,1,4,0.4,0,0
bipolarization,homogeneous,43,0,5,0.2,0.4,0.6,0.3,false,0.05,0.1,0.1,0.05,4.39889510625904E+018,15,0.044717907203919,6.3269967607E-07,0.0000005241485445,1,3,0.2,0,0.5
bipolarization,heterogeneous,28,3,3,0.1,0.4,0.8,0.1,false,0.05,0.1,0.1,0.05,1.09591146466576E+017,30,0.0766073863313035,5.039951183333E-05,3.135694729004E-05,1,4,0.4,0,0
bipolarization,homogeneous,43,0,5,0.2,0.4,0.6,0.3,false,0.05,0.1,0.1,0.05,7.12889348418325E+018,15,0.044717907203919,6.3269967607E-07,0.0000005241485445,1,3,0.2,0,0.5
bipolarization,homogeneous,43,0,5,0.2,0.4,0.6,0.3,false,0.05,0.1,0.1,0.05,4.28636038694465E+018,15,0.044717907203919,6.3269967607E-07,0.0000005241485445,1,3,0.2,0,0.5
bipolarization,homogeneous,43,0,5,0.2,0.4,0.6,0.3,false,0.05,0.1,0.1,0.05,1.84114252416859E+018,15,0.044717907203919,6.3269967607E-07,0.0000005241485445,1,3,0.2,0,0.5
bipolarization,heterogeneous,28,3,3,0.1,0.4,0.8,0.1,false,0.05,0.1,0.1,0.05,8.63617513033061E+018,30,0.0766073863313035,5.039951183333E-05,3.135694729004E-05,1,4,0.4,0,0
bipolarization,heterogeneous,28,3,3,0.1,0.4,0.8,0.1,false,0.05,0.1,0.1,0.05,7.12889348418325E+018,30,0.0766073863313035,5.039951183333E-05,3.135694729004E-05,1,4,0.4,0,0
bipolarization,homogeneous,43,0,5,0.2,0.4,0.6,0.3,false,0.05,0.1,0.1,0.05,4.47792793694704E+018,15,0.044717907203919,6.3269967607E-07,0.0000005241485445,1,3,0.2,0,0.5
bipolarization,homogeneous,31,0,4,0.1,0.2,0.8,0.3,false,0.05,0.1,0.1,0.05,7.13900204836315E+018,25,0.0503315579665957,2.189368463449E-05,1.383731713511E-05,1,3,0.6,0,0
bipolarization,heterogeneous,28,3,3,0.1,0.4,0.8,0.1,false,0.05,0.1,0.1,0.05,7.04337208916658E+018,30,0.0766073863313035,5.039951183333E-05,3.135694729004E-05,1,4,0.4,0,0
bipolarization,heterogeneous,28,3,3,0.1,0.4,0.8,0.1,false,0.05,0.1,0.1,0.05,4.47792793694704E+018,30,0.0766073863313035,5.039951183333E-05,3.135694729004E-05,1,4,0.4,0,0
bipolarization,heterogeneous,28,3,3,0.1,0.4,0.8,0.1,false,0.05,0.1,0.1,0.05,4.28636038694465E+018,30,0.0766073863313035,5.039951183333E-05,3.135694729004E-05,1,4,0.4,0,0
bipolarization,heterogeneous,28,3,3,0.1,0.4,0.8,0.1,false,0.05,0.1,0.1,0.05,4.34257261248481E+018,30,0.0766073863313035,5.039951183333E-05,3.135694729004E-05,1,4,0.4,0,0
bipolarization,homogeneous,31,0,4,0.1,0.2,0.8,0.3,false,0.05,0.1,0.1,0.05,7.24071359189169E+018,25,0.0503315579665957,2.189368463449E-05,1.383731713511E-05,1,3,0.6,0,0
bipolarization,homogeneous,31,0,4,0.1,0.2,0.8,0.3,false,0.05,0.1,0.1,0.05,4.6926904669588E+018,25,0.0503315579665957,2.189368463449E-05,1.383731713511E-05,1,3,0.6,0,0
bipolarization,homogeneous,31,0,4,0.1,0.2,0.8,0.3,false,0.05,0.1,0.1,0.05,1.84114252416859E+018,25,0.0503315579665957,2.189368463449E-05,1.383731713511E-05,1,3,0.6,0,0
bipolarization,homogeneous,31,0,4,0.1,0.2,0.8,0.3,false,0.05,0.1,0.1,0.05,5.70257702789059E+018,25,0.0503315579665957,2.189368463449E-05,1.383731713511E-05,1,3,0.6,0,0
bipolarization,homogeneous,31,0,4,0.1,0.2,0.8,0.3,false,0.05,0.1,0.1,0.05,8.63617513033061E+018,25,0.0503315579665957,2.189368463449E-05,1.383731713511E-05,1,3,0.6,0,0
bipolarization,homogeneous,39,0,4,0.1,0.5,0.8,0.1,false,0.05,0.1,0.1,0.05,5.70257702789059E+018,25,0.0636064814451381,5.66813785452E-06,4.46200514465E-06,1,2,0.3,0,0.5
bipolarization,homogeneous,31,0,4,0.1,0.2,0.8,0.3,false,0.05,0.1,0.1,0.05,7.04337208916658E+018,25,0.0503315579665957,2.189368463449E-05,1.383731713511E-05,1,3,0.6,0,0
bipolarization,homogeneous,31,0,4,0.1,0.2,0.8,0.3,false,0.05,0.1,0.1,0.05,8.80361844505413E+018,25,0.0503315579665957,2.189368463449E-05,1.383731713511E-05,1,3,0.6,0,0
bipolarization,homogeneous,31,0,4,0.1,0.2,0.8,0.3,false,0.05,0.1,0.1,0.05,4.39889510625904E+018,25,0.0503315579665957,2.189368463449E-05,1.383731713511E-05,1,3,0.6,0,0
bipolarization,homogeneous,31,0,4,0.1,0.2,0.8,0.3,false,0.05,0.1,0.1,0.05,7.12889348418325E+018,25,0.0503315579665957,2.189368463449E-05,1.383731713511E-05,1,3,0.6,0,0
bipolarization,homogeneous,31,0,4,0.1,0.2,0.8,0.3,false,0.05,0.1,0.1,0.05,6.90547037085634E+018,25,0.0503315579665957,2.189368463449E-05,1.383731713511E-05,1,3,0.6,0,0
bipolarization,heterogeneous,40,2,2,0.3,0.3,0.7,0.3,false,0.05,0.1,0.1,0.05,4.6926904669588E+018,15,0.0453348222533624,1.268922783E-08,7.37102688E-09,1,3,0.4,0,0.7
bipolarization,homogeneous,31,0,4,0.1,0.2,0.8,0.3,false,0.05,0.1,0.1,0.05,1.09591146466576E+017,25,0.0503315579665957,2.189368463449E-05,1.383731713511E-05,1,3,0.6,0,0
bipolarization,homogeneous,39,0,4,0.1,0.5,0.8,0.1,false,0.05,0.1,0.1,0.05,4.34257261248481E+018,25,0.0636064814451381,5.66813785452E-06,4.46200514465E-06,1,2,0.3,0,0.5
bipolarization,homogeneous,39,0,4,0.1,0.5,0.8,0.1,false,0.05,0.1,0.1,0.05,8.63617513033061E+018,25,0.0636064814451381,5.66813785452E-06,4.46200514465E-06,1,2,0.3,0,0.5
bipolarization,heterogeneous,40,2,2,0.3,0.3,0.7,0.3,false,0.05,0.1,0.1,0.05,6.90547037085634E+018,15,0.0453348222533624,1.268922783E-08,7.37102688E-09,1,3,0.4,0,0.7
bipolarization,homogeneous,39,0,4,0.1,0.5,0.8,0.1,false,0.05,0.1,0.1,0.05,1.09591146466576E+017,25,0.0636064814451381,5.66813785452E-06,4.46200514465E-06,1,2,0.3,0,0.5
bipolarization,heterogeneous,40,2,2,0.3,0.3,0.7,0.3,false,0.05,0.1,0.1,0.05,7.24071359189169E+018,15,0.0453348222533624,1.268922783E-08,7.37102688E-09,1,3,0.4,0,0.7
bipolarization,homogeneous,39,0,4,0.1,0.5,0.8,0.1,false,0.05,0.1,0.1,0.05,8.80361844505413E+018,25,0.0636064814451381,5.66813785452E-06,4.46200514465E-06,1,2,0.3,0,0.5
bipolarization,homogeneous,39,0,4,0.1,0.5,0.8,0.1,false,0.05,0.1,0.1,0.05,7.24071359189169E+018,25,0.0636064814451381,5.66813785452E-06,4.46200514465E-06,1,2,0.3,0,0.5
bipolarization,homogeneous,31,0,4,0.1,0.2,0.8,0.3,false,0.05,0.1,0.1,0.05,4.34257261248481E+018,25,0.0503315579665957,2.189368463449E-05,1.383731713511E-05,1,3,0.6,0,0
bipolarization,homogeneous,31,0,4,0.1,0.2,0.8,0.3,false,0.05,0.1,0.1,0.05,4.47792793694704E+018,25,0.0503315579665957,2.189368463449E-05,1.383731713511E-05,1,3,0.6,0,0
bipolarization,homogeneous,39,0,4,0.1,0.5,0.8,0.1,false,0.05,0.1,0.1,0.05,4.6926904669588E+018,25,0.0636064814451381,5.66813785452E-06,4.46200514465E-06,1,2,0.3,0,0.5
bipolarization,heterogeneous,40,2,2,0.3,0.3,0.7,0.3,false,0.05,0.1,0.1,0.05,7.13900204836315E+018,15,0.0453348222533624,1.268922783E-08,7.37102688E-09,1,3,0.4,0,0.7
bipolarization,homogeneous,31,0,4,0.1,0.2,0.8,0.3,false,0.05,0.1,0.1,0.05,4.28636038694465E+018,25,0.0503315579665957,2.189368463449E-05,1.383731713511E-05,1,3,0.6,0,0
bipolarization,homogeneous,39,0,4,0.1,0.5,0.8,0.1,false,0.05,0.1,0.1,0.05,7.13900204836315E+018,25,0.0636064814451381,5.66813785452E-06,4.46200514465E-06,1,2,0.3,0,0.5
bipolarization,homogeneous,39,0,4,0.1,0.5,0.8,0.1,false,0.05,0.1,0.1,0.05,7.04337208916658E+018,25,0.0636064814451381,5.66813785452E-06,4.46200514465E-06,1,2,0.3,0,0.5
bipolarization,heterogeneous,40,2,2,0.3,0.3,0.7,0.3,false,0.05,0.1,0.1,0.05,5.70257702789059E+018,15,0.0453348222533624,1.268922783E-08,7.37102688E-09,1,3,0.4,0,0.7
bipolarization,homogeneous,39,0,4,0.1,0.5,0.8,0.1,false,0.05,0.1,0.1,0.05,6.90547037085634E+018,25,0.0636064814451381,5.66813785452E-06,4.46200514465E-06,1,2,0.3,0,0.5
bipolarization,heterogeneous,40,2,2,0.3,0.3,0.7,0.3,false,0.05,0.1,0.1,0.05,8.63617513033061E+018,15,0.0453348222533624,1.268922783E-08,7.37102688E-09,1,3,0.4,0,0.7
bipolarization,homogeneous,39,0,4,0.1,0.5,0.8,0.1,false,0.05,0.1,0.1,0.05,4.47792793694704E+018,25,0.0636064814451381,5.66813785452E-06,4.46200514465E-06,1,2,0.3,0,0.5
bipolarization,homogeneous,39,0,4,0.1,0.5,0.8,0.1,false,0.05,0.1,0.1,0.05,7.12889348418325E+018,25,0.0636064814451381,5.66813785452E-06,4.46200514465E-06,1,2,0.3,0,0.5
bipolarization,homogeneous,39,0,4,0.1,0.5,0.8,0.1,false,0.05,0.1,0.1,0.05,4.39889510625904E+018,25,0.0636064814451381,5.66813785452E-06,4.46200514465E-06,1,2,0.3,0,0.5
bipolarization,heterogeneous,40,2,2,0.3,0.3,0.7,0.3,false,0.05,0.1,0.1,0.05,7.04337208916658E+018,15,0.0453348222533624,1.268922783E-08,7.37102688E-09,1,3,0.4,0,0.7
bipolarization,heterogeneous,40,2,2,0.3,0.3,0.7,0.3,false,0.05,0.1,0.1,0.05,8.80361844505413E+018,15,0.0453348222533624,1.268922783E-08,7.37102688E-09,1,3,0.4,0,0.7
bipolarization,heterogeneous,40,2,2,0.3,0.3,0.7,0.3,false,0.05,0.1,0.1,0.05,1.84114252416859E+018,15,0.0453348222533624,1.268922783E-08,7.37102688E-09,1,3,0.4,0,0.7
bipolarization,heterogeneous,40,2,2,0.3,0.3,0.7,0.3,false,0.05,0.1,0.1,0.05,4.34257261248481E+018,15,0.0453348222533624,1.268922783E-08,7.37102688E-09,1,3,0.4,0,0.7
bipolarization,heterogeneous,40,2,2,0.3,0.3,0.7,0.3,false,0.05,0.1,0.1,0.05,4.39889510625904E+018,15,0.0453348222533624,1.268922783E-08,7.37102688E-09,1,3,0.4,0,0.7
bipolarization,homogeneous,39,0,4,0.1,0.5,0.8,0.1,false,0.05,0.1,0.1,0.05,4.28636038694465E+018,25,0.0636064814451381,5.66813785452E-06,4.46200514465E-06,1,2,0.3,0,0.5
bipolarization,heterogeneous,40,2,2,0.3,0.3,0.7,0.3,false,0.05,0.1,0.1,0.05,7.12889348418325E+018,15,0.0453348222533624,1.268922783E-08,7.37102688E-09,1,3,0.4,0,0.7
bipolarization,heterogeneous,40,2,2,0.3,0.3,0.7,0.3,false,0.05,0.1,0.1,0.05,4.28636038694465E+018,15,0.0453348222533624,1.268922783E-08,7.37102688E-09,1,3,0.4,0,0.7
bipolarization,homogeneous,39,0,4,0.1,0.5,0.8,0.1,false,0.05,0.1,0.1,0.05,1.84114252416859E+018,25,0.0636064814451381,5.66813785452E-06,4.46200514465E-06,1,2,0.3,0,0.5
bipolarization,heterogeneous,40,2,2,0.3,0.3,0.7,0.3,false,0.05,0.1,0.1,0.05,4.47792793694704E+018,15,0.0453348222533624,1.268922783E-08,7.37102688E-09,1,3,0.4,0,0.7
bipolarization,heterogeneous,13,2,2,0.1,0.2,0.8,0.2,false,0.05,0.1,0.1,0.05,7.24071359189169E+018,15,0.0636123001615089,0.0273107844387092,0.0241432521033241,2,2,0.6,0,1
bipolarization,heterogeneous,40,2,2,0.3,0.3,0.7,0.3,false,0.05,0.1,0.1,0.05,1.09591146466576E+017,15,0.0453348222533624,1.268922783E-08,7.37102688E-09,1,3,0.4,0,0.7
bipolarization,heterogeneous,13,2,2,0.1,0.2,0.8,0.2,false,0.05,0.1,0.1,0.05,7.13900204836315E+018,15,0.0636123001615089,0.0273107844387092,0.0241432521033241,2,2,0.6,0,1
bipolarization,heterogeneous,13,2,2,0.1,0.2,0.8,0.2,false,0.05,0.1,0.1,0.05,6.90547037085634E+018,15,0.0636123001615089,0.0273107844387092,0.0241432521033241,2,2,0.6,0,1
bipolarization,heterogeneous,13,2,2,0.1,0.2,0.8,0.2,false,0.05,0.1,0.1,0.05,1.84114252416859E+018,15,0.0636123001615089,0.0273107844387092,0.0241432521033241,2,2,0.6,0,1
bipolarization,heterogeneous,13,2,2,0.1,0.2,0.8,0.2,false,0.05,0.1,0.1,0.05,4.6926904669588E+018,15,0.0636123001615089,0.0273107844387092,0.0241432521033241,2,2,0.6,0,1
bipolarization,heterogeneous,21,3,3,0.2,0.2,0.7,0.1,false,0.05,0.1,0.1,0.05,7.13900204836315E+018,20,0.109116598668514,2.13466474078E-06,1.29609767339E-06,1,4,0.5,0,0.5
bipolarization,heterogeneous,21,3,3,0.2,0.2,0.7,0.1,false,0.05,0.1,0.1,0.05,7.24071359189169E+018,20,0.109116598668514,2.13466474078E-06,1.29609767339E-06,1,4,0.5,0,0.5
bipolarization,heterogeneous,13,2,2,0.1,0.2,0.8,0.2,false,0.05,0.1,0.1,0.05,5.70257702789059E+018,15,0.0636123001615089,0.0273107844387092,0.0241432521033241,2,2,0.6,0,1
bipolarization,heterogeneous,13,2,2,0.1,0.2,0.8,0.2,false,0.05,0.1,0.1,0.05,8.63617513033061E+018,15,0.0636123001615089,0.0273107844387092,0.0241432521033241,2,2,0.6,0,1
bipolarization,heterogeneous,21,3,3,0.2,0.2,0.7,0.1,false,0.05,0.1,0.1,0.05,4.6926904669588E+018,20,0.109116598668514,2.13466474078E-06,1.29609767339E-06,1,4,0.5,0,0.5
bipolarization,heterogeneous,13,2,2,0.1,0.2,0.8,0.2,false,0.05,0.1,0.1,0.05,4.39889510625904E+018,15,0.0636123001615089,0.0273107844387092,0.0241432521033241,2,2,0.6,0,1
bipolarization,heterogeneous,13,2,2,0.1,0.2,0.8,0.2,false,0.05,0.1,0.1,0.05,7.04337208916658E+018,15,0.0636123001615089,0.0273107844387092,0.0241432521033241,2,2,0.6,0,1
bipolarization,heterogeneous,21,3,3,0.2,0.2,0.7,0.1,false,0.05,0.1,0.1,0.05,6.90547037085634E+018,20,0.109116598668514,2.13466474078E-06,1.29609767339E-06,1,4,0.5,0,0.5
bipolarization,heterogeneous,13,2,2,0.1,0.2,0.8,0.2,false,0.05,0.1,0.1,0.05,4.47792793694704E+018,15,0.0636123001615089,0.0273107844387092,0.0241432521033241,2,2,0.6,0,1
bipolarization,heterogeneous,13,2,2,0.1,0.2,0.8,0.2,false,0.05,0.1,0.1,0.05,1.09591146466576E+017,15,0.0636123001615089,0.0273107844387092,0.0241432521033241,2,2,0.6,0,1
bipolarization,heterogeneous,13,2,2,0.1,0.2,0.8,0.2,false,0.05,0.1,0.1,0.05,8.80361844505413E+018,15,0.0636123001615089,0.0273107844387092,0.0241432521033241,2,2,0.6,0,1
bipolarization,heterogeneous,21,3,3,0.2,0.2,0.7,0.1,false,0.05,0.1,0.1,0.05,8.63617513033061E+018,20,0.109116598668514,2.13466474078E-06,1.29609767339E-06,1,4,0.5,0,0.5
bipolarization,heterogeneous,21,3,3,0.2,0.2,0.7,0.1,false,0.05,0.1,0.1,0.05,7.12889348418325E+018,20,0.109116598668514,2.13466474078E-06,1.29609767339E-06,1,4,0.5,0,0.5
bipolarization,heterogeneous,21,3,3,0.2,0.2,0.7,0.1,false,0.05,0.1,0.1,0.05,1.84114252416859E+018,20,0.109116598668514,2.13466474078E-06,1.29609767339E-06,1,4,0.5,0,0.5
bipolarization,heterogeneous,13,2,2,0.1,0.2,0.8,0.2,false,0.05,0.1,0.1,0.05,7.12889348418325E+018,15,0.0636123001615089,0.0273107844387092,0.0241432521033241,2,2,0.6,0,1
bipolarization,heterogeneous,13,2,2,0.1,0.2,0.8,0.2,false,0.05,0.1,0.1,0.05,4.34257261248481E+018,15,0.0636123001615089,0.0273107844387092,0.0241432521033241,2,2,0.6,0,1
bipolarization,heterogeneous,21,3,3,0.2,0.2,0.7,0.1,false,0.05,0.1,0.1,0.05,4.39889510625904E+018,20,0.109116598668514,2.13466474078E-06,1.29609767339E-06,1,4,0.5,0,0.5
bipolarization,heterogeneous,21,3,3,0.2,0.2,0.7,0.1,false,0.05,0.1,0.1,0.05,8.80361844505413E+018,20,0.109116598668514,2.13466474078E-06,1.29609767339E-06,1,4,0.5,0,0.5
bipolarization,heterogeneous,21,3,3,0.2,0.2,0.7,0.1,false,0.05,0.1,0.1,0.05,1.09591146466576E+017,20,0.109116598668514,2.13466474078E-06,1.29609767339E-06,1,4,0.5,0,0.5
bipolarization,heterogeneous,21,3,3,0.2,0.2,0.7,0.1,false,0.05,0.1,0.1,0.05,5.70257702789059E+018,20,0.109116598668514,2.13466474078E-06,1.29609767339E-06,1,4,0.5,0,0.5
bipolarization,heterogeneous,21,3,3,0.2,0.2,0.7,0.1,false,0.05,0.1,0.1,0.05,4.47792793694704E+018,20,0.109116598668514,2.13466474078E-06,1.29609767339E-06,1,4,0.5,0,0.5
bipolarization,heterogeneous,21,3,3,0.2,0.2,0.7,0.1,false,0.05,0.1,0.1,0.05,4.34257261248481E+018,20,0.109116598668514,2.13466474078E-06,1.29609767339E-06,1,4,0.5,0,0.5
bipolarization,heterogeneous,13,2,2,0.1,0.2,0.8,0.2,false,0.05,0.1,0.1,0.05,4.28636038694465E+018,15,0.0636123001615089,0.0273107844387092,0.0241432521033241,2,2,0.6,0,1
bipolarization,heterogeneous,21,3,3,0.2,0.2,0.7,0.1,false,0.05,0.1,0.1,0.05,7.04337208916658E+018,20,0.109116598668514,2.13466474078E-06,1.29609767339E-06,1,4,0.5,0,0.5
bipolarization,heterogeneous,21,3,3,0.2,0.2,0.7,0.1,false,0.05,0.1,0.1,0.05,4.28636038694465E+018,20,0.109116598668514,2.13466474078E-06,1.29609767339E-06,1,4,0.5,0,0.5
bipolarization,heterogeneous,41,1,2,0.2,0.3,0.6,0.1,true,0,0.3,0,0,4.47792793694704E+018,15,0.0828305469684234,1.25979830965E-06,5.4696778096E-07,1,2,0.3,0,0.3
bipolarization,heterogeneous,41,1,2,0.2,0.3,0.6,0.1,true,0,0.3,0,0,7.12889348418325E+018,15,0.0828305469684234,1.25979830965E-06,5.4696778096E-07,1,2,0.3,0,0.3
bipolarization,heterogeneous,41,1,2,0.2,0.3,0.6,0.1,true,0,0.3,0,0,4.34257261248481E+018,15,0.0828305469684234,1.25979830965E-06,5.4696778096E-07,1,2,0.3,0,0.3
bipolarization,heterogeneous,41,1,2,0.2,0.3,0.6,0.1,true,0,0.3,0,0,4.28636038694465E+018,15,0.0828305469684234,1.25979830965E-06,5.4696778096E-07,1,2,0.3,0,0.3
bipolarization,heterogeneous,41,1,2,0.2,0.3,0.6,0.1,true,0,0.3,0,0,1.09591146466576E+017,15,0.0828305469684234,1.25979830965E-06,5.4696778096E-07,1,2,0.3,0,0.3
bipolarization,heterogeneous,41,1,2,0.2,0.3,0.6,0.1,true,0,0.3,0,0,8.63617513033061E+018,15,0.0828305469684234,1.25979830965E-06,5.4696778096E-07,1,2,0.3,0,0.3
bipolarization,heterogeneous,41,1,2,0.2,0.3,0.6,0.1,true,0,0.3,0,0,4.6926904669588E+018,15,0.0828305469684234,1.25979830965E-06,5.4696778096E-07,1,2,0.3,0,0.3
bipolarization,heterogeneous,41,1,2,0.2,0.3,0.6,0.1,true,0,0.3,0,0,7.24071359189169E+018,15,0.0828305469684234,1.25979830965E-06,5.4696778096E-07,1,2,0.3,0,0.3
bipolarization,heterogeneous,41,1,2,0.2,0.3,0.6,0.1,true,0,0.3,0,0,4.39889510625904E+018,15,0.0828305469684234,1.25979830965E-06,5.4696778096E-07,1,2,0.3,0,0.3
bipolarization,heterogeneous,41,1,2,0.2,0.3,0.6,0.1,true,0,0.3,0,0,5.70257702789059E+018,15,0.0828305469684234,1.25979830965E-06,5.4696778096E-07,1,2,0.3,0,0.3
bipolarization,heterogeneous,41,1,2,0.2,0.3,0.6,0.1,true,0,0.3,0,0,7.13900204836315E+018,15,0.0828305469684234,1.25979830965E-06,5.4696778096E-07,1,2,0.3,0,0.3
bipolarization,heterogeneous,41,1,2,0.2,0.3,0.6,0.1,true,0,0.3,0,0,7.04337208916658E+018,15,0.0828305469684234,1.25979830965E-06,5.4696778096E-07,1,2,0.3,0,0.3
bipolarization,heterogeneous,41,1,2,0.2,0.3,0.6,0.1,true,0,0.3,0,0,8.80361844505413E+018,15,0.0828305469684234,1.25979830965E-06,5.4696778096E-07,1,2,0.3,0,0.3
bipolarization,homogeneous,30,0,5,0.5,0.5,0.7,0.3,true,0,0,0.3,0.05,7.24071359189169E+018,15,0.0627007987786121,4.0969E-13,3.0076E-13,1,4,0.2,0,0.7
bipolarization,heterogeneous,41,1,2,0.2,0.3,0.6,0.1,true,0,0.3,0,0,1.84114252416859E+018,15,0.0828305469684234,1.25979830965E-06,5.4696778096E-07,1,2,0.3,0,0.3
bipolarization,heterogeneous,41,1,2,0.2,0.3,0.6,0.1,true,0,0.3,0,0,6.90547037085634E+018,15,0.0828305469684234,1.25979830965E-06,5.4696778096E-07,1,2,0.3,0,0.3
bipolarization,homogeneous,11,0,5,0.2,0.2,0.6,0.1,true,0.2,0.2,0.2,0,8.63617513033061E+018,15,0.0556678545571627,0.0010218540617713,0.00086490843105835,2,3,0.4,0,1
bipolarization,homogeneous,11,0,5,0.2,0.2,0.6,0.1,true,0.2,0.2,0.2,0,4.34257261248481E+018,15,0.0556678545571627,0.0010218540617713,0.00086490843105835,2,3,0.4,0,1
bipolarization,homogeneous,11,0,5,0.2,0.2,0.6,0.1,true,0.2,0.2,0.2,0,4.6926904669588E+018,15,0.0556678545571627,0.0010218540617713,0.00086490843105835,2,3,0.4,0,1
bipolarization,homogeneous,11,0,5,0.2,0.2,0.6,0.1,true,0.2,0.2,0.2,0,4.28636038694465E+018,15,0.0556678545571627,0.0010218540617713,0.00086490843105835,2,3,0.4,0,1
bipolarization,homogeneous,30,0,5,0.5,0.5,0.7,0.3,true,0,0,0.3,0.05,7.13900204836315E+018,15,0.0627007987786121,4.0969E-13,3.0076E-13,1,4,0.2,0,0.7
bipolarization,homogeneous,11,0,5,0.2,0.2,0.6,0.1,true,0.2,0.2,0.2,0,7.04337208916658E+018,15,0.0556678545571627,0.0010218540617713,0.00086490843105835,2,3,0.4,0,1
bipolarization,homogeneous,11,0,5,0.2,0.2,0.6,0.1,true,0.2,0.2,0.2,0,7.24071359189169E+018,15,0.0556678545571627,0.0010218540617713,0.00086490843105835,2,3,0.4,0,1
bipolarization,homogeneous,11,0,5,0.2,0.2,0.6,0.1,true,0.2,0.2,0.2,0,1.09591146466576E+017,15,0.0556678545571627,0.0010218540617713,0.00086490843105835,2,3,0.4,0,1
bipolarization,homogeneous,11,0,5,0.2,0.2,0.6,0.1,true,0.2,0.2,0.2,0,6.90547037085634E+018,15,0.0556678545571627,0.0010218540617713,0.00086490843105835,2,3,0.4,0,1
bipolarization,homogeneous,11,0,5,0.2,0.2,0.6,0.1,true,0.2,0.2,0.2,0,5.70257702789059E+018,15,0.0556678545571627,0.0010218540617713,0.00086490843105835,2,3,0.4,0,1
bipolarization,homogeneous,11,0,5,0.2,0.2,0.6,0.1,true,0.2,0.2,0.2,0,4.47792793694704E+018,15,0.0556678545571627,0.0010218540617713,0.00086490843105835,2,3,0.4,0,1
bipolarization,homogeneous,11,0,5,0.2,0.2,0.6,0.1,true,0.2,0.2,0.2,0,8.80361844505413E+018,15,0.0556678545571627,0.0010218540617713,0.00086490843105835,2,3,0.4,0,1
bipolarization,homogeneous,11,0,5,0.2,0.2,0.6,0.1,true,0.2,0.2,0.2,0,1.84114252416859E+018,15,0.0556678545571627,0.0010218540617713,0.00086490843105835,2,3,0.4,0,1
bipolarization,homogeneous,11,0,5,0.2,0.2,0.6,0.1,true,0.2,0.2,0.2,0,7.13900204836315E+018,15,0.0556678545571627,0.0010218540617713,0.00086490843105835,2,3,0.4,0,1
bipolarization,homogeneous,11,0,5,0.2,0.2,0.6,0.1,true,0.2,0.2,0.2,0,7.12889348418325E+018,15,0.0556678545571627,0.0010218540617713,0.00086490843105835,2,3,0.4,0,1
bipolarization,homogeneous,11,0,5,0.2,0.2,0.6,0.1,true,0.2,0.2,0.2,0,4.39889510625904E+018,15,0.0556678545571627,0.0010218540617713,0.00086490843105835,2,3,0.4,0,1
bipolarization,homogeneous,30,0,5,0.5,0.5,0.7,0.3,true,0,0,0.3,0.05,7.12889348418325E+018,15,0.0627007987786121,4.0969E-13,3.0076E-13,1,4,0.2,0,0.7
bipolarization,homogeneous,30,0,5,0.5,0.5,0.7,0.3,true,0,0,0.3,0.05,8.63617513033061E+018,15,0.0627007987786121,4.0969E-13,3.0076E-13,1,4,0.2,0,0.7
bipolarization,homogeneous,30,0,5,0.5,0.5,0.7,0.3,true,0,0,0.3,0.05,6.90547037085634E+018,15,0.0627007987786121,4.0969E-13,3.0076E-13,1,4,0.2,0,0.7
bipolarization,homogeneous,30,0,5,0.5,0.5,0.7,0.3,true,0,0,0.3,0.05,4.39889510625904E+018,15,0.0627007987786121,4.0969E-13,3.0076E-13,1,4,0.2,0,0.7
bipolarization,homogeneous,30,0,5,0.5,0.5,0.7,0.3,true,0,0,0.3,0.05,7.04337208916658E+018,15,0.0627007987786121,4.0969E-13,3.0076E-13,1,4,0.2,0,0.7
bipolarization,homogeneous,30,0,5,0.5,0.5,0.7,0.3,true,0,0,0.3,0.05,1.84114252416859E+018,15,0.0627007987786121,4.0969E-13,3.0076E-13,1,4,0.2,0,0.7
bipolarization,homogeneous,30,0,5,0.5,0.5,0.7,0.3,true,0,0,0.3,0.05,4.6926904669588E+018,15,0.0627007987786121,4.0969E-13,3.0076E-13,1,4,0.2,0,0.7
bipolarization,homogeneous,30,0,5,0.5,0.5,0.7,0.3,true,0,0,0.3,0.05,5.70257702789059E+018,15,0.0627007987786121,4.0969E-13,3.0076E-13,1,4,0.2,0,0.7
bipolarization,homogeneous,30,0,5,0.5,0.5,0.7,0.3,true,0,0,0.3,0.05,1.09591146466576E+017,15,0.0627007987786121,4.0969E-13,3.0076E-13,1,4,0.2,0,0.7
bipolarization,homogeneous,30,0,5,0.5,0.5,0.7,0.3,true,0,0,0.3,0.05,8.80361844505413E+018,15,0.0627007987786121,4.0969E-13,3.0076E-13,1,4,0.2,0,0.7
bipolarization,homogeneous,30,0,5,0.5,0.5,0.7,0.3,true,0,0,0.3,0.05,4.34257261248481E+018,15,0.0627007987786121,4.0969E-13,3.0076E-13,1,4,0.2,0,0.7
bipolarization,homogeneous,30,0,5,0.5,0.5,0.7,0.3,true,0,0,0.3,0.05,4.47792793694704E+018,15,0.0627007987786121,4.0969E-13,3.0076E-13,1,4,0.2,0,0.7
bipolarization,homogeneous,30,0,5,0.5,0.5,0.7,0.3,true,0,0,0.3,0.05,4.28636038694465E+018,15,0.0627007987786121,4.0969E-13,3.0076E-13,1,4,0.2,0,0.7
bipolarization,homogeneous,39,0,4,0.5,0.3,0.4,0.1,true,0.05,0,0,0.2,7.13900204836315E+018,15,0.0642361206638779,1.58E-15,9.1E-16,1,2,0.1,0,0.5
bipolarization,homogeneous,39,0,4,0.5,0.3,0.4,0.1,true,0.05,0,0,0.2,7.24071359189169E+018,15,0.0642361206638779,1.58E-15,9.1E-16,1,2,0.1,0,0.5
bipolarization,homogeneous,39,0,4,0.5,0.3,0.4,0.1,true,0.05,0,0,0.2,4.6926904669588E+018,15,0.0642361206638779,1.58E-15,9.1E-16,1,2,0.1,0,0.5
bipolarization,homogeneous,39,0,4,0.5,0.3,0.4,0.1,true,0.05,0,0,0.2,8.63617513033061E+018,15,0.0642361206638779,1.58E-15,9.1E-16,1,2,0.1,0,0.5
bipolarization,homogeneous,39,0,4,0.5,0.3,0.4,0.1,true,0.05,0,0,0.2,6.90547037085634E+018,15,0.0642361206638779,1.58E-15,9.1E-16,1,2,0.1,0,0.5
bipolarization,heterogeneous,20,2,3,0.1,0.3,0.6,0.1,true,0.05,0.2,0.3,0.2,8.63617513033061E+018,50,0.173954236325903,0.00018225037270369,0.00017385735360416,1,3,0.3,0,0.7
bipolarization,heterogeneous,20,2,3,0.1,0.3,0.6,0.1,true,0.05,0.2,0.3,0.2,7.24071359189169E+018,50,0.173954236325903,0.00018225037270369,0.00017385735360416,1,3,0.3,0,0.7
bipolarization,heterogeneous,20,2,3,0.1,0.3,0.6,0.1,true,0.05,0.2,0.3,0.2,4.6926904669588E+018,50,0.173954236325903,0.00018225037270369,0.00017385735360416,1,3,0.3,0,0.7
bipolarization,heterogeneous,28,3,3,0.1,0.3,0.4,0.2,true,0.1,0.3,0.1,0.2,7.24071359189169E+018,55,0.06968389554703,0.00081466929266537,0.00096621351872615,2,4,0.1,0,0.7
bipolarization,heterogeneous,20,2,3,0.1,0.3,0.6,0.1,true,0.05,0.2,0.3,0.2,7.13900204836315E+018,50,0.173954236325903,0.00018225037270369,0.00017385735360416,1,3,0.3,0,0.7
bipolarization,homogeneous,39,0,4,0.5,0.3,0.4,0.1,true,0.05,0,0,0.2,5.70257702789059E+018,15,0.0642361206638779,1.58E-15,9.1E-16,1,2,0.1,0,0.5
bipolarization,heterogeneous,20,2,3,0.1,0.3,0.6,0.1,true,0.05,0.2,0.3,0.2,7.04337208916658E+018,50,0.173954236325903,0.00018225037270369,0.00017385735360416,1,3,0.3,0,0.7
bipolarization,heterogeneous,28,3,3,0.1,0.3,0.4,0.2,true,0.1,0.3,0.1,0.2,8.80361844505413E+018,55,0.06968389554703,0.00081466929266537,0.00096621351872615,2,4,0.1,0,0.7
bipolarization,heterogeneous,28,3,3,0.1,0.3,0.4,0.2,true,0.1,0.3,0.1,0.2,8.63617513033061E+018,55,0.06968389554703,0.00081466929266537,0.00096621351872615,2,4,0.1,0,0.7
bipolarization,heterogeneous,28,3,3,0.1,0.3,0.4,0.2,true,0.1,0.3,0.1,0.2,4.34257261248481E+018,55,0.06968389554703,0.00081466929266537,0.00096621351872615,2,4,0.1,0,0.7
bipolarization,heterogeneous,28,3,3,0.1,0.3,0.4,0.2,true,0.1,0.3,0.1,0.2,7.12889348418325E+018,55,0.06968389554703,0.00081466929266537,0.00096621351872615,2,4,0.1,0,0.7
bipolarization,heterogeneous,28,3,3,0.1,0.3,0.4,0.2,true,0.1,0.3,0.1,0.2,5.70257702789059E+018,55,0.06968389554703,0.00081466929266537,0.00096621351872615,2,4,0.1,0,0.7
bipolarization,heterogeneous,20,2,3,0.1,0.3,0.6,0.1,true,0.05,0.2,0.3,0.2,6.90547037085634E+018,50,0.173954236325903,0.00018225037270369,0.00017385735360416,1,3,0.3,0,0.7
bipolarization,heterogeneous,28,3,3,0.1,0.3,0.4,0.2,true,0.1,0.3,0.1,0.2,4.39889510625904E+018,55,0.06968389554703,0.00081466929266537,0.00096621351872615,2,4,0.1,0,0.7
bipolarization,heterogeneous,28,3,3,0.1,0.3,0.4,0.2,true,0.1,0.3,0.1,0.2,7.13900204836315E+018,55,0.06968389554703,0.00081466929266537,0.00096621351872615,2,4,0.1,0,0.7
bipolarization,heterogeneous,28,3,3,0.1,0.3,0.4,0.2,true,0.1,0.3,0.1,0.2,1.84114252416859E+018,55,0.06968389554703,0.00081466929266537,0.00096621351872615,2,4,0.1,0,0.7
bipolarization,heterogeneous,20,2,3,0.1,0.3,0.6,0.1,true,0.05,0.2,0.3,0.2,5.70257702789059E+018,50,0.173954236325903,0.00018225037270369,0.00017385735360416,1,3,0.3,0,0.7
bipolarization,heterogeneous,20,2,3,0.1,0.3,0.6,0.1,true,0.05,0.2,0.3,0.2,7.12889348418325E+018,50,0.173954236325903,0.00018225037270369,0.00017385735360416,1,3,0.3,0,0.7
bipolarization,heterogeneous,20,2,3,0.1,0.3,0.6,0.1,true,0.05,0.2,0.3,0.2,4.39889510625904E+018,50,0.173954236325903,0.00018225037270369,0.00017385735360416,1,3,0.3,0,0.7
bipolarization,homogeneous,39,0,4,0.5,0.3,0.4,0.1,true,0.05,0,0,0.2,1.84114252416859E+018,15,0.0642361206638779,1.58E-15,9.1E-16,1,2,0.1,0,0.5
bipolarization,heterogeneous,28,3,3,0.1,0.3,0.4,0.2,true,0.1,0.3,0.1,0.2,4.47792793694704E+018,55,0.06968389554703,0.00081466929266537,0.00096621351872615,2,4,0.1,0,0.7
bipolarization,heterogeneous,20,2,3,0.1,0.3,0.6,0.1,true,0.05,0.2,0.3,0.2,8.80361844505413E+018,50,0.173954236325903,0.00018225037270369,0.00017385735360416,1,3,0.3,0,0.7
bipolarization,heterogeneous,20,2,3,0.1,0.3,0.6,0.1,true,0.05,0.2,0.3,0.2,4.47792793694704E+018,50,0.173954236325903,0.00018225037270369,0.00017385735360416,1,3,0.3,0,0.7
bipolarization,heterogeneous,28,3,3,0.1,0.3,0.4,0.2,true,0.1,0.3,0.1,0.2,6.90547037085634E+018,55,0.06968389554703,0.00081466929266537,0.00096621351872615,2,4,0.1,0,0.7
bipolarization,heterogeneous,20,2,3,0.1,0.3,0.6,0.1,true,0.05,0.2,0.3,0.2,1.84114252416859E+018,50,0.173954236325903,0.00018225037270369,0.00017385735360416,1,3,0.3,0,0.7
bipolarization,homogeneous,39,0,4,0.5,0.3,0.4,0.1,true,0.05,0,0,0.2,8.80361844505413E+018,15,0.0642361206638779,1.58E-15,9.1E-16,1,2,0.1,0,0.5
bipolarization,homogeneous,39,0,4,0.5,0.3,0.4,0.1,true,0.05,0,0,0.2,4.39889510625904E+018,15,0.0642361206638779,1.58E-15,9.1E-16,1,2,0.1,0,0.5
bipolarization,heterogeneous,20,2,3,0.1,0.3,0.6,0.1,true,0.05,0.2,0.3,0.2,1.09591146466576E+017,50,0.173954236325903,0.00018225037270369,0.00017385735360416,1,3,0.3,0,0.7
bipolarization,heterogeneous,28,3,3,0.1,0.3,0.4,0.2,true,0.1,0.3,0.1,0.2,4.6926904669588E+018,55,0.06968389554703,0.00081466929266537,0.00096621351872615,2,4,0.1,0,0.7
bipolarization,heterogeneous,28,3,3,0.1,0.3,0.4,0.2,true,0.1,0.3,0.1,0.2,1.09591146466576E+017,55,0.06968389554703,0.00081466929266537,0.00096621351872615,2,4,0.1,0,0.7
bipolarization,heterogeneous,20,2,3,0.1,0.3,0.6,0.1,true,0.05,0.2,0.3,0.2,4.34257261248481E+018,50,0.173954236325903,0.00018225037270369,0.00017385735360416,1,3,0.3,0,0.7
bipolarization,heterogeneous,28,3,3,0.1,0.3,0.4,0.2,true,0.1,0.3,0.1,0.2,7.04337208916658E+018,55,0.06968389554703,0.00081466929266537,0.00096621351872615,2,4,0.1,0,0.7
bipolarization,heterogeneous,20,2,3,0.1,0.3,0.6,0.1,true,0.05,0.2,0.3,0.2,4.28636038694465E+018,50,0.173954236325903,0.00018225037270369,0.00017385735360416,1,3,0.3,0,0.7
bipolarization,heterogeneous,28,3,3,0.1,0.3,0.4,0.2,true,0.1,0.3,0.1,0.2,4.28636038694465E+018,55,0.06968389554703,0.00081466929266537,0.00096621351872615,2,4,0.1,0,0.7
bipolarization,homogeneous,39,0,4,0.5,0.3,0.4,0.1,true,0.05,0,0,0.2,4.34257261248481E+018,15,0.0642361206638779,1.58E-15,9.1E-16,1,2,0.1,0,0.5
bipolarization,homogeneous,39,0,4,0.5,0.3,0.4,0.1,true,0.05,0,0,0.2,7.12889348418325E+018,15,0.0642361206638779,1.58E-15,9.1E-16,1,2,0.1,0,0.5
bipolarization,homogeneous,39,0,4,0.5,0.3,0.4,0.1,true,0.05,0,0,0.2,4.28636038694465E+018,15,0.0642361206638779,1.58E-15,9.1E-16,1,2,0.1,0,0.5
bipolarization,homogeneous,39,0,4,0.5,0.3,0.4,0.1,true,0.05,0,0,0.2,4.47792793694704E+018,15,0.0642361206638779,1.58E-15,9.1E-16,1,2,0.1,0,0.5
bipolarization,homogeneous,39,0,4,0.5,0.3,0.4,0.1,true,0.05,0,0,0.2,1.09591146466576E+017,15,0.0642361206638779,1.58E-15,9.1E-16,1,2,0.1,0,0.5
bipolarization,homogeneous,39,0,4,0.5,0.3,0.4,0.1,true,0.05,0,0,0.2,7.04337208916658E+018,15,0.0642361206638779,1.58E-15,9.1E-16,1,2,0.1,0,0.5
bipolarization,heterogeneous,15,3,3,0.1,0.2,0.6,0.3,true,0.05,0,0.2,0.05,7.24071359189169E+018,25,0.0778330276871825,0.00022834484298755,0.00027408250231585,2,4,0.4,0,1
bipolarization,heterogeneous,15,3,3,0.1,0.2,0.6,0.3,true,0.05,0,0.2,0.05,4.34257261248481E+018,25,0.0778330276871825,0.00022834484298755,0.00027408250231585,2,4,0.4,0,1
bipolarization,heterogeneous,15,3,3,0.1,0.2,0.6,0.3,true,0.05,0,0.2,0.05,6.90547037085634E+018,25,0.0778330276871825,0.00022834484298755,0.00027408250231585,2,4,0.4,0,1
bipolarization,heterogeneous,15,3,3,0.1,0.2,0.6,0.3,true,0.05,0,0.2,0.05,4.39889510625904E+018,25,0.0778330276871825,0.00022834484298755,0.00027408250231585,2,4,0.4,0,1
bipolarization,heterogeneous,15,3,3,0.1,0.2,0.6,0.3,true,0.05,0,0.2,0.05,8.80361844505413E+018,25,0.0778330276871825,0.00022834484298755,0.00027408250231585,2,4,0.4,0,1
bipolarization,homogeneous,31,0,4,0.1,0.2,0.7,0.3,true,0,0.1,0.3,0.05,7.13900204836315E+018,25,0.0475293099923325,6.01817549286E-06,3.68795127749E-06,1,3,0.5,0,0.3
bipolarization,heterogeneous,15,3,3,0.1,0.2,0.6,0.3,true,0.05,0,0.2,0.05,1.09591146466576E+017,25,0.0778330276871825,0.00022834484298755,0.00027408250231585,2,4,0.4,0,1
bipolarization,heterogeneous,15,3,3,0.1,0.2,0.6,0.3,true,0.05,0,0.2,0.05,1.84114252416859E+018,25,0.0778330276871825,0.00022834484298755,0.00027408250231585,2,4,0.4,0,1
bipolarization,heterogeneous,15,3,3,0.1,0.2,0.6,0.3,true,0.05,0,0.2,0.05,7.13900204836315E+018,25,0.0778330276871825,0.00022834484298755,0.00027408250231585,2,4,0.4,0,1
bipolarization,homogeneous,31,0,4,0.1,0.2,0.7,0.3,true,0,0.1,0.3,0.05,7.24071359189169E+018,25,0.0475293099923325,6.01817549286E-06,3.68795127749E-06,1,3,0.5,0,0.3
bipolarization,heterogeneous,15,3,3,0.1,0.2,0.6,0.3,true,0.05,0,0.2,0.05,8.63617513033061E+018,25,0.0778330276871825,0.00022834484298755,0.00027408250231585,2,4,0.4,0,1
bipolarization,heterogeneous,15,3,3,0.1,0.2,0.6,0.3,true,0.05,0,0.2,0.05,4.28636038694465E+018,25,0.0778330276871825,0.00022834484298755,0.00027408250231585,2,4,0.4,0,1
bipolarization,heterogeneous,15,3,3,0.1,0.2,0.6,0.3,true,0.05,0,0.2,0.05,5.70257702789059E+018,25,0.0778330276871825,0.00022834484298755,0.00027408250231585,2,4,0.4,0,1
bipolarization,heterogeneous,15,3,3,0.1,0.2,0.6,0.3,true,0.05,0,0.2,0.05,7.04337208916658E+018,25,0.0778330276871825,0.00022834484298755,0.00027408250231585,2,4,0.4,0,1
bipolarization,heterogeneous,15,3,3,0.1,0.2,0.6,0.3,true,0.05,0,0.2,0.05,4.6926904669588E+018,25,0.0778330276871825,0.00022834484298755,0.00027408250231585,2,4,0.4,0,1
bipolarization,heterogeneous,29,2,2,0.1,0.5,0.6,0.1,true,0.05,0.1,0.1,0.05,8.63617513033061E+018,35,0.162344830387381,7.740494332757E-05,6.986311267799E-05,1,3,0.1,0,1
bipolarization,heterogeneous,15,3,3,0.1,0.2,0.6,0.3,true,0.05,0,0.2,0.05,4.47792793694704E+018,25,0.0778330276871825,0.00022834484298755,0.00027408250231585,2,4,0.4,0,1
bipolarization,heterogeneous,29,2,2,0.1,0.5,0.6,0.1,true,0.05,0.1,0.1,0.05,7.24071359189169E+018,35,0.162344830387381,7.740494332757E-05,6.986311267799E-05,1,3,0.1,0,1
bipolarization,heterogeneous,29,2,2,0.1,0.5,0.6,0.1,true,0.05,0.1,0.1,0.05,4.6926904669588E+018,35,0.162344830387381,7.740494332757E-05,6.986311267799E-05,1,3,0.1,0,1
bipolarization,heterogeneous,29,2,2,0.1,0.5,0.6,0.1,true,0.05,0.1,0.1,0.05,6.90547037085634E+018,35,0.162344830387381,7.740494332757E-05,6.986311267799E-05,1,3,0.1,0,1
bipolarization,heterogeneous,15,3,3,0.1,0.2,0.6,0.3,true,0.05,0,0.2,0.05,7.12889348418325E+018,25,0.0778330276871825,0.00022834484298755,0.00027408250231585,2,4,0.4,0,1
bipolarization,heterogeneous,29,2,2,0.1,0.5,0.6,0.1,true,0.05,0.1,0.1,0.05,4.34257261248481E+018,35,0.162344830387381,7.740494332757E-05,6.986311267799E-05,1,3,0.1,0,1
bipolarization,heterogeneous,29,2,2,0.1,0.5,0.6,0.1,true,0.05,0.1,0.1,0.05,1.84114252416859E+018,35,0.162344830387381,7.740494332757E-05,6.986311267799E-05,1,3,0.1,0,1
bipolarization,heterogeneous,29,2,2,0.1,0.5,0.6,0.1,true,0.05,0.1,0.1,0.05,7.04337208916658E+018,35,0.162344830387381,7.740494332757E-05,6.986311267799E-05,1,3,0.1,0,1
bipolarization,heterogeneous,29,2,2,0.1,0.5,0.6,0.1,true,0.05,0.1,0.1,0.05,5.70257702789059E+018,35,0.162344830387381,7.740494332757E-05,6.986311267799E-05,1,3,0.1,0,1
bipolarization,heterogeneous,29,2,2,0.1,0.5,0.6,0.1,true,0.05,0.1,0.1,0.05,7.13900204836315E+018,35,0.162344830387381,7.740494332757E-05,6.986311267799E-05,1,3,0.1,0,1
bipolarization,heterogeneous,29,2,2,0.1,0.5,0.6,0.1,true,0.05,0.1,0.1,0.05,4.47792793694704E+018,35,0.162344830387381,7.740494332757E-05,6.986311267799E-05,1,3,0.1,0,1
bipolarization,heterogeneous,29,2,2,0.1,0.5,0.6,0.1,true,0.05,0.1,0.1,0.05,4.39889510625904E+018,35,0.162344830387381,7.740494332757E-05,6.986311267799E-05,1,3,0.1,0,1
bipolarization,heterogeneous,29,2,2,0.1,0.5,0.6,0.1,true,0.05,0.1,0.1,0.05,7.12889348418325E+018,35,0.162344830387381,7.740494332757E-05,6.986311267799E-05,1,3,0.1,0,1
bipolarization,heterogeneous,29,2,2,0.1,0.5,0.6,0.1,true,0.05,0.1,0.1,0.05,1.09591146466576E+017,35,0.162344830387381,7.740494332757E-05,6.986311267799E-05,1,3,0.1,0,1
bipolarization,heterogeneous,29,2,2,0.1,0.5,0.6,0.1,true,0.05,0.1,0.1,0.05,8.80361844505413E+018,35,0.162344830387381,7.740494332757E-05,6.986311267799E-05,1,3,0.1,0,1
bipolarization,homogeneous,31,0,4,0.1,0.2,0.7,0.3,true,0,0.1,0.3,0.05,4.6926904669588E+018,25,0.0475293099923325,6.01817549286E-06,3.68795127749E-06,1,3,0.5,0,0.3
bipolarization,heterogeneous,29,2,2,0.1,0.5,0.6,0.1,true,0.05,0.1,0.1,0.05,4.28636038694465E+018,35,0.162344830387381,7.740494332757E-05,6.986311267799E-05,1,3,0.1,0,1
bipolarization,homogeneous,31,0,4,0.1,0.2,0.7,0.3,true,0,0.1,0.3,0.05,8.80361844505413E+018,25,0.0475293099923325,6.01817549286E-06,3.68795127749E-06,1,3,0.5,0,0.3
bipolarization,homogeneous,52,0,4,0.2,0.2,0.5,0.2,true,0.05,0.1,0,0,4.6926904669588E+018,20,0.142060281301503,4.6262604412E-07,2.6869903804E-07,1,2,0.3,0,0
bipolarization,homogeneous,52,0,4,0.2,0.2,0.5,0.2,true,0.05,0.1,0,0,7.13900204836315E+018,20,0.142060281301503,4.6262604412E-07,2.6869903804E-07,1,2,0.3,0,0
bipolarization,homogeneous,31,0,4,0.1,0.2,0.7,0.3,true,0,0.1,0.3,0.05,4.34257261248481E+018,25,0.0475293099923325,6.01817549286E-06,3.68795127749E-06,1,3,0.5,0,0.3
bipolarization,homogeneous,52,0,4,0.2,0.2,0.5,0.2,true,0.05,0.1,0,0,8.63617513033061E+018,20,0.142060281301503,4.6262604412E-07,2.6869903804E-07,1,2,0.3,0,0
bipolarization,homogeneous,31,0,4,0.1,0.2,0.7,0.3,true,0,0.1,0.3,0.05,6.90547037085634E+018,25,0.0475293099923325,6.01817549286E-06,3.68795127749E-06,1,3,0.5,0,0.3
bipolarization,homogeneous,52,0,4,0.2,0.2,0.5,0.2,true,0.05,0.1,0,0,7.24071359189169E+018,20,0.142060281301503,4.6262604412E-07,2.6869903804E-07,1,2,0.3,0,0
bipolarization,homogeneous,31,0,4,0.1,0.2,0.7,0.3,true,0,0.1,0.3,0.05,7.04337208916658E+018,25,0.0475293099923325,6.01817549286E-06,3.68795127749E-06,1,3,0.5,0,0.3
bipolarization,homogeneous,31,0,4,0.1,0.2,0.7,0.3,true,0,0.1,0.3,0.05,5.70257702789059E+018,25,0.0475293099923325,6.01817549286E-06,3.68795127749E-06,1,3,0.5,0,0.3
bipolarization,homogeneous,31,0,4,0.1,0.2,0.7,0.3,true,0,0.1,0.3,0.05,4.39889510625904E+018,25,0.0475293099923325,6.01817549286E-06,3.68795127749E-06,1,3,0.5,0,0.3
bipolarization,homogeneous,52,0,4,0.2,0.2,0.5,0.2,true,0.05,0.1,0,0,4.39889510625904E+018,20,0.142060281301503,4.6262604412E-07,2.6869903804E-07,1,2,0.3,0,0
bipolarization,homogeneous,52,0,4,0.2,0.2,0.5,0.2,true,0.05,0.1,0,0,4.28636038694465E+018,20,0.142060281301503,4.6262604412E-07,2.6869903804E-07,1,2,0.3,0,0
bipolarization,homogeneous,31,0,4,0.1,0.2,0.7,0.3,true,0,0.1,0.3,0.05,1.84114252416859E+018,25,0.0475293099923325,6.01817549286E-06,3.68795127749E-06,1,3,0.5,0,0.3
bipolarization,homogeneous,31,0,4,0.1,0.2,0.7,0.3,true,0,0.1,0.3,0.05,4.47792793694704E+018,25,0.0475293099923325,6.01817549286E-06,3.68795127749E-06,1,3,0.5,0,0.3
bipolarization,homogeneous,31,0,4,0.1,0.2,0.7,0.3,true,0,0.1,0.3,0.05,8.63617513033061E+018,25,0.0475293099923325,6.01817549286E-06,3.68795127749E-06,1,3,0.5,0,0.3
bipolarization,homogeneous,52,0,4,0.2,0.2,0.5,0.2,true,0.05,0.1,0,0,1.84114252416859E+018,20,0.142060281301503,4.6262604412E-07,2.6869903804E-07,1,2,0.3,0,0
bipolarization,homogeneous,52,0,4,0.2,0.2,0.5,0.2,true,0.05,0.1,0,0,8.80361844505413E+018,20,0.142060281301503,4.6262604412E-07,2.6869903804E-07,1,2,0.3,0,0
bipolarization,homogeneous,52,0,4,0.2,0.2,0.5,0.2,true,0.05,0.1,0,0,4.34257261248481E+018,20,0.142060281301503,4.6262604412E-07,2.6869903804E-07,1,2,0.3,0,0
bipolarization,homogeneous,52,0,4,0.2,0.2,0.5,0.2,true,0.05,0.1,0,0,7.04337208916658E+018,20,0.142060281301503,4.6262604412E-07,2.6869903804E-07,1,2,0.3,0,0
bipolarization,homogeneous,52,0,4,0.2,0.2,0.5,0.2,true,0.05,0.1,0,0,6.90547037085634E+018,20,0.142060281301503,4.6262604412E-07,2.6869903804E-07,1,2,0.3,0,0
bipolarization,homogeneous,52,0,4,0.2,0.2,0.5,0.2,true,0.05,0.1,0,0,5.70257702789059E+018,20,0.142060281301503,4.6262604412E-07,2.6869903804E-07,1,2,0.3,0,0
bipolarization,homogeneous,52,0,4,0.2,0.2,0.5,0.2,true,0.05,0.1,0,0,1.09591146466576E+017,20,0.142060281301503,4.6262604412E-07,2.6869903804E-07,1,2,0.3,0,0
bipolarization,homogeneous,31,0,4,0.1,0.2,0.7,0.3,true,0,0.1,0.3,0.05,1.09591146466576E+017,25,0.0475293099923325,6.01817549286E-06,3.68795127749E-06,1,3,0.5,0,0.3
bipolarization,homogeneous,31,0,4,0.1,0.2,0.7,0.3,true,0,0.1,0.3,0.05,7.12889348418325E+018,25,0.0475293099923325,6.01817549286E-06,3.68795127749E-06,1,3,0.5,0,0.3
bipolarization,homogeneous,52,0,4,0.2,0.2,0.5,0.2,true,0.05,0.1,0,0,7.12889348418325E+018,20,0.142060281301503,4.6262604412E-07,2.6869903804E-07,1,2,0.3,0,0
bipolarization,homogeneous,31,0,4,0.1,0.2,0.7,0.3,true,0,0.1,0.3,0.05,4.28636038694465E+018,25,0.0475293099923325,6.01817549286E-06,3.68795127749E-06,1,3,0.5,0,0.3
bipolarization,homogeneous,52,0,4,0.2,0.2,0.5,0.2,true,0.05,0.1,0,0,4.47792793694704E+018,20,0.142060281301503,4.6262604412E-07,2.6869903804E-07,1,2,0.3,0,0
bipolarization,heterogeneous,51,3,3,0.2,0.2,0.7,0.2,true,0,0.3,0.2,0,4.6926904669588E+018,20,0.10973900530508,6.10284196245E-06,3.39765082923E-06,1,4,0.5,0,1
bipolarization,homogeneous,31,0,4,0.5,0.2,0.4,0.3,true,0.1,0.1,0.3,0.05,4.6926904669588E+018,15,0.0651157613555623,3.7663E-13,1.688E-13,1,3,0.2,0,0.5
bipolarization,heterogeneous,51,3,3,0.2,0.2,0.7,0.2,true,0,0.3,0.2,0,7.13900204836315E+018,20,0.10973900530508,6.10284196245E-06,3.39765082923E-06,1,4,0.5,0,1
bipolarization,homogeneous,31,0,4,0.5,0.2,0.4,0.3,true,0.1,0.1,0.3,0.05,8.80361844505413E+018,15,0.0651157613555623,3.7663E-13,1.688E-13,1,3,0.2,0,0.5
bipolarization,homogeneous,31,0,4,0.5,0.2,0.4,0.3,true,0.1,0.1,0.3,0.05,7.24071359189169E+018,15,0.0651157613555623,3.7663E-13,1.688E-13,1,3,0.2,0,0.5
bipolarization,heterogeneous,51,3,3,0.2,0.2,0.7,0.2,true,0,0.3,0.2,0,7.24071359189169E+018,20,0.10973900530508,6.10284196245E-06,3.39765082923E-06,1,4,0.5,0,1
bipolarization,homogeneous,31,0,4,0.5,0.2,0.4,0.3,true,0.1,0.1,0.3,0.05,4.34257261248481E+018,15,0.0651157613555623,3.7663E-13,1.688E-13,1,3,0.2,0,0.5
bipolarization,homogeneous,31,0,4,0.5,0.2,0.4,0.3,true,0.1,0.1,0.3,0.05,8.63617513033061E+018,15,0.0651157613555623,3.7663E-13,1.688E-13,1,3,0.2,0,0.5
bipolarization,homogeneous,31,0,4,0.5,0.2,0.4,0.3,true,0.1,0.1,0.3,0.05,4.47792793694704E+018,15,0.0651157613555623,3.7663E-13,1.688E-13,1,3,0.2,0,0.5
bipolarization,homogeneous,31,0,4,0.5,0.2,0.4,0.3,true,0.1,0.1,0.3,0.05,1.84114252416859E+018,15,0.0651157613555623,3.7663E-13,1.688E-13,1,3,0.2,0,0.5
bipolarization,heterogeneous,51,3,3,0.2,0.2,0.7,0.2,true,0,0.3,0.2,0,8.63617513033061E+018,20,0.10973900530508,6.10284196245E-06,3.39765082923E-06,1,4,0.5,0,1
bipolarization,homogeneous,31,0,4,0.5,0.2,0.4,0.3,true,0.1,0.1,0.3,0.05,5.70257702789059E+018,15,0.0651157613555623,3.7663E-13,1.688E-13,1,3,0.2,0,0.5
bipolarization,heterogeneous,51,3,3,0.2,0.2,0.7,0.2,true,0,0.3,0.2,0,4.39889510625904E+018,20,0.10973900530508,6.10284196245E-06,3.39765082923E-06,1,4,0.5,0,1
bipolarization,homogeneous,31,0,4,0.5,0.2,0.4,0.3,true,0.1,0.1,0.3,0.05,7.13900204836315E+018,15,0.0651157613555623,3.7663E-13,1.688E-13,1,3,0.2,0,0.5
bipolarization,homogeneous,31,0,4,0.5,0.2,0.4,0.3,true,0.1,0.1,0.3,0.05,4.39889510625904E+018,15,0.0651157613555623,3.7663E-13,1.688E-13,1,3,0.2,0,0.5
bipolarization,homogeneous,31,0,4,0.5,0.2,0.4,0.3,true,0.1,0.1,0.3,0.05,7.04337208916658E+018,15,0.0651157613555623,3.7663E-13,1.688E-13,1,3,0.2,0,0.5
bipolarization,heterogeneous,51,3,3,0.2,0.2,0.7,0.2,true,0,0.3,0.2,0,1.84114252416859E+018,20,0.10973900530508,6.10284196245E-06,3.39765082923E-06,1,4,0.5,0,1
bipolarization,homogeneous,31,0,4,0.5,0.2,0.4,0.3,true,0.1,0.1,0.3,0.05,6.90547037085634E+018,15,0.0651157613555623,3.7663E-13,1.688E-13,1,3,0.2,0,0.5
bipolarization,homogeneous,31,0,4,0.5,0.2,0.4,0.3,true,0.1,0.1,0.3,0.05,7.12889348418325E+018,15,0.0651157613555623,3.7663E-13,1.688E-13,1,3,0.2,0,0.5
bipolarization,heterogeneous,51,3,3,0.2,0.2,0.7,0.2,true,0,0.3,0.2,0,6.90547037085634E+018,20,0.10973900530508,6.10284196245E-06,3.39765082923E-06,1,4,0.5,0,1
bipolarization,homogeneous,31,0,4,0.5,0.2,0.4,0.3,true,0.1,0.1,0.3,0.05,1.09591146466576E+017,15,0.0651157613555623,3.7663E-13,1.688E-13,1,3,0.2,0,0.5
bipolarization,heterogeneous,51,3,3,0.2,0.2,0.7,0.2,true,0,0.3,0.2,0,5.70257702789059E+018,20,0.10973900530508,6.10284196245E-06,3.39765082923E-06,1,4,0.5,0,1
bipolarization,heterogeneous,51,3,3,0.2,0.2,0.7,0.2,true,0,0.3,0.2,0,8.80361844505413E+018,20,0.10973900530508,6.10284196245E-06,3.39765082923E-06,1,4,0.5,0,1
bipolarization,heterogeneous,51,3,3,0.2,0.2,0.7,0.2,true,0,0.3,0.2,0,7.12889348418325E+018,20,0.10973900530508,6.10284196245E-06,3.39765082923E-06,1,4,0.5,0,1
bipolarization,heterogeneous,51,3,3,0.2,0.2,0.7,0.2,true,0,0.3,0.2,0,7.04337208916658E+018,20,0.10973900530508,6.10284196245E-06,3.39765082923E-06,1,4,0.5,0,1
bipolarization,heterogeneous,51,3,3,0.2,0.2,0.7,0.2,true,0,0.3,0.2,0,4.34257261248481E+018,20,0.10973900530508,6.10284196245E-06,3.39765082923E-06,1,4,0.5,0,1
bipolarization,homogeneous,31,0,4,0.5,0.2,0.4,0.3,true,0.1,0.1,0.3,0.05,4.28636038694465E+018,15,0.0651157613555623,3.7663E-13,1.688E-13,1,3,0.2,0,0.5
bipolarization,heterogeneous,51,3,3,0.2,0.2,0.7,0.2,true,0,0.3,0.2,0,4.28636038694465E+018,20,0.10973900530508,6.10284196245E-06,3.39765082923E-06,1,4,0.5,0,1
bipolarization,heterogeneous,51,3,3,0.2,0.2,0.7,0.2,true,0,0.3,0.2,0,1.09591146466576E+017,20,0.10973900530508,6.10284196245E-06,3.39765082923E-06,1,4,0.5,0,1
bipolarization,heterogeneous,51,3,3,0.2,0.2,0.7,0.2,true,0,0.3,0.2,0,4.47792793694704E+018,20,0.10973900530508,6.10284196245E-06,3.39765082923E-06,1,4,0.5,0,1
bipolarization,heterogeneous,9,3,4,0.5,0.3,0.6,0.1,true,0,0.3,0.1,0.2,7.24071359189169E+018,15,0.102269677980236,1.96591E-12,1.20994E-12,1,4,0.3,0,0
bipolarization,homogeneous,6,0,6,0.2,0.4,0.7,0.2,true,0.2,0.2,0.1,0.05,7.13900204836315E+018,25,0.14943018122695,0.00026660018373122,0.0001900265735161,2,4,0.3,0,0.7
bipolarization,heterogeneous,9,3,4,0.5,0.3,0.6,0.1,true,0,0.3,0.1,0.2,7.13900204836315E+018,15,0.102269677980236,1.96591E-12,1.20994E-12,1,4,0.3,0,0
bipolarization,homogeneous,6,0,6,0.2,0.4,0.7,0.2,true,0.2,0.2,0.1,0.05,8.63617513033061E+018,25,0.14943018122695,0.00026660018373122,0.0001900265735161,2,4,0.3,0,0.7
bipolarization,homogeneous,6,0,6,0.2,0.4,0.7,0.2,true,0.2,0.2,0.1,0.05,8.80361844505413E+018,25,0.14943018122695,0.00026660018373122,0.0001900265735161,2,4,0.3,0,0.7
bipolarization,homogeneous,6,0,6,0.2,0.4,0.7,0.2,true,0.2,0.2,0.1,0.05,4.34257261248481E+018,25,0.14943018122695,0.00026660018373122,0.0001900265735161,2,4,0.3,0,0.7
bipolarization,homogeneous,6,0,6,0.2,0.4,0.7,0.2,true,0.2,0.2,0.1,0.05,4.6926904669588E+018,25,0.14943018122695,0.00026660018373122,0.0001900265735161,2,4,0.3,0,0.7
bipolarization,homogeneous,6,0,6,0.2,0.4,0.7,0.2,true,0.2,0.2,0.1,0.05,5.70257702789059E+018,25,0.14943018122695,0.00026660018373122,0.0001900265735161,2,4,0.3,0,0.7
bipolarization,homogeneous,6,0,6,0.2,0.4,0.7,0.2,true,0.2,0.2,0.1,0.05,6.90547037085634E+018,25,0.14943018122695,0.00026660018373122,0.0001900265735161,2,4,0.3,0,0.7
bipolarization,homogeneous,31,0,4,0.1,0.2,0.8,0.3,true,0.1,0,0.3,0.2,7.13900204836315E+018,55,0.101566068100061,5.400260936398E-05,2.612519332792E-05,1,3,0.6,0,0
bipolarization,homogeneous,6,0,6,0.2,0.4,0.7,0.2,true,0.2,0.2,0.1,0.05,1.84114252416859E+018,25,0.14943018122695,0.00026660018373122,0.0001900265735161,2,4,0.3,0,0.7
bipolarization,homogeneous,31,0,4,0.1,0.2,0.8,0.3,true,0.1,0,0.3,0.2,7.24071359189169E+018,55,0.101566068100061,5.400260936398E-05,2.612519332792E-05,1,3,0.6,0,0
bipolarization,homogeneous,6,0,6,0.2,0.4,0.7,0.2,true,0.2,0.2,0.1,0.05,4.39889510625904E+018,25,0.14943018122695,0.00026660018373122,0.0001900265735161,2,4,0.3,0,0.7
bipolarization,homogeneous,31,0,4,0.1,0.2,0.8,0.3,true,0.1,0,0.3,0.2,6.90547037085634E+018,55,0.101566068100061,5.400260936398E-05,2.612519332792E-05,1,3,0.6,0,0
bipolarization,homogeneous,6,0,6,0.2,0.4,0.7,0.2,true,0.2,0.2,0.1,0.05,7.24071359189169E+018,25,0.14943018122695,0.00026660018373122,0.0001900265735161,2,4,0.3,0,0.7
bipolarization,homogeneous,31,0,4,0.1,0.2,0.8,0.3,true,0.1,0,0.3,0.2,8.63617513033061E+018,55,0.101566068100061,5.400260936398E-05,2.612519332792E-05,1,3,0.6,0,0
bipolarization,homogeneous,6,0,6,0.2,0.4,0.7,0.2,true,0.2,0.2,0.1,0.05,4.47792793694704E+018,25,0.14943018122695,0.00026660018373122,0.0001900265735161,2,4,0.3,0,0.7
bipolarization,homogeneous,6,0,6,0.2,0.4,0.7,0.2,true,0.2,0.2,0.1,0.05,1.09591146466576E+017,25,0.14943018122695,0.00026660018373122,0.0001900265735161,2,4,0.3,0,0.7
bipolarization,homogeneous,6,0,6,0.2,0.4,0.7,0.2,true,0.2,0.2,0.1,0.05,7.04337208916658E+018,25,0.14943018122695,0.00026660018373122,0.0001900265735161,2,4,0.3,0,0.7
bipolarization,homogeneous,6,0,6,0.2,0.4,0.7,0.2,true,0.2,0.2,0.1,0.05,4.28636038694465E+018,25,0.14943018122695,0.00026660018373122,0.0001900265735161,2,4,0.3,0,0.7
bipolarization,homogeneous,6,0,6,0.2,0.4,0.7,0.2,true,0.2,0.2,0.1,0.05,7.12889348418325E+018,25,0.14943018122695,0.00026660018373122,0.0001900265735161,2,4,0.3,0,0.7
bipolarization,homogeneous,31,0,4,0.1,0.2,0.8,0.3,true,0.1,0,0.3,0.2,5.70257702789059E+018,55,0.101566068100061,5.400260936398E-05,2.612519332792E-05,1,3,0.6,0,0
bipolarization,homogeneous,31,0,4,0.1,0.2,0.8,0.3,true,0.1,0,0.3,0.2,4.6926904669588E+018,55,0.101566068100061,5.400260936398E-05,2.612519332792E-05,1,3,0.6,0,0
bipolarization,homogeneous,31,0,4,0.1,0.2,0.8,0.3,true,0.1,0,0.3,0.2,1.84114252416859E+018,55,0.101566068100061,5.400260936398E-05,2.612519332792E-05,1,3,0.6,0,0
bipolarization,homogeneous,31,0,4,0.1,0.2,0.8,0.3,true,0.1,0,0.3,0.2,8.80361844505413E+018,55,0.101566068100061,5.400260936398E-05,2.612519332792E-05,1,3,0.6,0,0
bipolarization,heterogeneous,9,3,4,0.5,0.3,0.6,0.1,true,0,0.3,0.1,0.2,4.6926904669588E+018,15,0.102269677980236,1.96591E-12,1.20994E-12,1,4,0.3,0,0
bipolarization,homogeneous,31,0,4,0.1,0.2,0.8,0.3,true,0.1,0,0.3,0.2,4.34257261248481E+018,55,0.101566068100061,5.400260936398E-05,2.612519332792E-05,1,3,0.6,0,0
bipolarization,homogeneous,31,0,4,0.1,0.2,0.8,0.3,true,0.1,0,0.3,0.2,7.12889348418325E+018,55,0.101566068100061,5.400260936398E-05,2.612519332792E-05,1,3,0.6,0,0
bipolarization,heterogeneous,9,3,4,0.5,0.3,0.6,0.1,true,0,0.3,0.1,0.2,8.63617513033061E+018,15,0.102269677980236,1.96591E-12,1.20994E-12,1,4,0.3,0,0
bipolarization,homogeneous,31,0,4,0.1,0.2,0.8,0.3,true,0.1,0,0.3,0.2,4.39889510625904E+018,55,0.101566068100061,5.400260936398E-05,2.612519332792E-05,1,3,0.6,0,0
bipolarization,homogeneous,31,0,4,0.1,0.2,0.8,0.3,true,0.1,0,0.3,0.2,4.47792793694704E+018,55,0.101566068100061,5.400260936398E-05,2.612519332792E-05,1,3,0.6,0,0
bipolarization,homogeneous,31,0,4,0.1,0.2,0.8,0.3,true,0.1,0,0.3,0.2,4.28636038694465E+018,55,0.101566068100061,5.400260936398E-05,2.612519332792E-05,1,3,0.6,0,0
bipolarization,heterogeneous,9,3,4,0.5,0.3,0.6,0.1,true,0,0.3,0.1,0.2,6.90547037085634E+018,15,0.102269677980236,1.96591E-12,1.20994E-12,1,4,0.3,0,0
bipolarization,heterogeneous,9,3,4,0.5,0.3,0.6,0.1,true,0,0.3,0.1,0.2,1.84114252416859E+018,15,0.102269677980236,1.96591E-12,1.20994E-12,1,4,0.3,0,0
bipolarization,heterogeneous,9,3,4,0.5,0.3,0.6,0.1,true,0,0.3,0.1,0.2,4.39889510625904E+018,15,0.102269677980236,1.96591E-12,1.20994E-12,1,4,0.3,0,0
bipolarization,homogeneous,31,0,4,0.1,0.2,0.8,0.3,true,0.1,0,0.3,0.2,7.04337208916658E+018,55,0.101566068100061,5.400260936398E-05,2.612519332792E-05,1,3,0.6,0,0
bipolarization,heterogeneous,9,3,4,0.5,0.3,0.6,0.1,true,0,0.3,0.1,0.2,5.70257702789059E+018,15,0.102269677980236,1.96591E-12,1.20994E-12,1,4,0.3,0,0
bipolarization,heterogeneous,9,3,4,0.5,0.3,0.6,0.1,true,0,0.3,0.1,0.2,7.12889348418325E+018,15,0.102269677980236,1.96591E-12,1.20994E-12,1,4,0.3,0,0
bipolarization,heterogeneous,9,3,4,0.5,0.3,0.6,0.1,true,0,0.3,0.1,0.2,1.09591146466576E+017,15,0.102269677980236,1.96591E-12,1.20994E-12,1,4,0.3,0,0
bipolarization,heterogeneous,9,3,4,0.5,0.3,0.6,0.1,true,0,0.3,0.1,0.2,4.28636038694465E+018,15,0.102269677980236,1.96591E-12,1.20994E-12,1,4,0.3,0,0
bipolarization,heterogeneous,9,3,4,0.5,0.3,0.6,0.1,true,0,0.3,0.1,0.2,4.34257261248481E+018,15,0.102269677980236,1.96591E-12,1.20994E-12,1,4,0.3,0,0
bipolarization,heterogeneous,40,2,2,0.1,0.2,0.7,0.1,true,0,0.1,0.3,0.2,4.6926904669588E+018,25,0.0440474032654004,0.0000091459836374,6.28547322735E-06,2,3,0.5,0,0.3
bipolarization,homogeneous,31,0,4,0.1,0.2,0.8,0.3,true,0.1,0,0.3,0.2,1.09591146466576E+017,55,0.101566068100061,5.400260936398E-05,2.612519332792E-05,1,3,0.6,0,0
bipolarization,heterogeneous,9,3,4,0.5,0.3,0.6,0.1,true,0,0.3,0.1,0.2,4.47792793694704E+018,15,0.102269677980236,1.96591E-12,1.20994E-12,1,4,0.3,0,0
bipolarization,heterogeneous,9,3,4,0.5,0.3,0.6,0.1,true,0,0.3,0.1,0.2,8.80361844505413E+018,15,0.102269677980236,1.96591E-12,1.20994E-12,1,4,0.3,0,0
bipolarization,heterogeneous,9,3,4,0.5,0.3,0.6,0.1,true,0,0.3,0.1,0.2,7.04337208916658E+018,15,0.102269677980236,1.96591E-12,1.20994E-12,1,4,0.3,0,0
bipolarization,heterogeneous,40,2,2,0.1,0.2,0.7,0.1,true,0,0.1,0.3,0.2,7.24071359189169E+018,25,0.0440474032654004,0.0000091459836374,6.28547322735E-06,2,3,0.5,0,0.3
bipolarization,heterogeneous,40,2,2,0.1,0.2,0.7,0.1,true,0,0.1,0.3,0.2,7.13900204836315E+018,25,0.0440474032654004,0.0000091459836374,6.28547322735E-06,2,3,0.5,0,0.3
bipolarization,heterogeneous,40,2,2,0.1,0.2,0.7,0.1,true,0,0.1,0.3,0.2,8.63617513033061E+018,25,0.0440474032654004,0.0000091459836374,6.28547322735E-06,2,3,0.5,0,0.3
bipolarization,heterogeneous,40,2,2,0.1,0.2,0.7,0.1,true,0,0.1,0.3,0.2,6.90547037085634E+018,25,0.0440474032654004,0.0000091459836374,6.28547322735E-06,2,3,0.5,0,0.3
bipolarization,heterogeneous,40,2,2,0.1,0.2,0.7,0.1,true,0,0.1,0.3,0.2,1.84114252416859E+018,25,0.0440474032654004,0.0000091459836374,6.28547322735E-06,2,3,0.5,0,0.3
bipolarization,heterogeneous,40,2,2,0.1,0.2,0.7,0.1,true,0,0.1,0.3,0.2,4.39889510625904E+018,25,0.0440474032654004,0.0000091459836374,6.28547322735E-06,2,3,0.5,0,0.3
bipolarization,heterogeneous,40,2,2,0.1,0.2,0.7,0.1,true,0,0.1,0.3,0.2,7.04337208916658E+018,25,0.0440474032654004,0.0000091459836374,6.28547322735E-06,2,3,0.5,0,0.3
bipolarization,heterogeneous,40,2,2,0.1,0.2,0.7,0.1,true,0,0.1,0.3,0.2,7.12889348418325E+018,25,0.0440474032654004,0.0000091459836374,6.28547322735E-06,2,3,0.5,0,0.3
bipolarization,homogeneous,48,0,6,0.2,0.3,0.8,0.3,true,0,0.2,0,0.05,5.70257702789059E+018,20,0.0799104316049387,4.81565509458E-06,3.82738658943E-06,1,3,0.5,0,0.5
bipolarization,heterogeneous,40,2,2,0.1,0.2,0.7,0.1,true,0,0.1,0.3,0.2,5.70257702789059E+018,25,0.0440474032654004,0.0000091459836374,6.28547322735E-06,2,3,0.5,0,0.3
bipolarization,heterogeneous,40,2,2,0.1,0.2,0.7,0.1,true,0,0.1,0.3,0.2,8.80361844505413E+018,25,0.0440474032654004,0.0000091459836374,6.28547322735E-06,2,3,0.5,0,0.3
bipolarization,heterogeneous,40,2,2,0.1,0.2,0.7,0.1,true,0,0.1,0.3,0.2,1.09591146466576E+017,25,0.0440474032654004,0.0000091459836374,6.28547322735E-06,2,3,0.5,0,0.3
bipolarization,heterogeneous,40,2,2,0.1,0.2,0.7,0.1,true,0,0.1,0.3,0.2,4.34257261248481E+018,25,0.0440474032654004,0.0000091459836374,6.28547322735E-06,2,3,0.5,0,0.3
bipolarization,heterogeneous,40,2,2,0.1,0.2,0.7,0.1,true,0,0.1,0.3,0.2,4.28636038694465E+018,25,0.0440474032654004,0.0000091459836374,6.28547322735E-06,2,3,0.5,0,0.3
bipolarization,homogeneous,48,0,6,0.2,0.3,0.8,0.3,true,0,0.2,0,0.05,6.90547037085634E+018,20,0.0799104316049387,4.81565509458E-06,3.82738658943E-06,1,3,0.5,0,0.5
bipolarization,heterogeneous,40,2,2,0.1,0.2,0.7,0.1,true,0,0.1,0.3,0.2,4.47792793694704E+018,25,0.0440474032654004,0.0000091459836374,6.28547322735E-06,2,3,0.5,0,0.3
bipolarization,heterogeneous,18,2,2,0.3,0.5,0.6,0.3,true,0.2,0.2,0.1,0.2,4.6926904669588E+018,20,0.0994300861380751,4.95822092184E-06,2.51117376588E-06,1,3,0.1,0,0
bipolarization,homogeneous,48,0,6,0.2,0.3,0.8,0.3,true,0,0.2,0,0.05,8.63617513033061E+018,20,0.0799104316049387,4.81565509458E-06,3.82738658943E-06,1,3,0.5,0,0.5
bipolarization,homogeneous,48,0,6,0.2,0.3,0.8,0.3,true,0,0.2,0,0.05,4.39889510625904E+018,20,0.0799104316049387,4.81565509458E-06,3.82738658943E-06,1,3,0.5,0,0.5
bipolarization,heterogeneous,18,2,2,0.3,0.5,0.6,0.3,true,0.2,0.2,0.1,0.2,7.24071359189169E+018,20,0.0994300861380751,4.95822092184E-06,2.51117376588E-06,1,3,0.1,0,0
bipolarization,homogeneous,48,0,6,0.2,0.3,0.8,0.3,true,0,0.2,0,0.05,7.13900204836315E+018,20,0.0799104316049387,4.81565509458E-06,3.82738658943E-06,1,3,0.5,0,0.5
bipolarization,homogeneous,48,0,6,0.2,0.3,0.8,0.3,true,0,0.2,0,0.05,7.24071359189169E+018,20,0.0799104316049387,4.81565509458E-06,3.82738658943E-06,1,3,0.5,0,0.5
bipolarization,homogeneous,48,0,6,0.2,0.3,0.8,0.3,true,0,0.2,0,0.05,7.12889348418325E+018,20,0.0799104316049387,4.81565509458E-06,3.82738658943E-06,1,3,0.5,0,0.5
bipolarization,homogeneous,48,0,6,0.2,0.3,0.8,0.3,true,0,0.2,0,0.05,8.80361844505413E+018,20,0.0799104316049387,4.81565509458E-06,3.82738658943E-06,1,3,0.5,0,0.5
bipolarization,heterogeneous,18,2,2,0.3,0.5,0.6,0.3,true,0.2,0.2,0.1,0.2,7.13900204836315E+018,20,0.0994300861380751,4.95822092184E-06,2.51117376588E-06,1,3,0.1,0,0
bipolarization,heterogeneous,18,2,2,0.3,0.5,0.6,0.3,true,0.2,0.2,0.1,0.2,4.39889510625904E+018,20,0.0994300861380751,4.95822092184E-06,2.51117376588E-06,1,3,0.1,0,0
bipolarization,homogeneous,48,0,6,0.2,0.3,0.8,0.3,true,0,0.2,0,0.05,4.6926904669588E+018,20,0.0799104316049387,4.81565509458E-06,3.82738658943E-06,1,3,0.5,0,0.5
bipolarization,heterogeneous,18,2,2,0.3,0.5,0.6,0.3,true,0.2,0.2,0.1,0.2,8.63617513033061E+018,20,0.0994300861380751,4.95822092184E-06,2.51117376588E-06,1,3,0.1,0,0
bipolarization,homogeneous,48,0,6,0.2,0.3,0.8,0.3,true,0,0.2,0,0.05,7.04337208916658E+018,20,0.0799104316049387,4.81565509458E-06,3.82738658943E-06,1,3,0.5,0,0.5
bipolarization,heterogeneous,18,2,2,0.3,0.5,0.6,0.3,true,0.2,0.2,0.1,0.2,5.70257702789059E+018,20,0.0994300861380751,4.95822092184E-06,2.51117376588E-06,1,3,0.1,0,0
bipolarization,homogeneous,48,0,6,0.2,0.3,0.8,0.3,true,0,0.2,0,0.05,4.47792793694704E+018,20,0.0799104316049387,4.81565509458E-06,3.82738658943E-06,1,3,0.5,0,0.5
bipolarization,homogeneous,48,0,6,0.2,0.3,0.8,0.3,true,0,0.2,0,0.05,4.28636038694465E+018,20,0.0799104316049387,4.81565509458E-06,3.82738658943E-06,1,3,0.5,0,0.5
bipolarization,homogeneous,48,0,6,0.2,0.3,0.8,0.3,true,0,0.2,0,0.05,4.34257261248481E+018,20,0.0799104316049387,4.81565509458E-06,3.82738658943E-06,1,3,0.5,0,0.5
bipolarization,homogeneous,48,0,6,0.2,0.3,0.8,0.3,true,0,0.2,0,0.05,1.84114252416859E+018,20,0.0799104316049387,4.81565509458E-06,3.82738658943E-06,1,3,0.5,0,0.5
bipolarization,heterogeneous,18,2,2,0.3,0.5,0.6,0.3,true,0.2,0.2,0.1,0.2,7.12889348418325E+018,20,0.0994300861380751,4.95822092184E-06,2.51117376588E-06,1,3,0.1,0,0
bipolarization,heterogeneous,18,2,2,0.3,0.5,0.6,0.3,true,0.2,0.2,0.1,0.2,6.90547037085634E+018,20,0.0994300861380751,4.95822092184E-06,2.51117376588E-06,1,3,0.1,0,0
bipolarization,homogeneous,48,0,6,0.2,0.3,0.8,0.3,true,0,0.2,0,0.05,1.09591146466576E+017,20,0.0799104316049387,4.81565509458E-06,3.82738658943E-06,1,3,0.5,0,0.5
bipolarization,heterogeneous,13,2,2,0.3,0.3,0.8,0.3,true,0,0.1,0.2,0.1,1.84114252416859E+018,15,0.168517124809966,8.2947913314E-07,5.6582660688E-07,1,2,0.5,0,1
bipolarization,heterogeneous,18,2,2,0.3,0.5,0.6,0.3,true,0.2,0.2,0.1,0.2,8.80361844505413E+018,20,0.0994300861380751,4.95822092184E-06,2.51117376588E-06,1,3,0.1,0,0
bipolarization,heterogeneous,13,2,2,0.3,0.3,0.8,0.3,true,0,0.1,0.2,0.1,6.90547037085634E+018,15,0.168517124809966,8.2947913314E-07,5.6582660688E-07,1,2,0.5,0,1
bipolarization,heterogeneous,18,2,2,0.3,0.5,0.6,0.3,true,0.2,0.2,0.1,0.2,1.84114252416859E+018,20,0.0994300861380751,4.95822092184E-06,2.51117376588E-06,1,3,0.1,0,0
bipolarization,heterogeneous,13,2,2,0.3,0.3,0.8,0.3,true,0,0.1,0.2,0.1,8.63617513033061E+018,15,0.168517124809966,8.2947913314E-07,5.6582660688E-07,1,2,0.5,0,1
bipolarization,heterogeneous,13,2,2,0.3,0.3,0.8,0.3,true,0,0.1,0.2,0.1,7.24071359189169E+018,15,0.168517124809966,8.2947913314E-07,5.6582660688E-07,1,2,0.5,0,1
bipolarization,heterogeneous,13,2,2,0.3,0.3,0.8,0.3,true,0,0.1,0.2,0.1,4.6926904669588E+018,15,0.168517124809966,8.2947913314E-07,5.6582660688E-07,1,2,0.5,0,1
bipolarization,heterogeneous,18,2,2,0.3,0.5,0.6,0.3,true,0.2,0.2,0.1,0.2,1.09591146466576E+017,20,0.0994300861380751,4.95822092184E-06,2.51117376588E-06,1,3,0.1,0,0
bipolarization,heterogeneous,18,2,2,0.3,0.5,0.6,0.3,true,0.2,0.2,0.1,0.2,4.28636038694465E+018,20,0.0994300861380751,4.95822092184E-06,2.51117376588E-06,1,3,0.1,0,0
bipolarization,heterogeneous,18,2,2,0.3,0.5,0.6,0.3,true,0.2,0.2,0.1,0.2,4.47792793694704E+018,20,0.0994300861380751,4.95822092184E-06,2.51117376588E-06,1,3,0.1,0,0
bipolarization,heterogeneous,18,2,2,0.3,0.5,0.6,0.3,true,0.2,0.2,0.1,0.2,4.34257261248481E+018,20,0.0994300861380751,4.95822092184E-06,2.51117376588E-06,1,3,0.1,0,0
bipolarization,heterogeneous,13,2,2,0.3,0.3,0.8,0.3,true,0,0.1,0.2,0.1,8.80361844505413E+018,15,0.168517124809966,8.2947913314E-07,5.6582660688E-07,1,2,0.5,0,1
bipolarization,heterogeneous,13,2,2,0.3,0.3,0.8,0.3,true,0,0.1,0.2,0.1,5.70257702789059E+018,15,0.168517124809966,8.2947913314E-07,5.6582660688E-07,1,2,0.5,0,1
bipolarization,heterogeneous,18,2,2,0.3,0.5,0.6,0.3,true,0.2,0.2,0.1,0.2,7.04337208916658E+018,20,0.0994300861380751,4.95822092184E-06,2.51117376588E-06,1,3,0.1,0,0
bipolarization,heterogeneous,13,2,2,0.3,0.3,0.8,0.3,true,0,0.1,0.2,0.1,7.13900204836315E+018,15,0.168517124809966,8.2947913314E-07,5.6582660688E-07,1,2,0.5,0,1
bipolarization,heterogeneous,13,2,2,0.3,0.3,0.8,0.3,true,0,0.1,0.2,0.1,4.39889510625904E+018,15,0.168517124809966,8.2947913314E-07,5.6582660688E-07,1,2,0.5,0,1
bipolarization,heterogeneous,13,2,2,0.3,0.3,0.8,0.3,true,0,0.1,0.2,0.1,1.09591146466576E+017,15,0.168517124809966,8.2947913314E-07,5.6582660688E-07,1,2,0.5,0,1
bipolarization,heterogeneous,13,2,2,0.3,0.3,0.8,0.3,true,0,0.1,0.2,0.1,4.47792793694704E+018,15,0.168517124809966,8.2947913314E-07,5.6582660688E-07,1,2,0.5,0,1
bipolarization,heterogeneous,13,2,2,0.3,0.3,0.8,0.3,true,0,0.1,0.2,0.1,7.12889348418325E+018,15,0.168517124809966,8.2947913314E-07,5.6582660688E-07,1,2,0.5,0,1
bipolarization,heterogeneous,13,2,2,0.3,0.3,0.8,0.3,true,0,0.1,0.2,0.1,4.34257261248481E+018,15,0.168517124809966,8.2947913314E-07,5.6582660688E-07,1,2,0.5,0,1
bipolarization,heterogeneous,13,2,2,0.3,0.3,0.8,0.3,true,0,0.1,0.2,0.1,7.04337208916658E+018,15,0.168517124809966,8.2947913314E-07,5.6582660688E-07,1,2,0.5,0,1
bipolarization,heterogeneous,13,2,2,0.3,0.3,0.8,0.3,true,0,0.1,0.2,0.1,4.28636038694465E+018,15,0.168517124809966,8.2947913314E-07,5.6582660688E-07,1,2,0.5,0,1
bipolarization,heterogeneous,3,2,2,0.5,0.3,0.4,0.2,true,0.2,0.1,0.3,0.2,7.13900204836315E+018,15,0.127894166609415,1.3567603E-10,6.358622E-11,1,3,0.1,0,0.5
bipolarization,heterogeneous,51,3,3,0.1,0.5,0.5,0.2,true,0,0.3,0,0.2,7.13900204836315E+018,30,0.112217346955219,0.000011978317248,8.53373571902E-06,1,4,0,0,0.7
bipolarization,homogeneous,50,0,6,0.2,0.3,0.7,0.1,true,0.1,0.3,0,0,7.13900204836315E+018,20,0.0779372738376454,2.996358898489E-05,1.799624269178E-05,1,3,0.4,0,0.5
bipolarization,heterogeneous,3,2,2,0.5,0.3,0.4,0.2,true,0.2,0.1,0.3,0.2,7.24071359189169E+018,15,0.127894166609415,1.3567603E-10,6.358622E-11,1,3,0.1,0,0.5
bipolarization,homogeneous,50,0,6,0.2,0.3,0.7,0.1,true,0.1,0.3,0,0,7.24071359189169E+018,20,0.0779372738376454,2.996358898489E-05,1.799624269178E-05,1,3,0.4,0,0.5
bipolarization,homogeneous,50,0,6,0.2,0.3,0.7,0.1,true,0.1,0.3,0,0,8.80361844505413E+018,20,0.0779372738376454,2.996358898489E-05,1.799624269178E-05,1,3,0.4,0,0.5
bipolarization,homogeneous,50,0,6,0.2,0.3,0.7,0.1,true,0.1,0.3,0,0,1.84114252416859E+018,20,0.0779372738376454,2.996358898489E-05,1.799624269178E-05,1,3,0.4,0,0.5
bipolarization,homogeneous,50,0,6,0.2,0.3,0.7,0.1,true,0.1,0.3,0,0,4.6926904669588E+018,20,0.0779372738376454,2.996358898489E-05,1.799624269178E-05,1,3,0.4,0,0.5
bipolarization,homogeneous,50,0,6,0.2,0.3,0.7,0.1,true,0.1,0.3,0,0,6.90547037085634E+018,20,0.0779372738376454,2.996358898489E-05,1.799624269178E-05,1,3,0.4,0,0.5
bipolarization,homogeneous,50,0,6,0.2,0.3,0.7,0.1,true,0.1,0.3,0,0,4.39889510625904E+018,20,0.0779372738376454,2.996358898489E-05,1.799624269178E-05,1,3,0.4,0,0.5
bipolarization,homogeneous,50,0,6,0.2,0.3,0.7,0.1,true,0.1,0.3,0,0,4.34257261248481E+018,20,0.0779372738376454,2.996358898489E-05,1.799624269178E-05,1,3,0.4,0,0.5
bipolarization,homogeneous,50,0,6,0.2,0.3,0.7,0.1,true,0.1,0.3,0,0,7.04337208916658E+018,20,0.0779372738376454,2.996358898489E-05,1.799624269178E-05,1,3,0.4,0,0.5
bipolarization,heterogeneous,51,3,3,0.1,0.5,0.5,0.2,true,0,0.3,0,0.2,8.80361844505413E+018,30,0.112217346955219,0.000011978317248,8.53373571902E-06,1,4,0,0,0.7
bipolarization,homogeneous,50,0,6,0.2,0.3,0.7,0.1,true,0.1,0.3,0,0,5.70257702789059E+018,20,0.0779372738376454,2.996358898489E-05,1.799624269178E-05,1,3,0.4,0,0.5
bipolarization,homogeneous,50,0,6,0.2,0.3,0.7,0.1,true,0.1,0.3,0,0,4.28636038694465E+018,20,0.0779372738376454,2.996358898489E-05,1.799624269178E-05,1,3,0.4,0,0.5
bipolarization,homogeneous,50,0,6,0.2,0.3,0.7,0.1,true,0.1,0.3,0,0,8.63617513033061E+018,20,0.0779372738376454,2.996358898489E-05,1.799624269178E-05,1,3,0.4,0,0.5
bipolarization,heterogeneous,51,3,3,0.1,0.5,0.5,0.2,true,0,0.3,0,0.2,7.24071359189169E+018,30,0.112217346955219,0.000011978317248,8.53373571902E-06,1,4,0,0,0.7
bipolarization,heterogeneous,51,3,3,0.1,0.5,0.5,0.2,true,0,0.3,0,0.2,7.12889348418325E+018,30,0.112217346955219,0.000011978317248,8.53373571902E-06,1,4,0,0,0.7
bipolarization,homogeneous,50,0,6,0.2,0.3,0.7,0.1,true,0.1,0.3,0,0,1.09591146466576E+017,20,0.0779372738376454,2.996358898489E-05,1.799624269178E-05,1,3,0.4,0,0.5
bipolarization,homogeneous,50,0,6,0.2,0.3,0.7,0.1,true,0.1,0.3,0,0,7.12889348418325E+018,20,0.0779372738376454,2.996358898489E-05,1.799624269178E-05,1,3,0.4,0,0.5
bipolarization,heterogeneous,51,3,3,0.1,0.5,0.5,0.2,true,0,0.3,0,0.2,7.04337208916658E+018,30,0.112217346955219,0.000011978317248,8.53373571902E-06,1,4,0,0,0.7
bipolarization,heterogeneous,51,3,3,0.1,0.5,0.5,0.2,true,0,0.3,0,0.2,6.90547037085634E+018,30,0.112217346955219,0.000011978317248,8.53373571902E-06,1,4,0,0,0.7
bipolarization,heterogeneous,51,3,3,0.1,0.5,0.5,0.2,true,0,0.3,0,0.2,4.28636038694465E+018,30,0.112217346955219,0.000011978317248,8.53373571902E-06,1,4,0,0,0.7
bipolarization,heterogeneous,51,3,3,0.1,0.5,0.5,0.2,true,0,0.3,0,0.2,4.6926904669588E+018,30,0.112217346955219,0.000011978317248,8.53373571902E-06,1,4,0,0,0.7
bipolarization,homogeneous,50,0,6,0.2,0.3,0.7,0.1,true,0.1,0.3,0,0,4.47792793694704E+018,20,0.0779372738376454,2.996358898489E-05,1.799624269178E-05,1,3,0.4,0,0.5
bipolarization,heterogeneous,3,2,2,0.5,0.3,0.4,0.2,true,0.2,0.1,0.3,0.2,6.90547037085634E+018,15,0.127894166609415,1.3567603E-10,6.358622E-11,1,3,0.1,0,0.5
bipolarization,heterogeneous,51,3,3,0.1,0.5,0.5,0.2,true,0,0.3,0,0.2,1.84114252416859E+018,30,0.112217346955219,0.000011978317248,8.53373571902E-06,1,4,0,0,0.7
bipolarization,heterogeneous,51,3,3,0.1,0.5,0.5,0.2,true,0,0.3,0,0.2,4.34257261248481E+018,30,0.112217346955219,0.000011978317248,8.53373571902E-06,1,4,0,0,0.7
bipolarization,heterogeneous,51,3,3,0.1,0.5,0.5,0.2,true,0,0.3,0,0.2,1.09591146466576E+017,30,0.112217346955219,0.000011978317248,8.53373571902E-06,1,4,0,0,0.7
bipolarization,heterogeneous,51,3,3,0.1,0.5,0.5,0.2,true,0,0.3,0,0.2,5.70257702789059E+018,30,0.112217346955219,0.000011978317248,8.53373571902E-06,1,4,0,0,0.7
bipolarization,heterogeneous,3,2,2,0.5,0.3,0.4,0.2,true,0.2,0.1,0.3,0.2,4.39889510625904E+018,15,0.127894166609415,1.3567603E-10,6.358622E-11,1,3,0.1,0,0.5
bipolarization,heterogeneous,51,3,3,0.1,0.5,0.5,0.2,true,0,0.3,0,0.2,4.47792793694704E+018,30,0.112217346955219,0.000011978317248,8.53373571902E-06,1,4,0,0,0.7
bipolarization,heterogeneous,51,3,3,0.1,0.5,0.5,0.2,true,0,0.3,0,0.2,4.39889510625904E+018,30,0.112217346955219,0.000011978317248,8.53373571902E-06,1,4,0,0,0.7
bipolarization,heterogeneous,3,2,2,0.5,0.3,0.4,0.2,true,0.2,0.1,0.3,0.2,4.6926904669588E+018,15,0.127894166609415,1.3567603E-10,6.358622E-11,1,3,0.1,0,0.5
bipolarization,heterogeneous,51,3,3,0.1,0.5,0.5,0.2,true,0,0.3,0,0.2,8.63617513033061E+018,30,0.112217346955219,0.000011978317248,8.53373571902E-06,1,4,0,0,0.7
bipolarization,heterogeneous,3,2,2,0.5,0.3,0.4,0.2,true,0.2,0.1,0.3,0.2,8.63617513033061E+018,15,0.127894166609415,1.3567603E-10,6.358622E-11,1,3,0.1,0,0.5
bipolarization,heterogeneous,3,2,2,0.5,0.3,0.4,0.2,true,0.2,0.1,0.3,0.2,1.84114252416859E+018,15,0.127894166609415,1.3567603E-10,6.358622E-11,1,3,0.1,0,0.5
bipolarization,heterogeneous,3,2,2,0.5,0.3,0.4,0.2,true,0.2,0.1,0.3,0.2,7.04337208916658E+018,15,0.127894166609415,1.3567603E-10,6.358622E-11,1,3,0.1,0,0.5
bipolarization,heterogeneous,55,2,2,0.5,0.3,0.6,0.2,true,0.05,0.2,0.3,0.2,5.70257702789059E+018,15,0.180844161309835,1.43696E-12,1.58662E-12,1,4,0.3,0,0.7
bipolarization,heterogeneous,3,2,2,0.5,0.3,0.4,0.2,true,0.2,0.1,0.3,0.2,5.70257702789059E+018,15,0.127894166609415,1.3567603E-10,6.358622E-11,1,3,0.1,0,0.5
bipolarization,heterogeneous,3,2,2,0.5,0.3,0.4,0.2,true,0.2,0.1,0.3,0.2,1.09591146466576E+017,15,0.127894166609415,1.3567603E-10,6.358622E-11,1,3,0.1,0,0.5
bipolarization,heterogeneous,3,2,2,0.5,0.3,0.4,0.2,true,0.2,0.1,0.3,0.2,4.47792793694704E+018,15,0.127894166609415,1.3567603E-10,6.358622E-11,1,3,0.1,0,0.5
bipolarization,heterogeneous,55,2,2,0.5,0.3,0.6,0.2,true,0.05,0.2,0.3,0.2,8.63617513033061E+018,15,0.180844161309835,1.43696E-12,1.58662E-12,1,4,0.3,0,0.7
bipolarization,heterogeneous,3,2,2,0.5,0.3,0.4,0.2,true,0.2,0.1,0.3,0.2,7.12889348418325E+018,15,0.127894166609415,1.3567603E-10,6.358622E-11,1,3,0.1,0,0.5
bipolarization,heterogeneous,55,2,2,0.5,0.3,0.6,0.2,true,0.05,0.2,0.3,0.2,7.13900204836315E+018,15,0.180844161309835,1.43696E-12,1.58662E-12,1,4,0.3,0,0.7
bipolarization,heterogeneous,3,2,2,0.5,0.3,0.4,0.2,true,0.2,0.1,0.3,0.2,4.28636038694465E+018,15,0.127894166609415,1.3567603E-10,6.358622E-11,1,3,0.1,0,0.5
bipolarization,heterogeneous,55,2,2,0.5,0.3,0.6,0.2,true,0.05,0.2,0.3,0.2,8.80361844505413E+018,15,0.180844161309835,1.43696E-12,1.58662E-12,1,4,0.3,0,0.7
bipolarization,heterogeneous,55,2,2,0.5,0.3,0.6,0.2,true,0.05,0.2,0.3,0.2,6.90547037085634E+018,15,0.180844161309835,1.43696E-12,1.58662E-12,1,4,0.3,0,0.7
bipolarization,heterogeneous,3,2,2,0.5,0.3,0.4,0.2,true,0.2,0.1,0.3,0.2,4.34257261248481E+018,15,0.127894166609415,1.3567603E-10,6.358622E-11,1,3,0.1,0,0.5
bipolarization,heterogeneous,3,2,2,0.5,0.3,0.4,0.2,true,0.2,0.1,0.3,0.2,8.80361844505413E+018,15,0.127894166609415,1.3567603E-10,6.358622E-11,1,3,0.1,0,0.5
bipolarization,heterogeneous,55,2,2,0.5,0.3,0.6,0.2,true,0.05,0.2,0.3,0.2,4.6926904669588E+018,15,0.180844161309835,1.43696E-12,1.58662E-12,1,4,0.3,0,0.7
bipolarization,heterogeneous,55,2,2,0.5,0.3,0.6,0.2,true,0.05,0.2,0.3,0.2,7.04337208916658E+018,15,0.180844161309835,1.43696E-12,1.58662E-12,1,4,0.3,0,0.7
bipolarization,heterogeneous,55,2,2,0.5,0.3,0.6,0.2,true,0.05,0.2,0.3,0.2,4.28636038694465E+018,15,0.180844161309835,1.43696E-12,1.58662E-12,1,4,0.3,0,0.7
bipolarization,heterogeneous,55,2,2,0.5,0.3,0.6,0.2,true,0.05,0.2,0.3,0.2,1.84114252416859E+018,15,0.180844161309835,1.43696E-12,1.58662E-12,1,4,0.3,0,0.7
bipolarization,heterogeneous,55,2,2,0.5,0.3,0.6,0.2,true,0.05,0.2,0.3,0.2,4.34257261248481E+018,15,0.180844161309835,1.43696E-12,1.58662E-12,1,4,0.3,0,0.7
bipolarization,heterogeneous,55,2,2,0.5,0.3,0.6,0.2,true,0.05,0.2,0.3,0.2,4.39889510625904E+018,15,0.180844161309835,1.43696E-12,1.58662E-12,1,4,0.3,0,0.7
bipolarization,heterogeneous,55,2,2,0.5,0.3,0.6,0.2,true,0.05,0.2,0.3,0.2,7.24071359189169E+018,15,0.180844161309835,1.43696E-12,1.58662E-12,1,4,0.3,0,0.7
bipolarization,heterogeneous,55,2,2,0.5,0.3,0.6,0.2,true,0.05,0.2,0.3,0.2,1.09591146466576E+017,15,0.180844161309835,1.43696E-12,1.58662E-12,1,4,0.3,0,0.7
bipolarization,heterogeneous,55,2,2,0.5,0.3,0.6,0.2,true,0.05,0.2,0.3,0.2,4.47792793694704E+018,15,0.180844161309835,1.43696E-12,1.58662E-12,1,4,0.3,0,0.7
bipolarization,heterogeneous,55,2,2,0.5,0.3,0.6,0.2,true,0.05,0.2,0.3,0.2,7.12889348418325E+018,15,0.180844161309835,1.43696E-12,1.58662E-12,1,4,0.3,0,0.7
bipolarization,homogeneous,54,0,4,0.1,0.5,0.8,0.1,true,0,0.2,0.2,0,7.13900204836315E+018,20,0.0381007197164112,0.0000046543766004,2.78865234124E-06,1,1,0.3,0,1
bipolarization,homogeneous,54,0,4,0.1,0.5,0.8,0.1,true,0,0.2,0.2,0,7.24071359189169E+018,20,0.0381007197164112,0.0000046543766004,2.78865234124E-06,1,1,0.3,0,1
bipolarization,homogeneous,54,0,4,0.1,0.5,0.8,0.1,true,0,0.2,0.2,0,5.70257702789059E+018,20,0.0381007197164112,0.0000046543766004,2.78865234124E-06,1,1,0.3,0,1
bipolarization,homogeneous,54,0,4,0.1,0.5,0.8,0.1,true,0,0.2,0.2,0,4.6926904669588E+018,20,0.0381007197164112,0.0000046543766004,2.78865234124E-06,1,1,0.3,0,1
bipolarization,homogeneous,54,0,4,0.1,0.5,0.8,0.1,true,0,0.2,0.2,0,1.84114252416859E+018,20,0.0381007197164112,0.0000046543766004,2.78865234124E-06,1,1,0.3,0,1
bipolarization,homogeneous,54,0,4,0.1,0.5,0.8,0.1,true,0,0.2,0.2,0,7.12889348418325E+018,20,0.0381007197164112,0.0000046543766004,2.78865234124E-06,1,1,0.3,0,1
bipolarization,homogeneous,54,0,4,0.1,0.5,0.8,0.1,true,0,0.2,0.2,0,6.90547037085634E+018,20,0.0381007197164112,0.0000046543766004,2.78865234124E-06,1,1,0.3,0,1
bipolarization,homogeneous,54,0,4,0.1,0.5,0.8,0.1,true,0,0.2,0.2,0,8.80361844505413E+018,20,0.0381007197164112,0.0000046543766004,2.78865234124E-06,1,1,0.3,0,1
bipolarization,homogeneous,54,0,4,0.1,0.5,0.8,0.1,true,0,0.2,0.2,0,8.63617513033061E+018,20,0.0381007197164112,0.0000046543766004,2.78865234124E-06,1,1,0.3,0,1
bipolarization,homogeneous,54,0,4,0.1,0.5,0.8,0.1,true,0,0.2,0.2,0,7.04337208916658E+018,20,0.0381007197164112,0.0000046543766004,2.78865234124E-06,1,1,0.3,0,1
bipolarization,homogeneous,54,0,4,0.1,0.5,0.8,0.1,true,0,0.2,0.2,0,4.47792793694704E+018,20,0.0381007197164112,0.0000046543766004,2.78865234124E-06,1,1,0.3,0,1
bipolarization,homogeneous,54,0,4,0.1,0.5,0.8,0.1,true,0,0.2,0.2,0,4.39889510625904E+018,20,0.0381007197164112,0.0000046543766004,2.78865234124E-06,1,1,0.3,0,1
bipolarization,homogeneous,54,0,4,0.1,0.5,0.8,0.1,true,0,0.2,0.2,0,1.09591146466576E+017,20,0.0381007197164112,0.0000046543766004,2.78865234124E-06,1,1,0.3,0,1
bipolarization,homogeneous,54,0,4,0.1,0.5,0.8,0.1,true,0,0.2,0.2,0,4.34257261248481E+018,20,0.0381007197164112,0.0000046543766004,2.78865234124E-06,1,1,0.3,0,1
bipolarization,homogeneous,54,0,4,0.1,0.5,0.8,0.1,true,0,0.2,0.2,0,4.28636038694465E+018,20,0.0381007197164112,0.0000046543766004,2.78865234124E-06,1,1,0.3,0,1
bipolarization,heterogeneous,9,3,4,0.3,0.2,0.4,0.3,true,0.2,0.2,0,0.05,8.63617513033061E+018,50,0.0991097415188676,0.00010329086530241,0.00013099345616195,2,4,0.2,0,0
bipolarization,heterogeneous,9,3,4,0.3,0.2,0.4,0.3,true,0.2,0.2,0,0.05,7.24071359189169E+018,50,0.0991097415188676,0.00010329086530241,0.00013099345616195,2,4,0.2,0,0
bipolarization,heterogeneous,9,3,4,0.3,0.2,0.4,0.3,true,0.2,0.2,0,0.05,4.39889510625904E+018,50,0.0991097415188676,0.00010329086530241,0.00013099345616195,2,4,0.2,0,0
bipolarization,heterogeneous,9,3,4,0.3,0.2,0.4,0.3,true,0.2,0.2,0,0.05,4.6926904669588E+018,50,0.0991097415188676,0.00010329086530241,0.00013099345616195,2,4,0.2,0,0
bipolarization,heterogeneous,9,3,4,0.3,0.2,0.4,0.3,true,0.2,0.2,0,0.05,6.90547037085634E+018,50,0.0991097415188676,0.00010329086530241,0.00013099345616195,2,4,0.2,0,0
bipolarization,heterogeneous,9,3,4,0.3,0.2,0.4,0.3,true,0.2,0.2,0,0.05,5.70257702789059E+018,50,0.0991097415188676,0.00010329086530241,0.00013099345616195,2,4,0.2,0,0
bipolarization,heterogeneous,9,3,4,0.3,0.2,0.4,0.3,true,0.2,0.2,0,0.05,7.13900204836315E+018,50,0.0991097415188676,0.00010329086530241,0.00013099345616195,2,4,0.2,0,0
bipolarization,heterogeneous,9,3,4,0.3,0.2,0.4,0.3,true,0.2,0.2,0,0.05,7.04337208916658E+018,50,0.0991097415188676,0.00010329086530241,0.00013099345616195,2,4,0.2,0,0
bipolarization,heterogeneous,9,3,4,0.3,0.2,0.4,0.3,true,0.2,0.2,0,0.05,7.12889348418325E+018,50,0.0991097415188676,0.00010329086530241,0.00013099345616195,2,4,0.2,0,0
bipolarization,heterogeneous,9,3,4,0.3,0.2,0.4,0.3,true,0.2,0.2,0,0.05,1.09591146466576E+017,50,0.0991097415188676,0.00010329086530241,0.00013099345616195,2,4,0.2,0,0
bipolarization,heterogeneous,9,3,4,0.3,0.2,0.4,0.3,true,0.2,0.2,0,0.05,8.80361844505413E+018,50,0.0991097415188676,0.00010329086530241,0.00013099345616195,2,4,0.2,0,0
bipolarization,heterogeneous,9,3,4,0.3,0.2,0.4,0.3,true,0.2,0.2,0,0.05,4.47792793694704E+018,50,0.0991097415188676,0.00010329086530241,0.00013099345616195,2,4,0.2,0,0
bipolarization,heterogeneous,9,3,4,0.3,0.2,0.4,0.3,true,0.2,0.2,0,0.05,1.84114252416859E+018,50,0.0991097415188676,0.00010329086530241,0.00013099345616195,2,4,0.2,0,0
bipolarization,heterogeneous,9,3,4,0.3,0.2,0.4,0.3,true,0.2,0.2,0,0.05,4.34257261248481E+018,50,0.0991097415188676,0.00010329086530241,0.00013099345616195,2,4,0.2,0,0
bipolarization,heterogeneous,9,3,4,0.3,0.2,0.4,0.3,true,0.2,0.2,0,0.05,4.28636038694465E+018,50,0.0991097415188676,0.00010329086530241,0.00013099345616195,2,4,0.2,0,0
