model_type,current_condition,selected_debate_id,debate_label,pro_count,anti_count,convergence_rate,confidence_threshold,repulsion_threshold,repulsion_strength,use_distinct_agents,convergence_rate_sd,confidence_threshold_sd,repulsion_threshold_sd,repulsion_strength_sd,seed,convergence_cycle,speaking_mode,initial_variance,mae,opinion_variance,polarization_index,num_clusters,initial_num_clusters,neutral_zone_width,mean_net_repulsion_abs,current_experiment_id
consensus,homogeneous,42,H21,0,4,0.3,0.0,0.0,0.0,false,0.05,0.1,0.1,0.05,2040693430813089790.0,15,false,0.00128224062821502,0.03793652561823685,0.00000004858581767,0.00000003430835983,1,1,0.0,0.0,cons_ndist_nospeak
consensus,homogeneous,42,H21,0,4,0.3,0.0,0.0,0.0,false,0.05,0.1,0.1,0.05,3008069215328862200.0,15,false,0.00128224062821502,0.03793652561823685,0.00000004858581767,0.00000003430835983,1,1,0.0,0.0,cons_ndist_nospeak
consensus,homogeneous,42,H21,0,4,0.3,0.0,0.0,0.0,false,0.05,0.1,0.1,0.05,8046790094384007200.0,15,false,0.00128224062821502,0.03793652561823685,0.00000004858581767,0.00000003430835983,1,1,0.0,0.0,cons_ndist_nospeak
consensus,homogeneous,42,H21,0,4,0.3,0.0,0.0,0.0,false,0.05,0.1,0.1,0.05,4029181368031619100.0,15,false,0.00128224062821502,0.03793652561823685,0.00000004858581767,0.00000003430835983,1,1,0.0,0.0,cons_ndist_nospeak
consensus,homogeneous,42,H21,0,4,0.3,0.0,0.0,0.0,false,0.05,0.1,0.1,0.05,40402427797069824.0,15,false,0.00128224062821502,0.03793652561823685,0.00000004858581767,0.00000003430835983,1,1,0.0,0.0,cons_ndist_nospeak
consensus,homogeneous,42,H21,0,4,0.3,0.0,0.0,0.0,false,0.05,0.1,0.1,0.05,2762184992758753300.0,15,false,0.00128224062821502,0.03793652561823685,0.00000004858581767,0.00000003430835983,1,1,0.0,0.0,cons_ndist_nospeak
consensus,homogeneous,42,H21,0,4,0.3,0.0,0.0,0.0,false,0.05,0.1,0.1,0.05,7806294296648646700.0,15,false,0.00128224062821502,0.03793652561823685,0.00000004858581767,0.00000003430835983,1,1,0.0,0.0,cons_ndist_nospeak
consensus,homogeneous,42,H21,0,4,0.3,0.0,0.0,0.0,false,0.05,0.1,0.1,0.05,4250442819423156200.0,15,false,0.00128224062821502,0.03793652561823685,0.00000004858581767,0.00000003430835983,1,1,0.0,0.0,cons_ndist_nospeak
consensus,homogeneous,42,H21,0,4,0.3,0.0,0.0,0.0,false,0.05,0.1,0.1,0.05,4383894457997634600.0,15,false,0.00128224062821502,0.03793652561823685,0.00000004858581767,0.00000003430835983,1,1,0.0,0.0,cons_ndist_nospeak
consensus,homogeneous,42,H21,0,4,0.3,0.0,0.0,0.0,false,0.05,0.1,0.1,0.05,7964433397736931300.0,15,false,0.00128224062821502,0.03793652561823685,0.00000004858581767,0.00000003430835983,1,1,0.0,0.0,cons_ndist_nospeak
consensus,homogeneous,42,H21,0,4,0.3,0.0,0.0,0.0,false,0.05,0.1,0.1,0.05,3237022581511236600.0,15,false,0.00128224062821502,0.03793652561823685,0.00000004858581767,0.00000003430835983,1,1,0.0,0.0,cons_ndist_nospeak
consensus,homogeneous,42,H21,0,4,0.3,0.0,0.0,0.0,false,0.05,0.1,0.1,0.05,1954477272879365120.0,15,false,0.00128224062821502,0.03793652561823685,0.00000004858581767,0.00000003430835983,1,1,0.0,0.0,cons_ndist_nospeak
consensus,homogeneous,42,H21,0,4,0.3,0.0,0.0,0.0,false,0.05,0.1,0.1,0.05,3452861078975273000.0,15,false,0.00128224062821502,0.03793652561823685,0.00000004858581767,0.00000003430835983,1,1,0.0,0.0,cons_ndist_nospeak
consensus,homogeneous,42,H21,0,4,0.3,0.0,0.0,0.0,false,0.05,0.1,0.1,0.05,3299895173562800100.0,15,false,0.00128224062821502,0.03793652561823685,0.00000004858581767,0.00000003430835983,1,1,0.0,0.0,cons_ndist_nospeak
consensus,homogeneous,42,H21,0,4,0.3,0.0,0.0,0.0,false,0.05,0.1,0.1,0.05,7787128120875066400.0,15,false,0.00128224062821502,0.03793652561823685,0.00000004858581767,0.00000003430835983,1,1,0.0,0.0,cons_ndist_nospeak
consensus,heterogeneous,26,M12,2,2,0.1,0.0,0.0,0.0,false,0.05,0.1,0.1,0.05,4029181368031619100.0,30,false,0.01905125747492284,0.07147652124952132,0.00003736648028987,0.00002621748624206,2,2,0.0,0.0,cons_ndist_nospeak
consensus,heterogeneous,26,M12,2,2,0.1,0.0,0.0,0.0,false,0.05,0.1,0.1,0.05,8046790094384007200.0,30,false,0.01905125747492284,0.07147652124952132,0.00003736648028987,0.00002621748624206,2,2,0.0,0.0,cons_ndist_nospeak
consensus,heterogeneous,26,M12,2,2,0.1,0.0,0.0,0.0,false,0.05,0.1,0.1,0.05,3008069215328862200.0,30,false,0.01905125747492284,0.07147652124952132,0.00003736648028987,0.00002621748624206,2,2,0.0,0.0,cons_ndist_nospeak
consensus,heterogeneous,26,M12,2,2,0.1,0.0,0.0,0.0,false,0.05,0.1,0.1,0.05,2040693430813089790.0,30,false,0.01905125747492284,0.07147652124952132,0.00003736648028987,0.00002621748624206,2,2,0.0,0.0,cons_ndist_nospeak
consensus,heterogeneous,26,M12,2,2,0.1,0.0,0.0,0.0,false,0.05,0.1,0.1,0.05,7806294296648646700.0,30,false,0.01905125747492284,0.07147652124952132,0.00003736648028987,0.00002621748624206,2,2,0.0,0.0,cons_ndist_nospeak
consensus,heterogeneous,26,M12,2,2,0.1,0.0,0.0,0.0,false,0.05,0.1,0.1,0.05,4250442819423156200.0,30,false,0.01905125747492284,0.07147652124952132,0.00003736648028987,0.00002621748624206,2,2,0.0,0.0,cons_ndist_nospeak
consensus,heterogeneous,26,M12,2,2,0.1,0.0,0.0,0.0,false,0.05,0.1,0.1,0.05,40402427797069824.0,30,false,0.01905125747492284,0.07147652124952132,0.00003736648028987,0.00002621748624206,2,2,0.0,0.0,cons_ndist_nospeak
consensus,heterogeneous,26,M12,2,2,0.1,0.0,0.0,0.0,false,0.05,0.1,0.1,0.05,2762184992758753300.0,30,false,0.01905125747492284,0.07147652124952132,0.00003736648028987,0.00002621748624206,2,2,0.0,0.0,cons_ndist_nospeak
consensus,heterogeneous,26,M12,2,2,0.1,0.0,0.0,0.0,false,0.05,0.1,0.1,0.05,7964433397736931300.0,30,false,0.01905125747492284,0.07147652124952132,0.00003736648028987,0.00002621748624206,2,2,0.0,0.0,cons_ndist_nospeak
consensus,heterogeneous,26,M12,2,2,0.1,0.0,0.0,0.0,false,0.05,0.1,0.1,0.05,1954477272879365120.0,30,false,0.01905125747492284,0.07147652124952132,0.00003736648028987,0.00002621748624206,2,2,0.0,0.0,cons_ndist_nospeak
consensus,heterogeneous,26,M12,2,2,0.1,0.0,0.0,0.0,false,0.05,0.1,0.1,0.05,3237022581511236600.0,30,false,0.01905125747492284,0.07147652124952132,0.00003736648028987,0.00002621748624206,2,2,0.0,0.0,cons_ndist_nospeak
consensus,heterogeneous,26,M12,2,2,0.1,0.0,0.0,0.0,false,0.05,0.1,0.1,0.05,4383894457997634600.0,30,false,0.01905125747492284,0.07147652124952132,0.00003736648028987,0.00002621748624206,2,2,0.0,0.0,cons_ndist_nospeak
consensus,heterogeneous,26,M12,2,2,0.1,0.0,0.0,0.0,false,0.05,0.1,0.1,0.05,3452861078975273000.0,30,false,0.01905125747492284,0.07147652124952132,0.00003736648028987,0.00002621748624206,2,2,0.0,0.0,cons_ndist_nospeak
consensus,heterogeneous,26,M12,2,2,0.1,0.0,0.0,0.0,false,0.05,0.1,0.1,0.05,7787128120875066400.0,30,false,0.01905125747492284,0.07147652124952132,0.00003736648028987,0.00002621748624206,2,2,0.0,0.0,cons_ndist_nospeak
consensus,heterogeneous,26,M12,2,2,0.1,0.0,0.0,0.0,false,0.05,0.1,0.1,0.05,3299895173562800100.0,30,false,0.01905125747492284,0.07147652124952132,0.00003736648028987,0.00002621748624206,2,2,0.0,0.0,cons_ndist_nospeak
consensus,heterogeneous,34,M31,2,2,0.1,0.0,0.0,0.0,false,0.05,0.1,0.1,0.05,4029181368031619100.0,30,false,0.01079937132951816,0.07725333647585539,0.00002110607793695,0.00002147021615221,2,2,0.0,0.0,cons_ndist_nospeak
consensus,heterogeneous,34,M31,2,2,0.1,0.0,0.0,0.0,false,0.05,0.1,0.1,0.05,8046790094384007200.0,30,false,0.01079937132951816,0.07725333647585539,0.00002110607793695,0.00002147021615221,2,2,0.0,0.0,cons_ndist_nospeak
consensus,heterogeneous,34,M31,2,2,0.1,0.0,0.0,0.0,false,0.05,0.1,0.1,0.05,2040693430813089790.0,30,false,0.01079937132951816,0.07725333647585539,0.00002110607793695,0.00002147021615221,2,2,0.0,0.0,cons_ndist_nospeak
consensus,heterogeneous,34,M31,2,2,0.1,0.0,0.0,0.0,false,0.05,0.1,0.1,0.05,3008069215328862200.0,30,false,0.01079937132951816,0.07725333647585539,0.00002110607793695,0.00002147021615221,2,2,0.0,0.0,cons_ndist_nospeak
consensus,heterogeneous,34,M31,2,2,0.1,0.0,0.0,0.0,false,0.05,0.1,0.1,0.05,40402427797069824.0,30,false,0.01079937132951816,0.07725333647585539,0.00002110607793695,0.00002147021615221,2,2,0.0,0.0,cons_ndist_nospeak
consensus,heterogeneous,34,M31,2,2,0.1,0.0,0.0,0.0,false,0.05,0.1,0.1,0.05,4250442819423156200.0,30,false,0.01079937132951816,0.07725333647585539,0.00002110607793695,0.00002147021615221,2,2,0.0,0.0,cons_ndist_nospeak
consensus,heterogeneous,34,M31,2,2,0.1,0.0,0.0,0.0,false,0.05,0.1,0.1,0.05,7806294296648646700.0,30,false,0.01079937132951816,0.07725333647585539,0.00002110607793695,0.00002147021615221,2,2,0.0,0.0,cons_ndist_nospeak
consensus,heterogeneous,34,M31,2,2,0.1,0.0,0.0,0.0,false,0.05,0.1,0.1,0.05,2762184992758753300.0,30,false,0.01079937132951816,0.07725333647585539,0.00002110607793695,0.00002147021615221,2,2,0.0,0.0,cons_ndist_nospeak
consensus,heterogeneous,34,M31,2,2,0.1,0.0,0.0,0.0,false,0.05,0.1,0.1,0.05,3237022581511236600.0,30,false,0.01079937132951816,0.07725333647585539,0.00002110607793695,0.00002147021615221,2,2,0.0,0.0,cons_ndist_nospeak
consensus,heterogeneous,34,M31,2,2,0.1,0.0,0.0,0.0,false,0.05,0.1,0.1,0.05,1954477272879365120.0,30,false,0.01079937132951816,0.07725333647585539,0.00002110607793695,0.00002147021615221,2,2,0.0,0.0,cons_ndist_nospeak
consensus,heterogeneous,34,M31,2,2,0.1,0.0,0.0,0.0,false,0.05,0.1,0.1,0.05,7964433397736931300.0,30,false,0.01079937132951816,0.07725333647585539,0.00002110607793695,0.00002147021615221,2,2,0.0,0.0,cons_ndist_nospeak
consensus,heterogeneous,34,M31,2,2,0.1,0.0,0.0,0.0,false,0.05,0.1,0.1,0.05,4383894457997634600.0,30,false,0.01079937132951816,0.07725333647585539,0.00002110607793695,0.00002147021615221,2,2,0.0,0.0,cons_ndist_nospeak
consensus,heterogeneous,34,M31,2,2,0.1,0.0,0.0,0.0,false,0.05,0.1,0.1,0.05,7787128120875066400.0,30,false,0.01079937132951816,0.07725333647585539,0.00002110607793695,0.00002147021615221,2,2,0.0,0.0,cons_ndist_nospeak
consensus,heterogeneous,34,M31,2,2,0.1,0.0,0.0,0.0,false,0.05,0.1,0.1,0.05,3299895173562800100.0,30,false,0.01079937132951816,0.07725333647585539,0.00002110607793695,0.00002147021615221,2,2,0.0,0.0,cons_ndist_nospeak
consensus,heterogeneous,34,M31,2,2,0.1,0.0,0.0,0.0,false,0.05,0.1,0.1,0.05,3452861078975273000.0,30,false,0.01079937132951816,0.07725333647585539,0.00002110607793695,0.00002147021615221,2,2,0.0,0.0,cons_ndist_nospeak
consensus,heterogeneous,13,M14,3,3,0.3,0.0,0.0,0.0,false,0.05,0.1,0.1,0.05,3008069215328862200.0,15,false,0.0108926683241884,0.08700417253705206,0.00000035855410576,0.0000002901104223,1,4,0.0,0.0,cons_ndist_nospeak
consensus,heterogeneous,13,M14,3,3,0.3,0.0,0.0,0.0,false,0.05,0.1,0.1,0.05,2040693430813089790.0,15,false,0.0108926683241884,0.08700417253705206,0.00000035855410576,0.0000002901104223,1,4,0.0,0.0,cons_ndist_nospeak
consensus,heterogeneous,13,M14,3,3,0.3,0.0,0.0,0.0,false,0.05,0.1,0.1,0.05,4029181368031619100.0,15,false,0.0108926683241884,0.08700417253705206,0.00000035855410576,0.0000002901104223,1,4,0.0,0.0,cons_ndist_nospeak
consensus,heterogeneous,13,M14,3,3,0.3,0.0,0.0,0.0,false,0.05,0.1,0.1,0.05,8046790094384007200.0,15,false,0.0108926683241884,0.08700417253705206,0.00000035855410576,0.0000002901104223,1,4,0.0,0.0,cons_ndist_nospeak
consensus,heterogeneous,13,M14,3,3,0.3,0.0,0.0,0.0,false,0.05,0.1,0.1,0.05,7806294296648646700.0,15,false,0.0108926683241884,0.08700417253705206,0.00000035855410576,0.0000002901104223,1,4,0.0,0.0,cons_ndist_nospeak
consensus,heterogeneous,13,M14,3,3,0.3,0.0,0.0,0.0,false,0.05,0.1,0.1,0.05,4250442819423156200.0,15,false,0.0108926683241884,0.08700417253705206,0.00000035855410576,0.0000002901104223,1,4,0.0,0.0,cons_ndist_nospeak
consensus,heterogeneous,13,M14,3,3,0.3,0.0,0.0,0.0,false,0.05,0.1,0.1,0.05,40402427797069824.0,15,false,0.0108926683241884,0.08700417253705206,0.00000035855410576,0.0000002901104223,1,4,0.0,0.0,cons_ndist_nospeak
consensus,heterogeneous,13,M14,3,3,0.3,0.0,0.0,0.0,false,0.05,0.1,0.1,0.05,2762184992758753300.0,15,false,0.0108926683241884,0.08700417253705206,0.00000035855410576,0.0000002901104223,1,4,0.0,0.0,cons_ndist_nospeak
consensus,heterogeneous,13,M14,3,3,0.3,0.0,0.0,0.0,false,0.05,0.1,0.1,0.05,7964433397736931300.0,15,false,0.0108926683241884,0.08700417253705206,0.00000035855410576,0.0000002901104223,1,4,0.0,0.0,cons_ndist_nospeak
consensus,heterogeneous,13,M14,3,3,0.3,0.0,0.0,0.0,false,0.05,0.1,0.1,0.05,3237022581511236600.0,15,false,0.0108926683241884,0.08700417253705206,0.00000035855410576,0.0000002901104223,1,4,0.0,0.0,cons_ndist_nospeak
consensus,heterogeneous,13,M14,3,3,0.3,0.0,0.0,0.0,false,0.05,0.1,0.1,0.05,1954477272879365120.0,15,false,0.0108926683241884,0.08700417253705206,0.00000035855410576,0.0000002901104223,1,4,0.0,0.0,cons_ndist_nospeak
consensus,heterogeneous,13,M14,3,3,0.3,0.0,0.0,0.0,false,0.05,0.1,0.1,0.05,4383894457997634600.0,15,false,0.0108926683241884,0.08700417253705206,0.00000035855410576,0.0000002901104223,1,4,0.0,0.0,cons_ndist_nospeak
consensus,heterogeneous,13,M14,3,3,0.3,0.0,0.0,0.0,false,0.05,0.1,0.1,0.05,3452861078975273000.0,15,false,0.0108926683241884,0.08700417253705206,0.00000035855410576,0.0000002901104223,1,4,0.0,0.0,cons_ndist_nospeak
consensus,heterogeneous,13,M14,3,3,0.3,0.0,0.0,0.0,false,0.05,0.1,0.1,0.05,7787128120875066400.0,15,false,0.0108926683241884,0.08700417253705206,0.00000035855410576,0.0000002901104223,1,4,0.0,0.0,cons_ndist_nospeak
consensus,heterogeneous,13,M14,3,3,0.3,0.0,0.0,0.0,false,0.05,0.1,0.1,0.05,3299895173562800100.0,15,false,0.0108926683241884,0.08700417253705206,0.00000035855410576,0.0000002901104223,1,4,0.0,0.0,cons_ndist_nospeak
consensus,heterogeneous,35,M33,2,2,0.3,0.0,0.0,0.0,false,0.05,0.1,0.1,0.05,8046790094384007200.0,15,false,0.01846828382201646,0.11720347967965888,0.00000069153900484,0.0000003707534478,1,3,0.0,0.0,cons_ndist_nospeak
consensus,heterogeneous,35,M33,2,2,0.3,0.0,0.0,0.0,false,0.05,0.1,0.1,0.05,3008069215328862200.0,15,false,0.01846828382201646,0.11720347967965888,0.00000069153900484,0.0000003707534478,1,3,0.0,0.0,cons_ndist_nospeak
consensus,heterogeneous,35,M33,2,2,0.3,0.0,0.0,0.0,false,0.05,0.1,0.1,0.05,2040693430813089790.0,15,false,0.01846828382201646,0.11720347967965888,0.00000069153900484,0.0000003707534478,1,3,0.0,0.0,cons_ndist_nospeak
consensus,heterogeneous,35,M33,2,2,0.3,0.0,0.0,0.0,false,0.05,0.1,0.1,0.05,4029181368031619100.0,15,false,0.01846828382201646,0.11720347967965888,0.00000069153900484,0.0000003707534478,1,3,0.0,0.0,cons_ndist_nospeak
consensus,heterogeneous,35,M33,2,2,0.3,0.0,0.0,0.0,false,0.05,0.1,0.1,0.05,7806294296648646700.0,15,false,0.01846828382201646,0.11720347967965888,0.00000069153900484,0.0000003707534478,1,3,0.0,0.0,cons_ndist_nospeak
consensus,heterogeneous,35,M33,2,2,0.3,0.0,0.0,0.0,false,0.05,0.1,0.1,0.05,40402427797069824.0,15,false,0.01846828382201646,0.11720347967965888,0.00000069153900484,0.0000003707534478,1,3,0.0,0.0,cons_ndist_nospeak
consensus,heterogeneous,35,M33,2,2,0.3,0.0,0.0,0.0,false,0.05,0.1,0.1,0.05,2762184992758753300.0,15,false,0.01846828382201646,0.11720347967965888,0.00000069153900484,0.0000003707534478,1,3,0.0,0.0,cons_ndist_nospeak
consensus,heterogeneous,35,M33,2,2,0.3,0.0,0.0,0.0,false,0.05,0.1,0.1,0.05,4250442819423156200.0,15,false,0.01846828382201646,0.11720347967965888,0.00000069153900484,0.0000003707534478,1,3,0.0,0.0,cons_ndist_nospeak
consensus,heterogeneous,35,M33,2,2,0.3,0.0,0.0,0.0,false,0.05,0.1,0.1,0.05,3237022581511236600.0,15,false,0.01846828382201646,0.11720347967965888,0.00000069153900484,0.0000003707534478,1,3,0.0,0.0,cons_ndist_nospeak
consensus,heterogeneous,35,M33,2,2,0.3,0.0,0.0,0.0,false,0.05,0.1,0.1,0.05,7964433397736931300.0,15,false,0.01846828382201646,0.11720347967965888,0.00000069153900484,0.0000003707534478,1,3,0.0,0.0,cons_ndist_nospeak
consensus,heterogeneous,35,M33,2,2,0.3,0.0,0.0,0.0,false,0.05,0.1,0.1,0.05,4383894457997634600.0,15,false,0.01846828382201646,0.11720347967965888,0.00000069153900484,0.0000003707534478,1,3,0.0,0.0,cons_ndist_nospeak
consensus,heterogeneous,35,M33,2,2,0.3,0.0,0.0,0.0,false,0.05,0.1,0.1,0.05,1954477272879365120.0,15,false,0.01846828382201646,0.11720347967965888,0.00000069153900484,0.0000003707534478,1,3,0.0,0.0,cons_ndist_nospeak
consensus,heterogeneous,35,M33,2,2,0.3,0.0,0.0,0.0,false,0.05,0.1,0.1,0.05,7787128120875066400.0,15,false,0.01846828382201646,0.11720347967965888,0.00000069153900484,0.0000003707534478,1,3,0.0,0.0,cons_ndist_nospeak
consensus,heterogeneous,35,M33,2,2,0.3,0.0,0.0,0.0,false,0.05,0.1,0.1,0.05,3299895173562800100.0,15,false,0.01846828382201646,0.11720347967965888,0.00000069153900484,0.0000003707534478,1,3,0.0,0.0,cons_ndist_nospeak
consensus,heterogeneous,35,M33,2,2,0.3,0.0,0.0,0.0,false,0.05,0.1,0.1,0.05,3452861078975273000.0,15,false,0.01846828382201646,0.11720347967965888,0.00000069153900484,0.0000003707534478,1,3,0.0,0.0,cons_ndist_nospeak
consensus,heterogeneous,43,M36,2,2,0.1,0.0,0.0,0.0,false,0.05,0.1,0.1,0.05,2040693430813089790.0,35,false,0.02855030368548523,0.17685068024662354,0.00001983027418489,0.0000097048449833,1,4,0.0,0.0,cons_ndist_nospeak
consensus,heterogeneous,43,M36,2,2,0.1,0.0,0.0,0.0,false,0.05,0.1,0.1,0.05,3008069215328862200.0,35,false,0.02855030368548523,0.17685068024662354,0.00001983027418489,0.0000097048449833,1,4,0.0,0.0,cons_ndist_nospeak
consensus,heterogeneous,43,M36,2,2,0.1,0.0,0.0,0.0,false,0.05,0.1,0.1,0.05,8046790094384007200.0,35,false,0.02855030368548523,0.17685068024662354,0.00001983027418489,0.0000097048449833,1,4,0.0,0.0,cons_ndist_nospeak
consensus,heterogeneous,43,M36,2,2,0.1,0.0,0.0,0.0,false,0.05,0.1,0.1,0.05,4029181368031619100.0,35,false,0.02855030368548523,0.17685068024662354,0.00001983027418489,0.0000097048449833,1,4,0.0,0.0,cons_ndist_nospeak
consensus,heterogeneous,43,M36,2,2,0.1,0.0,0.0,0.0,false,0.05,0.1,0.1,0.05,7806294296648646700.0,35,false,0.02855030368548523,0.17685068024662354,0.00001983027418489,0.0000097048449833,1,4,0.0,0.0,cons_ndist_nospeak
consensus,heterogeneous,43,M36,2,2,0.1,0.0,0.0,0.0,false,0.05,0.1,0.1,0.05,2762184992758753300.0,35,false,0.02855030368548523,0.17685068024662354,0.00001983027418489,0.0000097048449833,1,4,0.0,0.0,cons_ndist_nospeak
consensus,heterogeneous,43,M36,2,2,0.1,0.0,0.0,0.0,false,0.05,0.1,0.1,0.05,4250442819423156200.0,35,false,0.02855030368548523,0.17685068024662354,0.00001983027418489,0.0000097048449833,1,4,0.0,0.0,cons_ndist_nospeak
consensus,heterogeneous,43,M36,2,2,0.1,0.0,0.0,0.0,false,0.05,0.1,0.1,0.05,40402427797069824.0,35,false,0.02855030368548523,0.17685068024662354,0.00001983027418489,0.0000097048449833,1,4,0.0,0.0,cons_ndist_nospeak
consensus,heterogeneous,43,M36,2,2,0.1,0.0,0.0,0.0,false,0.05,0.1,0.1,0.05,3237022581511236600.0,35,false,0.02855030368548523,0.17685068024662354,0.00001983027418489,0.0000097048449833,1,4,0.0,0.0,cons_ndist_nospeak
consensus,heterogeneous,43,M36,2,2,0.1,0.0,0.0,0.0,false,0.05,0.1,0.1,0.05,1954477272879365120.0,35,false,0.02855030368548523,0.17685068024662354,0.00001983027418489,0.0000097048449833,1,4,0.0,0.0,cons_ndist_nospeak
consensus,heterogeneous,43,M36,2,2,0.1,0.0,0.0,0.0,false,0.05,0.1,0.1,0.05,4383894457997634600.0,35,false,0.02855030368548523,0.17685068024662354,0.00001983027418489,0.0000097048449833,1,4,0.0,0.0,cons_ndist_nospeak
consensus,heterogeneous,43,M36,2,2,0.1,0.0,0.0,0.0,false,0.05,0.1,0.1,0.05,7964433397736931300.0,35,false,0.02855030368548523,0.17685068024662354,0.00001983027418489,0.0000097048449833,1,4,0.0,0.0,cons_ndist_nospeak
consensus,heterogeneous,43,M36,2,2,0.1,0.0,0.0,0.0,false,0.05,0.1,0.1,0.05,3452861078975273000.0,35,false,0.02855030368548523,0.17685068024662354,0.00001983027418489,0.0000097048449833,1,4,0.0,0.0,cons_ndist_nospeak
consensus,heterogeneous,43,M36,2,2,0.1,0.0,0.0,0.0,false,0.05,0.1,0.1,0.05,7787128120875066400.0,35,false,0.02855030368548523,0.17685068024662354,0.00001983027418489,0.0000097048449833,1,4,0.0,0.0,cons_ndist_nospeak
consensus,heterogeneous,43,M36,2,2,0.1,0.0,0.0,0.0,false,0.05,0.1,0.1,0.05,3299895173562800100.0,35,false,0.02855030368548523,0.17685068024662354,0.00001983027418489,0.0000097048449833,1,4,0.0,0.0,cons_ndist_nospeak
consensus,heterogeneous,27,M16,2,2,0.5,0.0,0.0,0.0,false,0.05,0.1,0.1,0.05,2040693430813089790.0,15,false,0.01252610529728226,0.15132188155406318,0.00000000011803278,0.00000000006076113,1,3,0.0,0.0,cons_ndist_nospeak
consensus,heterogeneous,27,M16,2,2,0.5,0.0,0.0,0.0,false,0.05,0.1,0.1,0.05,3008069215328862200.0,15,false,0.01252610529728226,0.15132188155406318,0.00000000011803278,0.00000000006076113,1,3,0.0,0.0,cons_ndist_nospeak
consensus,heterogeneous,27,M16,2,2,0.5,0.0,0.0,0.0,false,0.05,0.1,0.1,0.05,8046790094384007200.0,15,false,0.01252610529728226,0.15132188155406318,0.00000000011803278,0.00000000006076113,1,3,0.0,0.0,cons_ndist_nospeak
consensus,heterogeneous,27,M16,2,2,0.5,0.0,0.0,0.0,false,0.05,0.1,0.1,0.05,4029181368031619100.0,15,false,0.01252610529728226,0.15132188155406318,0.00000000011803278,0.00000000006076113,1,3,0.0,0.0,cons_ndist_nospeak
consensus,heterogeneous,27,M16,2,2,0.5,0.0,0.0,0.0,false,0.05,0.1,0.1,0.05,4250442819423156200.0,15,false,0.01252610529728226,0.15132188155406318,0.00000000011803278,0.00000000006076113,1,3,0.0,0.0,cons_ndist_nospeak
consensus,heterogeneous,27,M16,2,2,0.5,0.0,0.0,0.0,false,0.05,0.1,0.1,0.05,40402427797069824.0,15,false,0.01252610529728226,0.15132188155406318,0.00000000011803278,0.00000000006076113,1,3,0.0,0.0,cons_ndist_nospeak
consensus,heterogeneous,27,M16,2,2,0.5,0.0,0.0,0.0,false,0.05,0.1,0.1,0.05,2762184992758753300.0,15,false,0.01252610529728226,0.15132188155406318,0.00000000011803278,0.00000000006076113,1,3,0.0,0.0,cons_ndist_nospeak
consensus,heterogeneous,27,M16,2,2,0.5,0.0,0.0,0.0,false,0.05,0.1,0.1,0.05,7806294296648646700.0,15,false,0.01252610529728226,0.15132188155406318,0.00000000011803278,0.00000000006076113,1,3,0.0,0.0,cons_ndist_nospeak
consensus,heterogeneous,27,M16,2,2,0.5,0.0,0.0,0.0,false,0.05,0.1,0.1,0.05,7964433397736931300.0,15,false,0.01252610529728226,0.15132188155406318,0.00000000011803278,0.00000000006076113,1,3,0.0,0.0,cons_ndist_nospeak
consensus,heterogeneous,27,M16,2,2,0.5,0.0,0.0,0.0,false,0.05,0.1,0.1,0.05,1954477272879365120.0,15,false,0.01252610529728226,0.15132188155406318,0.00000000011803278,0.00000000006076113,1,3,0.0,0.0,cons_ndist_nospeak
consensus,heterogeneous,27,M16,2,2,0.5,0.0,0.0,0.0,false,0.05,0.1,0.1,0.05,3237022581511236600.0,15,false,0.01252610529728226,0.15132188155406318,0.00000000011803278,0.00000000006076113,1,3,0.0,0.0,cons_ndist_nospeak
consensus,heterogeneous,27,M16,2,2,0.5,0.0,0.0,0.0,false,0.05,0.1,0.1,0.05,4383894457997634600.0,15,false,0.01252610529728226,0.15132188155406318,0.00000000011803278,0.00000000006076113,1,3,0.0,0.0,cons_ndist_nospeak
consensus,heterogeneous,27,M16,2,2,0.5,0.0,0.0,0.0,false,0.05,0.1,0.1,0.05,3299895173562800100.0,15,false,0.01252610529728226,0.15132188155406318,0.00000000011803278,0.00000000006076113,1,3,0.0,0.0,cons_ndist_nospeak
consensus,heterogeneous,27,M16,2,2,0.5,0.0,0.0,0.0,false,0.05,0.1,0.1,0.05,3452861078975273000.0,15,false,0.01252610529728226,0.15132188155406318,0.00000000011803278,0.00000000006076113,1,3,0.0,0.0,cons_ndist_nospeak
consensus,heterogeneous,27,M16,2,2,0.5,0.0,0.0,0.0,false,0.05,0.1,0.1,0.05,7787128120875066400.0,15,false,0.01252610529728226,0.15132188155406318,0.00000000011803278,0.00000000006076113,1,3,0.0,0.0,cons_ndist_nospeak
consensus,heterogeneous,31,M30,1,2,0.5,0.0,0.0,0.0,false,0.05,0.1,0.1,0.05,2040693430813089790.0,15,false,0.01686903435070872,0.09083371392798194,0.00000000018504988,0.00000000006980866,1,2,0.0,0.0,cons_ndist_nospeak
consensus,heterogeneous,31,M30,1,2,0.5,0.0,0.0,0.0,false,0.05,0.1,0.1,0.05,4029181368031619100.0,15,false,0.01686903435070872,0.09083371392798194,0.00000000018504988,0.00000000006980866,1,2,0.0,0.0,cons_ndist_nospeak
consensus,heterogeneous,31,M30,1,2,0.5,0.0,0.0,0.0,false,0.05,0.1,0.1,0.05,8046790094384007200.0,15,false,0.01686903435070872,0.09083371392798194,0.00000000018504988,0.00000000006980866,1,2,0.0,0.0,cons_ndist_nospeak
consensus,heterogeneous,31,M30,1,2,0.5,0.0,0.0,0.0,false,0.05,0.1,0.1,0.05,3008069215328862200.0,15,false,0.01686903435070872,0.09083371392798194,0.00000000018504988,0.00000000006980866,1,2,0.0,0.0,cons_ndist_nospeak
consensus,heterogeneous,31,M30,1,2,0.5,0.0,0.0,0.0,false,0.05,0.1,0.1,0.05,7806294296648646700.0,15,false,0.01686903435070872,0.09083371392798194,0.00000000018504988,0.00000000006980866,1,2,0.0,0.0,cons_ndist_nospeak
consensus,heterogeneous,31,M30,1,2,0.5,0.0,0.0,0.0,false,0.05,0.1,0.1,0.05,2762184992758753300.0,15,false,0.01686903435070872,0.09083371392798194,0.00000000018504988,0.00000000006980866,1,2,0.0,0.0,cons_ndist_nospeak
consensus,heterogeneous,31,M30,1,2,0.5,0.0,0.0,0.0,false,0.05,0.1,0.1,0.05,40402427797069824.0,15,false,0.01686903435070872,0.09083371392798194,0.00000000018504988,0.00000000006980866,1,2,0.0,0.0,cons_ndist_nospeak
consensus,heterogeneous,31,M30,1,2,0.5,0.0,0.0,0.0,false,0.05,0.1,0.1,0.05,4250442819423156200.0,15,false,0.01686903435070872,0.09083371392798194,0.00000000018504988,0.00000000006980866,1,2,0.0,0.0,cons_ndist_nospeak
consensus,heterogeneous,31,M30,1,2,0.5,0.0,0.0,0.0,false,0.05,0.1,0.1,0.05,4383894457997634600.0,15,false,0.01686903435070872,0.09083371392798194,0.00000000018504988,0.00000000006980866,1,2,0.0,0.0,cons_ndist_nospeak
consensus,heterogeneous,31,M30,1,2,0.5,0.0,0.0,0.0,false,0.05,0.1,0.1,0.05,1954477272879365120.0,15,false,0.01686903435070872,0.09083371392798194,0.00000000018504988,0.00000000006980866,1,2,0.0,0.0,cons_ndist_nospeak
consensus,heterogeneous,31,M30,1,2,0.5,0.0,0.0,0.0,false,0.05,0.1,0.1,0.05,7964433397736931300.0,15,false,0.01686903435070872,0.09083371392798194,0.00000000018504988,0.00000000006980866,1,2,0.0,0.0,cons_ndist_nospeak
consensus,heterogeneous,31,M30,1,2,0.5,0.0,0.0,0.0,false,0.05,0.1,0.1,0.05,3237022581511236600.0,15,false,0.01686903435070872,0.09083371392798194,0.00000000018504988,0.00000000006980866,1,2,0.0,0.0,cons_ndist_nospeak
consensus,heterogeneous,31,M30,1,2,0.5,0.0,0.0,0.0,false,0.05,0.1,0.1,0.05,3299895173562800100.0,15,false,0.01686903435070872,0.09083371392798194,0.00000000018504988,0.00000000006980866,1,2,0.0,0.0,cons_ndist_nospeak
consensus,heterogeneous,31,M30,1,2,0.5,0.0,0.0,0.0,false,0.05,0.1,0.1,0.05,7787128120875066400.0,15,false,0.01686903435070872,0.09083371392798194,0.00000000018504988,0.00000000006980866,1,2,0.0,0.0,cons_ndist_nospeak
consensus,heterogeneous,31,M30,1,2,0.5,0.0,0.0,0.0,false,0.05,0.1,0.1,0.05,3452861078975273000.0,15,false,0.01686903435070872,0.09083371392798194,0.00000000018504988,0.00000000006980866,1,2,0.0,0.0,cons_ndist_nospeak
consensus,heterogeneous,15,M20,2,2,0.2,0.0,0.0,0.0,false,0.05,0.1,0.1,0.05,2040693430813089790.0,20,false,0.01619926630551272,0.15603702936994884,0.00000282355558493,0.00000193775325039,1,3,0.0,0.0,cons_ndist_nospeak
consensus,heterogeneous,15,M20,2,2,0.2,0.0,0.0,0.0,false,0.05,0.1,0.1,0.05,3008069215328862200.0,20,false,0.01619926630551272,0.15603702936994884,0.00000282355558493,0.00000193775325039,1,3,0.0,0.0,cons_ndist_nospeak
consensus,heterogeneous,15,M20,2,2,0.2,0.0,0.0,0.0,false,0.05,0.1,0.1,0.05,4029181368031619100.0,20,false,0.01619926630551272,0.15603702936994884,0.00000282355558493,0.00000193775325039,1,3,0.0,0.0,cons_ndist_nospeak
consensus,heterogeneous,15,M20,2,2,0.2,0.0,0.0,0.0,false,0.05,0.1,0.1,0.05,8046790094384007200.0,20,false,0.01619926630551272,0.15603702936994884,0.00000282355558493,0.00000193775325039,1,3,0.0,0.0,cons_ndist_nospeak
consensus,heterogeneous,15,M20,2,2,0.2,0.0,0.0,0.0,false,0.05,0.1,0.1,0.05,2762184992758753300.0,20,false,0.01619926630551272,0.15603702936994884,0.00000282355558493,0.00000193775325039,1,3,0.0,0.0,cons_ndist_nospeak
consensus,heterogeneous,15,M20,2,2,0.2,0.0,0.0,0.0,false,0.05,0.1,0.1,0.05,4250442819423156200.0,20,false,0.01619926630551272,0.15603702936994884,0.00000282355558493,0.00000193775325039,1,3,0.0,0.0,cons_ndist_nospeak
consensus,heterogeneous,15,M20,2,2,0.2,0.0,0.0,0.0,false,0.05,0.1,0.1,0.05,40402427797069824.0,20,false,0.01619926630551272,0.15603702936994884,0.00000282355558493,0.00000193775325039,1,3,0.0,0.0,cons_ndist_nospeak
consensus,heterogeneous,15,M20,2,2,0.2,0.0,0.0,0.0,false,0.05,0.1,0.1,0.05,7806294296648646700.0,20,false,0.01619926630551272,0.15603702936994884,0.00000282355558493,0.00000193775325039,1,3,0.0,0.0,cons_ndist_nospeak
consensus,heterogeneous,15,M20,2,2,0.2,0.0,0.0,0.0,false,0.05,0.1,0.1,0.05,1954477272879365120.0,20,false,0.01619926630551272,0.15603702936994884,0.00000282355558493,0.00000193775325039,1,3,0.0,0.0,cons_ndist_nospeak
consensus,heterogeneous,15,M20,2,2,0.2,0.0,0.0,0.0,false,0.05,0.1,0.1,0.05,3237022581511236600.0,20,false,0.01619926630551272,0.15603702936994884,0.00000282355558493,0.00000193775325039,1,3,0.0,0.0,cons_ndist_nospeak
consensus,heterogeneous,15,M20,2,2,0.2,0.0,0.0,0.0,false,0.05,0.1,0.1,0.05,4383894457997634600.0,20,false,0.01619926630551272,0.15603702936994884,0.00000282355558493,0.00000193775325039,1,3,0.0,0.0,cons_ndist_nospeak
consensus,heterogeneous,15,M20,2,2,0.2,0.0,0.0,0.0,false,0.05,0.1,0.1,0.05,7964433397736931300.0,20,false,0.01619926630551272,0.15603702936994884,0.00000282355558493,0.00000193775325039,1,3,0.0,0.0,cons_ndist_nospeak
consensus,heterogeneous,15,M20,2,2,0.2,0.0,0.0,0.0,false,0.05,0.1,0.1,0.05,3299895173562800100.0,20,false,0.01619926630551272,0.15603702936994884,0.00000282355558493,0.00000193775325039,1,3,0.0,0.0,cons_ndist_nospeak
consensus,heterogeneous,15,M20,2,2,0.2,0.0,0.0,0.0,false,0.05,0.1,0.1,0.05,3452861078975273000.0,20,false,0.01619926630551272,0.15603702936994884,0.00000282355558493,0.00000193775325039,1,3,0.0,0.0,cons_ndist_nospeak
consensus,heterogeneous,15,M20,2,2,0.2,0.0,0.0,0.0,false,0.05,0.1,0.1,0.05,7787128120875066400.0,20,false,0.01619926630551272,0.15603702936994884,0.00000282355558493,0.00000193775325039,1,3,0.0,0.0,cons_ndist_nospeak
consensus,heterogeneous,4,M5,3,3,0.3,0.0,0.0,0.0,false,0.05,0.1,0.1,0.05,2040693430813089790.0,15,false,0.03097746746875476,0.1715701520532894,0.00000104788871681,0.00000068284072997,1,4,0.0,0.0,cons_ndist_nospeak
consensus,heterogeneous,4,M5,3,3,0.3,0.0,0.0,0.0,false,0.05,0.1,0.1,0.05,3008069215328862200.0,15,false,0.03097746746875476,0.1715701520532894,0.00000104788871681,0.00000068284072997,1,4,0.0,0.0,cons_ndist_nospeak
consensus,heterogeneous,4,M5,3,3,0.3,0.0,0.0,0.0,false,0.05,0.1,0.1,0.05,4029181368031619100.0,15,false,0.03097746746875476,0.1715701520532894,0.00000104788871681,0.00000068284072997,1,4,0.0,0.0,cons_ndist_nospeak
consensus,heterogeneous,4,M5,3,3,0.3,0.0,0.0,0.0,false,0.05,0.1,0.1,0.05,8046790094384007200.0,15,false,0.03097746746875476,0.1715701520532894,0.00000104788871681,0.00000068284072997,1,4,0.0,0.0,cons_ndist_nospeak
consensus,heterogeneous,4,M5,3,3,0.3,0.0,0.0,0.0,false,0.05,0.1,0.1,0.05,40402427797069824.0,15,false,0.03097746746875476,0.1715701520532894,0.00000104788871681,0.00000068284072997,1,4,0.0,0.0,cons_ndist_nospeak
consensus,heterogeneous,4,M5,3,3,0.3,0.0,0.0,0.0,false,0.05,0.1,0.1,0.05,4250442819423156200.0,15,false,0.03097746746875476,0.1715701520532894,0.00000104788871681,0.00000068284072997,1,4,0.0,0.0,cons_ndist_nospeak
consensus,heterogeneous,4,M5,3,3,0.3,0.0,0.0,0.0,false,0.05,0.1,0.1,0.05,2762184992758753300.0,15,false,0.03097746746875476,0.1715701520532894,0.00000104788871681,0.00000068284072997,1,4,0.0,0.0,cons_ndist_nospeak
consensus,heterogeneous,4,M5,3,3,0.3,0.0,0.0,0.0,false,0.05,0.1,0.1,0.05,7806294296648646700.0,15,false,0.03097746746875476,0.1715701520532894,0.00000104788871681,0.00000068284072997,1,4,0.0,0.0,cons_ndist_nospeak
consensus,heterogeneous,4,M5,3,3,0.3,0.0,0.0,0.0,false,0.05,0.1,0.1,0.05,4383894457997634600.0,15,false,0.03097746746875476,0.1715701520532894,0.00000104788871681,0.00000068284072997,1,4,0.0,0.0,cons_ndist_nospeak
consensus,heterogeneous,4,M5,3,3,0.3,0.0,0.0,0.0,false,0.05,0.1,0.1,0.05,3237022581511236600.0,15,false,0.03097746746875476,0.1715701520532894,0.00000104788871681,0.00000068284072997,1,4,0.0,0.0,cons_ndist_nospeak
consensus,heterogeneous,4,M5,3,3,0.3,0.0,0.0,0.0,false,0.05,0.1,0.1,0.05,1954477272879365120.0,15,false,0.03097746746875476,0.1715701520532894,0.00000104788871681,0.00000068284072997,1,4,0.0,0.0,cons_ndist_nospeak
consensus,heterogeneous,4,M5,3,3,0.3,0.0,0.0,0.0,false,0.05,0.1,0.1,0.05,7964433397736931300.0,15,false,0.03097746746875476,0.1715701520532894,0.00000104788871681,0.00000068284072997,1,4,0.0,0.0,cons_ndist_nospeak
consensus,heterogeneous,4,M5,3,3,0.3,0.0,0.0,0.0,false,0.05,0.1,0.1,0.05,3452861078975273000.0,15,false,0.03097746746875476,0.1715701520532894,0.00000104788871681,0.00000068284072997,1,4,0.0,0.0,cons_ndist_nospeak
consensus,heterogeneous,4,M5,3,3,0.3,0.0,0.0,0.0,false,0.05,0.1,0.1,0.05,3299895173562800100.0,15,false,0.03097746746875476,0.1715701520532894,0.00000104788871681,0.00000068284072997,1,4,0.0,0.0,cons_ndist_nospeak
consensus,heterogeneous,4,M5,3,3,0.3,0.0,0.0,0.0,false,0.05,0.1,0.1,0.05,7787128120875066400.0,15,false,0.03097746746875476,0.1715701520532894,0.00000104788871681,0.00000068284072997,1,4,0.0,0.0,cons_ndist_nospeak
consensus,heterogeneous,4,M5,3,3,0.3,0.0,0.0,0.0,true,0.05,0.0,0.0,0.0,8887487354284975100.0,20,false,0.03097746746875476,0.1719913894267386,0.00000073372470827,0.00000094331608289,1,4,0.0,0.0,cons_dist_nospeak
consensus,heterogeneous,4,M5,3,3,0.3,0.0,0.0,0.0,true,0.05,0.0,0.0,0.0,5481190333666168800.0,20,false,0.03097746746875476,0.17384559296369648,0.00000013802373798,0.00000018621345011,1,4,0.0,0.0,cons_dist_nospeak
consensus,heterogeneous,4,M5,3,3,0.3,0.0,0.0,0.0,true,0.05,0.0,0.0,0.0,8904994825583265800.0,15,false,0.03097746746875476,0.17172364398481896,0.00000095894052199,0.00000075785161943,1,4,0.0,0.0,cons_dist_nospeak
consensus,heterogeneous,4,M5,3,3,0.3,0.0,0.0,0.0,true,0.05,0.0,0.0,0.0,3325028220542027800.0,20,false,0.03097746746875476,0.1719295243978353,0.00000079578820665,0.00000100754995059,1,4,0.0,0.0,cons_dist_nospeak
consensus,heterogeneous,4,M5,3,3,0.3,0.0,0.0,0.0,true,0.05,0.0,0.0,0.0,5060340559474207700.0,15,false,0.03097746746875476,0.17196481826318177,0.00000028573477895,0.00000018168423102,1,4,0.0,0.0,cons_dist_nospeak
consensus,heterogeneous,4,M5,3,3,0.3,0.0,0.0,0.0,true,0.05,0.0,0.0,0.0,2760989173869908000.0,15,false,0.03097746746875476,0.17210560545972606,0.00000014438303518,0.00000008401791679,1,4,0.0,0.0,cons_dist_nospeak
consensus,heterogeneous,4,M5,3,3,0.3,0.0,0.0,0.0,true,0.05,0.0,0.0,0.0,242717864499532800.0,15,false,0.03097746746875476,0.17201169805037508,0.00000024263816984,0.00000014218681361,1,4,0.0,0.0,cons_dist_nospeak
consensus,heterogeneous,4,M5,3,3,0.3,0.0,0.0,0.0,true,0.05,0.0,0.0,0.0,6373889469262447600.0,15,false,0.03097746746875476,0.17152512442139478,0.00000198662993034,0.00000182146642844,1,4,0.0,0.0,cons_dist_nospeak
consensus,heterogeneous,4,M5,3,3,0.3,0.0,0.0,0.0,true,0.05,0.0,0.0,0.0,6362157359908289500.0,15,false,0.03097746746875476,0.17151442105034354,0.00000139190550109,0.00000090245501744,1,4,0.0,0.0,cons_dist_nospeak
consensus,heterogeneous,4,M5,3,3,0.3,0.0,0.0,0.0,true,0.05,0.0,0.0,0.0,7665470542677770200.0,15,false,0.03097746746875476,0.17132345676073013,0.00000164887529384,0.00000095635482474,1,4,0.0,0.0,cons_dist_nospeak
consensus,heterogeneous,4,M5,3,3,0.3,0.0,0.0,0.0,true,0.05,0.0,0.0,0.0,1606123324797037570.0,20,false,0.03097746746875476,0.1722260347376525,0.00000017442771088,0.00000022180881988,1,4,0.0,0.0,cons_dist_nospeak
consensus,heterogeneous,4,M5,3,3,0.3,0.0,0.0,0.0,true,0.05,0.0,0.0,0.0,618457832270961660.0,20,false,0.03097746746875476,0.181688515897255,0.0000018875630079,0.0000023418587908,1,4,0.0,0.0,cons_dist_nospeak
consensus,heterogeneous,4,M5,3,3,0.3,0.0,0.0,0.0,true,0.05,0.0,0.0,0.0,4164026883003045900.0,15,false,0.03097746746875476,0.17143708545356764,0.00000170405682919,0.00000156849060467,1,4,0.0,0.0,cons_dist_nospeak
consensus,heterogeneous,4,M5,3,3,0.3,0.0,0.0,0.0,true,0.05,0.0,0.0,0.0,8885878630384050200.0,15,false,0.03097746746875476,0.17180114955556777,0.00000062516022413,0.00000035004586703,1,4,0.0,0.0,cons_dist_nospeak
consensus,heterogeneous,4,M5,3,3,0.3,0.0,0.0,0.0,true,0.05,0.0,0.0,0.0,1826129278334136320.0,20,false,0.03097746746875476,0.17204879769704615,0.000000322191762,0.00000030299499231,1,4,0.0,0.0,cons_dist_nospeak
consensus,homogeneous,5,H3,0,6,0.2,0.0,0.0,0.0,true,0.1,0.0,0.0,0.0,8904994825583265800.0,25,false,0.01398999086696009,0.08713887501824759,0.00002592476433168,0.00003331963508771,2,4,0.0,0.0,cons_dist_nospeak
consensus,homogeneous,5,H3,0,6,0.2,0.0,0.0,0.0,true,0.1,0.0,0.0,0.0,5481190333666168800.0,20,false,0.01398999086696009,0.11244663563586309,0.00000128547699914,0.00000073540843832,1,4,0.0,0.0,cons_dist_nospeak
consensus,homogeneous,5,H3,0,6,0.2,0.0,0.0,0.0,true,0.1,0.0,0.0,0.0,8887487354284975100.0,25,false,0.01398999086696009,0.13786290767241796,0.00007196364414881,0.0000660891523948,2,4,0.0,0.0,cons_dist_nospeak
consensus,homogeneous,5,H3,0,6,0.2,0.0,0.0,0.0,true,0.1,0.0,0.0,0.0,3325028220542027800.0,40,false,0.01398999086696009,0.08462894964965435,0.00005180936601764,0.00006392996775319,1,4,0.0,0.0,cons_dist_nospeak
consensus,homogeneous,5,H3,0,6,0.2,0.0,0.0,0.0,true,0.1,0.0,0.0,0.0,2760989173869908000.0,15,false,0.01398999086696009,0.10537818678446442,0.00000382712280479,0.00000234872009635,1,4,0.0,0.0,cons_dist_nospeak
consensus,homogeneous,5,H3,0,6,0.2,0.0,0.0,0.0,true,0.1,0.0,0.0,0.0,242717864499532800.0,20,false,0.01398999086696009,0.10471995262382844,0.00000045511111047,0.0000003086353294,1,4,0.0,0.0,cons_dist_nospeak
consensus,homogeneous,5,H3,0,6,0.2,0.0,0.0,0.0,true,0.1,0.0,0.0,0.0,5060340559474207700.0,20,false,0.01398999086696009,0.11541063069172867,0.00000190323083116,0.0000017004076869,1,4,0.0,0.0,cons_dist_nospeak
consensus,homogeneous,5,H3,0,6,0.2,0.0,0.0,0.0,true,0.1,0.0,0.0,0.0,6373889469262447600.0,25,false,0.01398999086696009,0.10374055274480483,0.00000271688448537,0.00000288660936218,1,4,0.0,0.0,cons_dist_nospeak
consensus,homogeneous,5,H3,0,6,0.2,0.0,0.0,0.0,true,0.1,0.0,0.0,0.0,6362157359908289500.0,20,false,0.01398999086696009,0.09218844464269782,0.00000666627844438,0.00000761868930419,1,4,0.0,0.0,cons_dist_nospeak
consensus,homogeneous,5,H3,0,6,0.2,0.0,0.0,0.0,true,0.1,0.0,0.0,0.0,1606123324797037570.0,25,false,0.01398999086696009,0.0860100968445871,0.00001821425048533,0.00002528355185376,1,4,0.0,0.0,cons_dist_nospeak
consensus,homogeneous,5,H3,0,6,0.2,0.0,0.0,0.0,true,0.1,0.0,0.0,0.0,7665470542677770200.0,30,false,0.01398999086696009,0.11095517430883665,0.00001906913612839,0.00001698984888769,1,4,0.0,0.0,cons_dist_nospeak
consensus,homogeneous,5,H3,0,6,0.2,0.0,0.0,0.0,true,0.1,0.0,0.0,0.0,618457832270961660.0,35,false,0.01398999086696009,0.09848862194346429,0.00033850606454036,0.00034750321933109,1,4,0.0,0.0,cons_dist_nospeak
consensus,homogeneous,5,H3,0,6,0.2,0.0,0.0,0.0,true,0.1,0.0,0.0,0.0,8885878630384050200.0,20,false,0.01398999086696009,0.10445216762797487,0.00000178531329326,0.00000108326960461,1,4,0.0,0.0,cons_dist_nospeak
consensus,homogeneous,5,H3,0,6,0.2,0.0,0.0,0.0,true,0.1,0.0,0.0,0.0,4164026883003045900.0,25,false,0.01398999086696009,0.09969253530633988,0.00003559848047009,0.00003897897162855,1,4,0.0,0.0,cons_dist_nospeak
consensus,homogeneous,5,H3,0,6,0.2,0.0,0.0,0.0,true,0.1,0.0,0.0,0.0,1826129278334136320.0,55,false,0.01398999086696009,0.1210310647798452,0.00051239983560861,0.00053553662971028,2,4,0.0,0.0,cons_dist_nospeak
consensus,homogeneous,38,H19,0,6,0.5,0.0,0.0,0.0,true,0.05,0.0,0.0,0.0,8887487354284975100.0,15,false,0.00801496443234644,0.07245831177478379,0.00000000010254505,0.00000000005735521,1,3,0.0,0.0,cons_dist_nospeak
consensus,homogeneous,38,H19,0,6,0.5,0.0,0.0,0.0,true,0.05,0.0,0.0,0.0,5481190333666168800.0,15,false,0.00801496443234644,0.07166616548083869,0.00000000001307062,0.00000000000795451,1,3,0.0,0.0,cons_dist_nospeak
consensus,homogeneous,38,H19,0,6,0.5,0.0,0.0,0.0,true,0.05,0.0,0.0,0.0,3325028220542027800.0,15,false,0.00801496443234644,0.06733705985701556,0.00000000045088007,0.00000000043777658,1,3,0.0,0.0,cons_dist_nospeak
consensus,homogeneous,38,H19,0,6,0.5,0.0,0.0,0.0,true,0.05,0.0,0.0,0.0,8904994825583265800.0,15,false,0.00801496443234644,0.0715641257491574,0.00000000036329971,0.00000000037456572,1,3,0.0,0.0,cons_dist_nospeak
consensus,homogeneous,38,H19,0,6,0.5,0.0,0.0,0.0,true,0.05,0.0,0.0,0.0,242717864499532800.0,15,false,0.00801496443234644,0.07226096579319204,0.00000000000977601,0.00000000000796605,1,3,0.0,0.0,cons_dist_nospeak
consensus,homogeneous,38,H19,0,6,0.5,0.0,0.0,0.0,true,0.05,0.0,0.0,0.0,6373889469262447600.0,15,false,0.00801496443234644,0.07385775042407394,0.00000000003823457,0.00000000004099805,1,3,0.0,0.0,cons_dist_nospeak
consensus,homogeneous,38,H19,0,6,0.5,0.0,0.0,0.0,true,0.05,0.0,0.0,0.0,2760989173869908000.0,15,false,0.00801496443234644,0.07024830608939514,0.00000000000591082,0.00000000000416809,1,3,0.0,0.0,cons_dist_nospeak
consensus,homogeneous,38,H19,0,6,0.5,0.0,0.0,0.0,true,0.05,0.0,0.0,0.0,5060340559474207700.0,15,false,0.00801496443234644,0.07066012463156822,0.0000000000127775,0.00000000000965455,1,3,0.0,0.0,cons_dist_nospeak
consensus,homogeneous,38,H19,0,6,0.5,0.0,0.0,0.0,true,0.05,0.0,0.0,0.0,6362157359908289500.0,15,false,0.00801496443234644,0.06995352553071336,0.00000000007758494,0.00000000005510909,1,3,0.0,0.0,cons_dist_nospeak
consensus,homogeneous,38,H19,0,6,0.5,0.0,0.0,0.0,true,0.05,0.0,0.0,0.0,7665470542677770200.0,15,false,0.00801496443234644,0.07091793316984536,0.00000000015356514,0.00000000009768967,1,3,0.0,0.0,cons_dist_nospeak
consensus,homogeneous,38,H19,0,6,0.5,0.0,0.0,0.0,true,0.05,0.0,0.0,0.0,618457832270961660.0,15,false,0.00801496443234644,0.0712205465768689,0.00000000031233359,0.00000000027642663,1,3,0.0,0.0,cons_dist_nospeak
consensus,homogeneous,38,H19,0,6,0.5,0.0,0.0,0.0,true,0.05,0.0,0.0,0.0,1606123324797037570.0,15,false,0.00801496443234644,0.07384865975647607,0.00000000018948048,0.00000000028310907,1,3,0.0,0.0,cons_dist_nospeak
consensus,homogeneous,38,H19,0,6,0.5,0.0,0.0,0.0,true,0.05,0.0,0.0,0.0,4164026883003045900.0,15,false,0.00801496443234644,0.070842625091175,0.00000000015230526,0.00000000012190524,1,3,0.0,0.0,cons_dist_nospeak
consensus,homogeneous,38,H19,0,6,0.5,0.0,0.0,0.0,true,0.05,0.0,0.0,0.0,8885878630384050200.0,15,false,0.00801496443234644,0.07278804066059022,0.0000000000280098,0.00000000002150461,1,3,0.0,0.0,cons_dist_nospeak
consensus,homogeneous,38,H19,0,6,0.5,0.0,0.0,0.0,true,0.05,0.0,0.0,0.0,1826129278334136320.0,15,false,0.00801496443234644,0.07177403473715309,0.00000000062008368,0.00000000043871909,1,3,0.0,0.0,cons_dist_nospeak
consensus,heterogeneous,8,M8,3,4,0.5,0.0,0.0,0.0,true,0.05,0.0,0.0,0.0,3325028220542027800.0,15,false,0.01257559672531565,0.1020188310501442,0.00000000038497502,0.00000000037265452,1,4,0.0,0.0,cons_dist_nospeak
consensus,heterogeneous,8,M8,3,4,0.5,0.0,0.0,0.0,true,0.05,0.0,0.0,0.0,8904994825583265800.0,15,false,0.01257559672531565,0.10279800122135677,0.00000000009951955,0.00000000008516453,1,4,0.0,0.0,cons_dist_nospeak
consensus,heterogeneous,8,M8,3,4,0.5,0.0,0.0,0.0,true,0.05,0.0,0.0,0.0,5481190333666168800.0,15,false,0.01257559672531565,0.10186732717818439,0.00000000003051121,0.00000000002008883,1,4,0.0,0.0,cons_dist_nospeak
consensus,heterogeneous,8,M8,3,4,0.5,0.0,0.0,0.0,true,0.05,0.0,0.0,0.0,8887487354284975100.0,15,false,0.01257559672531565,0.10194724206374192,0.00000000053136709,0.00000000055494216,1,4,0.0,0.0,cons_dist_nospeak
consensus,heterogeneous,8,M8,3,4,0.5,0.0,0.0,0.0,true,0.05,0.0,0.0,0.0,6373889469262447600.0,15,false,0.01257559672531565,0.10218285876522433,0.00000000012778606,0.00000000010518728,1,4,0.0,0.0,cons_dist_nospeak
consensus,heterogeneous,8,M8,3,4,0.5,0.0,0.0,0.0,true,0.05,0.0,0.0,0.0,2760989173869908000.0,15,false,0.01257559672531565,0.10235229412464261,0.00000000001084473,0.00000000000806901,1,4,0.0,0.0,cons_dist_nospeak
consensus,heterogeneous,8,M8,3,4,0.5,0.0,0.0,0.0,true,0.05,0.0,0.0,0.0,242717864499532800.0,15,false,0.01257559672531565,0.10164707101189294,0.00000000002109215,0.00000000001490517,1,4,0.0,0.0,cons_dist_nospeak
consensus,heterogeneous,8,M8,3,4,0.5,0.0,0.0,0.0,true,0.05,0.0,0.0,0.0,5060340559474207700.0,15,false,0.01257559672531565,0.10205283647956696,0.00000000000824264,0.00000000000735527,1,4,0.0,0.0,cons_dist_nospeak
consensus,heterogeneous,8,M8,3,4,0.5,0.0,0.0,0.0,true,0.05,0.0,0.0,0.0,6362157359908289500.0,15,false,0.01257559672531565,0.1018125760644225,0.00000000003887826,0.00000000002816102,1,4,0.0,0.0,cons_dist_nospeak
consensus,heterogeneous,8,M8,3,4,0.5,0.0,0.0,0.0,true,0.05,0.0,0.0,0.0,618457832270961660.0,15,false,0.01257559672531565,0.10213219147965523,0.00000000043027365,0.00000000025591567,1,4,0.0,0.0,cons_dist_nospeak
consensus,heterogeneous,8,M8,3,4,0.5,0.0,0.0,0.0,true,0.05,0.0,0.0,0.0,7665470542677770200.0,15,false,0.01257559672531565,0.10182363713153172,0.00000000019583861,0.0000000002100745,1,4,0.0,0.0,cons_dist_nospeak
consensus,heterogeneous,8,M8,3,4,0.5,0.0,0.0,0.0,true,0.05,0.0,0.0,0.0,1606123324797037570.0,15,false,0.01257559672531565,0.10266052027418412,0.00000000035106339,0.00000000047436841,1,4,0.0,0.0,cons_dist_nospeak
consensus,heterogeneous,8,M8,3,4,0.5,0.0,0.0,0.0,true,0.05,0.0,0.0,0.0,8885878630384050200.0,15,false,0.01257559672531565,0.10163802407038991,0.00000000004280301,0.00000000003094899,1,4,0.0,0.0,cons_dist_nospeak
consensus,heterogeneous,8,M8,3,4,0.5,0.0,0.0,0.0,true,0.05,0.0,0.0,0.0,4164026883003045900.0,15,false,0.01257559672531565,0.10224968015807012,0.00000000008858391,0.00000000006330804,1,4,0.0,0.0,cons_dist_nospeak
consensus,heterogeneous,8,M8,3,4,0.5,0.0,0.0,0.0,true,0.05,0.0,0.0,0.0,1826129278334136320.0,15,false,0.01257559672531565,0.10224040238701614,0.00000000104450257,0.00000000095375313,1,4,0.0,0.0,cons_dist_nospeak
consensus,heterogeneous,39,M35,3,3,0.1,0.0,0.0,0.0,true,0.05,0.0,0.0,0.0,5481190333666168800.0,30,false,0.01380628072130774,0.11501129011940521,0.00006364273314184,0.00007199409531353,1,4,0.0,0.0,cons_dist_nospeak
consensus,heterogeneous,39,M35,3,3,0.1,0.0,0.0,0.0,true,0.05,0.0,0.0,0.0,8904994825583265800.0,35,false,0.01380628072130774,0.10277852116277982,0.0001149606173226,0.00015130814738503,1,4,0.0,0.0,cons_dist_nospeak
consensus,heterogeneous,39,M35,3,3,0.1,0.0,0.0,0.0,true,0.05,0.0,0.0,0.0,8887487354284975100.0,45,false,0.01380628072130774,0.11186159295927856,0.00019832175176385,0.00021422713032653,1,4,0.0,0.0,cons_dist_nospeak
consensus,heterogeneous,39,M35,3,3,0.1,0.0,0.0,0.0,true,0.05,0.0,0.0,0.0,3325028220542027800.0,60,false,0.01380628072130774,0.09738162494185358,0.00029578018980436,0.00035016524284877,1,4,0.0,0.0,cons_dist_nospeak
consensus,heterogeneous,39,M35,3,3,0.1,0.0,0.0,0.0,true,0.05,0.0,0.0,0.0,2760989173869908000.0,25,false,0.01380628072130774,0.109680134702321,0.00001892324475504,0.00001288816188209,1,4,0.0,0.0,cons_dist_nospeak
consensus,heterogeneous,39,M35,3,3,0.1,0.0,0.0,0.0,true,0.05,0.0,0.0,0.0,242717864499532800.0,25,false,0.01380628072130774,0.10605769251250123,0.00001858504068636,0.0000112338139777,1,4,0.0,0.0,cons_dist_nospeak
consensus,heterogeneous,39,M35,3,3,0.1,0.0,0.0,0.0,true,0.05,0.0,0.0,0.0,5060340559474207700.0,25,false,0.01380628072130774,0.10372446704753154,0.00002685549043361,0.00001984854992014,2,4,0.0,0.0,cons_dist_nospeak
consensus,heterogeneous,39,M35,3,3,0.1,0.0,0.0,0.0,true,0.05,0.0,0.0,0.0,6373889469262447600.0,35,false,0.01380628072130774,0.10637690516141944,0.00002906134917828,0.00002449121923524,2,4,0.0,0.0,cons_dist_nospeak
consensus,heterogeneous,39,M35,3,3,0.1,0.0,0.0,0.0,true,0.05,0.0,0.0,0.0,1606123324797037570.0,35,false,0.01380628072130774,0.10113951303434399,0.00013199108847454,0.00016953254468357,2,4,0.0,0.0,cons_dist_nospeak
consensus,heterogeneous,39,M35,3,3,0.1,0.0,0.0,0.0,true,0.05,0.0,0.0,0.0,6362157359908289500.0,35,false,0.01380628072130774,0.10216939068832116,0.00007147339391934,0.00007358284819348,2,4,0.0,0.0,cons_dist_nospeak
consensus,heterogeneous,39,M35,3,3,0.1,0.0,0.0,0.0,true,0.05,0.0,0.0,0.0,7665470542677770200.0,40,false,0.01380628072130774,0.10211343715097498,0.00008445608237704,0.00006626278247204,2,4,0.0,0.0,cons_dist_nospeak
consensus,heterogeneous,39,M35,3,3,0.1,0.0,0.0,0.0,true,0.05,0.0,0.0,0.0,618457832270961660.0,50,false,0.01380628072130774,0.14333542844491515,0.0001099811352677,0.00007259478844968,2,4,0.0,0.0,cons_dist_nospeak
consensus,heterogeneous,39,M35,3,3,0.1,0.0,0.0,0.0,true,0.05,0.0,0.0,0.0,8885878630384050200.0,30,false,0.01380628072130774,0.11069947831106534,0.00002261230231115,0.00001466800470605,1,4,0.0,0.0,cons_dist_nospeak
consensus,heterogeneous,39,M35,3,3,0.1,0.0,0.0,0.0,true,0.05,0.0,0.0,0.0,4164026883003045900.0,40,false,0.01380628072130774,0.10946522325843681,0.00015580871494524,0.00019047380074867,1,4,0.0,0.0,cons_dist_nospeak
consensus,heterogeneous,39,M35,3,3,0.1,0.0,0.0,0.0,true,0.05,0.0,0.0,0.0,1826129278334136320.0,55,false,0.01380628072130774,0.11092212411711955,0.00037510646637797,0.00048933016752486,1,4,0.0,0.0,cons_dist_nospeak
consensus,heterogeneous,30,M23,2,2,0.2,0.0,0.0,0.0,true,0.0,0.0,0.0,0.0,3325028220542027800.0,20,false,0.00534329721793556,0.0398022557750693,0.00000092683403915,0.0000006298029993,1,3,0.0,0.0,cons_dist_nospeak
consensus,heterogeneous,30,M23,2,2,0.2,0.0,0.0,0.0,true,0.0,0.0,0.0,0.0,5481190333666168800.0,20,false,0.00534329721793556,0.0398022557750693,0.00000092683403915,0.0000006298029993,1,3,0.0,0.0,cons_dist_nospeak
consensus,heterogeneous,30,M23,2,2,0.2,0.0,0.0,0.0,true,0.0,0.0,0.0,0.0,8887487354284975100.0,20,false,0.00534329721793556,0.0398022557750693,0.00000092683403915,0.0000006298029993,1,3,0.0,0.0,cons_dist_nospeak
consensus,heterogeneous,30,M23,2,2,0.2,0.0,0.0,0.0,true,0.0,0.0,0.0,0.0,8904994825583265800.0,20,false,0.00534329721793556,0.0398022557750693,0.00000092683403915,0.0000006298029993,1,3,0.0,0.0,cons_dist_nospeak
consensus,heterogeneous,30,M23,2,2,0.2,0.0,0.0,0.0,true,0.0,0.0,0.0,0.0,5060340559474207700.0,20,false,0.00534329721793556,0.0398022557750693,0.00000092683403915,0.0000006298029993,1,3,0.0,0.0,cons_dist_nospeak
consensus,heterogeneous,30,M23,2,2,0.2,0.0,0.0,0.0,true,0.0,0.0,0.0,0.0,6373889469262447600.0,20,false,0.00534329721793556,0.0398022557750693,0.00000092683403915,0.0000006298029993,1,3,0.0,0.0,cons_dist_nospeak
consensus,heterogeneous,30,M23,2,2,0.2,0.0,0.0,0.0,true,0.0,0.0,0.0,0.0,242717864499532800.0,20,false,0.00534329721793556,0.0398022557750693,0.00000092683403915,0.0000006298029993,1,3,0.0,0.0,cons_dist_nospeak
consensus,heterogeneous,30,M23,2,2,0.2,0.0,0.0,0.0,true,0.0,0.0,0.0,0.0,2760989173869908000.0,20,false,0.00534329721793556,0.0398022557750693,0.00000092683403915,0.0000006298029993,1,3,0.0,0.0,cons_dist_nospeak
consensus,heterogeneous,30,M23,2,2,0.2,0.0,0.0,0.0,true,0.0,0.0,0.0,0.0,1606123324797037570.0,20,false,0.00534329721793556,0.0398022557750693,0.00000092683403915,0.0000006298029993,1,3,0.0,0.0,cons_dist_nospeak
consensus,heterogeneous,30,M23,2,2,0.2,0.0,0.0,0.0,true,0.0,0.0,0.0,0.0,7665470542677770200.0,20,false,0.00534329721793556,0.0398022557750693,0.00000092683403915,0.0000006298029993,1,3,0.0,0.0,cons_dist_nospeak
consensus,heterogeneous,30,M23,2,2,0.2,0.0,0.0,0.0,true,0.0,0.0,0.0,0.0,618457832270961660.0,20,false,0.00534329721793556,0.0398022557750693,0.00000092683403915,0.0000006298029993,1,3,0.0,0.0,cons_dist_nospeak
consensus,heterogeneous,30,M23,2,2,0.2,0.0,0.0,0.0,true,0.0,0.0,0.0,0.0,6362157359908289500.0,20,false,0.00534329721793556,0.0398022557750693,0.00000092683403915,0.0000006298029993,1,3,0.0,0.0,cons_dist_nospeak
consensus,heterogeneous,30,M23,2,2,0.2,0.0,0.0,0.0,true,0.0,0.0,0.0,0.0,4164026883003045900.0,20,false,0.00534329721793556,0.0398022557750693,0.00000092683403915,0.0000006298029993,1,3,0.0,0.0,cons_dist_nospeak
consensus,heterogeneous,30,M23,2,2,0.2,0.0,0.0,0.0,true,0.0,0.0,0.0,0.0,1826129278334136320.0,20,false,0.00534329721793556,0.0398022557750693,0.00000092683403915,0.0000006298029993,1,3,0.0,0.0,cons_dist_nospeak
consensus,heterogeneous,30,M23,2,2,0.2,0.0,0.0,0.0,true,0.0,0.0,0.0,0.0,8885878630384050200.0,20,false,0.00534329721793556,0.0398022557750693,0.00000092683403915,0.0000006298029993,1,3,0.0,0.0,cons_dist_nospeak
consensus,heterogeneous,14,M15,3,3,0.2,0.0,0.0,0.0,true,0.1,0.0,0.0,0.0,5481190333666168800.0,20,false,0.02458731638660266,0.12288105049197266,0.00001664591686652,0.00002368297457809,1,5,0.0,0.0,cons_dist_nospeak
consensus,heterogeneous,14,M15,3,3,0.2,0.0,0.0,0.0,true,0.1,0.0,0.0,0.0,8887487354284975100.0,35,false,0.02458731638660266,0.12132316595273797,0.00003013896113122,0.00002706079597992,1,5,0.0,0.0,cons_dist_nospeak
consensus,heterogeneous,14,M15,3,3,0.2,0.0,0.0,0.0,true,0.1,0.0,0.0,0.0,8904994825583265800.0,35,false,0.02458731638660266,0.12752389043859932,0.0000410939425132,0.00004810228152072,1,5,0.0,0.0,cons_dist_nospeak
consensus,heterogeneous,14,M15,3,3,0.2,0.0,0.0,0.0,true,0.1,0.0,0.0,0.0,3325028220542027800.0,65,false,0.02458731638660266,0.15401732188535586,0.00006752649934183,0.00008214583513376,2,5,0.0,0.0,cons_dist_nospeak
consensus,heterogeneous,14,M15,3,3,0.2,0.0,0.0,0.0,true,0.1,0.0,0.0,0.0,242717864499532800.0,15,false,0.02458731638660266,0.1232002439576395,0.00000424623815215,0.00000235913465738,1,5,0.0,0.0,cons_dist_nospeak
consensus,heterogeneous,14,M15,3,3,0.2,0.0,0.0,0.0,true,0.1,0.0,0.0,0.0,2760989173869908000.0,20,false,0.02458731638660266,0.12446125449949585,0.00000049086497294,0.00000033144169256,1,5,0.0,0.0,cons_dist_nospeak
consensus,heterogeneous,14,M15,3,3,0.2,0.0,0.0,0.0,true,0.1,0.0,0.0,0.0,6373889469262447600.0,25,false,0.02458731638660266,0.12381703771989716,0.00000359731098117,0.00000341457101382,1,5,0.0,0.0,cons_dist_nospeak
consensus,heterogeneous,14,M15,3,3,0.2,0.0,0.0,0.0,true,0.1,0.0,0.0,0.0,5060340559474207700.0,20,false,0.02458731638660266,0.1241268888232041,0.00000146734302235,0.00000113603549661,1,5,0.0,0.0,cons_dist_nospeak
consensus,heterogeneous,14,M15,3,3,0.2,0.0,0.0,0.0,true,0.1,0.0,0.0,0.0,1606123324797037570.0,25,false,0.02458731638660266,0.12199236193452805,0.00003197281615472,0.00004384534184267,1,5,0.0,0.0,cons_dist_nospeak
consensus,heterogeneous,14,M15,3,3,0.2,0.0,0.0,0.0,true,0.1,0.0,0.0,0.0,6362157359908289500.0,30,false,0.02458731638660266,0.12346110437908862,0.00000901312633025,0.00001205695420294,1,5,0.0,0.0,cons_dist_nospeak
consensus,heterogeneous,14,M15,3,3,0.2,0.0,0.0,0.0,true,0.1,0.0,0.0,0.0,7665470542677770200.0,35,false,0.02458731638660266,0.12242670166694276,0.00002037756004022,0.00002110900369473,1,5,0.0,0.0,cons_dist_nospeak
consensus,heterogeneous,14,M15,3,3,0.2,0.0,0.0,0.0,true,0.1,0.0,0.0,0.0,618457832270961660.0,35,false,0.02458731638660266,0.17709232138259037,0.00003780837896523,0.00003464715343237,1,5,0.0,0.0,cons_dist_nospeak
consensus,heterogeneous,14,M15,3,3,0.2,0.0,0.0,0.0,true,0.1,0.0,0.0,0.0,8885878630384050200.0,20,false,0.02458731638660266,0.12381287232419286,0.00000245963652271,0.0000016860531464,1,5,0.0,0.0,cons_dist_nospeak
consensus,heterogeneous,14,M15,3,3,0.2,0.0,0.0,0.0,true,0.1,0.0,0.0,0.0,4164026883003045900.0,30,false,0.02458731638660266,0.12233855603073972,0.00002416698513833,0.00003032822266339,1,5,0.0,0.0,cons_dist_nospeak
consensus,heterogeneous,14,M15,3,3,0.2,0.0,0.0,0.0,true,0.1,0.0,0.0,0.0,1826129278334136320.0,45,false,0.02458731638660266,0.13113778242174515,0.00003453388958497,0.0000326065509931,1,5,0.0,0.0,cons_dist_nospeak
consensus,heterogeneous,21,M27,3,3,0.2,0.0,0.0,0.0,true,0.05,0.0,0.0,0.0,8904994825583265800.0,20,false,0.01066925416285628,0.08123129845274353,0.00000571784975939,0.00000539329908329,1,4,0.0,0.0,cons_dist_nospeak
consensus,heterogeneous,21,M27,3,3,0.2,0.0,0.0,0.0,true,0.05,0.0,0.0,0.0,5481190333666168800.0,20,false,0.01066925416285628,0.08203031350396654,0.00000132784012196,0.00000148220801606,1,4,0.0,0.0,cons_dist_nospeak
consensus,heterogeneous,21,M27,3,3,0.2,0.0,0.0,0.0,true,0.05,0.0,0.0,0.0,8887487354284975100.0,25,false,0.01066925416285628,0.08125236904112036,0.00000871531239994,0.00001068029726061,1,4,0.0,0.0,cons_dist_nospeak
consensus,heterogeneous,21,M27,3,3,0.2,0.0,0.0,0.0,true,0.05,0.0,0.0,0.0,3325028220542027800.0,25,false,0.01066925416285628,0.080633325971424,0.0000132730736171,0.00001579531953598,1,4,0.0,0.0,cons_dist_nospeak
consensus,heterogeneous,21,M27,3,3,0.2,0.0,0.0,0.0,true,0.05,0.0,0.0,0.0,2760989173869908000.0,20,false,0.01066925416285628,0.0821475926235974,0.00000071126160721,0.00000059421047915,1,4,0.0,0.0,cons_dist_nospeak
consensus,heterogeneous,21,M27,3,3,0.2,0.0,0.0,0.0,true,0.05,0.0,0.0,0.0,5060340559474207700.0,20,false,0.01066925416285628,0.08190580794758447,0.0000013219599712,0.00000102537940751,1,4,0.0,0.0,cons_dist_nospeak
consensus,heterogeneous,21,M27,3,3,0.2,0.0,0.0,0.0,true,0.05,0.0,0.0,0.0,6373889469262447600.0,20,false,0.01066925416285628,0.08164817998179112,0.0000029502701845,0.00000283739665937,2,4,0.0,0.0,cons_dist_nospeak
consensus,heterogeneous,21,M27,3,3,0.2,0.0,0.0,0.0,true,0.05,0.0,0.0,0.0,242717864499532800.0,20,false,0.01066925416285628,0.0821850898257023,0.00000048298627179,0.0000003169683355,1,4,0.0,0.0,cons_dist_nospeak
consensus,heterogeneous,21,M27,3,3,0.2,0.0,0.0,0.0,true,0.05,0.0,0.0,0.0,1606123324797037570.0,20,false,0.01066925416285628,0.08175027536659675,0.0000028184276275,0.00000337408767543,1,4,0.0,0.0,cons_dist_nospeak
consensus,heterogeneous,21,M27,3,3,0.2,0.0,0.0,0.0,true,0.05,0.0,0.0,0.0,618457832270961660.0,20,false,0.01066925416285628,0.08168931278911348,0.0000082281474146,0.00000489986199908,1,4,0.0,0.0,cons_dist_nospeak
consensus,heterogeneous,21,M27,3,3,0.2,0.0,0.0,0.0,true,0.05,0.0,0.0,0.0,6362157359908289500.0,20,false,0.01066925416285628,0.08143601395778559,0.00000340894364794,0.00000265893360267,1,4,0.0,0.0,cons_dist_nospeak
consensus,heterogeneous,21,M27,3,3,0.2,0.0,0.0,0.0,true,0.05,0.0,0.0,0.0,7665470542677770200.0,25,false,0.01066925416285628,0.08145323999847202,0.00000387413552009,0.00000353004129894,2,4,0.0,0.0,cons_dist_nospeak
consensus,heterogeneous,21,M27,3,3,0.2,0.0,0.0,0.0,true,0.05,0.0,0.0,0.0,8885878630384050200.0,20,false,0.01066925416285628,0.0819552812051454,0.00000106392357543,0.00000068900399562,1,4,0.0,0.0,cons_dist_nospeak
consensus,heterogeneous,21,M27,3,3,0.2,0.0,0.0,0.0,true,0.05,0.0,0.0,0.0,4164026883003045900.0,20,false,0.01066925416285628,0.08078742479460878,0.00000543280364102,0.00000356164182538,1,4,0.0,0.0,cons_dist_nospeak
consensus,heterogeneous,21,M27,3,3,0.2,0.0,0.0,0.0,true,0.05,0.0,0.0,0.0,1826129278334136320.0,25,false,0.01066925416285628,0.08022389131446488,0.00001476103456877,0.00001703862194251,1,4,0.0,0.0,cons_dist_nospeak
consensus,heterogeneous,32,M29,2,2,0.2,0.0,0.0,0.0,true,0.0,0.0,0.0,0.0,5481190333666168800.0,20,false,0.03735544128836595,0.15372272010221236,0.00000648559793132,0.00000402483763597,1,4,0.0,0.0,cons_dist_nospeak
consensus,heterogeneous,32,M29,2,2,0.2,0.0,0.0,0.0,true,0.0,0.0,0.0,0.0,8904994825583265800.0,20,false,0.03735544128836595,0.15372272010221236,0.00000648559793132,0.00000402483763597,1,4,0.0,0.0,cons_dist_nospeak
consensus,heterogeneous,32,M29,2,2,0.2,0.0,0.0,0.0,true,0.0,0.0,0.0,0.0,8887487354284975100.0,20,false,0.03735544128836595,0.15372272010221236,0.00000648559793132,0.00000402483763597,1,4,0.0,0.0,cons_dist_nospeak
consensus,heterogeneous,32,M29,2,2,0.2,0.0,0.0,0.0,true,0.0,0.0,0.0,0.0,3325028220542027800.0,20,false,0.03735544128836595,0.15372272010221236,0.00000648559793132,0.00000402483763597,1,4,0.0,0.0,cons_dist_nospeak
consensus,heterogeneous,32,M29,2,2,0.2,0.0,0.0,0.0,true,0.0,0.0,0.0,0.0,5060340559474207700.0,20,false,0.03735544128836595,0.15372272010221236,0.00000648559793132,0.00000402483763597,1,4,0.0,0.0,cons_dist_nospeak
consensus,heterogeneous,32,M29,2,2,0.2,0.0,0.0,0.0,true,0.0,0.0,0.0,0.0,6373889469262447600.0,20,false,0.03735544128836595,0.15372272010221236,0.00000648559793132,0.00000402483763597,1,4,0.0,0.0,cons_dist_nospeak
consensus,heterogeneous,32,M29,2,2,0.2,0.0,0.0,0.0,true,0.0,0.0,0.0,0.0,242717864499532800.0,20,false,0.03735544128836595,0.15372272010221236,0.00000648559793132,0.00000402483763597,1,4,0.0,0.0,cons_dist_nospeak
consensus,heterogeneous,32,M29,2,2,0.2,0.0,0.0,0.0,true,0.0,0.0,0.0,0.0,2760989173869908000.0,20,false,0.03735544128836595,0.15372272010221236,0.00000648559793132,0.00000402483763597,1,4,0.0,0.0,cons_dist_nospeak
consensus,heterogeneous,32,M29,2,2,0.2,0.0,0.0,0.0,true,0.0,0.0,0.0,0.0,6362157359908289500.0,20,false,0.03735544128836595,0.15372272010221236,0.00000648559793132,0.00000402483763597,1,4,0.0,0.0,cons_dist_nospeak
consensus,heterogeneous,32,M29,2,2,0.2,0.0,0.0,0.0,true,0.0,0.0,0.0,0.0,7665470542677770200.0,20,false,0.03735544128836595,0.15372272010221236,0.00000648559793132,0.00000402483763597,1,4,0.0,0.0,cons_dist_nospeak
consensus,heterogeneous,32,M29,2,2,0.2,0.0,0.0,0.0,true,0.0,0.0,0.0,0.0,618457832270961660.0,20,false,0.03735544128836595,0.15372272010221236,0.00000648559793132,0.00000402483763597,1,4,0.0,0.0,cons_dist_nospeak
consensus,heterogeneous,32,M29,2,2,0.2,0.0,0.0,0.0,true,0.0,0.0,0.0,0.0,1606123324797037570.0,20,false,0.03735544128836595,0.15372272010221236,0.00000648559793132,0.00000402483763597,1,4,0.0,0.0,cons_dist_nospeak
consensus,heterogeneous,32,M29,2,2,0.2,0.0,0.0,0.0,true,0.0,0.0,0.0,0.0,1826129278334136320.0,20,false,0.03735544128836595,0.15372272010221236,0.00000648559793132,0.00000402483763597,1,4,0.0,0.0,cons_dist_nospeak
consensus,heterogeneous,32,M29,2,2,0.2,0.0,0.0,0.0,true,0.0,0.0,0.0,0.0,8885878630384050200.0,20,false,0.03735544128836595,0.15372272010221236,0.00000648559793132,0.00000402483763597,1,4,0.0,0.0,cons_dist_nospeak
consensus,heterogeneous,32,M29,2,2,0.2,0.0,0.0,0.0,true,0.0,0.0,0.0,0.0,4164026883003045900.0,20,false,0.03735544128836595,0.15372272010221236,0.00000648559793132,0.00000402483763597,1,4,0.0,0.0,cons_dist_nospeak
consensus,homogeneous,23,H11,0,5,0.2,0.0,0.0,0.0,true,0.0,0.0,0.0,0.0,8887487354284975100.0,20,false,0.01309938700274348,0.06744966651504816,0.00000213266600792,0.00000128642396813,1,4,0.0,0.0,cons_dist_nospeak
consensus,homogeneous,23,H11,0,5,0.2,0.0,0.0,0.0,true,0.0,0.0,0.0,0.0,5481190333666168800.0,20,false,0.01309938700274348,0.06744966651504816,0.00000213266600792,0.00000128642396813,1,4,0.0,0.0,cons_dist_nospeak
consensus,homogeneous,23,H11,0,5,0.2,0.0,0.0,0.0,true,0.0,0.0,0.0,0.0,8904994825583265800.0,20,false,0.01309938700274348,0.06744966651504816,0.00000213266600792,0.00000128642396813,1,4,0.0,0.0,cons_dist_nospeak
consensus,homogeneous,23,H11,0,5,0.2,0.0,0.0,0.0,true,0.0,0.0,0.0,0.0,3325028220542027800.0,20,false,0.01309938700274348,0.06744966651504816,0.00000213266600792,0.00000128642396813,1,4,0.0,0.0,cons_dist_nospeak
consensus,homogeneous,23,H11,0,5,0.2,0.0,0.0,0.0,true,0.0,0.0,0.0,0.0,2760989173869908000.0,20,false,0.01309938700274348,0.06744966651504816,0.00000213266600792,0.00000128642396813,1,4,0.0,0.0,cons_dist_nospeak
consensus,homogeneous,23,H11,0,5,0.2,0.0,0.0,0.0,true,0.0,0.0,0.0,0.0,6373889469262447600.0,20,false,0.01309938700274348,0.06744966651504816,0.00000213266600792,0.00000128642396813,1,4,0.0,0.0,cons_dist_nospeak
consensus,homogeneous,23,H11,0,5,0.2,0.0,0.0,0.0,true,0.0,0.0,0.0,0.0,242717864499532800.0,20,false,0.01309938700274348,0.06744966651504816,0.00000213266600792,0.00000128642396813,1,4,0.0,0.0,cons_dist_nospeak
consensus,homogeneous,23,H11,0,5,0.2,0.0,0.0,0.0,true,0.0,0.0,0.0,0.0,5060340559474207700.0,20,false,0.01309938700274348,0.06744966651504816,0.00000213266600792,0.00000128642396813,1,4,0.0,0.0,cons_dist_nospeak
consensus,homogeneous,23,H11,0,5,0.2,0.0,0.0,0.0,true,0.0,0.0,0.0,0.0,7665470542677770200.0,20,false,0.01309938700274348,0.06744966651504816,0.00000213266600792,0.00000128642396813,1,4,0.0,0.0,cons_dist_nospeak
consensus,homogeneous,23,H11,0,5,0.2,0.0,0.0,0.0,true,0.0,0.0,0.0,0.0,6362157359908289500.0,20,false,0.01309938700274348,0.06744966651504816,0.00000213266600792,0.00000128642396813,1,4,0.0,0.0,cons_dist_nospeak
consensus,homogeneous,23,H11,0,5,0.2,0.0,0.0,0.0,true,0.0,0.0,0.0,0.0,1606123324797037570.0,20,false,0.01309938700274348,0.06744966651504816,0.00000213266600792,0.00000128642396813,1,4,0.0,0.0,cons_dist_nospeak
consensus,homogeneous,23,H11,0,5,0.2,0.0,0.0,0.0,true,0.0,0.0,0.0,0.0,618457832270961660.0,20,false,0.01309938700274348,0.06744966651504816,0.00000213266600792,0.00000128642396813,1,4,0.0,0.0,cons_dist_nospeak
consensus,homogeneous,23,H11,0,5,0.2,0.0,0.0,0.0,true,0.0,0.0,0.0,0.0,4164026883003045900.0,20,false,0.01309938700274348,0.06744966651504816,0.00000213266600792,0.00000128642396813,1,4,0.0,0.0,cons_dist_nospeak
consensus,homogeneous,23,H11,0,5,0.2,0.0,0.0,0.0,true,0.0,0.0,0.0,0.0,8885878630384050200.0,20,false,0.01309938700274348,0.06744966651504816,0.00000213266600792,0.00000128642396813,1,4,0.0,0.0,cons_dist_nospeak
consensus,homogeneous,23,H11,0,5,0.2,0.0,0.0,0.0,true,0.0,0.0,0.0,0.0,1826129278334136320.0,20,false,0.01309938700274348,0.06744966651504816,0.00000213266600792,0.00000128642396813,1,4,0.0,0.0,cons_dist_nospeak
consensus,heterogeneous,22,M28,2,2,0.3,0.0,0.0,0.0,true,0.05,0.0,0.0,0.0,5481190333666168800.0,15,false,0.02593274109975132,0.13103082821495804,0.00000053720305392,0.00000034013742934,1,3,0.0,0.0,cons_dist_nospeak
consensus,heterogeneous,22,M28,2,2,0.3,0.0,0.0,0.0,true,0.05,0.0,0.0,0.0,3325028220542027800.0,20,false,0.02593274109975132,0.12357243852403794,0.00000155888727823,0.00000133654119575,1,3,0.0,0.0,cons_dist_nospeak
consensus,heterogeneous,22,M28,2,2,0.3,0.0,0.0,0.0,true,0.05,0.0,0.0,0.0,8887487354284975100.0,20,false,0.02593274109975132,0.13406684613098613,0.00000047091038713,0.00000040577677409,1,3,0.0,0.0,cons_dist_nospeak
consensus,heterogeneous,22,M28,2,2,0.3,0.0,0.0,0.0,true,0.05,0.0,0.0,0.0,8904994825583265800.0,20,false,0.02593274109975132,0.12399940475701253,0.00000042133758702,0.00000046953192314,1,3,0.0,0.0,cons_dist_nospeak
consensus,heterogeneous,22,M28,2,2,0.3,0.0,0.0,0.0,true,0.05,0.0,0.0,0.0,6373889469262447600.0,15,false,0.02593274109975132,0.13066551934995185,0.00000091093264536,0.00000053845858929,1,3,0.0,0.0,cons_dist_nospeak
consensus,heterogeneous,22,M28,2,2,0.3,0.0,0.0,0.0,true,0.05,0.0,0.0,0.0,242717864499532800.0,15,false,0.02593274109975132,0.1289616498355179,0.00000020802377777,0.00000013819202693,1,3,0.0,0.0,cons_dist_nospeak
consensus,heterogeneous,22,M28,2,2,0.3,0.0,0.0,0.0,true,0.05,0.0,0.0,0.0,5060340559474207700.0,15,false,0.02593274109975132,0.12535318268760015,0.00000086025711809,0.00000043131947801,1,3,0.0,0.0,cons_dist_nospeak
consensus,heterogeneous,22,M28,2,2,0.3,0.0,0.0,0.0,true,0.05,0.0,0.0,0.0,2760989173869908000.0,15,false,0.02593274109975132,0.12795885733699608,0.00000049197958505,0.00000022920978926,1,3,0.0,0.0,cons_dist_nospeak
consensus,heterogeneous,22,M28,2,2,0.3,0.0,0.0,0.0,true,0.05,0.0,0.0,0.0,1606123324797037570.0,15,false,0.02593274109975132,0.12876726765112606,0.00000029816734273,0.00000015840079735,1,3,0.0,0.0,cons_dist_nospeak
consensus,heterogeneous,22,M28,2,2,0.3,0.0,0.0,0.0,true,0.05,0.0,0.0,0.0,618457832270961660.0,15,false,0.02593274109975132,0.13460649087881982,0.00000150207179284,0.00000102051653961,1,3,0.0,0.0,cons_dist_nospeak
consensus,heterogeneous,22,M28,2,2,0.3,0.0,0.0,0.0,true,0.05,0.0,0.0,0.0,7665470542677770200.0,20,false,0.02593274109975132,0.12465675532537178,0.00000055696725597,0.00000028823539469,1,3,0.0,0.0,cons_dist_nospeak
consensus,heterogeneous,22,M28,2,2,0.3,0.0,0.0,0.0,true,0.05,0.0,0.0,0.0,6362157359908289500.0,15,false,0.02593274109975132,0.123243904279158,0.00000266152650175,0.00000213084414296,1,3,0.0,0.0,cons_dist_nospeak
consensus,heterogeneous,22,M28,2,2,0.3,0.0,0.0,0.0,true,0.05,0.0,0.0,0.0,8885878630384050200.0,15,false,0.02593274109975132,0.13375907975018342,0.00000030062516768,0.00000015746345239,1,3,0.0,0.0,cons_dist_nospeak
consensus,heterogeneous,22,M28,2,2,0.3,0.0,0.0,0.0,true,0.05,0.0,0.0,0.0,4164026883003045900.0,15,false,0.02593274109975132,0.12828749209389367,0.0000016490479332,0.0000008231891269,1,3,0.0,0.0,cons_dist_nospeak
consensus,heterogeneous,22,M28,2,2,0.3,0.0,0.0,0.0,true,0.05,0.0,0.0,0.0,1826129278334136320.0,20,false,0.02593274109975132,0.13324902283342366,0.00000099787490315,0.00000084006345856,1,3,0.0,0.0,cons_dist_nospeak
consensus,homogeneous,36,H17,0,6,0.5,0.0,0.0,0.0,true,0.2,0.0,0.0,0.0,3325028220542027800.0,15,false,0.00843213567863132,0.08483713097765248,0.0000027143679296,0.00000348711133343,1,3,0.0,0.0,cons_dist_nospeak
consensus,homogeneous,36,H17,0,6,0.5,0.0,0.0,0.0,true,0.2,0.0,0.0,0.0,8904994825583265800.0,15,false,0.00843213567863132,0.06759869007694881,0.00000009191002413,0.00000009617801625,1,3,0.0,0.0,cons_dist_nospeak
consensus,homogeneous,36,H17,0,6,0.5,0.0,0.0,0.0,true,0.2,0.0,0.0,0.0,5481190333666168800.0,15,false,0.00843213567863132,0.07147483619646598,0.00000001198255341,0.00000001697290497,1,3,0.0,0.0,cons_dist_nospeak
consensus,homogeneous,36,H17,0,6,0.5,0.0,0.0,0.0,true,0.2,0.0,0.0,0.0,8887487354284975100.0,20,false,0.00843213567863132,0.07614317345944356,0.00000100921620256,0.00000105374856078,1,3,0.0,0.0,cons_dist_nospeak
consensus,homogeneous,36,H17,0,6,0.5,0.0,0.0,0.0,true,0.2,0.0,0.0,0.0,6373889469262447600.0,15,false,0.00843213567863132,0.06046526657376213,0.00000000223162699,0.00000000201199046,1,3,0.0,0.0,cons_dist_nospeak
consensus,homogeneous,36,H17,0,6,0.5,0.0,0.0,0.0,true,0.2,0.0,0.0,0.0,5060340559474207700.0,15,false,0.00843213567863132,0.08364205981163736,0.00000000000545587,0.00000000000548327,1,3,0.0,0.0,cons_dist_nospeak
consensus,homogeneous,36,H17,0,6,0.5,0.0,0.0,0.0,true,0.2,0.0,0.0,0.0,242717864499532800.0,15,false,0.00843213567863132,0.07615735180910985,0.00000000000130777,0.00000000000174273,1,3,0.0,0.0,cons_dist_nospeak
consensus,homogeneous,36,H17,0,6,0.5,0.0,0.0,0.0,true,0.2,0.0,0.0,0.0,2760989173869908000.0,15,false,0.00843213567863132,0.09180741342885607,0.0000000000002753,0.00000000000016729,1,3,0.0,0.0,cons_dist_nospeak
consensus,homogeneous,36,H17,0,6,0.5,0.0,0.0,0.0,true,0.2,0.0,0.0,0.0,7665470542677770200.0,15,false,0.00843213567863132,0.0848331275372199,0.00000006840216917,0.00000007108017807,1,3,0.0,0.0,cons_dist_nospeak
consensus,homogeneous,36,H17,0,6,0.5,0.0,0.0,0.0,true,0.2,0.0,0.0,0.0,1606123324797037570.0,15,false,0.00843213567863132,0.04726461316903315,0.00000010004491557,0.0000001500987481,1,3,0.0,0.0,cons_dist_nospeak
consensus,homogeneous,36,H17,0,6,0.5,0.0,0.0,0.0,true,0.2,0.0,0.0,0.0,6362157359908289500.0,15,false,0.00843213567863132,0.0778610852362805,0.00000000011141754,0.00000000007758938,1,3,0.0,0.0,cons_dist_nospeak
consensus,homogeneous,36,H17,0,6,0.5,0.0,0.0,0.0,true,0.2,0.0,0.0,0.0,618457832270961660.0,30,false,0.00843213567863132,0.05176909233752933,0.00001014166693808,0.00001069477265478,1,3,0.0,0.0,cons_dist_nospeak
consensus,homogeneous,36,H17,0,6,0.5,0.0,0.0,0.0,true,0.2,0.0,0.0,0.0,8885878630384050200.0,15,false,0.00843213567863132,0.07687172362490823,0.00000000008840493,0.00000000008433455,1,3,0.0,0.0,cons_dist_nospeak
consensus,homogeneous,36,H17,0,6,0.5,0.0,0.0,0.0,true,0.2,0.0,0.0,0.0,4164026883003045900.0,15,false,0.00843213567863132,0.09622934329612592,0.00000010895624922,0.00000013142617119,1,3,0.0,0.0,cons_dist_nospeak
consensus,homogeneous,36,H17,0,6,0.5,0.0,0.0,0.0,true,0.2,0.0,0.0,0.0,1826129278334136320.0,15,false,0.00843213567863132,0.10360618630097894,0.00000228015506406,0.00000145636527149,1,3,0.0,0.0,cons_dist_nospeak
consensus,heterogeneous,4,M5,3,3,0.3,0.0,0.0,0.0,true,0.2,0.0,0.0,0.0,8904994825583265800.0,30,false,0.03097746746875476,0.17152879670840512,0.00001889046433289,0.00002055757781241,1,4,0.0,0.0,cons_dist_nospeak
consensus,heterogeneous,4,M5,3,3,0.3,0.0,0.0,0.0,true,0.2,0.0,0.0,0.0,5481190333666168800.0,25,false,0.03097746746875476,0.20446014720802444,0.00000720242448514,0.00000991983896346,2,4,0.0,0.0,cons_dist_nospeak
consensus,heterogeneous,4,M5,3,3,0.3,0.0,0.0,0.0,true,0.2,0.0,0.0,0.0,3325028220542027800.0,50,false,0.03097746746875476,0.1691472554714771,0.00002913385742524,0.00003263348922149,1,4,0.0,0.0,cons_dist_nospeak
consensus,heterogeneous,4,M5,3,3,0.3,0.0,0.0,0.0,true,0.2,0.0,0.0,0.0,8887487354284975100.0,55,false,0.03097746746875476,0.17328265034603255,0.00302637944337483,0.00318664664664054,2,4,0.0,0.0,cons_dist_nospeak
consensus,heterogeneous,4,M5,3,3,0.3,0.0,0.0,0.0,true,0.2,0.0,0.0,0.0,5060340559474207700.0,15,false,0.03097746746875476,0.1721755378396446,0.00000015966310089,0.00000012990470327,1,4,0.0,0.0,cons_dist_nospeak
consensus,heterogeneous,4,M5,3,3,0.3,0.0,0.0,0.0,true,0.2,0.0,0.0,0.0,242717864499532800.0,15,false,0.03097746746875476,0.1723381172729892,0.00000002377588134,0.00000001628439761,1,4,0.0,0.0,cons_dist_nospeak
consensus,heterogeneous,4,M5,3,3,0.3,0.0,0.0,0.0,true,0.2,0.0,0.0,0.0,6373889469262447600.0,20,false,0.03097746746875476,0.17123879794521857,0.00000478760876754,0.00000492903402782,1,4,0.0,0.0,cons_dist_nospeak
consensus,heterogeneous,4,M5,3,3,0.3,0.0,0.0,0.0,true,0.2,0.0,0.0,0.0,2760989173869908000.0,15,false,0.03097746746875476,0.17236468882215494,0.00000002526067039,0.00000002464307484,1,4,0.0,0.0,cons_dist_nospeak
consensus,heterogeneous,4,M5,3,3,0.3,0.0,0.0,0.0,true,0.2,0.0,0.0,0.0,6362157359908289500.0,20,false,0.03097746746875476,0.17035134703814692,0.00001847088198355,0.00002444905227998,1,4,0.0,0.0,cons_dist_nospeak
consensus,heterogeneous,4,M5,3,3,0.3,0.0,0.0,0.0,true,0.2,0.0,0.0,0.0,7665470542677770200.0,25,false,0.03097746746875476,0.16921400025412683,0.00003306044450723,0.00003416013031769,1,4,0.0,0.0,cons_dist_nospeak
consensus,heterogeneous,4,M5,3,3,0.3,0.0,0.0,0.0,true,0.2,0.0,0.0,0.0,1606123324797037570.0,35,false,0.03097746746875476,0.17126899788641078,0.00000507023232708,0.00000701245437323,1,4,0.0,0.0,cons_dist_nospeak
consensus,heterogeneous,4,M5,3,3,0.3,0.0,0.0,0.0,true,0.2,0.0,0.0,0.0,618457832270961660.0,40,false,0.03097746746875476,0.23703134036123297,0.00102076151230381,0.00102012693070334,2,4,0.0,0.0,cons_dist_nospeak
consensus,heterogeneous,4,M5,3,3,0.3,0.0,0.0,0.0,true,0.2,0.0,0.0,0.0,8885878630384050200.0,15,false,0.03097746746875476,0.17184312613972577,0.00000076001408401,0.00000056796641859,1,4,0.0,0.0,cons_dist_nospeak
consensus,heterogeneous,4,M5,3,3,0.3,0.0,0.0,0.0,true,0.2,0.0,0.0,0.0,4164026883003045900.0,35,false,0.03097746746875476,0.18277676579147575,0.0000280870977781,0.00003346985361112,1,4,0.0,0.0,cons_dist_nospeak
consensus,heterogeneous,4,M5,3,3,0.3,0.0,0.0,0.0,true,0.2,0.0,0.0,0.0,1826129278334136320.0,40,false,0.03097746746875476,0.16940773956856517,0.0010431106301459,0.00106798465574366,2,4,0.0,0.0,cons_dist_nospeak
consensus,heterogeneous,32,M29,2,2,0.1,0.0,0.0,0.0,true,0.1,0.0,0.0,0.0,5481190333666168800.0,25,false,0.03735544128836595,0.17122694863608182,0.00001103327352365,0.00000794598393683,1,4,0.0,0.0,cons_dist_nospeak
consensus,heterogeneous,32,M29,2,2,0.1,0.0,0.0,0.0,true,0.1,0.0,0.0,0.0,8904994825583265800.0,50,false,0.03735544128836595,0.13731446431769223,0.00021918528485621,0.00023135012153437,1,4,0.0,0.0,cons_dist_nospeak
consensus,heterogeneous,32,M29,2,2,0.1,0.0,0.0,0.0,true,0.1,0.0,0.0,0.0,8887487354284975100.0,55,false,0.03735544128836595,0.1978964396175429,0.00059072216186702,0.0004256905696999,2,4,0.0,0.0,cons_dist_nospeak
consensus,heterogeneous,32,M29,2,2,0.1,0.0,0.0,0.0,true,0.1,0.0,0.0,0.0,3325028220542027800.0,75,false,0.03735544128836595,0.13244872864374724,0.00028136084648052,0.00018737556971579,1,4,0.0,0.0,cons_dist_nospeak
consensus,heterogeneous,32,M29,2,2,0.1,0.0,0.0,0.0,true,0.1,0.0,0.0,0.0,2760989173869908000.0,25,false,0.03735544128836595,0.16391385628886937,0.00000769335387492,0.00000444690091141,1,4,0.0,0.0,cons_dist_nospeak
consensus,heterogeneous,32,M29,2,2,0.1,0.0,0.0,0.0,true,0.1,0.0,0.0,0.0,242717864499532800.0,30,false,0.03735544128836595,0.16186319820831785,0.00000906539483565,0.00000578201930748,1,4,0.0,0.0,cons_dist_nospeak
consensus,heterogeneous,32,M29,2,2,0.1,0.0,0.0,0.0,true,0.1,0.0,0.0,0.0,5060340559474207700.0,35,false,0.03735544128836595,0.17472038343524665,0.00004224880025613,0.00002762191090317,1,4,0.0,0.0,cons_dist_nospeak
consensus,heterogeneous,32,M29,2,2,0.1,0.0,0.0,0.0,true,0.1,0.0,0.0,0.0,6373889469262447600.0,45,false,0.03735544128836595,0.13581592351021962,0.00013823641091866,0.00010262526223826,1,4,0.0,0.0,cons_dist_nospeak
consensus,heterogeneous,32,M29,2,2,0.1,0.0,0.0,0.0,true,0.1,0.0,0.0,0.0,6362157359908289500.0,50,false,0.03735544128836595,0.13963942330932783,0.00010405827265909,0.00009595286755312,1,4,0.0,0.0,cons_dist_nospeak
consensus,heterogeneous,32,M29,2,2,0.1,0.0,0.0,0.0,true,0.1,0.0,0.0,0.0,1606123324797037570.0,45,false,0.03735544128836595,0.14078694375478312,0.00002769289410433,0.00003146522872854,1,4,0.0,0.0,cons_dist_nospeak
consensus,heterogeneous,32,M29,2,2,0.1,0.0,0.0,0.0,true,0.1,0.0,0.0,0.0,618457832270961660.0,50,false,0.03735544128836595,0.175340307278164,0.00010073003848993,0.00007043959211075,1,4,0.0,0.0,cons_dist_nospeak
consensus,heterogeneous,32,M29,2,2,0.1,0.0,0.0,0.0,true,0.1,0.0,0.0,0.0,7665470542677770200.0,75,false,0.03735544128836595,0.13752146479419386,0.0028495799793667,0.00180637742467907,3,4,0.0,0.0,cons_dist_nospeak
consensus,heterogeneous,32,M29,2,2,0.1,0.0,0.0,0.0,true,0.1,0.0,0.0,0.0,8885878630384050200.0,35,false,0.03735544128836595,0.1661487190631628,0.00001072231521614,0.0000070710297313,1,4,0.0,0.0,cons_dist_nospeak
consensus,heterogeneous,32,M29,2,2,0.1,0.0,0.0,0.0,true,0.1,0.0,0.0,0.0,4164026883003045900.0,40,false,0.03735544128836595,0.18086762027302913,0.00006300213682629,0.00005442037142407,1,4,0.0,0.0,cons_dist_nospeak
consensus,heterogeneous,32,M29,2,2,0.1,0.0,0.0,0.0,true,0.1,0.0,0.0,0.0,1826129278334136320.0,70,false,0.03735544128836595,0.15917617983832202,0.00073594156546457,0.00034540299499615,2,4,0.0,0.0,cons_dist_nospeak
consensus,heterogeneous,27,M16,2,2,0.1,0.0,0.0,0.0,false,0.05,0.1,0.1,0.05,3737994676857229300.0,50,true,0.01252610529728226,0.14327250179357473,0.00006693045811766,0.00004380918619404,1,3,0.0,0.0,cons_ndist_speak
consensus,heterogeneous,27,M16,2,2,0.1,0.0,0.0,0.0,false,0.05,0.1,0.1,0.05,6494602196525377500.0,50,true,0.01252610529728226,0.14327250179357476,0.00006693045811766,0.00004380918619404,2,3,0.0,0.0,cons_ndist_speak
consensus,heterogeneous,27,M16,2,2,0.1,0.0,0.0,0.0,false,0.05,0.1,0.1,0.05,1229570454044760060.0,50,true,0.01252610529728226,0.14327250179357473,0.00006693045811766,0.00004380918619404,1,3,0.0,0.0,cons_ndist_speak
consensus,heterogeneous,27,M16,2,2,0.1,0.0,0.0,0.0,false,0.05,0.1,0.1,0.05,8964348046985975800.0,50,true,0.01252610529728226,0.14327250179357479,0.00006693045811766,0.00004380918619404,1,3,0.0,0.0,cons_ndist_speak
consensus,heterogeneous,27,M16,2,2,0.1,0.0,0.0,0.0,false,0.05,0.1,0.1,0.05,6608716742342101000.0,50,true,0.01252610529728226,0.14327250179357476,0.00006693045811766,0.00004380918619404,1,3,0.0,0.0,cons_ndist_speak
consensus,heterogeneous,27,M16,2,2,0.1,0.0,0.0,0.0,false,0.05,0.1,0.1,0.05,6855216513658910700.0,50,true,0.01252610529728226,0.14327250179357476,0.00006693045811766,0.00004380918619404,1,3,0.0,0.0,cons_ndist_speak
consensus,heterogeneous,27,M16,2,2,0.1,0.0,0.0,0.0,false,0.05,0.1,0.1,0.05,6344604952114024400.0,50,true,0.01252610529728226,0.14327250179357476,0.00006693045811766,0.00004380918619404,1,3,0.0,0.0,cons_ndist_speak
consensus,heterogeneous,27,M16,2,2,0.1,0.0,0.0,0.0,false,0.05,0.1,0.1,0.05,3628563673615470600.0,50,true,0.01252610529728226,0.1432725017935747,0.00006693045811766,0.00004380918619404,1,3,0.0,0.0,cons_ndist_speak
consensus,heterogeneous,27,M16,2,2,0.1,0.0,0.0,0.0,false,0.05,0.1,0.1,0.05,536511417639012350.0,50,true,0.01252610529728226,0.1432725017935747,0.00006693045811766,0.00004380918619404,1,3,0.0,0.0,cons_ndist_speak
consensus,heterogeneous,27,M16,2,2,0.1,0.0,0.0,0.0,false,0.05,0.1,0.1,0.05,7474960677955715100.0,50,true,0.01252610529728226,0.1432725017935747,0.00006693045811766,0.00004380918619404,1,3,0.0,0.0,cons_ndist_speak
consensus,heterogeneous,27,M16,2,2,0.1,0.0,0.0,0.0,false,0.05,0.1,0.1,0.05,7489393669984268300.0,50,true,0.01252610529728226,0.14327250179357473,0.00006693045811766,0.00004380918619404,1,3,0.0,0.0,cons_ndist_speak
consensus,heterogeneous,27,M16,2,2,0.1,0.0,0.0,0.0,false,0.05,0.1,0.1,0.05,2088060328115892220.0,50,true,0.01252610529728226,0.14327250179357473,0.00006693045811766,0.00004380918619404,1,3,0.0,0.0,cons_ndist_speak
consensus,heterogeneous,27,M16,2,2,0.1,0.0,0.0,0.0,false,0.05,0.1,0.1,0.05,1429979018328518660.0,50,true,0.01252610529728226,0.14327250179357467,0.00006693045811766,0.00004380918619404,1,3,0.0,0.0,cons_ndist_speak
consensus,heterogeneous,27,M16,2,2,0.1,0.0,0.0,0.0,false,0.05,0.1,0.1,0.05,5430864224475933700.0,50,true,0.01252610529728226,0.14327250179357473,0.00006693045811766,0.00004380918619404,1,3,0.0,0.0,cons_ndist_speak
consensus,heterogeneous,27,M16,2,2,0.1,0.0,0.0,0.0,false,0.05,0.1,0.1,0.05,2365166346871245800.0,50,true,0.01252610529728226,0.14327250179357476,0.00006693045811766,0.00004380918619404,1,3,0.0,0.0,cons_ndist_speak
consensus,heterogeneous,15,M20,2,2,0.1,0.0,0.0,0.0,false,0.05,0.1,0.1,0.05,3737994676857229300.0,55,true,0.01619926630551272,0.15057745720562482,0.00005182497930546,0.00003457195014002,1,3,0.0,0.0,cons_ndist_speak
consensus,heterogeneous,15,M20,2,2,0.1,0.0,0.0,0.0,false,0.05,0.1,0.1,0.05,1229570454044760060.0,50,true,0.01619926630551272,0.14849609055755147,0.00008655717713256,0.00005774146853876,1,3,0.0,0.0,cons_ndist_speak
consensus,heterogeneous,15,M20,2,2,0.1,0.0,0.0,0.0,false,0.05,0.1,0.1,0.05,6494602196525377500.0,50,true,0.01619926630551272,0.14849609055755147,0.00008655717713256,0.00005774146853876,2,3,0.0,0.0,cons_ndist_speak
consensus,heterogeneous,15,M20,2,2,0.1,0.0,0.0,0.0,false,0.05,0.1,0.1,0.05,8964348046985975800.0,55,true,0.01619926630551272,0.15057745720562488,0.00005182497930546,0.00003457195014002,1,3,0.0,0.0,cons_ndist_speak
consensus,heterogeneous,15,M20,2,2,0.1,0.0,0.0,0.0,false,0.05,0.1,0.1,0.05,6608716742342101000.0,50,true,0.01619926630551272,0.14849609055755153,0.00008655717713256,0.00005774146853875,1,3,0.0,0.0,cons_ndist_speak
consensus,heterogeneous,15,M20,2,2,0.1,0.0,0.0,0.0,false,0.05,0.1,0.1,0.05,6344604952114024400.0,50,true,0.01619926630551272,0.14849609055755147,0.00008655717713256,0.00005774146853876,1,3,0.0,0.0,cons_ndist_speak
consensus,heterogeneous,15,M20,2,2,0.1,0.0,0.0,0.0,false,0.05,0.1,0.1,0.05,6855216513658910700.0,55,true,0.01619926630551272,0.15057745720562493,0.00005182497930546,0.00003457195014002,1,3,0.0,0.0,cons_ndist_speak
consensus,heterogeneous,15,M20,2,2,0.1,0.0,0.0,0.0,false,0.05,0.1,0.1,0.05,3628563673615470600.0,55,true,0.01619926630551272,0.15057745720562493,0.00005182497930546,0.00003457195014002,1,3,0.0,0.0,cons_ndist_speak
consensus,heterogeneous,15,M20,2,2,0.1,0.0,0.0,0.0,false,0.05,0.1,0.1,0.05,7474960677955715100.0,50,true,0.01619926630551272,0.14849609055755147,0.00008655717713256,0.00005774146853876,1,3,0.0,0.0,cons_ndist_speak
consensus,heterogeneous,15,M20,2,2,0.1,0.0,0.0,0.0,false,0.05,0.1,0.1,0.05,536511417639012350.0,55,true,0.01619926630551272,0.15057745720562488,0.00005182497930546,0.00003457195014002,1,3,0.0,0.0,cons_ndist_speak
consensus,heterogeneous,15,M20,2,2,0.1,0.0,0.0,0.0,false,0.05,0.1,0.1,0.05,7489393669984268300.0,55,true,0.01619926630551272,0.15057745720562488,0.00005182497930546,0.00003457195014002,1,3,0.0,0.0,cons_ndist_speak
consensus,heterogeneous,15,M20,2,2,0.1,0.0,0.0,0.0,false,0.05,0.1,0.1,0.05,2088060328115892220.0,50,true,0.01619926630551272,0.14849609055755147,0.00008655717713256,0.00005774146853876,1,3,0.0,0.0,cons_ndist_speak
consensus,heterogeneous,15,M20,2,2,0.1,0.0,0.0,0.0,false,0.05,0.1,0.1,0.05,5430864224475933700.0,55,true,0.01619926630551272,0.15057745720562488,0.00005182497930546,0.00003457195014002,1,3,0.0,0.0,cons_ndist_speak
consensus,heterogeneous,15,M20,2,2,0.1,0.0,0.0,0.0,false,0.05,0.1,0.1,0.05,1429979018328518660.0,55,true,0.01619926630551272,0.15057745720562488,0.00005182497930546,0.00003457195014002,1,3,0.0,0.0,cons_ndist_speak
consensus,heterogeneous,15,M20,2,2,0.1,0.0,0.0,0.0,false,0.05,0.1,0.1,0.05,2365166346871245800.0,55,true,0.01619926630551272,0.15057745720562488,0.00005182497930546,0.00003457195014002,1,3,0.0,0.0,cons_ndist_speak
consensus,heterogeneous,15,M20,2,2,0.3,0.0,0.0,0.0,false,0.05,0.1,0.1,0.05,8964348046985975800.0,25,true,0.01619926630551272,0.15585680260623425,0.00000346162072327,0.00000230921421779,1,3,0.0,0.0,cons_ndist_speak
consensus,heterogeneous,15,M20,2,2,0.3,0.0,0.0,0.0,false,0.05,0.1,0.1,0.05,1229570454044760060.0,25,true,0.01619926630551272,0.1558568026062343,0.00000346162072327,0.00000230921421779,1,3,0.0,0.0,cons_ndist_speak
consensus,heterogeneous,15,M20,2,2,0.3,0.0,0.0,0.0,false,0.05,0.1,0.1,0.05,3737994676857229300.0,25,true,0.01619926630551272,0.15585680260623425,0.00000346162072327,0.00000230921421779,1,3,0.0,0.0,cons_ndist_speak
consensus,heterogeneous,15,M20,2,2,0.3,0.0,0.0,0.0,false,0.05,0.1,0.1,0.05,6494602196525377500.0,25,true,0.01619926630551272,0.15585680260623425,0.00000346162072327,0.00000230921421779,1,3,0.0,0.0,cons_ndist_speak
consensus,heterogeneous,15,M20,2,2,0.3,0.0,0.0,0.0,false,0.05,0.1,0.1,0.05,6855216513658910700.0,25,true,0.01619926630551272,0.1558568026062343,0.00000346162072327,0.00000230921421779,1,3,0.0,0.0,cons_ndist_speak
consensus,heterogeneous,15,M20,2,2,0.3,0.0,0.0,0.0,false,0.05,0.1,0.1,0.05,3628563673615470600.0,25,true,0.01619926630551272,0.15585680260623436,0.00000346162072327,0.00000230921421779,1,3,0.0,0.0,cons_ndist_speak
consensus,heterogeneous,15,M20,2,2,0.3,0.0,0.0,0.0,false,0.05,0.1,0.1,0.05,6344604952114024400.0,25,true,0.01619926630551272,0.1558568026062343,0.00000346162072327,0.00000230921421779,1,3,0.0,0.0,cons_ndist_speak
consensus,heterogeneous,15,M20,2,2,0.3,0.0,0.0,0.0,false,0.05,0.1,0.1,0.05,6608716742342101000.0,25,true,0.01619926630551272,0.1558568026062343,0.00000346162072327,0.00000230921421779,1,3,0.0,0.0,cons_ndist_speak
consensus,heterogeneous,15,M20,2,2,0.3,0.0,0.0,0.0,false,0.05,0.1,0.1,0.05,2088060328115892220.0,25,true,0.01619926630551272,0.1558568026062343,0.00000346162072327,0.00000230921421779,1,3,0.0,0.0,cons_ndist_speak
consensus,heterogeneous,15,M20,2,2,0.3,0.0,0.0,0.0,false,0.05,0.1,0.1,0.05,7474960677955715100.0,25,true,0.01619926630551272,0.1558568026062343,0.00000346162072327,0.00000230921421779,1,3,0.0,0.0,cons_ndist_speak
consensus,heterogeneous,15,M20,2,2,0.3,0.0,0.0,0.0,false,0.05,0.1,0.1,0.05,7489393669984268300.0,25,true,0.01619926630551272,0.1558568026062343,0.00000346162072327,0.00000230921421779,1,3,0.0,0.0,cons_ndist_speak
consensus,heterogeneous,15,M20,2,2,0.3,0.0,0.0,0.0,false,0.05,0.1,0.1,0.05,536511417639012350.0,25,true,0.01619926630551272,0.15585680260623436,0.00000346162072327,0.00000230921421779,1,3,0.0,0.0,cons_ndist_speak
consensus,heterogeneous,15,M20,2,2,0.3,0.0,0.0,0.0,false,0.05,0.1,0.1,0.05,5430864224475933700.0,25,true,0.01619926630551272,0.1558568026062343,0.00000346162072327,0.00000230921421779,1,3,0.0,0.0,cons_ndist_speak
consensus,heterogeneous,15,M20,2,2,0.3,0.0,0.0,0.0,false,0.05,0.1,0.1,0.05,2365166346871245800.0,25,true,0.01619926630551272,0.1558568026062343,0.00000346162072327,0.00000230921421779,1,3,0.0,0.0,cons_ndist_speak
consensus,heterogeneous,15,M20,2,2,0.3,0.0,0.0,0.0,false,0.05,0.1,0.1,0.05,1429979018328518660.0,25,true,0.01619926630551272,0.1558568026062343,0.00000346162072327,0.00000230921421779,1,3,0.0,0.0,cons_ndist_speak
consensus,heterogeneous,27,M16,2,2,0.2,0.0,0.0,0.0,false,0.05,0.1,0.1,0.05,1229570454044760060.0,35,true,0.01252610529728226,0.14884741891590822,0.00000635735901554,0.00000416119555502,1,3,0.0,0.0,cons_ndist_speak
consensus,heterogeneous,27,M16,2,2,0.2,0.0,0.0,0.0,false,0.05,0.1,0.1,0.05,8964348046985975800.0,35,true,0.01252610529728226,0.14884741891590825,0.00000635735901554,0.00000416119555502,1,3,0.0,0.0,cons_ndist_speak
consensus,heterogeneous,27,M16,2,2,0.2,0.0,0.0,0.0,false,0.05,0.1,0.1,0.05,6494602196525377500.0,35,true,0.01252610529728226,0.1488474189159082,0.00000635735901554,0.00000416119555502,1,3,0.0,0.0,cons_ndist_speak
consensus,heterogeneous,27,M16,2,2,0.2,0.0,0.0,0.0,false,0.05,0.1,0.1,0.05,3737994676857229300.0,35,true,0.01252610529728226,0.14884741891590822,0.00000635735901554,0.00000416119555502,1,3,0.0,0.0,cons_ndist_speak
consensus,heterogeneous,27,M16,2,2,0.2,0.0,0.0,0.0,false,0.05,0.1,0.1,0.05,3628563673615470600.0,30,true,0.01252610529728226,0.14712502078339962,0.00001823272759199,0.00001193419229999,1,3,0.0,0.0,cons_ndist_speak
consensus,heterogeneous,27,M16,2,2,0.2,0.0,0.0,0.0,false,0.05,0.1,0.1,0.05,6344604952114024400.0,35,true,0.01252610529728226,0.14884741891590825,0.00000635735901554,0.00000416119555502,1,3,0.0,0.0,cons_ndist_speak
consensus,heterogeneous,27,M16,2,2,0.2,0.0,0.0,0.0,false,0.05,0.1,0.1,0.05,6608716742342101000.0,35,true,0.01252610529728226,0.14884741891590822,0.00000635735901554,0.00000416119555502,1,3,0.0,0.0,cons_ndist_speak
consensus,heterogeneous,27,M16,2,2,0.2,0.0,0.0,0.0,false,0.05,0.1,0.1,0.05,6855216513658910700.0,35,true,0.01252610529728226,0.1488474189159083,0.00000635735901554,0.00000416119555501,1,3,0.0,0.0,cons_ndist_speak
consensus,heterogeneous,27,M16,2,2,0.2,0.0,0.0,0.0,false,0.05,0.1,0.1,0.05,7489393669984268300.0,30,true,0.01252610529728226,0.14712502078339965,0.00001823272759199,0.00001193419229999,2,3,0.0,0.0,cons_ndist_speak
consensus,heterogeneous,27,M16,2,2,0.2,0.0,0.0,0.0,false,0.05,0.1,0.1,0.05,7474960677955715100.0,30,true,0.01252610529728226,0.14712502078339967,0.00001823272759199,0.00001193419229999,1,3,0.0,0.0,cons_ndist_speak
consensus,heterogeneous,27,M16,2,2,0.2,0.0,0.0,0.0,false,0.05,0.1,0.1,0.05,536511417639012350.0,35,true,0.01252610529728226,0.14884741891590822,0.00000635735901554,0.00000416119555502,1,3,0.0,0.0,cons_ndist_speak
consensus,heterogeneous,27,M16,2,2,0.2,0.0,0.0,0.0,false,0.05,0.1,0.1,0.05,2088060328115892220.0,35,true,0.01252610529728226,0.14884741891590828,0.00000635735901554,0.00000416119555501,1,3,0.0,0.0,cons_ndist_speak
consensus,heterogeneous,27,M16,2,2,0.2,0.0,0.0,0.0,false,0.05,0.1,0.1,0.05,2365166346871245800.0,35,true,0.01252610529728226,0.14884741891590828,0.00000635735901554,0.00000416119555501,1,3,0.0,0.0,cons_ndist_speak
consensus,heterogeneous,27,M16,2,2,0.2,0.0,0.0,0.0,false,0.05,0.1,0.1,0.05,5430864224475933700.0,35,true,0.01252610529728226,0.14884741891590825,0.00000635735901554,0.00000416119555501,1,3,0.0,0.0,cons_ndist_speak
consensus,heterogeneous,27,M16,2,2,0.2,0.0,0.0,0.0,false,0.05,0.1,0.1,0.05,1429979018328518660.0,35,true,0.01252610529728226,0.14884741891590828,0.00000635735901554,0.00000416119555501,1,3,0.0,0.0,cons_ndist_speak
consensus,homogeneous,40,H18,0,4,0.2,0.0,0.0,0.0,false,0.05,0.1,0.1,0.05,3737994676857229300.0,35,true,0.00975649903013544,0.12800131448554752,0.00000495170410893,0.00000408232930632,2,2,0.0,0.0,cons_ndist_speak
consensus,homogeneous,40,H18,0,4,0.2,0.0,0.0,0.0,false,0.05,0.1,0.1,0.05,6494602196525377500.0,35,true,0.00975649903013544,0.14247206273469115,0.00000495170410893,0.00000408232930632,1,2,0.0,0.0,cons_ndist_speak
consensus,homogeneous,40,H18,0,4,0.2,0.0,0.0,0.0,false,0.05,0.1,0.1,0.05,8964348046985975800.0,35,true,0.00975649903013544,0.12777953689282778,0.00000495170410893,0.00000408232930632,1,2,0.0,0.0,cons_ndist_speak
consensus,homogeneous,40,H18,0,4,0.2,0.0,0.0,0.0,false,0.05,0.1,0.1,0.05,1229570454044760060.0,35,true,0.00975649903013544,0.12663083228249977,0.00000495170410893,0.00000408232930632,1,2,0.0,0.0,cons_ndist_speak
consensus,homogeneous,40,H18,0,4,0.2,0.0,0.0,0.0,false,0.05,0.1,0.1,0.05,3628563673615470600.0,30,true,0.00975649903013544,0.12637676903094347,0.00001420134869109,0.00001170800610773,2,2,0.0,0.0,cons_ndist_speak
consensus,homogeneous,40,H18,0,4,0.2,0.0,0.0,0.0,false,0.05,0.1,0.1,0.05,6344604952114024400.0,35,true,0.00975649903013544,0.12181472959603734,0.00000495170410893,0.00000408232930632,1,2,0.0,0.0,cons_ndist_speak
consensus,homogeneous,40,H18,0,4,0.2,0.0,0.0,0.0,false,0.05,0.1,0.1,0.05,6855216513658910700.0,35,true,0.00975649903013544,0.11965071849889063,0.00000495170410893,0.00000408232930632,1,2,0.0,0.0,cons_ndist_speak
consensus,homogeneous,40,H18,0,4,0.2,0.0,0.0,0.0,false,0.05,0.1,0.1,0.05,6608716742342101000.0,35,true,0.00975649903013544,0.1295930924362447,0.00000495170410893,0.00000408232930632,2,2,0.0,0.0,cons_ndist_speak
consensus,homogeneous,40,H18,0,4,0.2,0.0,0.0,0.0,false,0.05,0.1,0.1,0.05,7489393669984268300.0,30,true,0.00975649903013544,0.13826208243309512,0.00001420134869109,0.00001170800610773,1,2,0.0,0.0,cons_ndist_speak
consensus,homogeneous,40,H18,0,4,0.2,0.0,0.0,0.0,false,0.05,0.1,0.1,0.05,536511417639012350.0,35,true,0.00975649903013544,0.12300662083890392,0.00000495170410893,0.00000408232930632,1,2,0.0,0.0,cons_ndist_speak
consensus,homogeneous,40,H18,0,4,0.2,0.0,0.0,0.0,false,0.05,0.1,0.1,0.05,7474960677955715100.0,30,true,0.00975649903013544,0.1246882552247811,0.00001420134869109,0.00001170800610773,1,2,0.0,0.0,cons_ndist_speak
consensus,homogeneous,40,H18,0,4,0.2,0.0,0.0,0.0,false,0.05,0.1,0.1,0.05,2088060328115892220.0,35,true,0.00975649903013544,0.13032516079748468,0.00000495170410893,0.00000408232930632,2,2,0.0,0.0,cons_ndist_speak
consensus,homogeneous,40,H18,0,4,0.2,0.0,0.0,0.0,false,0.05,0.1,0.1,0.05,5430864224475933700.0,35,true,0.00975649903013544,0.11561402008974403,0.00000495170410893,0.00000408232930632,1,2,0.0,0.0,cons_ndist_speak
consensus,homogeneous,40,H18,0,4,0.2,0.0,0.0,0.0,false,0.05,0.1,0.1,0.05,1429979018328518660.0,35,true,0.00975649903013544,0.12527703189711983,0.00000495170410893,0.00000408232930632,1,2,0.0,0.0,cons_ndist_speak
consensus,homogeneous,40,H18,0,4,0.2,0.0,0.0,0.0,false,0.05,0.1,0.1,0.05,2365166346871245800.0,35,true,0.00975649903013544,0.1260194429616851,0.00000495170410893,0.00000408232930632,1,2,0.0,0.0,cons_ndist_speak
consensus,homogeneous,40,H18,0,4,0.1,0.0,0.0,0.0,false,0.05,0.1,0.1,0.05,8964348046985975800.0,45,true,0.00975649903013544,0.12337301312834796,0.00008706942818122,0.00007178257636768,2,2,0.0,0.0,cons_ndist_speak
consensus,homogeneous,40,H18,0,4,0.1,0.0,0.0,0.0,false,0.05,0.1,0.1,0.05,3737994676857229300.0,45,true,0.00975649903013544,0.12393879251210152,0.00008706942818122,0.00007178257636768,2,2,0.0,0.0,cons_ndist_speak
consensus,homogeneous,40,H18,0,4,0.1,0.0,0.0,0.0,false,0.05,0.1,0.1,0.05,1229570454044760060.0,50,true,0.00975649903013544,0.12262633667024178,0.00005213168293046,0.00004297888006503,2,2,0.0,0.0,cons_ndist_speak
consensus,homogeneous,40,H18,0,4,0.1,0.0,0.0,0.0,false,0.05,0.1,0.1,0.05,6494602196525377500.0,50,true,0.00975649903013544,0.1353354446074319,0.00005213168293046,0.00004297888006503,1,2,0.0,0.0,cons_ndist_speak
consensus,homogeneous,40,H18,0,4,0.1,0.0,0.0,0.0,false,0.05,0.1,0.1,0.05,6608716742342101000.0,45,true,0.00975649903013544,0.12292846109090413,0.00008706942818122,0.00007178257636768,2,2,0.0,0.0,cons_ndist_speak
consensus,homogeneous,40,H18,0,4,0.1,0.0,0.0,0.0,false,0.05,0.1,0.1,0.05,6344604952114024400.0,50,true,0.00975649903013544,0.12061927070875175,0.00005213168293046,0.00004297888006503,2,2,0.0,0.0,cons_ndist_speak
consensus,homogeneous,40,H18,0,4,0.1,0.0,0.0,0.0,false,0.05,0.1,0.1,0.05,6855216513658910700.0,50,true,0.00975649903013544,0.11972986955211325,0.00005213168293046,0.00004297888006503,1,2,0.0,0.0,cons_ndist_speak
consensus,homogeneous,40,H18,0,4,0.1,0.0,0.0,0.0,false,0.05,0.1,0.1,0.05,3628563673615470600.0,50,true,0.00975649903013544,0.1233987976089339,0.00005213168293046,0.00004297888006503,2,2,0.0,0.0,cons_ndist_speak
consensus,homogeneous,40,H18,0,4,0.1,0.0,0.0,0.0,false,0.05,0.1,0.1,0.05,536511417639012350.0,50,true,0.00975649903013544,0.1222168258688269,0.00005213168293046,0.00004297888006503,2,2,0.0,0.0,cons_ndist_speak
consensus,homogeneous,40,H18,0,4,0.1,0.0,0.0,0.0,false,0.05,0.1,0.1,0.05,2088060328115892220.0,50,true,0.00975649903013544,0.12692241201246934,0.00005213168293046,0.00004297888006503,2,2,0.0,0.0,cons_ndist_speak
consensus,homogeneous,40,H18,0,4,0.1,0.0,0.0,0.0,false,0.05,0.1,0.1,0.05,7474960677955715100.0,50,true,0.00975649903013544,0.1201381080522234,0.00005213168293046,0.00004297888006503,2,2,0.0,0.0,cons_ndist_speak
consensus,homogeneous,40,H18,0,4,0.1,0.0,0.0,0.0,false,0.05,0.1,0.1,0.05,7489393669984268300.0,50,true,0.00975649903013544,0.13156967387067459,0.00005213168293046,0.00004297888006503,1,2,0.0,0.0,cons_ndist_speak
consensus,homogeneous,40,H18,0,4,0.1,0.0,0.0,0.0,false,0.05,0.1,0.1,0.05,5430864224475933700.0,50,true,0.00975649903013544,0.11423346404034579,0.00005213168293046,0.00004297888006503,1,2,0.0,0.0,cons_ndist_speak
consensus,homogeneous,40,H18,0,4,0.1,0.0,0.0,0.0,false,0.05,0.1,0.1,0.05,1429979018328518660.0,50,true,0.00975649903013544,0.12170425579602227,0.00005213168293046,0.00004297888006503,2,2,0.0,0.0,cons_ndist_speak
consensus,homogeneous,40,H18,0,4,0.1,0.0,0.0,0.0,false,0.05,0.1,0.1,0.05,2365166346871245800.0,50,true,0.00975649903013544,0.12564182475814073,0.00005213168293046,0.00004297888006503,2,2,0.0,0.0,cons_ndist_speak
consensus,homogeneous,36,H17,0,6,0.2,0.0,0.0,0.0,false,0.05,0.1,0.1,0.05,1229570454044760060.0,30,true,0.00843213567863132,0.05731550451736533,0.00001227363407847,0.00000704900168745,1,3,0.0,0.0,cons_ndist_speak
consensus,homogeneous,36,H17,0,6,0.2,0.0,0.0,0.0,false,0.05,0.1,0.1,0.05,8964348046985975800.0,30,true,0.00843213567863132,0.0703753638244829,0.00001227363407847,0.00000704900168745,1,3,0.0,0.0,cons_ndist_speak
consensus,homogeneous,36,H17,0,6,0.2,0.0,0.0,0.0,false,0.05,0.1,0.1,0.05,3737994676857229300.0,35,true,0.00843213567863132,0.06540009815316358,0.00000427955158484,0.00000245783491264,1,3,0.0,0.0,cons_ndist_speak
consensus,homogeneous,36,H17,0,6,0.2,0.0,0.0,0.0,false,0.05,0.1,0.1,0.05,6494602196525377500.0,35,true,0.00843213567863132,0.05780954445836365,0.00000427955158484,0.00000245783491264,1,3,0.0,0.0,cons_ndist_speak
consensus,homogeneous,36,H17,0,6,0.2,0.0,0.0,0.0,false,0.05,0.1,0.1,0.05,3628563673615470600.0,25,true,0.00843213567863132,0.06401309693494922,0.00003520043876228,0.00002021633940265,1,3,0.0,0.0,cons_ndist_speak
consensus,homogeneous,36,H17,0,6,0.2,0.0,0.0,0.0,false,0.05,0.1,0.1,0.05,6344604952114024400.0,30,true,0.00843213567863132,0.07154194108948507,0.00001227363407847,0.00000704900168745,1,3,0.0,0.0,cons_ndist_speak
consensus,homogeneous,36,H17,0,6,0.2,0.0,0.0,0.0,false,0.05,0.1,0.1,0.05,6855216513658910700.0,35,true,0.00843213567863132,0.05348506767932243,0.00000427955158484,0.00000245783491264,1,3,0.0,0.0,cons_ndist_speak
consensus,homogeneous,36,H17,0,6,0.2,0.0,0.0,0.0,false,0.05,0.1,0.1,0.05,6608716742342101000.0,35,true,0.00843213567863132,0.06144023353167085,0.00000427955158484,0.00000245783491264,1,3,0.0,0.0,cons_ndist_speak
consensus,homogeneous,36,H17,0,6,0.2,0.0,0.0,0.0,false,0.05,0.1,0.1,0.05,7474960677955715100.0,35,true,0.00843213567863132,0.0573988344269702,0.00000427955158484,0.00000245783491264,1,3,0.0,0.0,cons_ndist_speak
consensus,homogeneous,36,H17,0,6,0.2,0.0,0.0,0.0,false,0.05,0.1,0.1,0.05,536511417639012350.0,35,true,0.00843213567863132,0.0598249359900721,0.00000427955158484,0.00000245783491264,1,3,0.0,0.0,cons_ndist_speak
consensus,homogeneous,36,H17,0,6,0.2,0.0,0.0,0.0,false,0.05,0.1,0.1,0.05,2088060328115892220.0,30,true,0.00843213567863132,0.05823805408851454,0.00001227363407847,0.00000704900168745,1,3,0.0,0.0,cons_ndist_speak
consensus,homogeneous,36,H17,0,6,0.2,0.0,0.0,0.0,false,0.05,0.1,0.1,0.05,7489393669984268300.0,35,true,0.00843213567863132,0.06776335420521488,0.00000427955158484,0.00000245783491264,1,3,0.0,0.0,cons_ndist_speak
consensus,homogeneous,36,H17,0,6,0.2,0.0,0.0,0.0,false,0.05,0.1,0.1,0.05,2365166346871245800.0,25,true,0.00843213567863132,0.07689461378101484,0.00003520043876228,0.00002021633940265,1,3,0.0,0.0,cons_ndist_speak
consensus,homogeneous,36,H17,0,6,0.2,0.0,0.0,0.0,false,0.05,0.1,0.1,0.05,1429979018328518660.0,25,true,0.00843213567863132,0.07218828260993713,0.00003520043876228,0.00002021633940265,1,3,0.0,0.0,cons_ndist_speak
consensus,homogeneous,36,H17,0,6,0.2,0.0,0.0,0.0,false,0.05,0.1,0.1,0.05,5430864224475933700.0,30,true,0.00843213567863132,0.04731760923704175,0.00001227363407847,0.00000704900168745,1,3,0.0,0.0,cons_ndist_speak
consensus,heterogeneous,6,M7,3,3,0.1,0.0,0.0,0.0,false,0.05,0.1,0.1,0.05,8964348046985975800.0,60,true,0.03543339668114619,0.12059309408260915,0.00006787231016215,0.0000518792174533,1,4,0.0,0.0,cons_ndist_speak
consensus,heterogeneous,6,M7,3,3,0.1,0.0,0.0,0.0,false,0.05,0.1,0.1,0.05,1229570454044760060.0,55,true,0.03543339668114619,0.12087047065795721,0.00011335914942628,0.00008664776474172,1,4,0.0,0.0,cons_ndist_speak
consensus,heterogeneous,6,M7,3,3,0.1,0.0,0.0,0.0,false,0.05,0.1,0.1,0.05,3737994676857229300.0,60,true,0.03543339668114619,0.11968240388333824,0.00006787231016215,0.0000518792174533,1,4,0.0,0.0,cons_ndist_speak
consensus,heterogeneous,6,M7,3,3,0.1,0.0,0.0,0.0,false,0.05,0.1,0.1,0.05,6494602196525377500.0,65,true,0.03543339668114619,0.11842142689710554,0.00004063765924553,0.00003106200386807,1,4,0.0,0.0,cons_ndist_speak
consensus,heterogeneous,6,M7,3,3,0.1,0.0,0.0,0.0,false,0.05,0.1,0.1,0.05,3628563673615470600.0,60,true,0.03543339668114619,0.11434053810544081,0.00006787231016215,0.0000518792174533,1,4,0.0,0.0,cons_ndist_speak
consensus,heterogeneous,6,M7,3,3,0.1,0.0,0.0,0.0,false,0.05,0.1,0.1,0.05,6608716742342101000.0,55,true,0.03543339668114619,0.1140728505468837,0.00011335914942628,0.00008664776474171,1,4,0.0,0.0,cons_ndist_speak
consensus,heterogeneous,6,M7,3,3,0.1,0.0,0.0,0.0,false,0.05,0.1,0.1,0.05,6855216513658910700.0,60,true,0.03543339668114619,0.11635824271350692,0.00006787231016215,0.0000518792174533,1,4,0.0,0.0,cons_ndist_speak
consensus,heterogeneous,6,M7,3,3,0.1,0.0,0.0,0.0,false,0.05,0.1,0.1,0.05,6344604952114024400.0,60,true,0.03543339668114619,0.11712538132048571,0.00006787231016215,0.0000518792174533,1,4,0.0,0.0,cons_ndist_speak
consensus,heterogeneous,6,M7,3,3,0.1,0.0,0.0,0.0,false,0.05,0.1,0.1,0.05,7489393669984268300.0,55,true,0.03543339668114619,0.11180654285639231,0.00011335914942628,0.00008664776474172,1,4,0.0,0.0,cons_ndist_speak
consensus,heterogeneous,6,M7,3,3,0.1,0.0,0.0,0.0,false,0.05,0.1,0.1,0.05,7474960677955715100.0,65,true,0.03543339668114619,0.11424740055869421,0.00004063765924553,0.00003106200386807,1,4,0.0,0.0,cons_ndist_speak
consensus,heterogeneous,6,M7,3,3,0.1,0.0,0.0,0.0,false,0.05,0.1,0.1,0.05,2088060328115892220.0,55,true,0.03543339668114619,0.10701558784955666,0.00011335914942628,0.00008664776474171,1,4,0.0,0.0,cons_ndist_speak
consensus,heterogeneous,6,M7,3,3,0.1,0.0,0.0,0.0,false,0.05,0.1,0.1,0.05,536511417639012350.0,65,true,0.03543339668114619,0.11116831052735932,0.00004063765924553,0.00003106200386807,1,4,0.0,0.0,cons_ndist_speak
consensus,heterogeneous,6,M7,3,3,0.1,0.0,0.0,0.0,false,0.05,0.1,0.1,0.05,5430864224475933700.0,55,true,0.03543339668114619,0.1092388731222596,0.00011335914942628,0.00008664776474171,1,4,0.0,0.0,cons_ndist_speak
consensus,heterogeneous,6,M7,3,3,0.1,0.0,0.0,0.0,false,0.05,0.1,0.1,0.05,2365166346871245800.0,60,true,0.03543339668114619,0.11863819835258971,0.00006787231016215,0.0000518792174533,1,4,0.0,0.0,cons_ndist_speak
consensus,heterogeneous,6,M7,3,3,0.1,0.0,0.0,0.0,false,0.05,0.1,0.1,0.05,1429979018328518660.0,65,true,0.03543339668114619,0.1263547190794518,0.00004063765924553,0.00003106200386807,1,4,0.0,0.0,cons_ndist_speak
consensus,heterogeneous,12,M13,3,3,0.2,0.0,0.0,0.0,false,0.05,0.1,0.1,0.05,8964348046985975800.0,35,true,0.03278937715525453,0.16366881311236783,0.00001664155278315,0.00001050647704309,1,5,0.0,0.0,cons_ndist_speak
consensus,heterogeneous,12,M13,3,3,0.2,0.0,0.0,0.0,false,0.05,0.1,0.1,0.05,6494602196525377500.0,40,true,0.03278937715525453,0.16513344907509245,0.00000580255066527,0.00000366338202633,1,5,0.0,0.0,cons_ndist_speak
consensus,heterogeneous,12,M13,3,3,0.2,0.0,0.0,0.0,false,0.05,0.1,0.1,0.05,3737994676857229300.0,40,true,0.03278937715525453,0.16513344907509253,0.00000580255066527,0.00000366338202633,1,5,0.0,0.0,cons_ndist_speak
consensus,heterogeneous,12,M13,3,3,0.2,0.0,0.0,0.0,false,0.05,0.1,0.1,0.05,1229570454044760060.0,40,true,0.03278937715525453,0.1651334490750925,0.00000580255066527,0.00000366338202633,1,5,0.0,0.0,cons_ndist_speak
consensus,heterogeneous,12,M13,3,3,0.2,0.0,0.0,0.0,false,0.05,0.1,0.1,0.05,6344604952114024400.0,35,true,0.03278937715525453,0.1636688131123679,0.00001664155278315,0.00001050647704309,1,5,0.0,0.0,cons_ndist_speak
consensus,heterogeneous,12,M13,3,3,0.2,0.0,0.0,0.0,false,0.05,0.1,0.1,0.05,6608716742342101000.0,40,true,0.03278937715525453,0.16513344907509245,0.00000580255066527,0.00000366338202633,1,5,0.0,0.0,cons_ndist_speak
consensus,heterogeneous,12,M13,3,3,0.2,0.0,0.0,0.0,false,0.05,0.1,0.1,0.05,6855216513658910700.0,40,true,0.03278937715525453,0.1651334490750925,0.00000580255066527,0.00000366338202633,1,5,0.0,0.0,cons_ndist_speak
consensus,heterogeneous,12,M13,3,3,0.2,0.0,0.0,0.0,false,0.05,0.1,0.1,0.05,3628563673615470600.0,40,true,0.03278937715525453,0.1651334490750925,0.00000580255066527,0.00000366338202633,1,5,0.0,0.0,cons_ndist_speak
consensus,heterogeneous,12,M13,3,3,0.2,0.0,0.0,0.0,false,0.05,0.1,0.1,0.05,7474960677955715100.0,35,true,0.03278937715525453,0.16406654996591477,0.00001664155278315,0.00001050647704309,1,5,0.0,0.0,cons_ndist_speak
consensus,heterogeneous,12,M13,3,3,0.2,0.0,0.0,0.0,false,0.05,0.1,0.1,0.05,7489393669984268300.0,35,true,0.03278937715525453,0.1636688131123679,0.00001664155278315,0.00001050647704309,1,5,0.0,0.0,cons_ndist_speak
consensus,heterogeneous,12,M13,3,3,0.2,0.0,0.0,0.0,false,0.05,0.1,0.1,0.05,2088060328115892220.0,35,true,0.03278937715525453,0.16366881311236783,0.00001664155278315,0.00001050647704309,1,5,0.0,0.0,cons_ndist_speak
consensus,heterogeneous,12,M13,3,3,0.2,0.0,0.0,0.0,false,0.05,0.1,0.1,0.05,536511417639012350.0,40,true,0.03278937715525453,0.1651334490750925,0.00000580255066527,0.00000366338202633,1,5,0.0,0.0,cons_ndist_speak
consensus,heterogeneous,12,M13,3,3,0.2,0.0,0.0,0.0,false,0.05,0.1,0.1,0.05,2365166346871245800.0,35,true,0.03278937715525453,0.1636688131123679,0.00001664155278315,0.00001050647704309,1,5,0.0,0.0,cons_ndist_speak
consensus,heterogeneous,12,M13,3,3,0.2,0.0,0.0,0.0,false,0.05,0.1,0.1,0.05,5430864224475933700.0,35,true,0.03278937715525453,0.16366881311236792,0.00001664155278315,0.00001050647704309,2,5,0.0,0.0,cons_ndist_speak
consensus,heterogeneous,12,M13,3,3,0.2,0.0,0.0,0.0,false,0.05,0.1,0.1,0.05,1429979018328518660.0,40,true,0.03278937715525453,0.1651334490750925,0.00000580255066527,0.00000366338202633,1,5,0.0,0.0,cons_ndist_speak
consensus,heterogeneous,43,M36,2,2,0.2,0.0,0.0,0.0,false,0.05,0.1,0.1,0.05,1229570454044760060.0,35,true,0.02855030368548523,0.17740958722216918,0.00001449010097104,0.00000677269576309,1,4,0.0,0.0,cons_ndist_speak
consensus,heterogeneous,43,M36,2,2,0.2,0.0,0.0,0.0,false,0.05,0.1,0.1,0.05,3737994676857229300.0,35,true,0.02855030368548523,0.1774095872221692,0.00001449010097104,0.00000677269576309,1,4,0.0,0.0,cons_ndist_speak
consensus,heterogeneous,43,M36,2,2,0.2,0.0,0.0,0.0,false,0.05,0.1,0.1,0.05,8964348046985975800.0,40,true,0.02855030368548523,0.17881638519122606,0.00000505238580347,0.00000236149299395,1,4,0.0,0.0,cons_ndist_speak
consensus,heterogeneous,43,M36,2,2,0.2,0.0,0.0,0.0,false,0.05,0.1,0.1,0.05,6494602196525377500.0,40,true,0.02855030368548523,0.1788163851912261,0.00000505238580347,0.00000236149299395,1,4,0.0,0.0,cons_ndist_speak
consensus,heterogeneous,43,M36,2,2,0.2,0.0,0.0,0.0,false,0.05,0.1,0.1,0.05,6344604952114024400.0,35,true,0.02855030368548523,0.17740958722216915,0.00001449010097104,0.00000677269576309,1,4,0.0,0.0,cons_ndist_speak
consensus,heterogeneous,43,M36,2,2,0.2,0.0,0.0,0.0,false,0.05,0.1,0.1,0.05,6608716742342101000.0,35,true,0.02855030368548523,0.1774095872221692,0.00001449010097104,0.00000677269576309,1,4,0.0,0.0,cons_ndist_speak
consensus,heterogeneous,43,M36,2,2,0.2,0.0,0.0,0.0,false,0.05,0.1,0.1,0.05,6855216513658910700.0,35,true,0.02855030368548523,0.1774095872221692,0.00001449010097104,0.00000677269576309,1,4,0.0,0.0,cons_ndist_speak
consensus,heterogeneous,43,M36,2,2,0.2,0.0,0.0,0.0,false,0.05,0.1,0.1,0.05,3628563673615470600.0,40,true,0.02855030368548523,0.17881638519122606,0.00000505238580347,0.00000236149299395,1,4,0.0,0.0,cons_ndist_speak
consensus,heterogeneous,43,M36,2,2,0.2,0.0,0.0,0.0,false,0.05,0.1,0.1,0.05,2088060328115892220.0,35,true,0.02855030368548523,0.17740958722216918,0.00001449010097104,0.00000677269576309,1,4,0.0,0.0,cons_ndist_speak
consensus,heterogeneous,43,M36,2,2,0.2,0.0,0.0,0.0,false,0.05,0.1,0.1,0.05,536511417639012350.0,40,true,0.02855030368548523,0.17881638519122603,0.00000505238580347,0.00000236149299395,1,4,0.0,0.0,cons_ndist_speak
consensus,heterogeneous,43,M36,2,2,0.2,0.0,0.0,0.0,false,0.05,0.1,0.1,0.05,7489393669984268300.0,40,true,0.02855030368548523,0.17881638519122606,0.00000505238580347,0.00000236149299395,1,4,0.0,0.0,cons_ndist_speak
consensus,heterogeneous,43,M36,2,2,0.2,0.0,0.0,0.0,false,0.05,0.1,0.1,0.05,7474960677955715100.0,40,true,0.02855030368548523,0.178816385191226,0.00000505238580347,0.00000236149299395,1,4,0.0,0.0,cons_ndist_speak
consensus,heterogeneous,43,M36,2,2,0.2,0.0,0.0,0.0,false,0.05,0.1,0.1,0.05,2365166346871245800.0,35,true,0.02855030368548523,0.17740958722216918,0.00001449010097104,0.00000677269576309,2,4,0.0,0.0,cons_ndist_speak
consensus,heterogeneous,43,M36,2,2,0.2,0.0,0.0,0.0,false,0.05,0.1,0.1,0.05,5430864224475933700.0,40,true,0.02855030368548523,0.17881638519122603,0.00000505238580347,0.00000236149299395,1,4,0.0,0.0,cons_ndist_speak
consensus,heterogeneous,43,M36,2,2,0.2,0.0,0.0,0.0,false,0.05,0.1,0.1,0.05,1429979018328518660.0,35,true,0.02855030368548523,0.17740958722216918,0.00001449010097104,0.00000677269576309,1,4,0.0,0.0,cons_ndist_speak
consensus,heterogeneous,16,M21,2,3,0.2,0.0,0.0,0.0,false,0.05,0.1,0.1,0.05,3737994676857229300.0,30,true,0.00905649862825791,0.08177357140696684,0.00001318244326607,0.00001038085429155,1,3,0.0,0.0,cons_ndist_speak
consensus,heterogeneous,16,M21,2,3,0.2,0.0,0.0,0.0,false,0.05,0.1,0.1,0.05,6494602196525377500.0,30,true,0.00905649862825791,0.09898996859910406,0.00001318244326607,0.00001038085429155,1,3,0.0,0.0,cons_ndist_speak
consensus,heterogeneous,16,M21,2,3,0.2,0.0,0.0,0.0,false,0.05,0.1,0.1,0.05,8964348046985975800.0,35,true,0.00905649862825791,0.07907085649827164,0.00000459643375472,0.00000361958008128,1,3,0.0,0.0,cons_ndist_speak
consensus,heterogeneous,16,M21,2,3,0.2,0.0,0.0,0.0,false,0.05,0.1,0.1,0.05,1229570454044760060.0,35,true,0.00905649862825791,0.07688312667950395,0.00000459643375472,0.00000361958008128,1,3,0.0,0.0,cons_ndist_speak
consensus,heterogeneous,16,M21,2,3,0.2,0.0,0.0,0.0,false,0.05,0.1,0.1,0.05,6344604952114024400.0,35,true,0.00905649862825791,0.0846668401899818,0.00000459643375472,0.00000361958008128,1,3,0.0,0.0,cons_ndist_speak
consensus,heterogeneous,16,M21,2,3,0.2,0.0,0.0,0.0,false,0.05,0.1,0.1,0.05,6608716742342101000.0,35,true,0.00905649862825791,0.07420863407216767,0.00000459643375472,0.00000361958008128,1,3,0.0,0.0,cons_ndist_speak
consensus,heterogeneous,16,M21,2,3,0.2,0.0,0.0,0.0,false,0.05,0.1,0.1,0.05,6855216513658910700.0,35,true,0.00905649862825791,0.08008074491596213,0.00000459643375472,0.00000361958008128,1,3,0.0,0.0,cons_ndist_speak
consensus,heterogeneous,16,M21,2,3,0.2,0.0,0.0,0.0,false,0.05,0.1,0.1,0.05,3628563673615470600.0,35,true,0.00905649862825791,0.08301497678587791,0.00000459643375472,0.00000361958008128,1,3,0.0,0.0,cons_ndist_speak
consensus,heterogeneous,16,M21,2,3,0.2,0.0,0.0,0.0,false,0.05,0.1,0.1,0.05,7489393669984268300.0,30,true,0.00905649862825791,0.09526198910550791,0.00001318244326607,0.00001038085429155,1,3,0.0,0.0,cons_ndist_speak
consensus,heterogeneous,16,M21,2,3,0.2,0.0,0.0,0.0,false,0.05,0.1,0.1,0.05,536511417639012350.0,30,true,0.00905649862825791,0.0763034393947986,0.00001318244326607,0.00001038085429155,1,3,0.0,0.0,cons_ndist_speak
consensus,heterogeneous,16,M21,2,3,0.2,0.0,0.0,0.0,false,0.05,0.1,0.1,0.05,7474960677955715100.0,30,true,0.00905649862825791,0.07124403878707648,0.00001318244326607,0.00001038085429155,1,3,0.0,0.0,cons_ndist_speak
consensus,heterogeneous,16,M21,2,3,0.2,0.0,0.0,0.0,false,0.05,0.1,0.1,0.05,2088060328115892220.0,35,true,0.00905649862825791,0.08100218155197283,0.00000459643375472,0.00000361958008128,1,3,0.0,0.0,cons_ndist_speak
consensus,heterogeneous,16,M21,2,3,0.2,0.0,0.0,0.0,false,0.05,0.1,0.1,0.05,1429979018328518660.0,30,true,0.00905649862825791,0.07336967146693288,0.00001318244326607,0.00001038085429155,1,3,0.0,0.0,cons_ndist_speak
consensus,heterogeneous,16,M21,2,3,0.2,0.0,0.0,0.0,false,0.05,0.1,0.1,0.05,2365166346871245800.0,30,true,0.00905649862825791,0.08116075995397491,0.00001318244326607,0.00001038085429155,1,3,0.0,0.0,cons_ndist_speak
consensus,heterogeneous,16,M21,2,3,0.2,0.0,0.0,0.0,false,0.05,0.1,0.1,0.05,5430864224475933700.0,35,true,0.00905649862825791,0.07254979437779778,0.00000459643375472,0.00000361958008128,1,3,0.0,0.0,cons_ndist_speak
consensus,heterogeneous,43,M36,2,2,0.1,0.0,0.0,0.0,false,0.05,0.1,0.1,0.05,8964348046985975800.0,60,true,0.02855030368548523,0.17417105183367537,0.00005468781568988,0.00002556117023312,1,4,0.0,0.0,cons_ndist_speak
consensus,heterogeneous,43,M36,2,2,0.1,0.0,0.0,0.0,false,0.05,0.1,0.1,0.05,1229570454044760060.0,65,true,0.02855030368548523,0.17568080518482546,0.00003274361537979,0.00001530441682873,1,4,0.0,0.0,cons_ndist_speak
consensus,heterogeneous,43,M36,2,2,0.1,0.0,0.0,0.0,false,0.05,0.1,0.1,0.05,3737994676857229300.0,65,true,0.02855030368548523,0.17568080518482534,0.00003274361537979,0.00001530441682873,1,4,0.0,0.0,cons_ndist_speak
consensus,heterogeneous,43,M36,2,2,0.1,0.0,0.0,0.0,false,0.05,0.1,0.1,0.05,6494602196525377500.0,65,true,0.02855030368548523,0.17568080518482543,0.00003274361537979,0.00001530441682873,1,4,0.0,0.0,cons_ndist_speak
consensus,heterogeneous,43,M36,2,2,0.1,0.0,0.0,0.0,false,0.05,0.1,0.1,0.05,6608716742342101000.0,55,true,0.02855030368548523,0.17221991388495841,0.0000913386365629,0.0000426918209951,1,4,0.0,0.0,cons_ndist_speak
consensus,heterogeneous,43,M36,2,2,0.1,0.0,0.0,0.0,false,0.05,0.1,0.1,0.05,3628563673615470600.0,60,true,0.02855030368548523,0.17417105183367537,0.00005468781568988,0.00002556117023312,1,4,0.0,0.0,cons_ndist_speak
consensus,heterogeneous,43,M36,2,2,0.1,0.0,0.0,0.0,false,0.05,0.1,0.1,0.05,6855216513658910700.0,60,true,0.02855030368548523,0.17417105183367537,0.00005468781568988,0.00002556117023312,2,4,0.0,0.0,cons_ndist_speak
consensus,heterogeneous,43,M36,2,2,0.1,0.0,0.0,0.0,false,0.05,0.1,0.1,0.05,6344604952114024400.0,60,true,0.02855030368548523,0.1741710518336754,0.00005468781568988,0.00002556117023312,2,4,0.0,0.0,cons_ndist_speak
consensus,heterogeneous,43,M36,2,2,0.1,0.0,0.0,0.0,false,0.05,0.1,0.1,0.05,2088060328115892220.0,55,true,0.02855030368548523,0.17221991388495841,0.0000913386365629,0.0000426918209951,1,4,0.0,0.0,cons_ndist_speak
consensus,heterogeneous,43,M36,2,2,0.1,0.0,0.0,0.0,false,0.05,0.1,0.1,0.05,7474960677955715100.0,65,true,0.02855030368548523,0.17568080518482546,0.00003274361537979,0.00001530441682873,2,4,0.0,0.0,cons_ndist_speak
consensus,heterogeneous,43,M36,2,2,0.1,0.0,0.0,0.0,false,0.05,0.1,0.1,0.05,7489393669984268300.0,65,true,0.02855030368548523,0.17568080518482546,0.00003274361537979,0.00001530441682873,1,4,0.0,0.0,cons_ndist_speak
consensus,heterogeneous,43,M36,2,2,0.1,0.0,0.0,0.0,false,0.05,0.1,0.1,0.05,536511417639012350.0,60,true,0.02855030368548523,0.1741710518336754,0.00005468781568988,0.00002556117023312,2,4,0.0,0.0,cons_ndist_speak
consensus,heterogeneous,43,M36,2,2,0.1,0.0,0.0,0.0,false,0.05,0.1,0.1,0.05,2365166346871245800.0,55,true,0.02855030368548523,0.17221991388495853,0.0000913386365629,0.00004269182099509,1,4,0.0,0.0,cons_ndist_speak
consensus,heterogeneous,43,M36,2,2,0.1,0.0,0.0,0.0,false,0.05,0.1,0.1,0.05,5430864224475933700.0,60,true,0.02855030368548523,0.17417105183367534,0.00005468781568988,0.00002556117023312,1,4,0.0,0.0,cons_ndist_speak
consensus,heterogeneous,43,M36,2,2,0.1,0.0,0.0,0.0,false,0.05,0.1,0.1,0.05,1429979018328518660.0,60,true,0.02855030368548523,0.1741710518336754,0.00005468781568988,0.00002556117023312,1,4,0.0,0.0,cons_ndist_speak
consensus,heterogeneous,31,M30,1,2,0.5,0.0,0.0,0.0,true,0.0,0.0,0.0,0.0,9062200267068764200.0,20,true,0.01686903435070872,0.10505568842825501,0.00000009542524531,0.00000005508754742,1,2,0.0,0.0,cons_dist_speak
consensus,heterogeneous,31,M30,1,2,0.5,0.0,0.0,0.0,true,0.0,0.0,0.0,0.0,6214473739169862700.0,20,true,0.01686903435070872,0.10417513102809572,0.00000009542524531,0.00000005508754742,1,2,0.0,0.0,cons_dist_speak
consensus,heterogeneous,31,M30,1,2,0.5,0.0,0.0,0.0,true,0.0,0.0,0.0,0.0,4452934300795454500.0,20,true,0.01686903435070872,0.08084734488464695,0.00000009542524531,0.00000005508754742,1,2,0.0,0.0,cons_dist_speak
consensus,heterogeneous,31,M30,1,2,0.5,0.0,0.0,0.0,true,0.0,0.0,0.0,0.0,7364011645834940400.0,20,true,0.01686903435070872,0.1018805755650446,0.00000009542524531,0.00000005508754742,1,2,0.0,0.0,cons_dist_speak
consensus,heterogeneous,31,M30,1,2,0.5,0.0,0.0,0.0,true,0.0,0.0,0.0,0.0,2863823821892766700.0,15,true,0.01686903435070872,0.09855195181354459,0.00000169453542009,0.00000097822960802,1,2,0.0,0.0,cons_dist_speak
consensus,heterogeneous,31,M30,1,2,0.5,0.0,0.0,0.0,true,0.0,0.0,0.0,0.0,8414295221070808100.0,20,true,0.01686903435070872,0.0966652656860919,0.00000009542524531,0.00000005508754742,1,2,0.0,0.0,cons_dist_speak
consensus,heterogeneous,31,M30,1,2,0.5,0.0,0.0,0.0,true,0.0,0.0,0.0,0.0,4592019165568945200.0,20,true,0.01686903435070872,0.11594516517007118,0.00000009542524531,0.00000005508754742,1,2,0.0,0.0,cons_dist_speak
consensus,heterogeneous,31,M30,1,2,0.5,0.0,0.0,0.0,true,0.0,0.0,0.0,0.0,6667939485611938800.0,20,true,0.01686903435070872,0.08332176196146619,0.00000009542524531,0.00000005508754742,1,2,0.0,0.0,cons_dist_speak
consensus,heterogeneous,31,M30,1,2,0.5,0.0,0.0,0.0,true,0.0,0.0,0.0,0.0,8955937805535002600.0,15,true,0.01686903435070872,0.10059785855740717,0.00000169453542009,0.00000097822960802,1,2,0.0,0.0,cons_dist_speak
consensus,heterogeneous,31,M30,1,2,0.5,0.0,0.0,0.0,true,0.0,0.0,0.0,0.0,8001025139209587700.0,15,true,0.01686903435070872,0.11053589946517783,0.00000169453542009,0.00000097822960802,1,2,0.0,0.0,cons_dist_speak
consensus,heterogeneous,31,M30,1,2,0.5,0.0,0.0,0.0,true,0.0,0.0,0.0,0.0,3336479828954060800.0,15,true,0.01686903435070872,0.09390043296055717,0.00000169453542009,0.00000097822960802,1,2,0.0,0.0,cons_dist_speak
consensus,heterogeneous,31,M30,1,2,0.5,0.0,0.0,0.0,true,0.0,0.0,0.0,0.0,1264176481239826430.0,20,true,0.01686903435070872,0.09315085555809995,0.00000009542524531,0.00000005508754742,1,2,0.0,0.0,cons_dist_speak
consensus,heterogeneous,31,M30,1,2,0.5,0.0,0.0,0.0,true,0.0,0.0,0.0,0.0,7660283705627203600.0,20,true,0.01686903435070872,0.11901422901067997,0.00000009542524531,0.00000005508754742,1,2,0.0,0.0,cons_dist_speak
consensus,heterogeneous,31,M30,1,2,0.5,0.0,0.0,0.0,true,0.0,0.0,0.0,0.0,4125485335883046900.0,20,true,0.01686903435070872,0.08076749381555433,0.00000009542524531,0.00000005508754742,1,2,0.0,0.0,cons_dist_speak
consensus,heterogeneous,31,M30,1,2,0.5,0.0,0.0,0.0,true,0.0,0.0,0.0,0.0,4183706749199619100.0,20,true,0.01686903435070872,0.09573440079836378,0.00000009542524531,0.00000005508754742,1,2,0.0,0.0,cons_dist_speak
consensus,heterogeneous,43,M36,2,2,0.1,0.0,0.0,0.0,true,0.1,0.0,0.0,0.0,4452934300795454500.0,45,true,0.02855030368548523,0.15036611626368843,0.00175929063055264,0.00133592007758514,2,4,0.0,0.0,cons_dist_speak
consensus,heterogeneous,43,M36,2,2,0.1,0.0,0.0,0.0,true,0.1,0.0,0.0,0.0,9062200267068764200.0,50,true,0.02855030368548523,0.09389994151577008,0.01497351477855327,0.00989998543294607,3,4,0.0,0.0,cons_dist_speak
consensus,heterogeneous,43,M36,2,2,0.1,0.0,0.0,0.0,true,0.1,0.0,0.0,0.0,7364011645834940400.0,65,true,0.02855030368548523,0.17569255421301302,0.00003031558520612,0.00001568843879605,1,4,0.0,0.0,cons_dist_speak
consensus,heterogeneous,43,M36,2,2,0.1,0.0,0.0,0.0,true,0.1,0.0,0.0,0.0,6214473739169862700.0,85,true,0.02855030368548523,0.15151440376038247,0.00176486520160688,0.00165557824439999,2,4,0.0,0.0,cons_dist_speak
consensus,heterogeneous,43,M36,2,2,0.1,0.0,0.0,0.0,true,0.1,0.0,0.0,0.0,8414295221070808100.0,55,true,0.02855030368548523,0.14480382232759215,0.00197451614926552,0.001025835033576,3,4,0.0,0.0,cons_dist_speak
consensus,heterogeneous,43,M36,2,2,0.1,0.0,0.0,0.0,true,0.1,0.0,0.0,0.0,2863823821892766700.0,50,true,0.02855030368548523,0.17770059781370953,0.00001432216115401,0.00000788589807127,1,4,0.0,0.0,cons_dist_speak
consensus,heterogeneous,43,M36,2,2,0.1,0.0,0.0,0.0,true,0.1,0.0,0.0,0.0,6667939485611938800.0,55,true,0.02855030368548523,0.17661535388764307,0.00001967378032151,0.00000999548981418,1,4,0.0,0.0,cons_dist_speak
consensus,heterogeneous,43,M36,2,2,0.1,0.0,0.0,0.0,true,0.1,0.0,0.0,0.0,4592019165568945200.0,65,true,0.02855030368548523,0.17108574150632666,0.00026346218464536,0.00027221462150205,1,4,0.0,0.0,cons_dist_speak
consensus,heterogeneous,43,M36,2,2,0.1,0.0,0.0,0.0,true,0.1,0.0,0.0,0.0,8955937805535002600.0,35,true,0.02855030368548523,0.14717741193882683,0.00274609307264307,0.00301882341562731,2,4,0.0,0.0,cons_dist_speak
consensus,heterogeneous,43,M36,2,2,0.1,0.0,0.0,0.0,true,0.1,0.0,0.0,0.0,8001025139209587700.0,60,true,0.02855030368548523,0.1749496428234169,0.00006513737808188,0.00004850245429622,1,4,0.0,0.0,cons_dist_speak
consensus,heterogeneous,43,M36,2,2,0.1,0.0,0.0,0.0,true,0.1,0.0,0.0,0.0,3336479828954060800.0,65,true,0.02855030368548523,0.14387522421928595,0.00345962739440199,0.00396551053520912,2,4,0.0,0.0,cons_dist_speak
consensus,heterogeneous,43,M36,2,2,0.1,0.0,0.0,0.0,true,0.1,0.0,0.0,0.0,1264176481239826430.0,90,true,0.02855030368548523,0.16044672755402867,0.00076769694924477,0.00069201952310695,1,4,0.0,0.0,cons_dist_speak
consensus,heterogeneous,43,M36,2,2,0.1,0.0,0.0,0.0,true,0.1,0.0,0.0,0.0,4125485335883046900.0,55,true,0.02855030368548523,0.15410783937871417,0.00139202727656249,0.00091032279537337,2,4,0.0,0.0,cons_dist_speak
consensus,heterogeneous,43,M36,2,2,0.1,0.0,0.0,0.0,true,0.1,0.0,0.0,0.0,7660283705627203600.0,60,true,0.02855030368548523,0.14924219029438168,0.00145252235196189,0.00096888986943626,2,4,0.0,0.0,cons_dist_speak
consensus,heterogeneous,43,M36,2,2,0.1,0.0,0.0,0.0,true,0.1,0.0,0.0,0.0,4183706749199619100.0,90,true,0.02855030368548523,0.1788838618319591,0.00036770986885836,0.00036016303359003,1,4,0.0,0.0,cons_dist_speak
consensus,heterogeneous,27,M16,2,2,0.2,0.0,0.0,0.0,true,0.0,0.0,0.0,0.0,4452934300795454500.0,30,true,0.01252610529728226,0.14712502078339965,0.00001823272759199,0.00001193419229999,1,3,0.0,0.0,cons_dist_speak
consensus,heterogeneous,27,M16,2,2,0.2,0.0,0.0,0.0,true,0.0,0.0,0.0,0.0,7364011645834940400.0,30,true,0.01252610529728226,0.14712502078339962,0.00001823272759199,0.00001193419229999,1,3,0.0,0.0,cons_dist_speak
consensus,heterogeneous,27,M16,2,2,0.2,0.0,0.0,0.0,true,0.0,0.0,0.0,0.0,9062200267068764200.0,30,true,0.01252610529728226,0.14712502078339965,0.00001823272759199,0.00001193419229999,1,3,0.0,0.0,cons_dist_speak
consensus,heterogeneous,27,M16,2,2,0.2,0.0,0.0,0.0,true,0.0,0.0,0.0,0.0,6214473739169862700.0,35,true,0.01252610529728226,0.14884741891590822,0.00000635735901554,0.00000416119555502,1,3,0.0,0.0,cons_dist_speak
consensus,heterogeneous,27,M16,2,2,0.2,0.0,0.0,0.0,true,0.0,0.0,0.0,0.0,4592019165568945200.0,35,true,0.01252610529728226,0.14884741891590825,0.00000635735901554,0.00000416119555502,1,3,0.0,0.0,cons_dist_speak
consensus,heterogeneous,27,M16,2,2,0.2,0.0,0.0,0.0,true,0.0,0.0,0.0,0.0,8414295221070808100.0,35,true,0.01252610529728226,0.14884741891590825,0.00000635735901554,0.00000416119555502,1,3,0.0,0.0,cons_dist_speak
consensus,heterogeneous,27,M16,2,2,0.2,0.0,0.0,0.0,true,0.0,0.0,0.0,0.0,2863823821892766700.0,30,true,0.01252610529728226,0.14712502078339962,0.00001823272759199,0.00001193419229999,1,3,0.0,0.0,cons_dist_speak
consensus,heterogeneous,27,M16,2,2,0.2,0.0,0.0,0.0,true,0.0,0.0,0.0,0.0,6667939485611938800.0,35,true,0.01252610529728226,0.14884741891590825,0.00000635735901554,0.00000416119555502,1,3,0.0,0.0,cons_dist_speak
consensus,heterogeneous,27,M16,2,2,0.2,0.0,0.0,0.0,true,0.0,0.0,0.0,0.0,1264176481239826430.0,30,true,0.01252610529728226,0.14712502078339965,0.00001823272759199,0.00001193419229999,1,3,0.0,0.0,cons_dist_speak
consensus,heterogeneous,27,M16,2,2,0.2,0.0,0.0,0.0,true,0.0,0.0,0.0,0.0,8001025139209587700.0,35,true,0.01252610529728226,0.14884741891590825,0.00000635735901554,0.00000416119555501,1,3,0.0,0.0,cons_dist_speak
consensus,heterogeneous,27,M16,2,2,0.2,0.0,0.0,0.0,true,0.0,0.0,0.0,0.0,8955937805535002600.0,35,true,0.01252610529728226,0.14884741891590828,0.00000635735901554,0.00000416119555501,1,3,0.0,0.0,cons_dist_speak
consensus,heterogeneous,27,M16,2,2,0.2,0.0,0.0,0.0,true,0.0,0.0,0.0,0.0,3336479828954060800.0,35,true,0.01252610529728226,0.14884741891590828,0.00000635735901554,0.00000416119555501,1,3,0.0,0.0,cons_dist_speak
consensus,heterogeneous,27,M16,2,2,0.2,0.0,0.0,0.0,true,0.0,0.0,0.0,0.0,4125485335883046900.0,35,true,0.01252610529728226,0.14884741891590825,0.00000635735901554,0.00000416119555501,1,3,0.0,0.0,cons_dist_speak
consensus,heterogeneous,27,M16,2,2,0.2,0.0,0.0,0.0,true,0.0,0.0,0.0,0.0,4183706749199619100.0,35,true,0.01252610529728226,0.14884741891590825,0.00000635735901554,0.00000416119555501,2,3,0.0,0.0,cons_dist_speak
consensus,heterogeneous,27,M16,2,2,0.2,0.0,0.0,0.0,true,0.0,0.0,0.0,0.0,7660283705627203600.0,35,true,0.01252610529728226,0.14884741891590828,0.00000635735901554,0.00000416119555501,1,3,0.0,0.0,cons_dist_speak
consensus,heterogeneous,15,M20,2,2,0.3,0.0,0.0,0.0,true,0.05,0.0,0.0,0.0,9062200267068764200.0,25,true,0.01619926630551272,0.15437892071751746,0.00001497380421587,0.00000736786952979,1,3,0.0,0.0,cons_dist_speak
consensus,heterogeneous,15,M20,2,2,0.3,0.0,0.0,0.0,true,0.05,0.0,0.0,0.0,7364011645834940400.0,25,true,0.01619926630551272,0.15567602454424762,0.00000451229909179,0.00000241129833258,1,3,0.0,0.0,cons_dist_speak
consensus,heterogeneous,15,M20,2,2,0.3,0.0,0.0,0.0,true,0.05,0.0,0.0,0.0,6214473739169862700.0,25,true,0.01619926630551272,0.15531409965497533,0.00000610478420114,0.00000347659824075,1,3,0.0,0.0,cons_dist_speak
consensus,heterogeneous,15,M20,2,2,0.3,0.0,0.0,0.0,true,0.05,0.0,0.0,0.0,4452934300795454500.0,35,true,0.01619926630551272,0.15639092655646658,0.00000314621563722,0.00000241031702959,1,3,0.0,0.0,cons_dist_speak
consensus,heterogeneous,15,M20,2,2,0.3,0.0,0.0,0.0,true,0.05,0.0,0.0,0.0,4592019165568945200.0,25,true,0.01619926630551272,0.15584639321754518,0.00000355823116044,0.00000235961423607,1,3,0.0,0.0,cons_dist_speak
consensus,heterogeneous,15,M20,2,2,0.3,0.0,0.0,0.0,true,0.05,0.0,0.0,0.0,8414295221070808100.0,25,true,0.01619926630551272,0.1545988742536641,0.00001244553315485,0.00000557409521052,1,3,0.0,0.0,cons_dist_speak
consensus,heterogeneous,15,M20,2,2,0.3,0.0,0.0,0.0,true,0.05,0.0,0.0,0.0,6667939485611938800.0,25,true,0.01619926630551272,0.15603909128069315,0.00000309341053783,0.00000151934548179,1,3,0.0,0.0,cons_dist_speak
consensus,heterogeneous,15,M20,2,2,0.3,0.0,0.0,0.0,true,0.05,0.0,0.0,0.0,2863823821892766700.0,25,true,0.01619926630551272,0.15646978509891762,0.00000159606996992,0.00000091894426044,1,3,0.0,0.0,cons_dist_speak
consensus,heterogeneous,15,M20,2,2,0.3,0.0,0.0,0.0,true,0.05,0.0,0.0,0.0,8955937805535002600.0,25,true,0.01619926630551272,0.1552074583109549,0.00000763884668831,0.00000399805875135,1,3,0.0,0.0,cons_dist_speak
consensus,heterogeneous,15,M20,2,2,0.3,0.0,0.0,0.0,true,0.05,0.0,0.0,0.0,3336479828954060800.0,25,true,0.01619926630551272,0.15568412151040112,0.00000608657385447,0.0000048732132953,1,3,0.0,0.0,cons_dist_speak
consensus,heterogeneous,15,M20,2,2,0.3,0.0,0.0,0.0,true,0.05,0.0,0.0,0.0,1264176481239826430.0,25,true,0.01619926630551272,0.1556753779196937,0.00000517827693696,0.00000312426659704,1,3,0.0,0.0,cons_dist_speak
consensus,heterogeneous,15,M20,2,2,0.3,0.0,0.0,0.0,true,0.05,0.0,0.0,0.0,8001025139209587700.0,25,true,0.01619926630551272,0.15618683769963654,0.00000270078813316,0.00000122047476054,1,3,0.0,0.0,cons_dist_speak
consensus,heterogeneous,15,M20,2,2,0.3,0.0,0.0,0.0,true,0.05,0.0,0.0,0.0,4183706749199619100.0,25,true,0.01619926630551272,0.15491836526969638,0.00001349532026285,0.00001204350618163,1,3,0.0,0.0,cons_dist_speak
consensus,heterogeneous,15,M20,2,2,0.3,0.0,0.0,0.0,true,0.05,0.0,0.0,0.0,4125485335883046900.0,25,true,0.01619926630551272,0.1549522645704895,0.00001356157841282,0.00000959349387465,1,3,0.0,0.0,cons_dist_speak
consensus,heterogeneous,15,M20,2,2,0.3,0.0,0.0,0.0,true,0.05,0.0,0.0,0.0,7660283705627203600.0,25,true,0.01619926630551272,0.1548036718697906,0.00001061368064244,0.00000501095899057,1,3,0.0,0.0,cons_dist_speak
consensus,heterogeneous,15,M20,2,2,0.1,0.0,0.0,0.0,true,0.2,0.0,0.0,0.0,4452934300795454500.0,15,true,0.01619926630551272,0.09237410429933075,0.00963087408606066,0.00778685360377965,3,3,0.0,0.0,cons_dist_speak
consensus,heterogeneous,15,M20,2,2,0.1,0.0,0.0,0.0,true,0.2,0.0,0.0,0.0,9062200267068764200.0,50,true,0.01619926630551272,0.11534443216830578,0.00349173870809822,0.00228772992637069,3,3,0.0,0.0,cons_dist_speak
consensus,heterogeneous,15,M20,2,2,0.1,0.0,0.0,0.0,true,0.2,0.0,0.0,0.0,7364011645834940400.0,55,true,0.01619926630551272,0.14235604859343992,0.00061150057500779,0.00061326007637952,2,3,0.0,0.0,cons_dist_speak
consensus,heterogeneous,15,M20,2,2,0.1,0.0,0.0,0.0,true,0.2,0.0,0.0,0.0,6214473739169862700.0,105,true,0.01619926630551272,0.13356109590433407,0.00097783717497479,0.00076595630248925,2,3,0.0,0.0,cons_dist_speak
consensus,heterogeneous,15,M20,2,2,0.1,0.0,0.0,0.0,true,0.2,0.0,0.0,0.0,2863823821892766700.0,30,true,0.01619926630551272,0.152234689885278,0.00004589660944901,0.00002343942759058,1,3,0.0,0.0,cons_dist_speak
consensus,heterogeneous,15,M20,2,2,0.1,0.0,0.0,0.0,true,0.2,0.0,0.0,0.0,8414295221070808100.0,35,true,0.01619926630551272,0.09543368410354057,0.00761068563212244,0.00548121094801273,2,3,0.0,0.0,cons_dist_speak
consensus,heterogeneous,15,M20,2,2,0.1,0.0,0.0,0.0,true,0.2,0.0,0.0,0.0,4592019165568945200.0,45,true,0.01619926630551272,0.14164576128725226,0.0003611648150156,0.00017030726091485,2,3,0.0,0.0,cons_dist_speak
consensus,heterogeneous,15,M20,2,2,0.1,0.0,0.0,0.0,true,0.2,0.0,0.0,0.0,6667939485611938800.0,60,true,0.01619926630551272,0.1523644052753063,0.00005529122115699,0.00003695662228308,1,3,0.0,0.0,cons_dist_speak
consensus,heterogeneous,15,M20,2,2,0.1,0.0,0.0,0.0,true,0.2,0.0,0.0,0.0,1264176481239826430.0,30,true,0.01619926630551272,0.12286241274747232,0.00280024383236997,0.00316058385936866,2,3,0.0,0.0,cons_dist_speak
consensus,heterogeneous,15,M20,2,2,0.1,0.0,0.0,0.0,true,0.2,0.0,0.0,0.0,3336479828954060800.0,35,true,0.01619926630551272,0.13011449606326092,0.0020895009633217,0.00252494936809609,2,3,0.0,0.0,cons_dist_speak
consensus,heterogeneous,15,M20,2,2,0.1,0.0,0.0,0.0,true,0.2,0.0,0.0,0.0,8955937805535002600.0,50,true,0.01619926630551272,0.14695503070071886,0.00028302576858117,0.00026352692544847,1,3,0.0,0.0,cons_dist_speak
consensus,heterogeneous,15,M20,2,2,0.1,0.0,0.0,0.0,true,0.2,0.0,0.0,0.0,8001025139209587700.0,50,true,0.01619926630551272,0.14587276554601764,0.00026732885239464,0.00017540990424791,1,3,0.0,0.0,cons_dist_speak
consensus,heterogeneous,15,M20,2,2,0.1,0.0,0.0,0.0,true,0.2,0.0,0.0,0.0,7660283705627203600.0,15,true,0.01619926630551272,0.07159717140926673,0.01067539295756363,0.00713391847923888,4,3,0.0,0.0,cons_dist_speak
consensus,heterogeneous,15,M20,2,2,0.1,0.0,0.0,0.0,true,0.2,0.0,0.0,0.0,4125485335883046900.0,25,true,0.01619926630551272,0.09477250762563602,0.00885464913186931,0.00755858423198577,3,3,0.0,0.0,cons_dist_speak
consensus,heterogeneous,15,M20,2,2,0.1,0.0,0.0,0.0,true,0.2,0.0,0.0,0.0,4183706749199619100.0,60,true,0.01619926630551272,0.14786497511898822,0.00017577906333697,0.00011725818145792,2,3,0.0,0.0,cons_dist_speak
consensus,heterogeneous,19,M25,2,2,0.1,0.0,0.0,0.0,true,0.2,0.0,0.0,0.0,6214473739169862700.0,40,true,0.0138563200606567,0.09426466722401058,0.00024398988120994,0.00022245506500485,1,3,0.0,0.0,cons_dist_speak
consensus,heterogeneous,19,M25,2,2,0.1,0.0,0.0,0.0,true,0.2,0.0,0.0,0.0,4452934300795454500.0,45,true,0.0138563200606567,0.06491775163841276,0.00514633981045894,0.003573539141195,3,3,0.0,0.0,cons_dist_speak
consensus,heterogeneous,19,M25,2,2,0.1,0.0,0.0,0.0,true,0.2,0.0,0.0,0.0,7364011645834940400.0,60,true,0.0138563200606567,0.09771367340372841,0.00007722702808034,0.00003705585987755,1,3,0.0,0.0,cons_dist_speak
consensus,heterogeneous,19,M25,2,2,0.1,0.0,0.0,0.0,true,0.2,0.0,0.0,0.0,9062200267068764200.0,85,true,0.0138563200606567,0.09232547425882195,0.00032141008436924,0.00024363144357408,1,3,0.0,0.0,cons_dist_speak
consensus,heterogeneous,19,M25,2,2,0.1,0.0,0.0,0.0,true,0.2,0.0,0.0,0.0,2863823821892766700.0,25,true,0.0138563200606567,0.10245543641390939,0.00000806835487219,0.0000037892268803,1,3,0.0,0.0,cons_dist_speak
consensus,heterogeneous,19,M25,2,2,0.1,0.0,0.0,0.0,true,0.2,0.0,0.0,0.0,4592019165568945200.0,50,true,0.0138563200606567,0.08981877433853128,0.0005570123345896,0.00041921581948132,1,3,0.0,0.0,cons_dist_speak
consensus,heterogeneous,19,M25,2,2,0.1,0.0,0.0,0.0,true,0.2,0.0,0.0,0.0,6667939485611938800.0,60,true,0.0138563200606567,0.1009463311524815,0.00003413417848799,0.00002236415056952,1,3,0.0,0.0,cons_dist_speak
consensus,heterogeneous,19,M25,2,2,0.1,0.0,0.0,0.0,true,0.2,0.0,0.0,0.0,8414295221070808100.0,55,true,0.0138563200606567,0.05976402404961274,0.00486003799651024,0.00382182713300859,3,3,0.0,0.0,cons_dist_speak
consensus,heterogeneous,19,M25,2,2,0.1,0.0,0.0,0.0,true,0.2,0.0,0.0,0.0,1264176481239826430.0,25,true,0.0138563200606567,0.0998073566913179,0.00007622638329875,0.00005340097612961,1,3,0.0,0.0,cons_dist_speak
consensus,heterogeneous,19,M25,2,2,0.1,0.0,0.0,0.0,true,0.2,0.0,0.0,0.0,8001025139209587700.0,20,true,0.0138563200606567,0.10020607628978642,0.00002707385504614,0.00001472435397746,1,3,0.0,0.0,cons_dist_speak
consensus,heterogeneous,19,M25,2,2,0.1,0.0,0.0,0.0,true,0.2,0.0,0.0,0.0,3336479828954060800.0,35,true,0.0138563200606567,0.10159132454718145,0.00003328267065722,0.00002134681748544,1,3,0.0,0.0,cons_dist_speak
consensus,heterogeneous,19,M25,2,2,0.1,0.0,0.0,0.0,true,0.2,0.0,0.0,0.0,8955937805535002600.0,55,true,0.0138563200606567,0.10917619762725911,0.00038151287239882,0.00026476638852768,2,3,0.0,0.0,cons_dist_speak
consensus,heterogeneous,19,M25,2,2,0.1,0.0,0.0,0.0,true,0.2,0.0,0.0,0.0,4125485335883046900.0,15,true,0.0138563200606567,0.06128052308256438,0.00768211967217839,0.00677567245063023,3,3,0.0,0.0,cons_dist_speak
consensus,heterogeneous,19,M25,2,2,0.1,0.0,0.0,0.0,true,0.2,0.0,0.0,0.0,7660283705627203600.0,15,true,0.0138563200606567,0.07707242974238437,0.00825599179264484,0.00625535179607912,3,3,0.0,0.0,cons_dist_speak
consensus,heterogeneous,19,M25,2,2,0.1,0.0,0.0,0.0,true,0.2,0.0,0.0,0.0,4183706749199619100.0,50,true,0.0138563200606567,0.10147134123297291,0.00011833187348943,0.00007408351167484,1,3,0.0,0.0,cons_dist_speak
consensus,heterogeneous,31,M30,1,2,0.5,0.0,0.0,0.0,true,0.05,0.0,0.0,0.0,4452934300795454500.0,15,true,0.01686903435070872,0.07994844186967769,0.00000184145833432,0.00000134869858733,1,2,0.0,0.0,cons_dist_speak
consensus,heterogeneous,31,M30,1,2,0.5,0.0,0.0,0.0,true,0.05,0.0,0.0,0.0,7364011645834940400.0,20,true,0.01686903435070872,0.10098949534374606,0.00000014468175456,0.00000005952785254,1,2,0.0,0.0,cons_dist_speak
consensus,heterogeneous,31,M30,1,2,0.5,0.0,0.0,0.0,true,0.05,0.0,0.0,0.0,9062200267068764200.0,20,true,0.01686903435070872,0.11292810161296137,0.00000022781911556,0.00000009885697651,1,2,0.0,0.0,cons_dist_speak
consensus,heterogeneous,31,M30,1,2,0.5,0.0,0.0,0.0,true,0.05,0.0,0.0,0.0,6214473739169862700.0,20,true,0.01686903435070872,0.10428218351850942,0.00000013759607755,0.00000006488860144,1,2,0.0,0.0,cons_dist_speak
consensus,heterogeneous,31,M30,1,2,0.5,0.0,0.0,0.0,true,0.05,0.0,0.0,0.0,8414295221070808100.0,15,true,0.01686903435070872,0.09202059435389105,0.00000197727795607,0.00000086283310905,1,2,0.0,0.0,cons_dist_speak
consensus,heterogeneous,31,M30,1,2,0.5,0.0,0.0,0.0,true,0.05,0.0,0.0,0.0,2863823821892766700.0,15,true,0.01686903435070872,0.09948115992713262,0.00000105373280088,0.00000045704914237,1,2,0.0,0.0,cons_dist_speak
consensus,heterogeneous,31,M30,1,2,0.5,0.0,0.0,0.0,true,0.05,0.0,0.0,0.0,6667939485611938800.0,15,true,0.01686903435070872,0.08126194152969951,0.00000127987634916,0.00000062429807372,1,2,0.0,0.0,cons_dist_speak
consensus,heterogeneous,31,M30,1,2,0.5,0.0,0.0,0.0,true,0.05,0.0,0.0,0.0,4592019165568945200.0,20,true,0.01686903435070872,0.11656255966280608,0.00000016435054679,0.00000010404894799,1,2,0.0,0.0,cons_dist_speak
consensus,heterogeneous,31,M30,1,2,0.5,0.0,0.0,0.0,true,0.05,0.0,0.0,0.0,3336479828954060800.0,15,true,0.01686903435070872,0.09549128910890681,0.00000123074401507,0.00000050679144391,1,2,0.0,0.0,cons_dist_speak
consensus,heterogeneous,31,M30,1,2,0.5,0.0,0.0,0.0,true,0.05,0.0,0.0,0.0,8001025139209587700.0,15,true,0.01686903435070872,0.11026849785865449,0.00000115556259655,0.00000041144231804,1,2,0.0,0.0,cons_dist_speak
consensus,heterogeneous,31,M30,1,2,0.5,0.0,0.0,0.0,true,0.05,0.0,0.0,0.0,8955937805535002600.0,15,true,0.01686903435070872,0.09955368472398025,0.00000084325137922,0.00000047666989643,1,2,0.0,0.0,cons_dist_speak
consensus,heterogeneous,31,M30,1,2,0.5,0.0,0.0,0.0,true,0.05,0.0,0.0,0.0,1264176481239826430.0,20,true,0.01686903435070872,0.09435004517013838,0.00000009624416267,0.00000004882629953,1,2,0.0,0.0,cons_dist_speak
consensus,heterogeneous,31,M30,1,2,0.5,0.0,0.0,0.0,true,0.05,0.0,0.0,0.0,4125485335883046900.0,15,true,0.01686903435070872,0.0830890940146526,0.00000082431068601,0.00000028177338711,1,2,0.0,0.0,cons_dist_speak
consensus,heterogeneous,31,M30,1,2,0.5,0.0,0.0,0.0,true,0.05,0.0,0.0,0.0,7660283705627203600.0,20,true,0.01686903435070872,0.11509329611020595,0.00000012809071449,0.00000007465000674,1,2,0.0,0.0,cons_dist_speak
consensus,heterogeneous,31,M30,1,2,0.5,0.0,0.0,0.0,true,0.05,0.0,0.0,0.0,4183706749199619100.0,20,true,0.01686903435070872,0.10357741820112076,0.00000039450667617,0.00000034216111518,1,2,0.0,0.0,cons_dist_speak
consensus,heterogeneous,35,M33,2,2,0.2,0.0,0.0,0.0,true,0.2,0.0,0.0,0.0,9062200267068764200.0,45,true,0.01846828382201646,0.10282512296378943,0.00086092679079611,0.0005709730620634,2,3,0.0,0.0,cons_dist_speak
consensus,heterogeneous,35,M33,2,2,0.2,0.0,0.0,0.0,true,0.2,0.0,0.0,0.0,7364011645834940400.0,45,true,0.01846828382201646,0.15514804624145992,0.00007647915355677,0.00007650023893429,1,3,0.0,0.0,cons_dist_speak
consensus,heterogeneous,35,M33,2,2,0.2,0.0,0.0,0.0,true,0.2,0.0,0.0,0.0,6214473739169862700.0,60,true,0.01846828382201646,0.09826232098396423,0.00034761863415199,0.00040058896337252,2,3,0.0,0.0,cons_dist_speak
consensus,heterogeneous,35,M33,2,2,0.2,0.0,0.0,0.0,true,0.2,0.0,0.0,0.0,4452934300795454500.0,85,true,0.01846828382201646,0.09394739914248598,0.000883395076682,0.00073073952074167,1,3,0.0,0.0,cons_dist_speak
consensus,heterogeneous,35,M33,2,2,0.2,0.0,0.0,0.0,true,0.2,0.0,0.0,0.0,2863823821892766700.0,30,true,0.01846828382201646,0.11851893049950979,0.00000262182843153,0.000001834156771,1,3,0.0,0.0,cons_dist_speak
consensus,heterogeneous,35,M33,2,2,0.2,0.0,0.0,0.0,true,0.2,0.0,0.0,0.0,8414295221070808100.0,40,true,0.01846828382201646,0.06888548037677307,0.00955727568643755,0.00651579242013598,3,3,0.0,0.0,cons_dist_speak
consensus,heterogeneous,35,M33,2,2,0.2,0.0,0.0,0.0,true,0.2,0.0,0.0,0.0,6667939485611938800.0,35,true,0.01846828382201646,0.12347438614672496,0.00001662292691043,0.00001333845610279,1,3,0.0,0.0,cons_dist_speak
consensus,heterogeneous,35,M33,2,2,0.2,0.0,0.0,0.0,true,0.2,0.0,0.0,0.0,4592019165568945200.0,40,true,0.01846828382201646,0.13379193672889864,0.00000872781922742,0.00000443588343453,1,3,0.0,0.0,cons_dist_speak
consensus,heterogeneous,35,M33,2,2,0.2,0.0,0.0,0.0,true,0.2,0.0,0.0,0.0,3336479828954060800.0,30,true,0.01846828382201646,0.10429958777989766,0.00042907725526646,0.00053211284049738,2,3,0.0,0.0,cons_dist_speak
consensus,heterogeneous,35,M33,2,2,0.2,0.0,0.0,0.0,true,0.2,0.0,0.0,0.0,1264176481239826430.0,30,true,0.01846828382201646,0.09893854779539604,0.00073669486826478,0.00082235610730037,2,3,0.0,0.0,cons_dist_speak
consensus,heterogeneous,35,M33,2,2,0.2,0.0,0.0,0.0,true,0.2,0.0,0.0,0.0,8001025139209587700.0,35,true,0.01846828382201646,0.12966856228263166,0.00002265066354489,0.00001497458044129,2,3,0.0,0.0,cons_dist_speak
consensus,heterogeneous,35,M33,2,2,0.2,0.0,0.0,0.0,true,0.2,0.0,0.0,0.0,8955937805535002600.0,50,true,0.01846828382201646,0.10657642417888273,0.00018104298500941,0.00017827943288585,2,3,0.0,0.0,cons_dist_speak
consensus,heterogeneous,35,M33,2,2,0.2,0.0,0.0,0.0,true,0.2,0.0,0.0,0.0,4183706749199619100.0,20,true,0.01846828382201646,0.10854183582849303,0.00022358931695941,0.00022221223268364,1,3,0.0,0.0,cons_dist_speak
consensus,heterogeneous,35,M33,2,2,0.2,0.0,0.0,0.0,true,0.2,0.0,0.0,0.0,7660283705627203600.0,90,true,0.01846828382201646,0.08678134302507458,0.00097266684580836,0.0006084087901614,2,3,0.0,0.0,cons_dist_speak
consensus,heterogeneous,35,M33,2,2,0.2,0.0,0.0,0.0,true,0.2,0.0,0.0,0.0,4125485335883046900.0,110,true,0.01846828382201646,0.09095593931816143,0.00058378665892635,0.00038828838335787,1,3,0.0,0.0,cons_dist_speak
consensus,heterogeneous,20,M26,2,2,0.3,0.0,0.0,0.0,true,0.1,0.0,0.0,0.0,7364011645834940400.0,30,true,0.04088593575853047,0.21870411800671902,0.00000244234665359,0.00000149565107074,1,3,0.0,0.0,cons_dist_speak
consensus,heterogeneous,20,M26,2,2,0.3,0.0,0.0,0.0,true,0.1,0.0,0.0,0.0,6214473739169862700.0,35,true,0.04088593575853047,0.21837597565970246,0.00000512021791721,0.0000039041084026,1,3,0.0,0.0,cons_dist_speak
consensus,heterogeneous,20,M26,2,2,0.3,0.0,0.0,0.0,true,0.1,0.0,0.0,0.0,9062200267068764200.0,40,true,0.04088593575853047,0.21407457015781678,0.00008508400542731,0.0000649996416913,2,3,0.0,0.0,cons_dist_speak
consensus,heterogeneous,20,M26,2,2,0.3,0.0,0.0,0.0,true,0.1,0.0,0.0,0.0,4452934300795454500.0,45,true,0.04088593575853047,0.21595230377464003,0.00003930190545364,0.00003672181672051,1,3,0.0,0.0,cons_dist_speak
consensus,heterogeneous,20,M26,2,2,0.3,0.0,0.0,0.0,true,0.1,0.0,0.0,0.0,4592019165568945200.0,25,true,0.04088593575853047,0.21718512191525774,0.00001026839637837,0.00000555483194532,1,3,0.0,0.0,cons_dist_speak
consensus,heterogeneous,20,M26,2,2,0.3,0.0,0.0,0.0,true,0.1,0.0,0.0,0.0,6667939485611938800.0,30,true,0.04088593575853047,0.21926325169862887,0.00000099292079459,0.00000052675914872,1,3,0.0,0.0,cons_dist_speak
consensus,heterogeneous,20,M26,2,2,0.3,0.0,0.0,0.0,true,0.1,0.0,0.0,0.0,2863823821892766700.0,25,true,0.04088593575853047,0.2187959096924621,0.0000023785544223,0.00000140239082815,1,3,0.0,0.0,cons_dist_speak
consensus,heterogeneous,20,M26,2,2,0.3,0.0,0.0,0.0,true,0.1,0.0,0.0,0.0,8414295221070808100.0,35,true,0.04088593575853047,0.21782879014292833,0.0000101015657548,0.00000649588773106,1,3,0.0,0.0,cons_dist_speak
consensus,heterogeneous,20,M26,2,2,0.3,0.0,0.0,0.0,true,0.1,0.0,0.0,0.0,8001025139209587700.0,30,true,0.04088593575853047,0.21909350707764302,0.00000198421272214,0.00000119575593671,1,3,0.0,0.0,cons_dist_speak
consensus,heterogeneous,20,M26,2,2,0.3,0.0,0.0,0.0,true,0.1,0.0,0.0,0.0,1264176481239826430.0,35,true,0.04088593575853047,0.21831794667824372,0.00000682408938341,0.00000661925564077,1,3,0.0,0.0,cons_dist_speak
consensus,heterogeneous,20,M26,2,2,0.3,0.0,0.0,0.0,true,0.1,0.0,0.0,0.0,3336479828954060800.0,35,true,0.04088593575853047,0.21738185189192216,0.00002176559439514,0.00002695912685636,1,3,0.0,0.0,cons_dist_speak
consensus,heterogeneous,20,M26,2,2,0.3,0.0,0.0,0.0,true,0.1,0.0,0.0,0.0,8955937805535002600.0,35,true,0.04088593575853047,0.21759597722514828,0.00002181808984473,0.00002549267377987,1,3,0.0,0.0,cons_dist_speak
consensus,heterogeneous,20,M26,2,2,0.3,0.0,0.0,0.0,true,0.1,0.0,0.0,0.0,4125485335883046900.0,35,true,0.04088593575853047,0.2176613259420936,0.00001401095287857,0.00001193414251578,1,3,0.0,0.0,cons_dist_speak
consensus,heterogeneous,20,M26,2,2,0.3,0.0,0.0,0.0,true,0.1,0.0,0.0,0.0,7660283705627203600.0,35,true,0.04088593575853047,0.21821449592751652,0.0000060990264726,0.00000375852580735,1,3,0.0,0.0,cons_dist_speak
consensus,heterogeneous,20,M26,2,2,0.3,0.0,0.0,0.0,true,0.1,0.0,0.0,0.0,4183706749199619100.0,35,true,0.04088593575853047,0.2137279939064502,0.00008690251568725,0.00008430364871523,1,3,0.0,0.0,cons_dist_speak
no_change,heterogeneous,26,M12,2,2,0.2,0.5,0.6,0.1,false,0.05,0.1,0.1,0.05,5453185749262181400.0,15,false,0.01905125747492284,0.05873842592592589,0.01905125747492284,0.01231654288837448,2,2,0.0,0.0,no_change_exp
no_change,heterogeneous,26,M12,2,2,0.2,0.5,0.6,0.1,false,0.05,0.1,0.1,0.05,155683738326118400.0,15,false,0.01905125747492284,0.05873842592592589,0.01905125747492284,0.01231654288837448,2,2,0.0,0.0,no_change_exp
no_change,heterogeneous,26,M12,2,2,0.2,0.5,0.6,0.1,false,0.05,0.1,0.1,0.05,1320871896718902270.0,15,false,0.01905125747492284,0.05873842592592589,0.01905125747492284,0.01231654288837448,2,2,0.0,0.0,no_change_exp
no_change,heterogeneous,26,M12,2,2,0.2,0.5,0.6,0.1,false,0.05,0.1,0.1,0.05,1090914492034480130.0,15,false,0.01905125747492284,0.05873842592592589,0.01905125747492284,0.01231654288837448,2,2,0.0,0.0,no_change_exp
no_change,heterogeneous,26,M12,2,2,0.2,0.5,0.6,0.1,false,0.05,0.1,0.1,0.05,4276097475881837600.0,15,false,0.01905125747492284,0.05873842592592589,0.01905125747492284,0.01231654288837448,2,2,0.0,0.0,no_change_exp
no_change,heterogeneous,26,M12,2,2,0.2,0.5,0.6,0.1,false,0.05,0.1,0.1,0.05,3994771543820171300.0,15,false,0.01905125747492284,0.05873842592592589,0.01905125747492284,0.01231654288837448,2,2,0.0,0.0,no_change_exp
no_change,heterogeneous,26,M12,2,2,0.2,0.5,0.6,0.1,false,0.05,0.1,0.1,0.05,2442854141697347600.0,15,false,0.01905125747492284,0.05873842592592589,0.01905125747492284,0.01231654288837448,2,2,0.0,0.0,no_change_exp
no_change,heterogeneous,26,M12,2,2,0.2,0.5,0.6,0.1,false,0.05,0.1,0.1,0.05,665120881524777980.0,15,false,0.01905125747492284,0.05873842592592589,0.01905125747492284,0.01231654288837448,2,2,0.0,0.0,no_change_exp
no_change,heterogeneous,26,M12,2,2,0.2,0.5,0.6,0.1,false,0.05,0.1,0.1,0.05,8657843389930462200.0,15,false,0.01905125747492284,0.05873842592592589,0.01905125747492284,0.01231654288837448,2,2,0.0,0.0,no_change_exp
no_change,heterogeneous,26,M12,2,2,0.2,0.5,0.6,0.1,false,0.05,0.1,0.1,0.05,2938621291813641200.0,15,false,0.01905125747492284,0.05873842592592589,0.01905125747492284,0.01231654288837448,2,2,0.0,0.0,no_change_exp
no_change,heterogeneous,26,M12,2,2,0.2,0.5,0.6,0.1,false,0.05,0.1,0.1,0.05,1854997042393619460.0,15,false,0.01905125747492284,0.05873842592592589,0.01905125747492284,0.01231654288837448,2,2,0.0,0.0,no_change_exp
no_change,heterogeneous,26,M12,2,2,0.2,0.5,0.6,0.1,false,0.05,0.1,0.1,0.05,9149399060651444200.0,15,false,0.01905125747492284,0.05873842592592589,0.01905125747492284,0.01231654288837448,2,2,0.0,0.0,no_change_exp
no_change,heterogeneous,26,M12,2,2,0.2,0.5,0.6,0.1,false,0.05,0.1,0.1,0.05,383653232992354300.0,15,false,0.01905125747492284,0.05873842592592589,0.01905125747492284,0.01231654288837448,2,2,0.0,0.0,no_change_exp
no_change,heterogeneous,26,M12,2,2,0.2,0.5,0.6,0.1,false,0.05,0.1,0.1,0.05,6470298913336041500.0,15,false,0.01905125747492284,0.05873842592592589,0.01905125747492284,0.01231654288837448,2,2,0.0,0.0,no_change_exp
no_change,heterogeneous,26,M12,2,2,0.2,0.5,0.6,0.1,false,0.05,0.1,0.1,0.05,5426565517056906200.0,15,false,0.01905125747492284,0.05873842592592589,0.01905125747492284,0.01231654288837448,2,2,0.0,0.0,no_change_exp
no_change,heterogeneous,35,M33,2,2,0.2,0.5,0.6,0.1,false,0.05,0.1,0.1,0.05,1090914492034480130.0,15,false,0.01846828382201646,0.02343749999999999,0.01846828382201646,0.01452519504458163,3,3,0.0,0.0,no_change_exp
no_change,heterogeneous,35,M33,2,2,0.2,0.5,0.6,0.1,false,0.05,0.1,0.1,0.05,1320871896718902270.0,15,false,0.01846828382201646,0.02343749999999999,0.01846828382201646,0.01452519504458163,3,3,0.0,0.0,no_change_exp
no_change,heterogeneous,35,M33,2,2,0.2,0.5,0.6,0.1,false,0.05,0.1,0.1,0.05,5453185749262181400.0,15,false,0.01846828382201646,0.02343749999999999,0.01846828382201646,0.01452519504458163,3,3,0.0,0.0,no_change_exp
no_change,heterogeneous,35,M33,2,2,0.2,0.5,0.6,0.1,false,0.05,0.1,0.1,0.05,155683738326118400.0,15,false,0.01846828382201646,0.02343749999999999,0.01846828382201646,0.01452519504458163,3,3,0.0,0.0,no_change_exp
no_change,heterogeneous,35,M33,2,2,0.2,0.5,0.6,0.1,false,0.05,0.1,0.1,0.05,665120881524777980.0,15,false,0.01846828382201646,0.02343749999999999,0.01846828382201646,0.01452519504458163,3,3,0.0,0.0,no_change_exp
no_change,heterogeneous,35,M33,2,2,0.2,0.5,0.6,0.1,false,0.05,0.1,0.1,0.05,3994771543820171300.0,15,false,0.01846828382201646,0.02343749999999999,0.01846828382201646,0.01452519504458163,3,3,0.0,0.0,no_change_exp
no_change,heterogeneous,35,M33,2,2,0.2,0.5,0.6,0.1,false,0.05,0.1,0.1,0.05,2442854141697347600.0,15,false,0.01846828382201646,0.02343749999999999,0.01846828382201646,0.01452519504458163,3,3,0.0,0.0,no_change_exp
no_change,heterogeneous,35,M33,2,2,0.2,0.5,0.6,0.1,false,0.05,0.1,0.1,0.05,4276097475881837600.0,15,false,0.01846828382201646,0.02343749999999999,0.01846828382201646,0.01452519504458163,3,3,0.0,0.0,no_change_exp
no_change,heterogeneous,35,M33,2,2,0.2,0.5,0.6,0.1,false,0.05,0.1,0.1,0.05,8657843389930462200.0,15,false,0.01846828382201646,0.02343749999999999,0.01846828382201646,0.01452519504458163,3,3,0.0,0.0,no_change_exp
no_change,heterogeneous,35,M33,2,2,0.2,0.5,0.6,0.1,false,0.05,0.1,0.1,0.05,2938621291813641200.0,15,false,0.01846828382201646,0.02343749999999999,0.01846828382201646,0.01452519504458163,3,3,0.0,0.0,no_change_exp
no_change,heterogeneous,35,M33,2,2,0.2,0.5,0.6,0.1,false,0.05,0.1,0.1,0.05,9149399060651444200.0,15,false,0.01846828382201646,0.02343749999999999,0.01846828382201646,0.01452519504458163,3,3,0.0,0.0,no_change_exp
no_change,heterogeneous,35,M33,2,2,0.2,0.5,0.6,0.1,false,0.05,0.1,0.1,0.05,1854997042393619460.0,15,false,0.01846828382201646,0.02343749999999999,0.01846828382201646,0.01452519504458163,3,3,0.0,0.0,no_change_exp
no_change,heterogeneous,35,M33,2,2,0.2,0.5,0.6,0.1,false,0.05,0.1,0.1,0.05,6470298913336041500.0,15,false,0.01846828382201646,0.02343749999999999,0.01846828382201646,0.01452519504458163,3,3,0.0,0.0,no_change_exp
no_change,heterogeneous,35,M33,2,2,0.2,0.5,0.6,0.1,false,0.05,0.1,0.1,0.05,5426565517056906200.0,15,false,0.01846828382201646,0.02343749999999999,0.01846828382201646,0.01452519504458163,3,3,0.0,0.0,no_change_exp
no_change,heterogeneous,35,M33,2,2,0.2,0.5,0.6,0.1,false,0.05,0.1,0.1,0.05,383653232992354300.0,15,false,0.01846828382201646,0.02343749999999999,0.01846828382201646,0.01452519504458163,3,3,0.0,0.0,no_change_exp
no_change,heterogeneous,4,M5,3,3,0.2,0.5,0.6,0.1,false,0.05,0.1,0.1,0.05,1320871896718902270.0,15,false,0.03097746746875476,0.04706790123456809,0.03097746746875476,0.02461967497332723,4,4,0.0,0.0,no_change_exp
no_change,heterogeneous,4,M5,3,3,0.2,0.5,0.6,0.1,false,0.05,0.1,0.1,0.05,155683738326118400.0,15,false,0.03097746746875476,0.04706790123456809,0.03097746746875476,0.02461967497332723,4,4,0.0,0.0,no_change_exp
no_change,heterogeneous,4,M5,3,3,0.2,0.5,0.6,0.1,false,0.05,0.1,0.1,0.05,5453185749262181400.0,15,false,0.03097746746875476,0.04706790123456809,0.03097746746875476,0.02461967497332723,4,4,0.0,0.0,no_change_exp
no_change,heterogeneous,4,M5,3,3,0.2,0.5,0.6,0.1,false,0.05,0.1,0.1,0.05,1090914492034480130.0,15,false,0.03097746746875476,0.04706790123456809,0.03097746746875476,0.02461967497332723,4,4,0.0,0.0,no_change_exp
no_change,heterogeneous,4,M5,3,3,0.2,0.5,0.6,0.1,false,0.05,0.1,0.1,0.05,2442854141697347600.0,15,false,0.03097746746875476,0.04706790123456809,0.03097746746875476,0.02461967497332723,4,4,0.0,0.0,no_change_exp
no_change,heterogeneous,4,M5,3,3,0.2,0.5,0.6,0.1,false,0.05,0.1,0.1,0.05,665120881524777980.0,15,false,0.03097746746875476,0.04706790123456809,0.03097746746875476,0.02461967497332723,4,4,0.0,0.0,no_change_exp
no_change,heterogeneous,4,M5,3,3,0.2,0.5,0.6,0.1,false,0.05,0.1,0.1,0.05,4276097475881837600.0,15,false,0.03097746746875476,0.04706790123456809,0.03097746746875476,0.02461967497332723,4,4,0.0,0.0,no_change_exp
no_change,heterogeneous,4,M5,3,3,0.2,0.5,0.6,0.1,false,0.05,0.1,0.1,0.05,3994771543820171300.0,15,false,0.03097746746875476,0.04706790123456809,0.03097746746875476,0.02461967497332723,4,4,0.0,0.0,no_change_exp
no_change,heterogeneous,4,M5,3,3,0.2,0.5,0.6,0.1,false,0.05,0.1,0.1,0.05,8657843389930462200.0,15,false,0.03097746746875476,0.04706790123456809,0.03097746746875476,0.02461967497332723,4,4,0.0,0.0,no_change_exp
no_change,heterogeneous,4,M5,3,3,0.2,0.5,0.6,0.1,false,0.05,0.1,0.1,0.05,2938621291813641200.0,15,false,0.03097746746875476,0.04706790123456809,0.03097746746875476,0.02461967497332723,4,4,0.0,0.0,no_change_exp
no_change,heterogeneous,4,M5,3,3,0.2,0.5,0.6,0.1,false,0.05,0.1,0.1,0.05,1854997042393619460.0,15,false,0.03097746746875476,0.04706790123456809,0.03097746746875476,0.02461967497332723,4,4,0.0,0.0,no_change_exp
no_change,heterogeneous,4,M5,3,3,0.2,0.5,0.6,0.1,false,0.05,0.1,0.1,0.05,9149399060651444200.0,15,false,0.03097746746875476,0.04706790123456809,0.03097746746875476,0.02461967497332723,4,4,0.0,0.0,no_change_exp
no_change,heterogeneous,4,M5,3,3,0.2,0.5,0.6,0.1,false,0.05,0.1,0.1,0.05,5426565517056906200.0,15,false,0.03097746746875476,0.04706790123456809,0.03097746746875476,0.02461967497332723,4,4,0.0,0.0,no_change_exp
no_change,heterogeneous,4,M5,3,3,0.2,0.5,0.6,0.1,false,0.05,0.1,0.1,0.05,6470298913336041500.0,15,false,0.03097746746875476,0.04706790123456809,0.03097746746875476,0.02461967497332723,4,4,0.0,0.0,no_change_exp
no_change,heterogeneous,4,M5,3,3,0.2,0.5,0.6,0.1,false,0.05,0.1,0.1,0.05,383653232992354300.0,15,false,0.03097746746875476,0.04706790123456809,0.03097746746875476,0.02461967497332723,4,4,0.0,0.0,no_change_exp
no_change,homogeneous,38,H19,0,6,0.2,0.5,0.6,0.1,false,0.05,0.1,0.1,0.05,1090914492034480130.0,15,false,0.00801496443234644,0.04880401234567892,0.00801496443234644,0.00495050059061119,3,3,0.0,0.0,no_change_exp
no_change,homogeneous,38,H19,0,6,0.2,0.5,0.6,0.1,false,0.05,0.1,0.1,0.05,155683738326118400.0,15,false,0.00801496443234644,0.04880401234567892,0.00801496443234644,0.00495050059061119,3,3,0.0,0.0,no_change_exp
no_change,homogeneous,38,H19,0,6,0.2,0.5,0.6,0.1,false,0.05,0.1,0.1,0.05,1320871896718902270.0,15,false,0.00801496443234644,0.04880401234567892,0.00801496443234644,0.00495050059061119,3,3,0.0,0.0,no_change_exp
no_change,homogeneous,38,H19,0,6,0.2,0.5,0.6,0.1,false,0.05,0.1,0.1,0.05,5453185749262181400.0,15,false,0.00801496443234644,0.04880401234567892,0.00801496443234644,0.00495050059061119,3,3,0.0,0.0,no_change_exp
no_change,homogeneous,38,H19,0,6,0.2,0.5,0.6,0.1,false,0.05,0.1,0.1,0.05,2442854141697347600.0,15,false,0.00801496443234644,0.04880401234567892,0.00801496443234644,0.00495050059061119,3,3,0.0,0.0,no_change_exp
no_change,homogeneous,38,H19,0,6,0.2,0.5,0.6,0.1,false,0.05,0.1,0.1,0.05,3994771543820171300.0,15,false,0.00801496443234644,0.04880401234567892,0.00801496443234644,0.00495050059061119,3,3,0.0,0.0,no_change_exp
no_change,homogeneous,38,H19,0,6,0.2,0.5,0.6,0.1,false,0.05,0.1,0.1,0.05,665120881524777980.0,15,false,0.00801496443234644,0.04880401234567892,0.00801496443234644,0.00495050059061119,3,3,0.0,0.0,no_change_exp
no_change,homogeneous,38,H19,0,6,0.2,0.5,0.6,0.1,false,0.05,0.1,0.1,0.05,4276097475881837600.0,15,false,0.00801496443234644,0.04880401234567892,0.00801496443234644,0.00495050059061119,3,3,0.0,0.0,no_change_exp
no_change,homogeneous,38,H19,0,6,0.2,0.5,0.6,0.1,false,0.05,0.1,0.1,0.05,8657843389930462200.0,15,false,0.00801496443234644,0.04880401234567892,0.00801496443234644,0.00495050059061119,3,3,0.0,0.0,no_change_exp
no_change,homogeneous,38,H19,0,6,0.2,0.5,0.6,0.1,false,0.05,0.1,0.1,0.05,9149399060651444200.0,15,false,0.00801496443234644,0.04880401234567892,0.00801496443234644,0.00495050059061119,3,3,0.0,0.0,no_change_exp
no_change,homogeneous,38,H19,0,6,0.2,0.5,0.6,0.1,false,0.05,0.1,0.1,0.05,2938621291813641200.0,15,false,0.00801496443234644,0.04880401234567892,0.00801496443234644,0.00495050059061119,3,3,0.0,0.0,no_change_exp
no_change,homogeneous,38,H19,0,6,0.2,0.5,0.6,0.1,false,0.05,0.1,0.1,0.05,1854997042393619460.0,15,false,0.00801496443234644,0.04880401234567892,0.00801496443234644,0.00495050059061119,3,3,0.0,0.0,no_change_exp
no_change,homogeneous,38,H19,0,6,0.2,0.5,0.6,0.1,false,0.05,0.1,0.1,0.05,5426565517056906200.0,15,false,0.00801496443234644,0.04880401234567892,0.00801496443234644,0.00495050059061119,3,3,0.0,0.0,no_change_exp
no_change,homogeneous,38,H19,0,6,0.2,0.5,0.6,0.1,false,0.05,0.1,0.1,0.05,383653232992354300.0,15,false,0.00801496443234644,0.04880401234567892,0.00801496443234644,0.00495050059061119,3,3,0.0,0.0,no_change_exp
no_change,homogeneous,38,H19,0,6,0.2,0.5,0.6,0.1,false,0.05,0.1,0.1,0.05,6470298913336041500.0,15,false,0.00801496443234644,0.04880401234567892,0.00801496443234644,0.00495050059061119,3,3,0.0,0.0,no_change_exp
no_change,homogeneous,7,H4,0,4,0.2,0.5,0.6,0.1,false,0.05,0.1,0.1,0.05,155683738326118400.0,15,false,0.00232084297839506,0.05468749999999992,0.00232084297839506,0.00125862101813747,2,2,0.0,0.0,no_change_exp
no_change,homogeneous,7,H4,0,4,0.2,0.5,0.6,0.1,false,0.05,0.1,0.1,0.05,1090914492034480130.0,15,false,0.00232084297839506,0.05468749999999992,0.00232084297839506,0.00125862101813747,2,2,0.0,0.0,no_change_exp
no_change,homogeneous,7,H4,0,4,0.2,0.5,0.6,0.1,false,0.05,0.1,0.1,0.05,5453185749262181400.0,15,false,0.00232084297839506,0.05468749999999992,0.00232084297839506,0.00125862101813747,2,2,0.0,0.0,no_change_exp
no_change,homogeneous,7,H4,0,4,0.2,0.5,0.6,0.1,false,0.05,0.1,0.1,0.05,1320871896718902270.0,15,false,0.00232084297839506,0.05468749999999992,0.00232084297839506,0.00125862101813747,2,2,0.0,0.0,no_change_exp
no_change,homogeneous,7,H4,0,4,0.2,0.5,0.6,0.1,false,0.05,0.1,0.1,0.05,3994771543820171300.0,15,false,0.00232084297839506,0.05468749999999992,0.00232084297839506,0.00125862101813747,2,2,0.0,0.0,no_change_exp
no_change,homogeneous,7,H4,0,4,0.2,0.5,0.6,0.1,false,0.05,0.1,0.1,0.05,665120881524777980.0,15,false,0.00232084297839506,0.05468749999999992,0.00232084297839506,0.00125862101813747,2,2,0.0,0.0,no_change_exp
no_change,homogeneous,7,H4,0,4,0.2,0.5,0.6,0.1,false,0.05,0.1,0.1,0.05,2442854141697347600.0,15,false,0.00232084297839506,0.05468749999999992,0.00232084297839506,0.00125862101813747,2,2,0.0,0.0,no_change_exp
no_change,homogeneous,7,H4,0,4,0.2,0.5,0.6,0.1,false,0.05,0.1,0.1,0.05,4276097475881837600.0,15,false,0.00232084297839506,0.05468749999999992,0.00232084297839506,0.00125862101813747,2,2,0.0,0.0,no_change_exp
no_change,homogeneous,7,H4,0,4,0.2,0.5,0.6,0.1,false,0.05,0.1,0.1,0.05,2938621291813641200.0,15,false,0.00232084297839506,0.05468749999999992,0.00232084297839506,0.00125862101813747,2,2,0.0,0.0,no_change_exp
no_change,homogeneous,7,H4,0,4,0.2,0.5,0.6,0.1,false,0.05,0.1,0.1,0.05,8657843389930462200.0,15,false,0.00232084297839506,0.05468749999999992,0.00232084297839506,0.00125862101813747,2,2,0.0,0.0,no_change_exp
no_change,homogeneous,7,H4,0,4,0.2,0.5,0.6,0.1,false,0.05,0.1,0.1,0.05,1854997042393619460.0,15,false,0.00232084297839506,0.05468749999999992,0.00232084297839506,0.00125862101813747,2,2,0.0,0.0,no_change_exp
no_change,homogeneous,7,H4,0,4,0.2,0.5,0.6,0.1,false,0.05,0.1,0.1,0.05,9149399060651444200.0,15,false,0.00232084297839506,0.05468749999999992,0.00232084297839506,0.00125862101813747,2,2,0.0,0.0,no_change_exp
no_change,homogeneous,7,H4,0,4,0.2,0.5,0.6,0.1,false,0.05,0.1,0.1,0.05,6470298913336041500.0,15,false,0.00232084297839506,0.05468749999999992,0.00232084297839506,0.00125862101813747,2,2,0.0,0.0,no_change_exp
no_change,homogeneous,7,H4,0,4,0.2,0.5,0.6,0.1,false,0.05,0.1,0.1,0.05,5426565517056906200.0,15,false,0.00232084297839506,0.05468749999999992,0.00232084297839506,0.00125862101813747,2,2,0.0,0.0,no_change_exp
no_change,homogeneous,7,H4,0,4,0.2,0.5,0.6,0.1,false,0.05,0.1,0.1,0.05,383653232992354300.0,15,false,0.00232084297839506,0.05468749999999992,0.00232084297839506,0.00125862101813747,2,2,0.0,0.0,no_change_exp
no_change,homogeneous,33,H15,0,5,0.2,0.5,0.6,0.1,false,0.05,0.1,0.1,0.05,1090914492034480130.0,15,false,0.00240269204389574,0.04236111111111106,0.00240269204389574,0.0013119427297668,3,3,0.0,0.0,no_change_exp
no_change,homogeneous,33,H15,0,5,0.2,0.5,0.6,0.1,false,0.05,0.1,0.1,0.05,155683738326118400.0,15,false,0.00240269204389574,0.04236111111111106,0.00240269204389574,0.0013119427297668,3,3,0.0,0.0,no_change_exp
no_change,homogeneous,33,H15,0,5,0.2,0.5,0.6,0.1,false,0.05,0.1,0.1,0.05,5453185749262181400.0,15,false,0.00240269204389574,0.04236111111111106,0.00240269204389574,0.0013119427297668,3,3,0.0,0.0,no_change_exp
no_change,homogeneous,33,H15,0,5,0.2,0.5,0.6,0.1,false,0.05,0.1,0.1,0.05,1320871896718902270.0,15,false,0.00240269204389574,0.04236111111111106,0.00240269204389574,0.0013119427297668,3,3,0.0,0.0,no_change_exp
no_change,homogeneous,33,H15,0,5,0.2,0.5,0.6,0.1,false,0.05,0.1,0.1,0.05,4276097475881837600.0,15,false,0.00240269204389574,0.04236111111111106,0.00240269204389574,0.0013119427297668,3,3,0.0,0.0,no_change_exp
no_change,homogeneous,33,H15,0,5,0.2,0.5,0.6,0.1,false,0.05,0.1,0.1,0.05,665120881524777980.0,15,false,0.00240269204389574,0.04236111111111106,0.00240269204389574,0.0013119427297668,3,3,0.0,0.0,no_change_exp
no_change,homogeneous,33,H15,0,5,0.2,0.5,0.6,0.1,false,0.05,0.1,0.1,0.05,3994771543820171300.0,15,false,0.00240269204389574,0.04236111111111106,0.00240269204389574,0.0013119427297668,3,3,0.0,0.0,no_change_exp
no_change,homogeneous,33,H15,0,5,0.2,0.5,0.6,0.1,false,0.05,0.1,0.1,0.05,2442854141697347600.0,15,false,0.00240269204389574,0.04236111111111106,0.00240269204389574,0.0013119427297668,3,3,0.0,0.0,no_change_exp
no_change,homogeneous,33,H15,0,5,0.2,0.5,0.6,0.1,false,0.05,0.1,0.1,0.05,8657843389930462200.0,15,false,0.00240269204389574,0.04236111111111106,0.00240269204389574,0.0013119427297668,3,3,0.0,0.0,no_change_exp
no_change,homogeneous,33,H15,0,5,0.2,0.5,0.6,0.1,false,0.05,0.1,0.1,0.05,2938621291813641200.0,15,false,0.00240269204389574,0.04236111111111106,0.00240269204389574,0.0013119427297668,3,3,0.0,0.0,no_change_exp
no_change,homogeneous,33,H15,0,5,0.2,0.5,0.6,0.1,false,0.05,0.1,0.1,0.05,9149399060651444200.0,15,false,0.00240269204389574,0.04236111111111106,0.00240269204389574,0.0013119427297668,3,3,0.0,0.0,no_change_exp
no_change,homogeneous,33,H15,0,5,0.2,0.5,0.6,0.1,false,0.05,0.1,0.1,0.05,1854997042393619460.0,15,false,0.00240269204389574,0.04236111111111106,0.00240269204389574,0.0013119427297668,3,3,0.0,0.0,no_change_exp
no_change,homogeneous,33,H15,0,5,0.2,0.5,0.6,0.1,false,0.05,0.1,0.1,0.05,383653232992354300.0,15,false,0.00240269204389574,0.04236111111111106,0.00240269204389574,0.0013119427297668,3,3,0.0,0.0,no_change_exp
no_change,homogeneous,33,H15,0,5,0.2,0.5,0.6,0.1,false,0.05,0.1,0.1,0.05,6470298913336041500.0,15,false,0.00240269204389574,0.04236111111111106,0.00240269204389574,0.0013119427297668,3,3,0.0,0.0,no_change_exp
no_change,homogeneous,33,H15,0,5,0.2,0.5,0.6,0.1,false,0.05,0.1,0.1,0.05,5426565517056906200.0,15,false,0.00240269204389574,0.04236111111111106,0.00240269204389574,0.0013119427297668,3,3,0.0,0.0,no_change_exp
no_change,heterogeneous,6,M7,3,3,0.2,0.5,0.6,0.1,false,0.05,0.1,0.1,0.05,1320871896718902270.0,15,false,0.03543339668114619,0.05960648148148123,0.03543339668114619,0.02708404778235028,4,4,0.0,0.0,no_change_exp
no_change,heterogeneous,6,M7,3,3,0.2,0.5,0.6,0.1,false,0.05,0.1,0.1,0.05,5453185749262181400.0,15,false,0.03543339668114619,0.05960648148148123,0.03543339668114619,0.02708404778235028,4,4,0.0,0.0,no_change_exp
no_change,heterogeneous,6,M7,3,3,0.2,0.5,0.6,0.1,false,0.05,0.1,0.1,0.05,1090914492034480130.0,15,false,0.03543339668114619,0.05960648148148123,0.03543339668114619,0.02708404778235028,4,4,0.0,0.0,no_change_exp
no_change,heterogeneous,6,M7,3,3,0.2,0.5,0.6,0.1,false,0.05,0.1,0.1,0.05,155683738326118400.0,15,false,0.03543339668114619,0.05960648148148123,0.03543339668114619,0.02708404778235028,4,4,0.0,0.0,no_change_exp
no_change,heterogeneous,6,M7,3,3,0.2,0.5,0.6,0.1,false,0.05,0.1,0.1,0.05,665120881524777980.0,15,false,0.03543339668114619,0.05960648148148123,0.03543339668114619,0.02708404778235028,4,4,0.0,0.0,no_change_exp
no_change,heterogeneous,6,M7,3,3,0.2,0.5,0.6,0.1,false,0.05,0.1,0.1,0.05,3994771543820171300.0,15,false,0.03543339668114619,0.05960648148148123,0.03543339668114619,0.02708404778235028,4,4,0.0,0.0,no_change_exp
no_change,heterogeneous,6,M7,3,3,0.2,0.5,0.6,0.1,false,0.05,0.1,0.1,0.05,2442854141697347600.0,15,false,0.03543339668114619,0.05960648148148123,0.03543339668114619,0.02708404778235028,4,4,0.0,0.0,no_change_exp
no_change,heterogeneous,6,M7,3,3,0.2,0.5,0.6,0.1,false,0.05,0.1,0.1,0.05,4276097475881837600.0,15,false,0.03543339668114619,0.05960648148148123,0.03543339668114619,0.02708404778235028,4,4,0.0,0.0,no_change_exp
no_change,heterogeneous,6,M7,3,3,0.2,0.5,0.6,0.1,false,0.05,0.1,0.1,0.05,2938621291813641200.0,15,false,0.03543339668114619,0.05960648148148123,0.03543339668114619,0.02708404778235028,4,4,0.0,0.0,no_change_exp
no_change,heterogeneous,6,M7,3,3,0.2,0.5,0.6,0.1,false,0.05,0.1,0.1,0.05,9149399060651444200.0,15,false,0.03543339668114619,0.05960648148148123,0.03543339668114619,0.02708404778235028,4,4,0.0,0.0,no_change_exp
no_change,heterogeneous,6,M7,3,3,0.2,0.5,0.6,0.1,false,0.05,0.1,0.1,0.05,1854997042393619460.0,15,false,0.03543339668114619,0.05960648148148123,0.03543339668114619,0.02708404778235028,4,4,0.0,0.0,no_change_exp
no_change,heterogeneous,6,M7,3,3,0.2,0.5,0.6,0.1,false,0.05,0.1,0.1,0.05,8657843389930462200.0,15,false,0.03543339668114619,0.05960648148148123,0.03543339668114619,0.02708404778235028,4,4,0.0,0.0,no_change_exp
no_change,heterogeneous,6,M7,3,3,0.2,0.5,0.6,0.1,false,0.05,0.1,0.1,0.05,5426565517056906200.0,15,false,0.03543339668114619,0.05960648148148123,0.03543339668114619,0.02708404778235028,4,4,0.0,0.0,no_change_exp
no_change,heterogeneous,6,M7,3,3,0.2,0.5,0.6,0.1,false,0.05,0.1,0.1,0.05,6470298913336041500.0,15,false,0.03543339668114619,0.05960648148148123,0.03543339668114619,0.02708404778235028,4,4,0.0,0.0,no_change_exp
no_change,heterogeneous,6,M7,3,3,0.2,0.5,0.6,0.1,false,0.05,0.1,0.1,0.05,383653232992354300.0,15,false,0.03543339668114619,0.05960648148148123,0.03543339668114619,0.02708404778235028,4,4,0.0,0.0,no_change_exp
no_change,heterogeneous,28,M18,3,3,0.2,0.5,0.6,0.1,false,0.05,0.1,0.1,0.05,1090914492034480130.0,15,false,0.00977608125904969,0.03317901234567903,0.00977608125904969,0.00742987682898949,3,3,0.0,0.0,no_change_exp
no_change,heterogeneous,28,M18,3,3,0.2,0.5,0.6,0.1,false,0.05,0.1,0.1,0.05,155683738326118400.0,15,false,0.00977608125904969,0.03317901234567903,0.00977608125904969,0.00742987682898949,3,3,0.0,0.0,no_change_exp
no_change,heterogeneous,28,M18,3,3,0.2,0.5,0.6,0.1,false,0.05,0.1,0.1,0.05,1320871896718902270.0,15,false,0.00977608125904969,0.03317901234567903,0.00977608125904969,0.00742987682898949,3,3,0.0,0.0,no_change_exp
no_change,heterogeneous,28,M18,3,3,0.2,0.5,0.6,0.1,false,0.05,0.1,0.1,0.05,5453185749262181400.0,15,false,0.00977608125904969,0.03317901234567903,0.00977608125904969,0.00742987682898949,3,3,0.0,0.0,no_change_exp
no_change,heterogeneous,28,M18,3,3,0.2,0.5,0.6,0.1,false,0.05,0.1,0.1,0.05,4276097475881837600.0,15,false,0.00977608125904969,0.03317901234567903,0.00977608125904969,0.00742987682898949,3,3,0.0,0.0,no_change_exp
no_change,heterogeneous,28,M18,3,3,0.2,0.5,0.6,0.1,false,0.05,0.1,0.1,0.05,2442854141697347600.0,15,false,0.00977608125904969,0.03317901234567903,0.00977608125904969,0.00742987682898949,3,3,0.0,0.0,no_change_exp
no_change,heterogeneous,28,M18,3,3,0.2,0.5,0.6,0.1,false,0.05,0.1,0.1,0.05,3994771543820171300.0,15,false,0.00977608125904969,0.03317901234567903,0.00977608125904969,0.00742987682898949,3,3,0.0,0.0,no_change_exp
no_change,heterogeneous,28,M18,3,3,0.2,0.5,0.6,0.1,false,0.05,0.1,0.1,0.05,665120881524777980.0,15,false,0.00977608125904969,0.03317901234567903,0.00977608125904969,0.00742987682898949,3,3,0.0,0.0,no_change_exp
no_change,heterogeneous,28,M18,3,3,0.2,0.5,0.6,0.1,false,0.05,0.1,0.1,0.05,1854997042393619460.0,15,false,0.00977608125904969,0.03317901234567903,0.00977608125904969,0.00742987682898949,3,3,0.0,0.0,no_change_exp
no_change,heterogeneous,28,M18,3,3,0.2,0.5,0.6,0.1,false,0.05,0.1,0.1,0.05,9149399060651444200.0,15,false,0.00977608125904969,0.03317901234567903,0.00977608125904969,0.00742987682898949,3,3,0.0,0.0,no_change_exp
no_change,heterogeneous,28,M18,3,3,0.2,0.5,0.6,0.1,false,0.05,0.1,0.1,0.05,2938621291813641200.0,15,false,0.00977608125904969,0.03317901234567903,0.00977608125904969,0.00742987682898949,3,3,0.0,0.0,no_change_exp
no_change,heterogeneous,28,M18,3,3,0.2,0.5,0.6,0.1,false,0.05,0.1,0.1,0.05,8657843389930462200.0,15,false,0.00977608125904969,0.03317901234567903,0.00977608125904969,0.00742987682898949,3,3,0.0,0.0,no_change_exp
no_change,heterogeneous,28,M18,3,3,0.2,0.5,0.6,0.1,false,0.05,0.1,0.1,0.05,6470298913336041500.0,15,false,0.00977608125904969,0.03317901234567903,0.00977608125904969,0.00742987682898949,3,3,0.0,0.0,no_change_exp
no_change,heterogeneous,28,M18,3,3,0.2,0.5,0.6,0.1,false,0.05,0.1,0.1,0.05,383653232992354300.0,15,false,0.00977608125904969,0.03317901234567903,0.00977608125904969,0.00742987682898949,3,3,0.0,0.0,no_change_exp
no_change,heterogeneous,28,M18,3,3,0.2,0.5,0.6,0.1,false,0.05,0.1,0.1,0.05,5426565517056906200.0,15,false,0.00977608125904969,0.03317901234567903,0.00977608125904969,0.00742987682898949,3,3,0.0,0.0,no_change_exp
no_change,homogeneous,29,H14,0,4,0.2,0.5,0.6,0.1,false,0.05,0.1,0.1,0.05,1320871896718902270.0,15,false,0.00370154361175412,0.0465856481481481,0.00370154361175412,0.00276465721926917,2,2,0.0,0.0,no_change_exp
no_change,homogeneous,29,H14,0,4,0.2,0.5,0.6,0.1,false,0.05,0.1,0.1,0.05,1090914492034480130.0,15,false,0.00370154361175412,0.0465856481481481,0.00370154361175412,0.00276465721926917,2,2,0.0,0.0,no_change_exp
no_change,homogeneous,29,H14,0,4,0.2,0.5,0.6,0.1,false,0.05,0.1,0.1,0.05,5453185749262181400.0,15,false,0.00370154361175412,0.0465856481481481,0.00370154361175412,0.00276465721926917,2,2,0.0,0.0,no_change_exp
no_change,homogeneous,29,H14,0,4,0.2,0.5,0.6,0.1,false,0.05,0.1,0.1,0.05,155683738326118400.0,15,false,0.00370154361175412,0.0465856481481481,0.00370154361175412,0.00276465721926917,2,2,0.0,0.0,no_change_exp
no_change,homogeneous,29,H14,0,4,0.2,0.5,0.6,0.1,false,0.05,0.1,0.1,0.05,3994771543820171300.0,15,false,0.00370154361175412,0.0465856481481481,0.00370154361175412,0.00276465721926917,2,2,0.0,0.0,no_change_exp
no_change,homogeneous,29,H14,0,4,0.2,0.5,0.6,0.1,false,0.05,0.1,0.1,0.05,665120881524777980.0,15,false,0.00370154361175412,0.0465856481481481,0.00370154361175412,0.00276465721926917,2,2,0.0,0.0,no_change_exp
no_change,homogeneous,29,H14,0,4,0.2,0.5,0.6,0.1,false,0.05,0.1,0.1,0.05,4276097475881837600.0,15,false,0.00370154361175412,0.0465856481481481,0.00370154361175412,0.00276465721926917,2,2,0.0,0.0,no_change_exp
no_change,homogeneous,29,H14,0,4,0.2,0.5,0.6,0.1,false,0.05,0.1,0.1,0.05,2442854141697347600.0,15,false,0.00370154361175412,0.0465856481481481,0.00370154361175412,0.00276465721926917,2,2,0.0,0.0,no_change_exp
no_change,homogeneous,29,H14,0,4,0.2,0.5,0.6,0.1,false,0.05,0.1,0.1,0.05,2938621291813641200.0,15,false,0.00370154361175412,0.0465856481481481,0.00370154361175412,0.00276465721926917,2,2,0.0,0.0,no_change_exp
no_change,homogeneous,29,H14,0,4,0.2,0.5,0.6,0.1,false,0.05,0.1,0.1,0.05,8657843389930462200.0,15,false,0.00370154361175412,0.0465856481481481,0.00370154361175412,0.00276465721926917,2,2,0.0,0.0,no_change_exp
no_change,homogeneous,29,H14,0,4,0.2,0.5,0.6,0.1,false,0.05,0.1,0.1,0.05,1854997042393619460.0,15,false,0.00370154361175412,0.0465856481481481,0.00370154361175412,0.00276465721926917,2,2,0.0,0.0,no_change_exp
no_change,homogeneous,29,H14,0,4,0.2,0.5,0.6,0.1,false,0.05,0.1,0.1,0.05,9149399060651444200.0,15,false,0.00370154361175412,0.0465856481481481,0.00370154361175412,0.00276465721926917,2,2,0.0,0.0,no_change_exp
no_change,homogeneous,29,H14,0,4,0.2,0.5,0.6,0.1,false,0.05,0.1,0.1,0.05,6470298913336041500.0,15,false,0.00370154361175412,0.0465856481481481,0.00370154361175412,0.00276465721926917,2,2,0.0,0.0,no_change_exp
no_change,homogeneous,29,H14,0,4,0.2,0.5,0.6,0.1,false,0.05,0.1,0.1,0.05,5426565517056906200.0,15,false,0.00370154361175412,0.0465856481481481,0.00370154361175412,0.00276465721926917,2,2,0.0,0.0,no_change_exp
no_change,homogeneous,29,H14,0,4,0.2,0.5,0.6,0.1,false,0.05,0.1,0.1,0.05,383653232992354300.0,15,false,0.00370154361175412,0.0465856481481481,0.00370154361175412,0.00276465721926917,2,2,0.0,0.0,no_change_exp
no_change,homogeneous,23,H11,0,5,0.2,0.5,0.6,0.1,false,0.05,0.1,0.1,0.05,5453185749262181400.0,15,false,0.01309938700274348,0.03888888888888879,0.01309938700274348,0.00760566700960218,4,4,0.0,0.0,no_change_exp
no_change,homogeneous,23,H11,0,5,0.2,0.5,0.6,0.1,false,0.05,0.1,0.1,0.05,1320871896718902270.0,15,false,0.01309938700274348,0.03888888888888879,0.01309938700274348,0.00760566700960218,4,4,0.0,0.0,no_change_exp
no_change,homogeneous,23,H11,0,5,0.2,0.5,0.6,0.1,false,0.05,0.1,0.1,0.05,1090914492034480130.0,15,false,0.01309938700274348,0.03888888888888879,0.01309938700274348,0.00760566700960218,4,4,0.0,0.0,no_change_exp
no_change,homogeneous,23,H11,0,5,0.2,0.5,0.6,0.1,false,0.05,0.1,0.1,0.05,155683738326118400.0,15,false,0.01309938700274348,0.03888888888888879,0.01309938700274348,0.00760566700960218,4,4,0.0,0.0,no_change_exp
no_change,homogeneous,23,H11,0,5,0.2,0.5,0.6,0.1,false,0.05,0.1,0.1,0.05,4276097475881837600.0,15,false,0.01309938700274348,0.03888888888888879,0.01309938700274348,0.00760566700960218,4,4,0.0,0.0,no_change_exp
no_change,homogeneous,23,H11,0,5,0.2,0.5,0.6,0.1,false,0.05,0.1,0.1,0.05,3994771543820171300.0,15,false,0.01309938700274348,0.03888888888888879,0.01309938700274348,0.00760566700960218,4,4,0.0,0.0,no_change_exp
no_change,homogeneous,23,H11,0,5,0.2,0.5,0.6,0.1,false,0.05,0.1,0.1,0.05,665120881524777980.0,15,false,0.01309938700274348,0.03888888888888879,0.01309938700274348,0.00760566700960218,4,4,0.0,0.0,no_change_exp
no_change,homogeneous,23,H11,0,5,0.2,0.5,0.6,0.1,false,0.05,0.1,0.1,0.05,2442854141697347600.0,15,false,0.01309938700274348,0.03888888888888879,0.01309938700274348,0.00760566700960218,4,4,0.0,0.0,no_change_exp
no_change,homogeneous,23,H11,0,5,0.2,0.5,0.6,0.1,false,0.05,0.1,0.1,0.05,8657843389930462200.0,15,false,0.01309938700274348,0.03888888888888879,0.01309938700274348,0.00760566700960218,4,4,0.0,0.0,no_change_exp
no_change,homogeneous,23,H11,0,5,0.2,0.5,0.6,0.1,false,0.05,0.1,0.1,0.05,2938621291813641200.0,15,false,0.01309938700274348,0.03888888888888879,0.01309938700274348,0.00760566700960218,4,4,0.0,0.0,no_change_exp
no_change,homogeneous,23,H11,0,5,0.2,0.5,0.6,0.1,false,0.05,0.1,0.1,0.05,1854997042393619460.0,15,false,0.01309938700274348,0.03888888888888879,0.01309938700274348,0.00760566700960218,4,4,0.0,0.0,no_change_exp
no_change,homogeneous,23,H11,0,5,0.2,0.5,0.6,0.1,false,0.05,0.1,0.1,0.05,9149399060651444200.0,15,false,0.01309938700274348,0.03888888888888879,0.01309938700274348,0.00760566700960218,4,4,0.0,0.0,no_change_exp
no_change,homogeneous,23,H11,0,5,0.2,0.5,0.6,0.1,false,0.05,0.1,0.1,0.05,6470298913336041500.0,15,false,0.01309938700274348,0.03888888888888879,0.01309938700274348,0.00760566700960218,4,4,0.0,0.0,no_change_exp
no_change,homogeneous,23,H11,0,5,0.2,0.5,0.6,0.1,false,0.05,0.1,0.1,0.05,5426565517056906200.0,15,false,0.01309938700274348,0.03888888888888879,0.01309938700274348,0.00760566700960218,4,4,0.0,0.0,no_change_exp
no_change,homogeneous,23,H11,0,5,0.2,0.5,0.6,0.1,false,0.05,0.1,0.1,0.05,383653232992354300.0,15,false,0.01309938700274348,0.03888888888888879,0.01309938700274348,0.00760566700960218,4,4,0.0,0.0,no_change_exp
