model_type,current_condition,selected_debate_id,debate_label,current_experiment_id,use_distinct_agents,speaking_mode,pro_count,seed,anti_count,convergence_rate,confidence_threshold,repulsion_threshold,repulsion_strength,convergence_rate_sd,confidence_threshold_sd,repulsion_threshold_sd,repulsion_strength_sd,convergence_cycle,initial_variance,mae,opinion_variance,polarization_index,num_clusters,initial_num_clusters,neutral_zone_width,mean_net_repulsion_abs
clustering,heterogeneous,9,M9,clst_dist_nospeak,true,false,0,6905470370856337400.0,0,0.05,0.2,0.0,0.0,0.0,0.0,0.0,0.0,15,0.01965549714934841,0.04327458787991732,0.01904759155090125,0.01545739867030638,2,3,0.0,0.0
clustering,heterogeneous,9,M9,clst_dist_nospeak,true,false,0,8636175130330607600.0,0,0.05,0.2,0.0,0.0,0.0,0.0,0.0,0.0,15,0.01965549714934841,0.04327458787991732,0.01904759155090125,0.01545739867030638,2,3,0.0,0.0
clustering,homogeneous,33,H15,clst_dist_nospeak,true,false,0,4692690466958798800.0,0,0.05,0.2,0.0,0.0,0.2,0.0,0.0,0.0,15,0.00240269204389574,0.04661332110872618,0.00160116044156399,0.00111080430908833,2,3,0.0,0.0
clustering,homogeneous,33,H15,clst_dist_nospeak,true,false,0,6905470370856337400.0,0,0.05,0.2,0.0,0.0,0.2,0.0,0.0,0.0,15,0.00240269204389574,0.04661332110872618,0.00160116044156399,0.00111080430908833,2,3,0.0,0.0
clustering,heterogeneous,9,M9,clst_dist_nospeak,true,false,0,4692690466958798800.0,0,0.05,0.2,0.0,0.0,0.0,0.0,0.0,0.0,15,0.01965549714934841,0.04327458787991732,0.01904759155090125,0.01545739867030638,2,3,0.0,0.0
consensus,homogeneous,33,H15,cons_dist_nospeak,true,false,0,8803618445054126100.0,0,0.05,0.0,0.0,0.0,0.0,0.0,0.0,0.0,30,0.00240269204389574,0.03598134858310344,0.0001124519423749,0.00006122637100381,1,3,0.0,0.0
clustering,homogeneous,41,H20,clst_dist_nospeak,true,false,0,4692690466958798800.0,0,0.5,0.8,0.0,0.0,0.2,0.0,0.0,0.0,15,0.00048024369855967,0.06845900928111136,0.00000000066360411,0.00000000000432002,1,1,0.0,0.0
clustering,homogeneous,41,H20,clst_dist_nospeak,true,false,0,6905470370856337400.0,0,0.5,0.8,0.0,0.0,0.2,0.0,0.0,0.0,15,0.00048024369855967,0.06845900928111136,0.00000000066360411,0.00000000000432002,1,1,0.0,0.0
consensus,heterogeneous,1,M1,cons_dist_nospeak,true,false,0,7240713591891685400.0,0,0.5,0.0,0.0,0.0,0.0,0.0,0.0,0.0,15,0.0306388856143309,0.17591654113482155,0.0000000957460638,0.00000000012142792,1,3,0.0,0.0
clustering,homogeneous,24,H12,clst_dist_nospeak,true,false,0,7139002048363152400.0,0,0.5,0.8,0.0,0.0,0.2,0.3,0.0,0.0,15,0.00771504468878602,0.08159626444171207,0.00000030645621337,0.00000000173579984,1,3,0.0,0.0
clustering,homogeneous,41,H20,clst_dist_nospeak,true,false,0,7240713591891685400.0,0,0.5,0.8,0.0,0.0,0.2,0.0,0.0,0.0,15,0.00048024369855967,0.06845900928111136,0.00000000066360411,0.00000000000432002,1,1,0.0,0.0
consensus,homogeneous,33,H15,cons_dist_nospeak,true,false,0,7043372089166577700.0,0,0.05,0.0,0.0,0.0,0.0,0.0,0.0,0.0,30,0.00240269204389574,0.03598134858310344,0.0001124519423749,0.00006122637100381,1,3,0.0,0.0
clustering,homogeneous,33,H15,clst_dist_nospeak,true,false,0,7139002048363152400.0,0,0.05,0.2,0.0,0.0,0.2,0.0,0.0,0.0,15,0.00240269204389574,0.04661332110872618,0.00160116044156399,0.00111080430908833,2,3,0.0,0.0
consensus,heterogeneous,1,M1,cons_dist_nospeak,true,false,0,7139002048363152400.0,0,0.5,0.0,0.0,0.0,0.0,0.0,0.0,0.0,15,0.0306388856143309,0.17591654113482155,0.0000000957460638,0.00000000012142792,1,3,0.0,0.0
consensus,homogeneous,33,H15,cons_dist_nospeak,true,false,0,6905470370856337400.0,0,0.05,0.0,0.0,0.0,0.0,0.0,0.0,0.0,30,0.00240269204389574,0.03598134858310344,0.0001124519423749,0.00006122637100381,1,3,0.0,0.0
clustering,homogeneous,33,H15,clst_dist_nospeak,true,false,0,8636175130330607600.0,0,0.05,0.2,0.0,0.0,0.2,0.0,0.0,0.0,15,0.00240269204389574,0.04661332110872618,0.00160116044156399,0.00111080430908833,2,3,0.0,0.0
clustering,heterogeneous,9,M9,clst_dist_nospeak,true,false,0,7240713591891685400.0,0,0.05,0.2,0.0,0.0,0.0,0.0,0.0,0.0,15,0.01965549714934841,0.04327458787991732,0.01904759155090125,0.01545739867030638,2,3,0.0,0.0
consensus,homogeneous,33,H15,cons_dist_nospeak,true,false,0,7128893484183252000.0,0,0.05,0.0,0.0,0.0,0.0,0.0,0.0,0.0,30,0.00240269204389574,0.03598134858310344,0.0001124519423749,0.00006122637100381,1,3,0.0,0.0
clustering,heterogeneous,1,M1,clst_ndist_nospeak,false,false,0,7240713591891685400.0,0,0.5,0.2,0.0,0.0,0.05,0.1,0.1,0.05,15,0.0306388856143309,0.05069016037706259,0.02918832149798085,0.02802088255850488,2,3,0.0,0.0
clustering,homogeneous,24,H12,clst_dist_nospeak,true,false,0,7240713591891685400.0,0,0.5,0.8,0.0,0.0,0.2,0.3,0.0,0.0,15,0.00771504468878602,0.08159626444171207,0.00000030645621337,0.00000000173579984,1,3,0.0,0.0
clustering,homogeneous,24,H12,clst_dist_nospeak,true,false,0,6905470370856337400.0,0,0.5,0.8,0.0,0.0,0.2,0.3,0.0,0.0,15,0.00771504468878602,0.08159626444171207,0.00000030645621337,0.00000000173579984,1,3,0.0,0.0
no_change,homogeneous,42,H21,no_change_exp,false,false,0,7139002048363152400.0,0,0.2,0.5,0.6,0.1,0.05,0.1,0.1,0.05,15,0.00128224062821502,0.03674768518518524,0.00128224062821502,0.00072669139851013,1,1,0.0,0.0
consensus,homogeneous,33,H15,cons_dist_nospeak,true,false,0,5702577027890589700.0,0,0.05,0.0,0.0,0.0,0.0,0.0,0.0,0.0,30,0.00240269204389574,0.03598134858310344,0.0001124519423749,0.00006122637100381,1,3,0.0,0.0
clustering,homogeneous,41,H20,clst_dist_nospeak,true,false,0,8636175130330607600.0,0,0.5,0.8,0.0,0.0,0.2,0.0,0.0,0.0,15,0.00048024369855967,0.06845900928111136,0.00000000066360411,0.00000000000432002,1,1,0.0,0.0
clustering,heterogeneous,1,M1,clst_ndist_nospeak,false,false,0,6905470370856337400.0,0,0.5,0.2,0.0,0.0,0.05,0.1,0.1,0.05,15,0.0306388856143309,0.05069016037706259,0.02918832149798085,0.02802088255850488,2,3,0.0,0.0
clustering,heterogeneous,21,M27,clst_ndist_nospeak,false,false,0,8636175130330607600.0,0,0.5,0.2,0.0,0.0,0.05,0.1,0.1,0.05,15,0.01066925416285628,0.0827545623726544,0.00000000133581121,0.00000000000017837,1,4,0.0,0.0
no_change,heterogeneous,9,M9,no_change_exp,false,false,0,8636175130330607600.0,0,0.2,0.5,0.6,0.1,0.05,0.1,0.1,0.05,15,0.01965549714934841,0.04861111111111123,0.01965549714934841,0.01170163299230299,3,3,0.0,0.0
consensus,homogeneous,24,H12,cons_dist_nospeak,true,false,0,6905470370856337400.0,0,0.05,0.0,0.0,0.0,0.0,0.0,0.0,0.0,45,0.00771504468878602,0.04393850673809745,0.00013089304260341,0.00006965826204467,1,3,0.0,0.0
consensus,homogeneous,33,H15,cons_dist_nospeak,true,false,0,4477927936947039200.0,0,0.05,0.0,0.0,0.0,0.0,0.0,0.0,0.0,30,0.00240269204389574,0.03598134858310344,0.0001124519423749,0.00006122637100381,1,3,0.0,0.0
no_change,homogeneous,42,H21,no_change_exp,false,false,0,7240713591891685400.0,0,0.2,0.5,0.6,0.1,0.05,0.1,0.1,0.05,15,0.00128224062821502,0.03674768518518524,0.00128224062821502,0.00072669139851013,1,1,0.0,0.0
consensus,homogeneous,33,H15,cons_dist_nospeak,true,false,0,1841142524168585220.0,0,0.05,0.0,0.0,0.0,0.0,0.0,0.0,0.0,30,0.00240269204389574,0.03598134858310344,0.0001124519423749,0.00006122637100381,1,3,0.0,0.0
clustering,homogeneous,17,H7,clst_ndist_nospeak,false,false,0,8636175130330607600.0,0,0.5,0.2,0.0,0.0,0.05,0.1,0.1,0.05,15,0.00399529565091067,0.03625757817669726,0.00000000022739293,0.00000000000004228,1,3,0.0,0.0
consensus,homogeneous,33,H15,cons_dist_nospeak,true,false,0,4692690466958798800.0,0,0.05,0.0,0.0,0.0,0.0,0.0,0.0,0.0,30,0.00240269204389574,0.03598134858310344,0.0001124519423749,0.00006122637100381,1,3,0.0,0.0
consensus,homogeneous,33,H15,cons_dist_nospeak,true,false,0,4398895106259038200.0,0,0.05,0.0,0.0,0.0,0.0,0.0,0.0,0.0,30,0.00240269204389574,0.03598134858310344,0.0001124519423749,0.00006122637100381,1,3,0.0,0.0
clustering,homogeneous,41,H20,clst_dist_nospeak,true,false,0,7139002048363152400.0,0,0.5,0.8,0.0,0.0,0.2,0.0,0.0,0.0,15,0.00048024369855967,0.06845900928111136,0.00000000066360411,0.00000000000432002,1,1,0.0,0.0
clustering,homogeneous,33,H15,clst_dist_nospeak,true,false,0,7240713591891685400.0,0,0.05,0.2,0.0,0.0,0.2,0.0,0.0,0.0,15,0.00240269204389574,0.04661332110872618,0.00160116044156399,0.00111080430908833,2,3,0.0,0.0
no_change,heterogeneous,28,M18,no_change_exp,false,false,0,7240713591891685400.0,0,0.2,0.5,0.6,0.1,0.05,0.1,0.1,0.05,15,0.00977608125904969,0.03317901234567903,0.00977608125904969,0.00742987682898949,3,3,0.0,0.0
no_change,heterogeneous,21,M27,no_change_exp,false,false,0,4692690466958798800.0,0,0.2,0.5,0.6,0.1,0.05,0.1,0.1,0.05,15,0.01066925416285628,0.02681327160493835,0.01066925416285628,0.00778725613473558,4,4,0.0,0.0
no_change,heterogeneous,21,M27,no_change_exp,false,false,0,7240713591891685400.0,0,0.2,0.5,0.6,0.1,0.05,0.1,0.1,0.05,15,0.01066925416285628,0.02681327160493835,0.01066925416285628,0.00778725613473558,4,4,0.0,0.0
clustering,homogeneous,17,H7,clst_ndist_nospeak,false,false,0,6905470370856337400.0,0,0.5,0.2,0.0,0.0,0.05,0.1,0.1,0.05,15,0.00399529565091067,0.03625757817669726,0.00000000022739293,0.00000000000004228,1,3,0.0,0.0
clustering,heterogeneous,21,M27,clst_ndist_nospeak,false,false,0,4692690466958798800.0,0,0.5,0.2,0.0,0.0,0.05,0.1,0.1,0.05,15,0.01066925416285628,0.0827545623726544,0.00000000133581121,0.00000000000017837,1,4,0.0,0.0
no_change,heterogeneous,9,M9,no_change_exp,false,false,0,4692690466958798800.0,0,0.2,0.5,0.6,0.1,0.05,0.1,0.1,0.05,15,0.01965549714934841,0.04861111111111123,0.01965549714934841,0.01170163299230299,3,3,0.0,0.0
clustering,heterogeneous,1,M1,clst_ndist_nospeak,false,false,0,4692690466958798800.0,0,0.5,0.2,0.0,0.0,0.05,0.1,0.1,0.05,15,0.0306388856143309,0.05069016037706259,0.02918832149798085,0.02802088255850488,2,3,0.0,0.0
clustering,homogeneous,24,H12,clst_dist_speak,true,true,0,7139002048363152400.0,0,0.5,0.8,0.0,0.0,0.2,0.3,0.0,0.0,20,0.00771504468878602,0.07257003255175766,0.00000724513477859,0.00000781256524847,1,3,0.0,0.0
clustering,heterogeneous,9,M9,clst_dist_nospeak,true,false,0,7139002048363152400.0,0,0.05,0.2,0.0,0.0,0.0,0.0,0.0,0.0,15,0.01965549714934841,0.04327458787991732,0.01904759155090125,0.01545739867030638,2,3,0.0,0.0
consensus,homogeneous,33,H15,cons_dist_nospeak,true,false,0,7139002048363152400.0,0,0.05,0.0,0.0,0.0,0.0,0.0,0.0,0.0,30,0.00240269204389574,0.03598134858310344,0.0001124519423749,0.00006122637100381,1,3,0.0,0.0
clustering,homogeneous,41,H20,clst_dist_speak,true,true,0,6905470370856337400.0,0,0.5,0.8,0.0,0.0,0.2,0.0,0.0,0.0,15,0.00048024369855967,0.06165079881160171,0.0000014632156289,0.00000011190979655,1,1,0.0,0.0
clustering,heterogeneous,30,M23,clst_dist_nospeak,true,false,0,7139002048363152400.0,0,0.5,0.8,0.0,0.0,0.0,0.3,0.0,0.0,15,0.00534329721793556,0.04562114457225144,0.0000000000497813,0.00000000000000247,1,3,0.0,0.0
clustering,heterogeneous,30,M23,clst_dist_nospeak,true,false,0,7240713591891685400.0,0,0.5,0.8,0.0,0.0,0.0,0.3,0.0,0.0,15,0.00534329721793556,0.04562114457225144,0.0000000000497813,0.00000000000000247,1,3,0.0,0.0
no_change,heterogeneous,9,M9,no_change_exp,false,false,0,7139002048363152400.0,0,0.2,0.5,0.6,0.1,0.05,0.1,0.1,0.05,15,0.01965549714934841,0.04861111111111123,0.01965549714934841,0.01170163299230299,3,3,0.0,0.0
no_change,heterogeneous,9,M9,no_change_exp,false,false,0,7240713591891685400.0,0,0.2,0.5,0.6,0.1,0.05,0.1,0.1,0.05,15,0.01965549714934841,0.04861111111111123,0.01965549714934841,0.01170163299230299,3,3,0.0,0.0
no_change,homogeneous,42,H21,no_change_exp,false,false,0,4692690466958798800.0,0,0.2,0.5,0.6,0.1,0.05,0.1,0.1,0.05,15,0.00128224062821502,0.03674768518518524,0.00128224062821502,0.00072669139851013,1,1,0.0,0.0
no_change,heterogeneous,21,M27,no_change_exp,false,false,0,7139002048363152400.0,0,0.2,0.5,0.6,0.1,0.05,0.1,0.1,0.05,15,0.01066925416285628,0.02681327160493835,0.01066925416285628,0.00778725613473558,4,4,0.0,0.0
no_change,heterogeneous,1,M1,no_change_exp,false,false,0,7240713591891685400.0,0,0.2,0.5,0.6,0.1,0.05,0.1,0.1,0.05,15,0.0306388856143309,0.01562500000000004,0.0306388856143309,0.02287359729843013,3,3,0.0,0.0
clustering,homogeneous,33,H15,clst_dist_speak,true,true,0,7139002048363152400.0,0,0.05,0.2,0.0,0.0,0.2,0.0,0.0,0.0,15,0.00240269204389574,0.04957187891754494,0.00184971819158826,0.001390638439938,3,3,0.0,0.0
consensus,homogeneous,33,H15,cons_dist_nospeak,true,false,0,7240713591891685400.0,0,0.05,0.0,0.0,0.0,0.0,0.0,0.0,0.0,30,0.00240269204389574,0.03598134858310344,0.0001124519423749,0.00006122637100381,1,3,0.0,0.0
clustering,heterogeneous,21,M27,clst_ndist_nospeak,false,false,0,7240713591891685400.0,0,0.5,0.2,0.0,0.0,0.05,0.1,0.1,0.05,15,0.01066925416285628,0.0827545623726544,0.00000000133581121,0.00000000000017837,1,4,0.0,0.0
consensus,homogeneous,17,H7,cons_ndist_speak,false,true,0,4477927936947039200.0,0,0.5,0.0,0.0,0.0,0.05,0.1,0.1,0.05,15,0.00399529565091067,0.03833128985422299,0.0000071268352131,0.00000029248745313,1,3,0.0,0.0
consensus,homogeneous,17,H7,cons_ndist_speak,false,true,0,7139002048363152400.0,0,0.5,0.0,0.0,0.0,0.05,0.1,0.1,0.05,15,0.00399529565091067,0.04240389997052443,0.0000071268352131,0.00000029248745313,1,3,0.0,0.0
clustering,homogeneous,24,H12,clst_dist_nospeak,true,false,0,4692690466958798800.0,0,0.5,0.8,0.0,0.0,0.2,0.3,0.0,0.0,15,0.00771504468878602,0.08159626444171207,0.00000030645621337,0.00000000173579984,1,3,0.0,0.0
clustering,homogeneous,41,H20,clst_dist_speak,true,true,0,7240713591891685400.0,0,0.5,0.8,0.0,0.0,0.2,0.0,0.0,0.0,15,0.00048024369855967,0.06894107419811395,0.00000140336926176,0.00000006743039628,1,1,0.0,0.0
consensus,heterogeneous,1,M1,cons_dist_nospeak,true,false,0,8636175130330607600.0,0,0.5,0.0,0.0,0.0,0.0,0.0,0.0,0.0,15,0.0306388856143309,0.17591654113482155,0.0000000957460638,0.00000000012142792,1,3,0.0,0.0
consensus,heterogeneous,1,M1,cons_ndist_nospeak,false,false,0,8636175130330607600.0,0,0.5,0.0,0.0,0.0,0.05,0.1,0.1,0.05,15,0.0306388856143309,0.17591654113482155,0.0000000957460638,0.00000000012142792,1,3,0.0,0.0
clustering,heterogeneous,1,M1,clst_ndist_nospeak,false,false,0,7139002048363152400.0,0,0.5,0.2,0.0,0.0,0.05,0.1,0.1,0.05,15,0.0306388856143309,0.05069016037706259,0.02918832149798085,0.02802088255850488,2,3,0.0,0.0
clustering,heterogeneous,21,M27,clst_ndist_nospeak,false,false,0,7139002048363152400.0,0,0.5,0.2,0.0,0.0,0.05,0.1,0.1,0.05,15,0.01066925416285628,0.0827545623726544,0.00000000133581121,0.00000000000017837,1,4,0.0,0.0
clustering,homogeneous,29,H14,clst_dist_nospeak,true,false,0,7240713591891685400.0,0,0.05,0.2,0.0,0.0,0.2,0.0,0.0,0.0,35,0.00370154361175412,0.05201174175629687,0.00029231279607294,0.00018770942959105,1,2,0.0,0.0
clustering,homogeneous,41,H20,clst_dist_speak,true,true,0,4692690466958798800.0,0,0.5,0.8,0.0,0.0,0.2,0.0,0.0,0.0,15,0.00048024369855967,0.06150178220913896,0.00000174377403284,0.00000008863221153,1,1,0.0,0.0
consensus,homogeneous,24,H12,cons_dist_nospeak,true,false,0,4286360386944651300.0,0,0.05,0.0,0.0,0.0,0.0,0.0,0.0,0.0,45,0.00771504468878602,0.04393850673809745,0.00013089304260341,0.00006965826204467,1,3,0.0,0.0
clustering,homogeneous,41,H20,clst_dist_speak,true,true,0,8636175130330607600.0,0,0.5,0.8,0.0,0.0,0.2,0.0,0.0,0.0,15,0.00048024369855967,0.0680711889923701,0.00000162613584949,0.0000000610453226,1,1,0.0,0.0
consensus,homogeneous,24,H12,cons_dist_nospeak,true,false,0,1841142524168585220.0,0,0.05,0.0,0.0,0.0,0.0,0.0,0.0,0.0,45,0.00771504468878602,0.04393850673809745,0.00013089304260341,0.00006965826204467,1,3,0.0,0.0
clustering,heterogeneous,30,M23,clst_dist_nospeak,true,false,0,6905470370856337400.0,0,0.5,0.8,0.0,0.0,0.0,0.3,0.0,0.0,15,0.00534329721793556,0.04562114457225144,0.0000000000497813,0.00000000000000247,1,3,0.0,0.0
no_change,heterogeneous,1,M1,no_change_exp,false,false,0,7139002048363152400.0,0,0.2,0.5,0.6,0.1,0.05,0.1,0.1,0.05,15,0.0306388856143309,0.01562500000000004,0.0306388856143309,0.02287359729843013,3,3,0.0,0.0
no_change,homogeneous,42,H21,no_change_exp,false,false,0,6905470370856337400.0,0,0.2,0.5,0.6,0.1,0.05,0.1,0.1,0.05,15,0.00128224062821502,0.03674768518518524,0.00128224062821502,0.00072669139851013,1,1,0.0,0.0
consensus,homogeneous,17,H7,cons_ndist_nospeak,false,false,0,7240713591891685400.0,0,0.5,0.0,0.0,0.0,0.05,0.1,0.1,0.05,15,0.00399529565091067,0.03691648554055279,0.00000000865684063,0.00000000001247794,1,3,0.0,0.0
no_change,heterogeneous,9,M9,no_change_exp,false,false,0,6905470370856337400.0,0,0.2,0.5,0.6,0.1,0.05,0.1,0.1,0.05,15,0.01965549714934841,0.04861111111111123,0.01965549714934841,0.01170163299230299,3,3,0.0,0.0
clustering,homogeneous,42,H21,clst_ndist_nospeak,false,false,0,8636175130330607600.0,0,0.05,0.8,0.0,0.0,0.05,0.1,0.1,0.05,25,0.00128224062821502,0.03727851209145548,0.00008316132050701,0.00002412907554219,1,1,0.0,0.0
consensus,homogeneous,17,H7,cons_ndist_speak,false,true,0,4286360386944651300.0,0,0.5,0.0,0.0,0.0,0.05,0.1,0.1,0.05,15,0.00399529565091067,0.04184229536411187,0.0000071268352131,0.00000029248745313,1,3,0.0,0.0
consensus,homogeneous,17,H7,cons_ndist_speak,false,true,0,109591146466576384.0,0,0.5,0.0,0.0,0.0,0.05,0.1,0.1,0.05,15,0.00399529565091067,0.04512636875792106,0.0000071268352131,0.00000029248745313,1,3,0.0,0.0
clustering,heterogeneous,34,M31,clst_dist_nospeak,true,false,0,7240713591891685400.0,0,0.05,0.8,0.0,0.0,0.0,0.0,0.0,0.0,40,0.01079937132951816,0.07521097304478169,0.00004540748621548,0.00004552693449704,2,2,0.0,0.0
consensus,heterogeneous,1,M1,cons_dist_nospeak,true,false,0,4692690466958798800.0,0,0.5,0.0,0.0,0.0,0.0,0.0,0.0,0.0,15,0.0306388856143309,0.17591654113482155,0.0000000957460638,0.00000000012142792,1,3,0.0,0.0
consensus,homogeneous,33,H15,cons_dist_nospeak,true,false,0,4286360386944651300.0,0,0.05,0.0,0.0,0.0,0.0,0.0,0.0,0.0,30,0.00240269204389574,0.03598134858310344,0.0001124519423749,0.00006122637100381,1,3,0.0,0.0
consensus,homogeneous,33,H15,cons_dist_nospeak,true,false,0,109591146466576384.0,0,0.05,0.0,0.0,0.0,0.0,0.0,0.0,0.0,30,0.00240269204389574,0.03598134858310344,0.0001124519423749,0.00006122637100381,1,3,0.0,0.0
consensus,heterogeneous,1,M1,cons_ndist_nospeak,false,false,0,7240713591891685400.0,0,0.5,0.0,0.0,0.0,0.05,0.1,0.1,0.05,15,0.0306388856143309,0.17591654113482155,0.0000000957460638,0.00000000012142792,1,3,0.0,0.0
consensus,homogeneous,24,H12,cons_dist_nospeak,true,false,0,5702577027890589700.0,0,0.05,0.0,0.0,0.0,0.0,0.0,0.0,0.0,45,0.00771504468878602,0.04393850673809745,0.00013089304260341,0.00006965826204467,1,3,0.0,0.0
consensus,heterogeneous,21,M27,cons_ndist_nospeak,false,false,0,8636175130330607600.0,0,0.5,0.0,0.0,0.0,0.05,0.1,0.1,0.05,15,0.01066925416285628,0.08275112153297724,0.0000000280150685,0.0000000000354381,1,4,0.0,0.0
clustering,heterogeneous,1,M1,clst_ndist_nospeak,false,false,0,8636175130330607600.0,0,0.5,0.2,0.0,0.0,0.05,0.1,0.1,0.05,15,0.0306388856143309,0.05069016037706259,0.02918832149798085,0.02802088255850488,2,3,0.0,0.0
consensus,heterogeneous,21,M27,cons_ndist_nospeak,false,false,0,7139002048363152400.0,0,0.5,0.0,0.0,0.0,0.05,0.1,0.1,0.05,15,0.01066925416285628,0.08275112153297724,0.0000000280150685,0.0000000000354381,1,4,0.0,0.0
clustering,homogeneous,17,H7,clst_ndist_nospeak,false,false,0,7240713591891685400.0,0,0.5,0.2,0.0,0.0,0.05,0.1,0.1,0.05,15,0.00399529565091067,0.03625757817669726,0.00000000022739293,0.00000000000004228,1,3,0.0,0.0
clustering,heterogeneous,9,M9,clst_dist_speak,true,true,0,7240713591891685400.0,0,0.05,0.2,0.0,0.0,0.0,0.0,0.0,0.0,15,0.01965549714934841,0.04542669164801441,0.01935369966315253,0.01233830661007616,3,3,0.0,0.0
clustering,heterogeneous,9,M9,clst_dist_speak,true,true,0,8636175130330607600.0,0,0.05,0.2,0.0,0.0,0.0,0.0,0.0,0.0,15,0.01965549714934841,0.04551789523931685,0.01914900706785665,0.01204172283505524,3,3,0.0,0.0
clustering,homogeneous,24,H12,clst_dist_nospeak,true,false,0,8636175130330607600.0,0,0.5,0.8,0.0,0.0,0.2,0.3,0.0,0.0,15,0.00771504468878602,0.08159626444171207,0.00000030645621337,0.00000000173579984,1,3,0.0,0.0
no_change,heterogeneous,34,M31,no_change_exp,false,false,0,8636175130330607600.0,0,0.2,0.5,0.6,0.1,0.05,0.1,0.1,0.05,15,0.01079937132951816,0.01967592592592575,0.01079937132951816,0.01061704728938041,2,2,0.0,0.0
no_change,heterogeneous,34,M31,no_change_exp,false,false,0,7139002048363152400.0,0,0.2,0.5,0.6,0.1,0.05,0.1,0.1,0.05,15,0.01079937132951816,0.01967592592592575,0.01079937132951816,0.01061704728938041,2,2,0.0,0.0
consensus,homogeneous,17,H7,cons_ndist_speak,false,true,0,4398895106259038200.0,0,0.5,0.0,0.0,0.0,0.05,0.1,0.1,0.05,15,0.00399529565091067,0.03945292263615333,0.0000071268352131,0.00000029248745313,1,3,0.0,0.0
clustering,homogeneous,24,H12,clst_dist_speak,true,true,0,7240713591891685400.0,0,0.5,0.8,0.0,0.0,0.2,0.3,0.0,0.0,25,0.00771504468878602,0.0785119120692568,0.00000476303898668,0.00000047493846089,1,3,0.0,0.0
clustering,heterogeneous,1,M1,clst_ndist_speak,false,true,0,8636175130330607600.0,0,0.5,0.2,0.0,0.0,0.05,0.1,0.1,0.05,15,0.0306388856143309,0.04951784493010724,0.02664516650918624,0.0238855581126407,2,3,0.0,0.0
consensus,heterogeneous,1,M1,cons_dist_speak,true,true,0,7240713591891685400.0,0,0.5,0.0,0.0,0.0,0.0,0.0,0.0,0.0,20,0.0306388856143309,0.17552447765529997,0.00000017331894137,0.00000012939203204,1,3,0.0,0.0
clustering,heterogeneous,30,M23,clst_dist_nospeak,true,false,0,8636175130330607600.0,0,0.5,0.8,0.0,0.0,0.0,0.3,0.0,0.0,15,0.00534329721793556,0.04562114457225144,0.0000000000497813,0.00000000000000247,1,3,0.0,0.0
clustering,heterogeneous,21,M27,clst_ndist_nospeak,false,false,0,6905470370856337400.0,0,0.5,0.2,0.0,0.0,0.05,0.1,0.1,0.05,15,0.01066925416285628,0.0827545623726544,0.00000000133581121,0.00000000000017837,1,4,0.0,0.0
clustering,homogeneous,33,H15,clst_dist_speak,true,true,0,6905470370856337400.0,0,0.05,0.2,0.0,0.0,0.2,0.0,0.0,0.0,15,0.00240269204389574,0.0447559635186431,0.00197132984560296,0.00110236165809613,3,3,0.0,0.0
clustering,homogeneous,42,H21,clst_ndist_nospeak,false,false,0,6905470370856337400.0,0,0.05,0.8,0.0,0.0,0.05,0.1,0.1,0.05,25,0.00128224062821502,0.03727851209145548,0.00008316132050701,0.00002412907554219,1,1,0.0,0.0
consensus,heterogeneous,21,M27,cons_ndist_nospeak,false,false,0,7240713591891685400.0,0,0.5,0.0,0.0,0.0,0.05,0.1,0.1,0.05,15,0.01066925416285628,0.08275112153297724,0.0000000280150685,0.0000000000354381,1,4,0.0,0.0
bipolarization,homogeneous,41,H20,bipol_ndist_nospeak,false,false,0,7139002048363152400.0,0,0.5,0.4,0.5,0.3,0.05,0.1,0.1,0.05,15,0.00048024369855967,0.06764404561536885,0.0000000000042423,0.00000000000000025,1,1,0.09999999999999998,0.0
bipolarization,heterogeneous,9,M9,bipol_ndist_nospeak,false,false,0,8636175130330607600.0,0,0.05,0.1,0.5,0.1,0.05,0.1,0.1,0.05,15,0.01965549714934841,0.04327458787991732,0.01904759155090125,0.01545739867030638,2,3,0.4,0.0
no_change,heterogeneous,34,M31,no_change_exp,false,false,0,6905470370856337400.0,0,0.2,0.5,0.6,0.1,0.05,0.1,0.1,0.05,15,0.01079937132951816,0.01967592592592575,0.01079937132951816,0.01061704728938041,2,2,0.0,0.0
consensus,homogeneous,17,H7,cons_ndist_speak,false,true,0,1841142524168585220.0,0,0.5,0.0,0.0,0.0,0.05,0.1,0.1,0.05,15,0.00399529565091067,0.03559579014876756,0.0000071268352131,0.00000029248745313,1,3,0.0,0.0
no_change,heterogeneous,21,M27,no_change_exp,false,false,0,8636175130330607600.0,0,0.2,0.5,0.6,0.1,0.05,0.1,0.1,0.05,15,0.01066925416285628,0.02681327160493835,0.01066925416285628,0.00778725613473558,4,4,0.0,0.0
clustering,heterogeneous,34,M31,clst_dist_nospeak,true,false,0,8636175130330607600.0,0,0.05,0.8,0.0,0.0,0.0,0.0,0.0,0.0,40,0.01079937132951816,0.07521097304478169,0.00004540748621548,0.00004552693449704,2,2,0.0,0.0
clustering,heterogeneous,21,M27,clst_ndist_speak,false,true,0,8636175130330607600.0,0,0.5,0.2,0.0,0.0,0.05,0.1,0.1,0.05,15,0.01066925416285628,0.08121330322871827,0.00005693987151541,0.00000244569189847,2,4,0.0,0.0
consensus,homogeneous,33,H15,cons_dist_nospeak,true,false,0,4342572612484808700.0,0,0.05,0.0,0.0,0.0,0.0,0.0,0.0,0.0,30,0.00240269204389574,0.03598134858310344,0.0001124519423749,0.00006122637100381,1,3,0.0,0.0
consensus,homogeneous,24,H12,cons_dist_nospeak,true,false,0,7139002048363152400.0,0,0.05,0.0,0.0,0.0,0.0,0.0,0.0,0.0,45,0.00771504468878602,0.04393850673809745,0.00013089304260341,0.00006965826204467,1,3,0.0,0.0
clustering,homogeneous,17,H7,clst_ndist_nospeak,false,false,0,7139002048363152400.0,0,0.5,0.2,0.0,0.0,0.05,0.1,0.1,0.05,15,0.00399529565091067,0.03625757817669726,0.00000000022739293,0.00000000000004228,1,3,0.0,0.0
consensus,heterogeneous,21,M27,cons_ndist_nospeak,false,false,0,4692690466958798800.0,0,0.5,0.0,0.0,0.0,0.05,0.1,0.1,0.05,15,0.01066925416285628,0.08275112153297724,0.0000000280150685,0.0000000000354381,1,4,0.0,0.0
clustering,heterogeneous,9,M9,clst_dist_speak,true,true,0,7139002048363152400.0,0,0.05,0.2,0.0,0.0,0.0,0.0,0.0,0.0,25,0.01965549714934841,0.04421527171363783,0.01919509408689795,0.01259524702469373,2,3,0.0,0.0
consensus,heterogeneous,1,M1,cons_dist_speak,true,true,0,7139002048363152400.0,0,0.5,0.0,0.0,0.0,0.0,0.0,0.0,0.0,20,0.0306388856143309,0.17552447765530008,0.00000017331894137,0.00000012939203204,1,3,0.0,0.0
consensus,homogeneous,17,H7,cons_ndist_speak,false,true,0,6905470370856337400.0,0,0.5,0.0,0.0,0.0,0.05,0.1,0.1,0.05,15,0.00399529565091067,0.03663656852240587,0.0000071268352131,0.00000029248745313,1,3,0.0,0.0
consensus,homogeneous,17,H7,cons_ndist_speak,false,true,0,8803618445054126100.0,0,0.5,0.0,0.0,0.0,0.05,0.1,0.1,0.05,15,0.00399529565091067,0.05426553059298375,0.0000071268352131,0.00000029248745313,1,3,0.0,0.0
clustering,heterogeneous,30,M23,clst_dist_nospeak,true,false,0,4692690466958798800.0,0,0.5,0.8,0.0,0.0,0.0,0.3,0.0,0.0,15,0.00534329721793556,0.04562114457225144,0.0000000000497813,0.00000000000000247,1,3,0.0,0.0
clustering,homogeneous,42,H21,clst_ndist_speak,false,true,0,4692690466958798800.0,0,0.05,0.8,0.0,0.0,0.05,0.1,0.1,0.05,15,0.00128224062821502,0.03514508161299627,0.00073463409236008,0.00032321962498908,1,1,0.0,0.0
consensus,heterogeneous,1,M1,cons_ndist_nospeak,false,false,0,6905470370856337400.0,0,0.5,0.0,0.0,0.0,0.05,0.1,0.1,0.05,15,0.0306388856143309,0.17591654113482155,0.0000000957460638,0.00000000012142792,1,3,0.0,0.0
clustering,heterogeneous,21,M27,clst_ndist_speak,false,true,0,6905470370856337400.0,0,0.5,0.2,0.0,0.0,0.05,0.1,0.1,0.05,15,0.01066925416285628,0.05955516088920661,0.00860286413009803,0.01389873723860027,2,4,0.0,0.0
clustering,heterogeneous,9,M9,clst_dist_speak,true,true,0,6905470370856337400.0,0,0.05,0.2,0.0,0.0,0.0,0.0,0.0,0.0,20,0.01965549714934841,0.04372906122753542,0.01939196972302274,0.01262363149169088,2,3,0.0,0.0
clustering,homogeneous,17,H7,clst_ndist_nospeak,false,false,0,4692690466958798800.0,0,0.5,0.2,0.0,0.0,0.05,0.1,0.1,0.05,15,0.00399529565091067,0.03625757817669726,0.00000000022739293,0.00000000000004228,1,3,0.0,0.0
clustering,heterogeneous,34,M31,clst_dist_nospeak,true,false,0,4692690466958798800.0,0,0.05,0.8,0.0,0.0,0.0,0.0,0.0,0.0,40,0.01079937132951816,0.07521097304478169,0.00004540748621548,0.00004552693449704,2,2,0.0,0.0
bipolarization,homogeneous,41,H20,bipol_ndist_nospeak,false,false,0,6905470370856337400.0,0,0.5,0.4,0.5,0.3,0.05,0.1,0.1,0.05,15,0.00048024369855967,0.06764404561536885,0.0000000000042423,0.00000000000000025,1,1,0.09999999999999998,0.0
bipolarization,homogeneous,41,H20,bipol_ndist_nospeak,false,false,0,4692690466958798800.0,0,0.5,0.4,0.5,0.3,0.05,0.1,0.1,0.05,15,0.00048024369855967,0.06764404561536885,0.0000000000042423,0.00000000000000025,1,1,0.09999999999999998,0.0
consensus,heterogeneous,1,M1,cons_dist_nospeak,true,false,0,6905470370856337400.0,0,0.5,0.0,0.0,0.0,0.0,0.0,0.0,0.0,15,0.0306388856143309,0.17591654113482155,0.0000000957460638,0.00000000012142792,1,3,0.0,0.0
consensus,homogeneous,33,H15,cons_dist_nospeak,true,false,0,8636175130330607600.0,0,0.05,0.0,0.0,0.0,0.0,0.0,0.0,0.0,30,0.00240269204389574,0.03598134858310344,0.0001124519423749,0.00006122637100381,1,3,0.0,0.0
consensus,homogeneous,17,H7,cons_ndist_speak,false,true,0,8636175130330607600.0,0,0.5,0.0,0.0,0.0,0.05,0.1,0.1,0.05,15,0.00399529565091067,0.04548382859614752,0.0000071268352131,0.00000029248745313,2,3,0.0,0.0
no_change,heterogeneous,28,M18,no_change_exp,false,false,0,4692690466958798800.0,0,0.2,0.5,0.6,0.1,0.05,0.1,0.1,0.05,15,0.00977608125904969,0.03317901234567903,0.00977608125904969,0.00742987682898949,3,3,0.0,0.0
consensus,homogeneous,17,H7,cons_ndist_speak,false,true,0,5702577027890589700.0,0,0.5,0.0,0.0,0.0,0.05,0.1,0.1,0.05,15,0.00399529565091067,0.04428824405050242,0.0000071268352131,0.00000029248745313,2,3,0.0,0.0
consensus,homogeneous,17,H7,cons_ndist_speak,false,true,0,4692690466958798800.0,0,0.5,0.0,0.0,0.0,0.05,0.1,0.1,0.05,15,0.00399529565091067,0.04366034634895848,0.0000071268352131,0.00000029248745313,1,3,0.0,0.0
no_change,heterogeneous,21,M27,no_change_exp,false,false,0,6905470370856337400.0,0,0.2,0.5,0.6,0.1,0.05,0.1,0.1,0.05,15,0.01066925416285628,0.02681327160493835,0.01066925416285628,0.00778725613473558,4,4,0.0,0.0
no_change,heterogeneous,21,M27,no_change_exp,false,false,0,7139002048363152400.0,0,0.2,0.5,0.6,0.1,0.05,0.1,0.1,0.05,15,0.01066925416285628,0.02681327160493835,0.01066925416285628,0.00778725613473558,4,4,0.0,0.0
no_change,homogeneous,42,H21,no_change_exp,false,false,0,8636175130330607600.0,0,0.2,0.5,0.6,0.1,0.05,0.1,0.1,0.05,15,0.00128224062821502,0.03674768518518524,0.00128224062821502,0.00072669139851013,1,1,0.0,0.0
clustering,heterogeneous,13,M14,clst_dist_nospeak,true,false,0,7139002048363152400.0,0,0.05,0.8,0.0,0.0,0.0,0.0,0.0,0.0,45,0.0108926683241884,0.08239891109630114,0.00007921052870017,0.00003074522084539,1,4,0.0,0.0
clustering,homogeneous,42,H21,clst_ndist_nospeak,false,false,0,4692690466958798800.0,0,0.05,0.8,0.0,0.0,0.05,0.1,0.1,0.05,25,0.00128224062821502,0.03727851209145548,0.00008316132050701,0.00002412907554219,1,1,0.0,0.0
consensus,heterogeneous,21,M27,cons_ndist_nospeak,false,false,0,7240713591891685400.0,0,0.5,0.0,0.0,0.0,0.05,0.1,0.1,0.05,15,0.01066925416285628,0.08275112153297724,0.0000000280150685,0.0000000000354381,1,4,0.0,0.0
clustering,heterogeneous,9,M9,clst_dist_speak,true,true,0,4692690466958798800.0,0,0.05,0.2,0.0,0.0,0.0,0.0,0.0,0.0,20,0.01965549714934841,0.04531402860620826,0.01941642291185124,0.01263250863904022,2,3,0.0,0.0
clustering,heterogeneous,1,M1,clst_ndist_speak,false,true,0,7240713591891685400.0,0,0.05,0.2,0.0,0.0,0.05,0.1,0.1,0.05,15,0.0306388856143309,0.02192358437929264,0.03062490945204117,0.02321377933660278,3,3,0.0,0.0
clustering,homogeneous,17,H7,clst_ndist_speak,false,true,0,7240713591891685400.0,0,0.5,0.2,0.0,0.0,0.05,0.1,0.1,0.05,15,0.00399529565091067,0.03589228324715716,0.0000125322485594,0.00000058106115054,1,3,0.0,0.0
clustering,homogeneous,23,H11,clst_dist_nospeak,true,false,0,7139002048363152400.0,0,0.05,0.2,0.0,0.0,0.0,0.3,0.0,0.0,50,0.01309938700274348,0.06928057693765755,0.00005720456129988,0.00003457555737153,2,4,0.0,0.0
consensus,homogeneous,33,H15,cons_dist_speak,true,true,0,7043372089166577700.0,0,0.05,0.0,0.0,0.0,0.0,0.0,0.0,0.0,35,0.00240269204389574,0.03244701205579505,0.00050001643988321,0.00021195672841533,1,3,0.0,0.0
consensus,heterogeneous,1,M1,cons_dist_nospeak,true,false,0,4342572612484808700.0,0,0.5,0.0,0.0,0.0,0.0,0.0,0.0,0.0,15,0.0306388856143309,0.17591654113482155,0.0000000957460638,0.00000000012142792,1,3,0.0,0.0
clustering,homogeneous,42,H21,clst_ndist_nospeak,false,false,0,7139002048363152400.0,0,0.05,0.8,0.0,0.0,0.05,0.1,0.1,0.05,25,0.00128224062821502,0.03727851209145548,0.00008316132050701,0.00002412907554219,1,1,0.0,0.0
clustering,homogeneous,41,H20,clst_dist_speak,true,true,0,7139002048363152400.0,0,0.5,0.8,0.0,0.0,0.2,0.0,0.0,0.0,15,0.00048024369855967,0.06716396818055786,0.00000198103038239,0.0000000599920675,1,1,0.0,0.0
bipolarization,heterogeneous,9,M9,bipol_ndist_nospeak,false,false,0,7139002048363152400.0,0,0.05,0.1,0.5,0.1,0.05,0.1,0.1,0.05,15,0.01965549714934841,0.04327458787991732,0.01904759155090125,0.01545739867030638,2,3,0.4,0.0
consensus,heterogeneous,21,M27,cons_ndist_nospeak,false,false,0,8636175130330607600.0,0,0.5,0.0,0.0,0.0,0.05,0.1,0.1,0.05,15,0.01066925416285628,0.08275112153297724,0.0000000280150685,0.0000000000354381,1,4,0.0,0.0
consensus,homogeneous,17,H7,cons_ndist_nospeak,false,false,0,7139002048363152400.0,0,0.5,0.0,0.0,0.0,0.05,0.1,0.1,0.05,15,0.00399529565091067,0.03691648554055279,0.00000000865684063,0.00000000001247794,1,3,0.0,0.0
clustering,heterogeneous,34,M31,clst_dist_nospeak,true,false,0,7139002048363152400.0,0,0.05,0.8,0.0,0.0,0.0,0.0,0.0,0.0,40,0.01079937132951816,0.07521097304478169,0.00004540748621548,0.00004552693449704,2,2,0.0,0.0
consensus,heterogeneous,21,M27,cons_ndist_nospeak,false,false,0,6905470370856337400.0,0,0.5,0.0,0.0,0.0,0.05,0.1,0.1,0.05,15,0.01066925416285628,0.08275112153297724,0.0000000280150685,0.0000000000354381,1,4,0.0,0.0
consensus,heterogeneous,1,M1,cons_ndist_nospeak,false,false,0,7139002048363152400.0,0,0.5,0.0,0.0,0.0,0.05,0.1,0.1,0.05,15,0.0306388856143309,0.17591654113482155,0.0000000957460638,0.00000000012142792,1,3,0.0,0.0
consensus,homogeneous,24,H12,cons_dist_nospeak,true,false,0,8803618445054126100.0,0,0.05,0.0,0.0,0.0,0.0,0.0,0.0,0.0,45,0.00771504468878602,0.04393850673809745,0.00013089304260341,0.00006965826204467,1,3,0.0,0.0
consensus,heterogeneous,21,M27,cons_ndist_nospeak,false,false,0,4692690466958798800.0,0,0.5,0.0,0.0,0.0,0.05,0.1,0.1,0.05,15,0.01066925416285628,0.08275112153297724,0.0000000280150685,0.0000000000354381,1,4,0.0,0.0
consensus,homogeneous,33,H15,cons_dist_speak,true,true,0,7240713591891685400.0,0,0.05,0.0,0.0,0.0,0.0,0.0,0.0,0.0,30,0.00240269204389574,0.03379808470114935,0.00050001643988321,0.00027302414170608,2,3,0.0,0.0
consensus,homogeneous,17,H7,cons_ndist_speak,false,true,0,7240713591891685400.0,0,0.5,0.0,0.0,0.0,0.05,0.1,0.1,0.05,15,0.00399529565091067,0.04069813495749981,0.0000071268352131,0.00000029248745313,1,3,0.0,0.0
clustering,heterogeneous,13,M14,clst_dist_nospeak,true,false,0,4692690466958798800.0,0,0.05,0.8,0.0,0.0,0.0,0.0,0.0,0.0,45,0.0108926683241884,0.08239891109630114,0.00007921052870017,0.00003074522084539,1,4,0.0,0.0
clustering,heterogeneous,1,M1,clst_ndist_nospeak,false,false,0,7240713591891685400.0,0,0.05,0.2,0.0,0.0,0.05,0.1,0.1,0.05,30,0.0306388856143309,0.04777639895342763,0.02855858663698259,0.02652802236179441,2,3,0.0,0.0
consensus,heterogeneous,1,M1,cons_dist_nospeak,true,false,0,4286360386944651300.0,0,0.5,0.0,0.0,0.0,0.0,0.0,0.0,0.0,15,0.0306388856143309,0.17591654113482155,0.0000000957460638,0.00000000012142792,1,3,0.0,0.0
clustering,heterogeneous,28,M18,clst_dist_speak,true,true,0,6905470370856337400.0,0,0.05,0.2,0.0,0.0,0.2,0.0,0.0,0.0,30,0.00977608125904969,0.03819545261569265,0.00847007414426875,0.00662595652129152,3,3,0.0,0.0
clustering,heterogeneous,28,M18,clst_dist_speak,true,true,0,4692690466958798800.0,0,0.05,0.2,0.0,0.0,0.2,0.0,0.0,0.0,20,0.00977608125904969,0.03787522168686761,0.00837297657946904,0.00667689943279781,3,3,0.0,0.0
bipolarization,homogeneous,24,H12,bipol_ndist_nospeak,false,false,0,7240713591891685400.0,0,0.5,0.4,0.8,0.3,0.05,0.1,0.1,0.05,15,0.00771504468878602,0.06063525804063399,0.00000000015263336,0.0000000000000181,1,3,0.4,0.0
consensus,homogeneous,33,H15,cons_dist_speak,true,true,0,8803618445054126100.0,0,0.05,0.0,0.0,0.0,0.0,0.0,0.0,0.0,35,0.00240269204389574,0.03458519020912507,0.00050001643988321,0.00021195672841533,2,3,0.0,0.0
bipolarization,homogeneous,33,H15,bipol_ndist_nospeak,false,false,0,7139002048363152400.0,0,0.05,0.1,0.5,0.3,0.05,0.1,0.1,0.05,30,0.00240269204389574,0.03804423451050276,0.00006209983494446,0.00003408152374056,1,3,0.4,0.0
clustering,heterogeneous,1,M1,clst_ndist_speak,false,true,0,6905470370856337400.0,0,0.5,0.2,0.0,0.0,0.05,0.1,0.1,0.05,20,0.0306388856143309,0.0503431867555152,0.02826009454240189,0.02680167119871553,2,3,0.0,0.0
no_change,heterogeneous,21,M27,no_change_exp,false,false,0,7240713591891685400.0,0,0.2,0.5,0.6,0.1,0.05,0.1,0.1,0.05,15,0.01066925416285628,0.02681327160493835,0.01066925416285628,0.00778725613473558,4,4,0.0,0.0
clustering,homogeneous,29,H14,clst_dist_nospeak,true,false,0,4692690466958798800.0,0,0.05,0.2,0.0,0.0,0.2,0.0,0.0,0.0,35,0.00370154361175412,0.05201174175629687,0.00029231279607294,0.00018770942959105,1,2,0.0,0.0
clustering,heterogeneous,2,M2,clst_ndist_nospeak,false,false,0,4692690466958798800.0,0,0.5,0.8,0.0,0.0,0.05,0.1,0.1,0.05,15,0.03720528978052128,0.16197510727953843,0.00000000144324223,0.00000000000015711,1,4,0.0,0.0
no_change,heterogeneous,34,M31,no_change_exp,false,false,0,4692690466958798800.0,0,0.2,0.5,0.6,0.1,0.05,0.1,0.1,0.05,15,0.01079937132951816,0.01967592592592575,0.01079937132951816,0.01061704728938041,2,2,0.0,0.0
no_change,heterogeneous,28,M18,no_change_exp,false,false,0,8636175130330607600.0,0,0.2,0.5,0.6,0.1,0.05,0.1,0.1,0.05,15,0.00977608125904969,0.03317901234567903,0.00977608125904969,0.00742987682898949,3,3,0.0,0.0
consensus,homogeneous,17,H7,cons_ndist_speak,false,true,0,7128893484183252000.0,0,0.5,0.0,0.0,0.0,0.05,0.1,0.1,0.05,15,0.00399529565091067,0.03760225944580139,0.0000071268352131,0.00000029248745313,1,3,0.0,0.0
consensus,homogeneous,17,H7,cons_ndist_speak,false,true,0,7043372089166577700.0,0,0.5,0.0,0.0,0.0,0.05,0.1,0.1,0.05,15,0.00399529565091067,0.04257243094028206,0.0000071268352131,0.00000029248745313,1,3,0.0,0.0
consensus,homogeneous,33,H15,cons_dist_speak,true,true,0,4342572612484808700.0,0,0.05,0.0,0.0,0.0,0.0,0.0,0.0,0.0,45,0.00240269204389574,0.03172152159381358,0.00030135374822462,0.00012774370895547,1,3,0.0,0.0
consensus,homogeneous,24,H12,cons_dist_nospeak,true,false,0,4477927936947039200.0,0,0.05,0.0,0.0,0.0,0.0,0.0,0.0,0.0,45,0.00771504468878602,0.04393850673809745,0.00013089304260341,0.00006965826204467,1,3,0.0,0.0
clustering,heterogeneous,1,M1,clst_ndist_speak,false,true,0,7139002048363152400.0,0,0.5,0.2,0.0,0.0,0.05,0.1,0.1,0.05,25,0.0306388856143309,0.05212854646738434,0.02640354207817712,0.02501919528058821,2,3,0.0,0.0
clustering,homogeneous,17,H7,clst_ndist_speak,false,true,0,7139002048363152400.0,0,0.5,0.2,0.0,0.0,0.05,0.1,0.1,0.05,15,0.00399529565091067,0.03909711697085671,0.0000125322485594,0.00000058106115054,1,3,0.0,0.0
clustering,homogeneous,17,H7,clst_ndist_speak,false,true,0,8636175130330607600.0,0,0.5,0.2,0.0,0.0,0.05,0.1,0.1,0.05,15,0.00399529565091067,0.04465253054450718,0.0000125322485594,0.00000058106115054,2,3,0.0,0.0
clustering,heterogeneous,13,M14,clst_dist_nospeak,true,false,0,8636175130330607600.0,0,0.05,0.8,0.0,0.0,0.0,0.0,0.0,0.0,45,0.0108926683241884,0.08239891109630114,0.00007921052870017,0.00003074522084539,1,4,0.0,0.0
clustering,homogeneous,42,H21,clst_ndist_speak,false,true,0,7139002048363152400.0,0,0.05,0.8,0.0,0.0,0.05,0.1,0.1,0.05,20,0.00128224062821502,0.03633465706973608,0.00044275491693436,0.00025092496892113,1,1,0.0,0.0
clustering,homogeneous,33,H15,clst_dist_speak,true,true,0,8636175130330607600.0,0,0.05,0.2,0.0,0.0,0.2,0.0,0.0,0.0,30,0.00240269204389574,0.04559608617283963,0.00152697150495649,0.00101936346365924,2,3,0.0,0.0
clustering,homogeneous,42,H21,clst_ndist_nospeak,false,false,0,7240713591891685400.0,0,0.05,0.8,0.0,0.0,0.05,0.1,0.1,0.05,25,0.00128224062821502,0.03727851209145548,0.00008316132050701,0.00002412907554219,1,1,0.0,0.0
clustering,heterogeneous,2,M2,clst_ndist_nospeak,false,false,0,6905470370856337400.0,0,0.5,0.8,0.0,0.0,0.05,0.1,0.1,0.05,15,0.03720528978052128,0.16197510727953843,0.00000000144324223,0.00000000000015711,1,4,0.0,0.0
bipolarization,heterogeneous,9,M9,bipol_ndist_nospeak,false,false,0,7240713591891685400.0,0,0.05,0.1,0.5,0.1,0.05,0.1,0.1,0.05,15,0.01965549714934841,0.04327458787991732,0.01904759155090125,0.01545739867030638,2,3,0.4,0.0
consensus,homogeneous,33,H15,cons_dist_speak,true,true,0,7128893484183252000.0,0,0.05,0.0,0.0,0.0,0.0,0.0,0.0,0.0,40,0.00240269204389574,0.03284803599348359,0.00030135374822463,0.00016454828660865,1,3,0.0,0.0
consensus,homogeneous,33,H15,cons_dist_speak,true,true,0,4286360386944651300.0,0,0.05,0.0,0.0,0.0,0.0,0.0,0.0,0.0,35,0.00240269204389574,0.03116457171426009,0.00050001643988321,0.00021195672841533,1,3,0.0,0.0
no_change,heterogeneous,28,M18,no_change_exp,false,false,0,7139002048363152400.0,0,0.2,0.5,0.6,0.1,0.05,0.1,0.1,0.05,15,0.00977608125904969,0.03317901234567903,0.00977608125904969,0.00742987682898949,3,3,0.0,0.0
no_change,heterogeneous,21,M27,no_change_exp,false,false,0,4692690466958798800.0,0,0.2,0.5,0.6,0.1,0.05,0.1,0.1,0.05,15,0.01066925416285628,0.02681327160493835,0.01066925416285628,0.00778725613473558,4,4,0.0,0.0
consensus,heterogeneous,1,M1,cons_dist_nospeak,true,false,0,4477927936947039200.0,0,0.5,0.0,0.0,0.0,0.0,0.0,0.0,0.0,15,0.0306388856143309,0.17591654113482155,0.0000000957460638,0.00000000012142792,1,3,0.0,0.0
clustering,heterogeneous,34,M31,clst_dist_nospeak,true,false,0,6905470370856337400.0,0,0.05,0.8,0.0,0.0,0.0,0.0,0.0,0.0,40,0.01079937132951816,0.07521097304478169,0.00004540748621548,0.00004552693449704,2,2,0.0,0.0
consensus,homogeneous,17,H7,cons_ndist_speak,false,true,0,4342572612484808700.0,0,0.5,0.0,0.0,0.0,0.05,0.1,0.1,0.05,15,0.00399529565091067,0.03828090260023232,0.0000071268352131,0.00000029248745313,1,3,0.0,0.0
bipolarization,heterogeneous,9,M9,bipol_ndist_nospeak,false,false,0,4692690466958798800.0,0,0.05,0.1,0.5,0.1,0.05,0.1,0.1,0.05,15,0.01965549714934841,0.04327458787991732,0.01904759155090125,0.01545739867030638,2,3,0.4,0.0
consensus,heterogeneous,1,M1,cons_dist_nospeak,true,false,0,4398895106259038200.0,0,0.5,0.0,0.0,0.0,0.0,0.0,0.0,0.0,15,0.0306388856143309,0.17591654113482155,0.0000000957460638,0.00000000012142792,1,3,0.0,0.0
clustering,homogeneous,24,H12,clst_dist_speak,true,true,0,4692690466958798800.0,0,0.5,0.8,0.0,0.0,0.2,0.3,0.0,0.0,30,0.00771504468878602,0.06120140320266666,0.00000020139452137,0.00000018239314816,1,3,0.0,0.0
clustering,heterogeneous,32,M29,clst_dist_nospeak,true,false,0,4692690466958798800.0,0,0.5,0.2,0.0,0.0,0.0,0.0,0.0,0.0,15,0.03735544128836595,0.0663580246540802,0.03061150191037638,0.0272102207920128,2,4,0.0,0.0
consensus,heterogeneous,1,M1,cons_ndist_nospeak,false,false,0,4692690466958798800.0,0,0.5,0.0,0.0,0.0,0.05,0.1,0.1,0.05,15,0.0306388856143309,0.17591654113482155,0.0000000957460638,0.00000000012142792,1,3,0.0,0.0
consensus,homogeneous,33,H15,cons_ndist_nospeak,false,false,0,6905470370856337400.0,0,0.05,0.0,0.0,0.0,0.05,0.1,0.1,0.05,30,0.00240269204389574,0.03598134858310344,0.0001124519423749,0.00006122637100381,1,3,0.0,0.0
clustering,heterogeneous,2,M2,clst_ndist_nospeak,false,false,0,7240713591891685400.0,0,0.5,0.8,0.0,0.0,0.05,0.1,0.1,0.05,15,0.03720528978052128,0.16197510727953843,0.00000000144324223,0.00000000000015711,1,4,0.0,0.0
consensus,homogeneous,33,H15,cons_dist_speak,true,true,0,4692690466958798800.0,0,0.05,0.0,0.0,0.0,0.0,0.0,0.0,0.0,40,0.00240269204389574,0.03119297284470063,0.00030135374822463,0.00016454828660865,1,3,0.0,0.0
bipolarization,homogeneous,33,H15,bipol_ndist_nospeak,false,false,0,4692690466958798800.0,0,0.05,0.1,0.5,0.3,0.05,0.1,0.1,0.05,30,0.00240269204389574,0.03804423451050276,0.00006209983494446,0.00003408152374056,1,3,0.4,0.0
consensus,heterogeneous,1,M1,cons_dist_nospeak,true,false,0,5702577027890589700.0,0,0.5,0.0,0.0,0.0,0.0,0.0,0.0,0.0,15,0.0306388856143309,0.17591654113482155,0.0000000957460638,0.00000000012142792,1,3,0.0,0.0
no_change,heterogeneous,34,M31,no_change_exp,false,false,0,7240713591891685400.0,0,0.2,0.5,0.6,0.1,0.05,0.1,0.1,0.05,15,0.01079937132951816,0.01967592592592575,0.01079937132951816,0.01061704728938041,2,2,0.0,0.0
no_change,heterogeneous,1,M1,no_change_exp,false,false,0,6905470370856337400.0,0,0.2,0.5,0.6,0.1,0.05,0.1,0.1,0.05,15,0.0306388856143309,0.01562500000000004,0.0306388856143309,0.02287359729843013,3,3,0.0,0.0
clustering,heterogeneous,21,M27,clst_ndist_speak,false,true,0,4692690466958798800.0,0,0.5,0.2,0.0,0.0,0.05,0.1,0.1,0.05,15,0.01066925416285628,0.06023153581505244,0.00901590940588118,0.01421952294240244,2,4,0.0,0.0
clustering,homogeneous,17,H7,clst_ndist_speak,false,true,0,4692690466958798800.0,0,0.5,0.2,0.0,0.0,0.05,0.1,0.1,0.05,15,0.00399529565091067,0.04366034634895848,0.0000071268352131,0.00000029248745313,1,3,0.0,0.0
consensus,homogeneous,33,H15,cons_ndist_speak,false,true,0,6905470370856337400.0,0,0.05,0.0,0.0,0.0,0.05,0.1,0.1,0.05,35,0.00240269204389574,0.03034546570229823,0.00050001643988321,0.00021195672841533,1,3,0.0,0.0
consensus,homogeneous,33,H15,cons_ndist_speak,false,true,0,7043372089166577700.0,0,0.05,0.0,0.0,0.0,0.05,0.1,0.1,0.05,35,0.00240269204389574,0.03244701205579505,0.00050001643988321,0.00021195672841533,1,3,0.0,0.0
clustering,homogeneous,24,H12,clst_dist_speak,true,true,0,8636175130330607600.0,0,0.5,0.8,0.0,0.0,0.2,0.3,0.0,0.0,25,0.00771504468878602,0.07046917246912676,0.0000056331715824,0.00000094936340161,2,3,0.0,0.0
clustering,heterogeneous,1,M1,clst_ndist_nospeak,false,false,0,7139002048363152400.0,0,0.05,0.2,0.0,0.0,0.05,0.1,0.1,0.05,30,0.0306388856143309,0.04777639895342763,0.02855858663698259,0.02652802236179441,2,3,0.0,0.0
clustering,homogeneous,29,H14,clst_dist_nospeak,true,false,0,6905470370856337400.0,0,0.05,0.2,0.0,0.0,0.2,0.0,0.0,0.0,35,0.00370154361175412,0.05201174175629687,0.00029231279607294,0.00018770942959105,1,2,0.0,0.0
consensus,homogeneous,33,H15,cons_dist_speak,true,true,0,4398895106259038200.0,0,0.05,0.0,0.0,0.0,0.0,0.0,0.0,0.0,35,0.00240269204389574,0.03129457294010296,0.00050001643988321,0.00021195672841533,1,3,0.0,0.0
consensus,homogeneous,24,H12,cons_dist_nospeak,true,false,0,4342572612484808700.0,0,0.05,0.0,0.0,0.0,0.0,0.0,0.0,0.0,45,0.00771504468878602,0.04393850673809745,0.00013089304260341,0.00006965826204467,1,3,0.0,0.0
consensus,heterogeneous,1,M1,cons_dist_nospeak,true,false,0,7043372089166577700.0,0,0.5,0.0,0.0,0.0,0.0,0.0,0.0,0.0,15,0.0306388856143309,0.17591654113482155,0.0000000957460638,0.00000000012142792,1,3,0.0,0.0
clustering,heterogeneous,1,M1,clst_ndist_nospeak,false,false,0,6905470370856337400.0,0,0.05,0.2,0.0,0.0,0.05,0.1,0.1,0.05,30,0.0306388856143309,0.04777639895342763,0.02855858663698259,0.02652802236179441,2,3,0.0,0.0
consensus,heterogeneous,21,M27,cons_ndist_nospeak,false,false,0,6905470370856337400.0,0,0.5,0.0,0.0,0.0,0.05,0.1,0.1,0.05,15,0.01066925416285628,0.08275112153297724,0.0000000280150685,0.0000000000354381,1,4,0.0,0.0
bipolarization,heterogeneous,9,M9,bipol_ndist_nospeak,false,false,0,6905470370856337400.0,0,0.05,0.1,0.5,0.1,0.05,0.1,0.1,0.05,15,0.01965549714934841,0.04327458787991732,0.01904759155090125,0.01545739867030638,2,3,0.4,0.0
no_change,heterogeneous,28,M18,no_change_exp,false,false,0,6905470370856337400.0,0,0.2,0.5,0.6,0.1,0.05,0.1,0.1,0.05,15,0.00977608125904969,0.03317901234567903,0.00977608125904969,0.00742987682898949,3,3,0.0,0.0
clustering,heterogeneous,13,M14,clst_dist_nospeak,true,false,0,7240713591891685400.0,0,0.05,0.8,0.0,0.0,0.0,0.0,0.0,0.0,45,0.0108926683241884,0.08239891109630114,0.00007921052870017,0.00003074522084539,1,4,0.0,0.0
clustering,heterogeneous,1,M1,clst_ndist_speak,false,true,0,7240713591891685400.0,0,0.5,0.2,0.0,0.0,0.05,0.1,0.1,0.05,15,0.0306388856143309,0.04489061567518446,0.03223413211526351,0.02933419540073375,2,3,0.0,0.0
consensus,homogeneous,33,H15,cons_dist_speak,true,true,0,8636175130330607600.0,0,0.05,0.0,0.0,0.0,0.0,0.0,0.0,0.0,35,0.00240269204389574,0.03257289839367431,0.00050001643988321,0.00021195672841533,1,3,0.0,0.0
clustering,heterogeneous,28,M18,clst_ndist_nospeak,false,false,0,7240713591891685400.0,0,0.5,0.2,0.0,0.0,0.05,0.1,0.1,0.05,15,0.00977608125904969,0.10050128653008152,0.00000000093203582,0.00000000000014926,1,3,0.0,0.0
consensus,homogeneous,33,H15,cons_ndist_speak,false,true,0,4286360386944651300.0,0,0.05,0.0,0.0,0.0,0.05,0.1,0.1,0.05,35,0.00240269204389574,0.03116457171426009,0.00050001643988321,0.00021195672841533,1,3,0.0,0.0
clustering,heterogeneous,30,M23,clst_dist_speak,true,true,0,8636175130330607600.0,0,0.5,0.8,0.0,0.0,0.0,0.3,0.0,0.0,15,0.00534329721793556,0.04412377548807725,0.00000953140946107,0.00000030060383134,2,3,0.0,0.0
bipolarization,homogeneous,41,H20,bipol_ndist_nospeak,false,false,0,8636175130330607600.0,0,0.5,0.4,0.5,0.3,0.05,0.1,0.1,0.05,15,0.00048024369855967,0.06764404561536885,0.0000000000042423,0.00000000000000025,1,1,0.09999999999999998,0.0
consensus,heterogeneous,21,M27,cons_ndist_nospeak,false,false,0,7139002048363152400.0,0,0.5,0.0,0.0,0.0,0.05,0.1,0.1,0.05,15,0.01066925416285628,0.08275112153297724,0.0000000280150685,0.0000000000354381,1,4,0.0,0.0
consensus,homogeneous,24,H12,cons_dist_nospeak,true,false,0,4398895106259038200.0,0,0.05,0.0,0.0,0.0,0.0,0.0,0.0,0.0,45,0.00771504468878602,0.04393850673809745,0.00013089304260341,0.00006965826204467,1,3,0.0,0.0
no_change,heterogeneous,1,M1,no_change_exp,false,false,0,4692690466958798800.0,0,0.2,0.5,0.6,0.1,0.05,0.1,0.1,0.05,15,0.0306388856143309,0.01562500000000004,0.0306388856143309,0.02287359729843013,3,3,0.0,0.0
clustering,homogeneous,29,H14,clst_dist_nospeak,true,false,0,8636175130330607600.0,0,0.05,0.2,0.0,0.0,0.2,0.0,0.0,0.0,35,0.00370154361175412,0.05201174175629687,0.00029231279607294,0.00018770942959105,1,2,0.0,0.0
consensus,homogeneous,33,H15,cons_ndist_nospeak,false,false,0,7240713591891685400.0,0,0.05,0.0,0.0,0.0,0.05,0.1,0.1,0.05,30,0.00240269204389574,0.03598134858310344,0.0001124519423749,0.00006122637100381,1,3,0.0,0.0
clustering,homogeneous,17,H7,clst_ndist_speak,false,true,0,6905470370856337400.0,0,0.5,0.2,0.0,0.0,0.05,0.1,0.1,0.05,15,0.00399529565091067,0.03663656852240587,0.0000071268352131,0.00000029248745313,1,3,0.0,0.0
clustering,homogeneous,24,H12,clst_ndist_nospeak,false,false,0,7139002048363152400.0,0,0.5,0.8,0.0,0.0,0.05,0.1,0.1,0.05,15,0.00771504468878602,0.06063525804063404,0.00000000015263336,0.0000000000000181,1,3,0.0,0.0
clustering,heterogeneous,21,M27,clst_ndist_speak,false,true,0,7139002048363152400.0,0,0.5,0.2,0.0,0.0,0.05,0.1,0.1,0.05,20,0.01066925416285628,0.08231674939742788,0.00000032022163073,0.00000029524413533,1,4,0.0,0.0
consensus,homogeneous,33,H15,cons_dist_speak,true,true,0,109591146466576384.0,0,0.05,0.0,0.0,0.0,0.0,0.0,0.0,0.0,35,0.00240269204389574,0.03103237840348672,0.00050001643988321,0.00021195672841533,1,3,0.0,0.0
consensus,heterogeneous,1,M1,cons_dist_nospeak,true,false,0,7128893484183252000.0,0,0.5,0.0,0.0,0.0,0.0,0.0,0.0,0.0,15,0.0306388856143309,0.17591654113482155,0.0000000957460638,0.00000000012142792,1,3,0.0,0.0
bipolarization,homogeneous,24,H12,bipol_ndist_nospeak,false,false,0,8636175130330607600.0,0,0.5,0.4,0.8,0.3,0.05,0.1,0.1,0.05,15,0.00771504468878602,0.06063525804063399,0.00000000015263336,0.0000000000000181,1,3,0.4,0.0
bipolarization,homogeneous,24,H12,bipol_ndist_nospeak,false,false,0,4692690466958798800.0,0,0.5,0.4,0.8,0.3,0.05,0.1,0.1,0.05,15,0.00771504468878602,0.06063525804063399,0.00000000015263336,0.0000000000000181,1,3,0.4,0.0
clustering,homogeneous,33,H15,clst_dist_speak,true,true,0,4692690466958798800.0,0,0.05,0.2,0.0,0.0,0.2,0.0,0.0,0.0,30,0.00240269204389574,0.05043198438389326,0.00154560807014586,0.00124023176162408,2,3,0.0,0.0
consensus,homogeneous,33,H15,cons_ndist_nospeak,false,false,0,7139002048363152400.0,0,0.05,0.0,0.0,0.0,0.05,0.1,0.1,0.05,30,0.00240269204389574,0.03598134858310344,0.0001124519423749,0.00006122637100381,1,3,0.0,0.0
clustering,heterogeneous,13,M14,clst_dist_nospeak,true,false,0,6905470370856337400.0,0,0.05,0.8,0.0,0.0,0.0,0.0,0.0,0.0,45,0.0108926683241884,0.08239891109630114,0.00007921052870017,0.00003074522084539,1,4,0.0,0.0
no_change,heterogeneous,21,M27,no_change_exp,false,false,0,8636175130330607600.0,0,0.2,0.5,0.6,0.1,0.05,0.1,0.1,0.05,15,0.01066925416285628,0.02681327160493835,0.01066925416285628,0.00778725613473558,4,4,0.0,0.0
consensus,homogeneous,24,H12,cons_dist_nospeak,true,false,0,7240713591891685400.0,0,0.05,0.0,0.0,0.0,0.0,0.0,0.0,0.0,45,0.00771504468878602,0.04393850673809745,0.00013089304260341,0.00006965826204467,1,3,0.0,0.0
clustering,heterogeneous,13,M14,clst_ndist_nospeak,false,false,0,7240713591891685400.0,0,0.05,0.8,0.0,0.0,0.05,0.1,0.1,0.05,45,0.0108926683241884,0.08239891109630114,0.00007921052870017,0.00003074522084539,1,4,0.0,0.0
no_change,heterogeneous,21,M27,no_change_exp,false,false,0,6905470370856337400.0,0,0.2,0.5,0.6,0.1,0.05,0.1,0.1,0.05,15,0.01066925416285628,0.02681327160493835,0.01066925416285628,0.00778725613473558,4,4,0.0,0.0
clustering,heterogeneous,21,M27,clst_ndist_speak,false,true,0,7240713591891685400.0,0,0.5,0.2,0.0,0.0,0.05,0.1,0.1,0.05,20,0.01066925416285628,0.08238417571437366,0.00000018806934183,0.0000001454396132,1,4,0.0,0.0
clustering,homogeneous,33,H15,clst_dist_speak,true,true,0,7240713591891685400.0,0,0.05,0.2,0.0,0.0,0.2,0.0,0.0,0.0,45,0.00240269204389574,0.04681917443658942,0.00136990342592534,0.00104075798058377,2,3,0.0,0.0
consensus,homogeneous,33,H15,cons_dist_speak,true,true,0,1841142524168585220.0,0,0.05,0.0,0.0,0.0,0.0,0.0,0.0,0.0,45,0.00240269204389574,0.031702279704428,0.00030135374822463,0.00012774370895547,1,3,0.0,0.0
consensus,homogeneous,33,H15,cons_ndist_speak,false,true,0,7240713591891685400.0,0,0.05,0.0,0.0,0.0,0.05,0.1,0.1,0.05,30,0.00240269204389574,0.03379808470114935,0.00050001643988321,0.00027302414170608,2,3,0.0,0.0
clustering,homogeneous,23,H11,clst_dist_nospeak,true,false,0,8636175130330607600.0,0,0.05,0.2,0.0,0.0,0.0,0.3,0.0,0.0,50,0.01309938700274348,0.06928057693765755,0.00005720456129988,0.00003457555737153,2,4,0.0,0.0
consensus,heterogeneous,1,M1,cons_dist_nospeak,true,false,0,8803618445054126100.0,0,0.5,0.0,0.0,0.0,0.0,0.0,0.0,0.0,15,0.0306388856143309,0.17591654113482155,0.0000000957460638,0.00000000012142792,1,3,0.0,0.0
consensus,homogeneous,33,H15,cons_ndist_nospeak,false,false,0,8636175130330607600.0,0,0.05,0.0,0.0,0.0,0.05,0.1,0.1,0.05,30,0.00240269204389574,0.03598134858310344,0.0001124519423749,0.00006122637100381,1,3,0.0,0.0
bipolarization,homogeneous,24,H12,bipol_ndist_nospeak,false,false,0,7139002048363152400.0,0,0.5,0.4,0.8,0.3,0.05,0.1,0.1,0.05,15,0.00771504468878602,0.06063525804063399,0.00000000015263336,0.0000000000000181,1,3,0.4,0.0
bipolarization,homogeneous,41,H20,bipol_ndist_nospeak,false,false,0,7240713591891685400.0,0,0.5,0.4,0.5,0.3,0.05,0.1,0.1,0.05,15,0.00048024369855967,0.06764404561536885,0.0000000000042423,0.00000000000000025,1,1,0.09999999999999998,0.0
clustering,heterogeneous,13,M14,clst_ndist_nospeak,false,false,0,7139002048363152400.0,0,0.05,0.8,0.0,0.0,0.05,0.1,0.1,0.05,45,0.0108926683241884,0.08239891109630114,0.00007921052870017,0.00003074522084539,1,4,0.0,0.0
clustering,heterogeneous,1,M1,clst_ndist_speak,false,true,0,8636175130330607600.0,0,0.05,0.2,0.0,0.0,0.05,0.1,0.1,0.05,15,0.0306388856143309,0.0220529663209819,0.02996724510884656,0.02269226570071107,3,3,0.0,0.0
no_change,heterogeneous,35,M33,no_change_exp,false,false,0,6905470370856337400.0,0,0.2,0.5,0.6,0.1,0.05,0.1,0.1,0.05,15,0.01846828382201646,0.02343749999999999,0.01846828382201646,0.01452519504458163,3,3,0.0,0.0
no_change,heterogeneous,21,M27,no_change_exp,false,false,0,7139002048363152400.0,0,0.2,0.5,0.6,0.1,0.05,0.1,0.1,0.05,15,0.01066925416285628,0.02681327160493835,0.01066925416285628,0.00778725613473558,4,4,0.0,0.0
consensus,homogeneous,24,H12,cons_dist_speak,true,true,0,7128893484183252000.0,0,0.05,0.0,0.0,0.0,0.0,0.0,0.0,0.0,70,0.00771504468878602,0.03703307918637531,0.00021183312605544,0.00019215406946072,1,3,0.0,0.0
no_change,heterogeneous,1,M1,no_change_exp,false,false,0,8636175130330607600.0,0,0.2,0.5,0.6,0.1,0.05,0.1,0.1,0.05,15,0.0306388856143309,0.01562500000000004,0.0306388856143309,0.02287359729843013,3,3,0.0,0.0
clustering,heterogeneous,30,M23,clst_dist_speak,true,true,0,4692690466958798800.0,0,0.5,0.8,0.0,0.0,0.0,0.3,0.0,0.0,15,0.00534329721793556,0.0413688467730631,0.00000953140946107,0.00000030060383134,1,3,0.0,0.0
consensus,heterogeneous,1,M1,cons_ndist_speak,false,true,0,7139002048363152400.0,0,0.5,0.0,0.0,0.0,0.05,0.1,0.1,0.05,20,0.0306388856143309,0.17552447765530008,0.00000017331894137,0.00000012939203204,1,3,0.0,0.0
consensus,homogeneous,17,H7,cons_ndist_nospeak,false,false,0,8636175130330607600.0,0,0.5,0.0,0.0,0.0,0.05,0.1,0.1,0.05,15,0.00399529565091067,0.03691648554055279,0.00000000865684063,0.00000000001247794,1,3,0.0,0.0
consensus,homogeneous,24,H12,cons_dist_nospeak,true,false,0,8636175130330607600.0,0,0.05,0.0,0.0,0.0,0.0,0.0,0.0,0.0,45,0.00771504468878602,0.04393850673809745,0.00013089304260341,0.00006965826204467,1,3,0.0,0.0
clustering,heterogeneous,1,M1,clst_ndist_speak,false,true,0,4692690466958798800.0,0,0.5,0.2,0.0,0.0,0.05,0.1,0.1,0.05,20,0.0306388856143309,0.04854090917671539,0.03010712525289121,0.02856420507326049,2,3,0.0,0.0
clustering,heterogeneous,28,M18,clst_ndist_nospeak,false,false,0,4692690466958798800.0,0,0.5,0.2,0.0,0.0,0.05,0.1,0.1,0.05,15,0.00977608125904969,0.10050128653008152,0.00000000093203582,0.00000000000014926,1,3,0.0,0.0
clustering,homogeneous,29,H14,clst_dist_nospeak,true,false,0,7139002048363152400.0,0,0.05,0.2,0.0,0.0,0.2,0.0,0.0,0.0,35,0.00370154361175412,0.05201174175629687,0.00029231279607294,0.00018770942959105,1,2,0.0,0.0
consensus,homogeneous,33,H15,cons_dist_speak,true,true,0,4477927936947039200.0,0,0.05,0.0,0.0,0.0,0.0,0.0,0.0,0.0,40,0.00240269204389574,0.03062093527211129,0.00030135374822462,0.00016454828660865,1,3,0.0,0.0
consensus,homogeneous,33,H15,cons_ndist_speak,false,true,0,8636175130330607600.0,0,0.05,0.0,0.0,0.0,0.05,0.1,0.1,0.05,35,0.00240269204389574,0.03257289839367431,0.00050001643988321,0.00021195672841533,1,3,0.0,0.0
clustering,homogeneous,29,H14,clst_dist_speak,true,true,0,4692690466958798800.0,0,0.05,0.2,0.0,0.0,0.2,0.0,0.0,0.0,35,0.00370154361175412,0.04383748782187877,0.00103238213616765,0.00060520451362621,2,2,0.0,0.0
consensus,homogeneous,17,H7,cons_ndist_nospeak,false,false,0,4692690466958798800.0,0,0.5,0.0,0.0,0.0,0.05,0.1,0.1,0.05,15,0.00399529565091067,0.03691648554055279,0.00000000865684063,0.00000000001247794,1,3,0.0,0.0
no_change,heterogeneous,35,M33,no_change_exp,false,false,0,7139002048363152400.0,0,0.2,0.5,0.6,0.1,0.05,0.1,0.1,0.05,15,0.01846828382201646,0.02343749999999999,0.01846828382201646,0.01452519504458163,3,3,0.0,0.0
clustering,heterogeneous,1,M1,clst_ndist_nospeak,false,false,0,8636175130330607600.0,0,0.05,0.2,0.0,0.0,0.05,0.1,0.1,0.05,30,0.0306388856143309,0.04777639895342763,0.02855858663698259,0.02652802236179441,2,3,0.0,0.0
bipolarization,homogeneous,33,H15,bipol_ndist_nospeak,false,false,0,8636175130330607600.0,0,0.05,0.1,0.5,0.3,0.05,0.1,0.1,0.05,30,0.00240269204389574,0.03804423451050276,0.00006209983494446,0.00003408152374056,1,3,0.4,0.0
clustering,homogeneous,42,H21,clst_ndist_speak,false,true,0,8636175130330607600.0,0,0.05,0.8,0.0,0.0,0.05,0.1,0.1,0.05,25,0.00128224062821502,0.03547152926151563,0.00044275491693436,0.00019480048598596,1,1,0.0,0.0
consensus,homogeneous,33,H15,cons_ndist_speak,false,true,0,4398895106259038200.0,0,0.05,0.0,0.0,0.0,0.05,0.1,0.1,0.05,35,0.00240269204389574,0.03129457294010296,0.00050001643988321,0.00021195672841533,1,3,0.0,0.0
consensus,homogeneous,24,H12,cons_dist_nospeak,true,false,0,7043372089166577700.0,0,0.05,0.0,0.0,0.0,0.0,0.0,0.0,0.0,45,0.00771504468878602,0.04393850673809745,0.00013089304260341,0.00006965826204467,1,3,0.0,0.0
consensus,homogeneous,24,H12,cons_dist_speak,true,true,0,5702577027890589700.0,0,0.05,0.0,0.0,0.0,0.0,0.0,0.0,0.0,70,0.00771504468878602,0.04012810818342623,0.00021183312605544,0.00019215406946072,1,3,0.0,0.0
consensus,homogeneous,17,H7,cons_ndist_nospeak,false,false,0,6905470370856337400.0,0,0.5,0.0,0.0,0.0,0.05,0.1,0.1,0.05,15,0.00399529565091067,0.03691648554055279,0.00000000865684063,0.00000000001247794,1,3,0.0,0.0
clustering,heterogeneous,32,M29,clst_dist_nospeak,true,false,0,7240713591891685400.0,0,0.5,0.2,0.0,0.0,0.0,0.0,0.0,0.0,15,0.03735544128836595,0.0663580246540802,0.03061150191037638,0.0272102207920128,2,4,0.0,0.0
no_change,heterogeneous,35,M33,no_change_exp,false,false,0,8636175130330607600.0,0,0.2,0.5,0.6,0.1,0.05,0.1,0.1,0.05,15,0.01846828382201646,0.02343749999999999,0.01846828382201646,0.01452519504458163,3,3,0.0,0.0
clustering,homogeneous,24,H12,clst_dist_speak,true,true,0,6905470370856337400.0,0,0.5,0.8,0.0,0.0,0.2,0.3,0.0,0.0,25,0.00771504468878602,0.05467227515517054,0.00000862626559969,0.00000174836379362,1,3,0.0,0.0
clustering,heterogeneous,2,M2,clst_ndist_nospeak,false,false,0,8636175130330607600.0,0,0.5,0.8,0.0,0.0,0.05,0.1,0.1,0.05,15,0.03720528978052128,0.16197510727953843,0.00000000144324223,0.00000000000015711,1,4,0.0,0.0
consensus,homogeneous,33,H15,cons_ndist_speak,false,true,0,8803618445054126100.0,0,0.05,0.0,0.0,0.0,0.05,0.1,0.1,0.05,35,0.00240269204389574,0.03458519020912507,0.00050001643988321,0.00021195672841533,2,3,0.0,0.0
clustering,heterogeneous,28,M18,clst_ndist_nospeak,false,false,0,6905470370856337400.0,0,0.05,0.2,0.0,0.0,0.05,0.1,0.1,0.05,45,0.00977608125904969,0.09542984195690886,0.0000893372613459,0.00003568968939516,1,3,0.0,0.0
clustering,heterogeneous,28,M18,clst_ndist_nospeak,false,false,0,7139002048363152400.0,0,0.5,0.2,0.0,0.0,0.05,0.1,0.1,0.05,15,0.00977608125904969,0.10050128653008152,0.00000000093203582,0.00000000000014926,1,3,0.0,0.0
consensus,heterogeneous,1,M1,cons_dist_speak,true,true,0,1841142524168585220.0,0,0.5,0.0,0.0,0.0,0.0,0.0,0.0,0.0,20,0.0306388856143309,0.17552447765530008,0.00000017331894137,0.00000012939203204,1,3,0.0,0.0
consensus,heterogeneous,1,M1,cons_ndist_nospeak,false,false,0,6905470370856337400.0,0,0.5,0.0,0.0,0.0,0.05,0.1,0.1,0.05,15,0.0306388856143309,0.17591654113482155,0.0000000957460638,0.00000000012142792,1,3,0.0,0.0
clustering,homogeneous,42,H21,clst_ndist_speak,false,true,0,7240713591891685400.0,0,0.05,0.8,0.0,0.0,0.05,0.1,0.1,0.05,30,0.00128224062821502,0.03552305553958761,0.00026684293379277,0.00015122938742813,1,1,0.0,0.0
clustering,heterogeneous,32,M29,clst_dist_nospeak,true,false,0,8636175130330607600.0,0,0.5,0.2,0.0,0.0,0.0,0.0,0.0,0.0,15,0.03735544128836595,0.0663580246540802,0.03061150191037638,0.0272102207920128,2,4,0.0,0.0
clustering,heterogeneous,32,M29,clst_dist_nospeak,true,false,0,6905470370856337400.0,0,0.5,0.2,0.0,0.0,0.0,0.0,0.0,0.0,15,0.03735544128836595,0.0663580246540802,0.03061150191037638,0.0272102207920128,2,4,0.0,0.0
clustering,heterogeneous,1,M1,clst_ndist_speak,false,true,0,4692690466958798800.0,0,0.05,0.2,0.0,0.0,0.05,0.1,0.1,0.05,20,0.0306388856143309,0.02476405623937776,0.02998148069745529,0.0233686276811932,3,3,0.0,0.0
consensus,heterogeneous,1,M1,cons_dist_nospeak,true,false,0,109591146466576384.0,0,0.5,0.0,0.0,0.0,0.0,0.0,0.0,0.0,15,0.0306388856143309,0.17591654113482155,0.0000000957460638,0.00000000012142792,1,3,0.0,0.0
no_change,heterogeneous,22,M28,no_change_exp,false,false,0,8636175130330607600.0,0,0.2,0.5,0.6,0.1,0.05,0.1,0.1,0.05,15,0.02593274109975132,0.04542824074074081,0.02593274109975132,0.01512283908941089,3,3,0.0,0.0
bipolarization,heterogeneous,34,M31,bipol_ndist_nospeak,false,false,0,7139002048363152400.0,0,0.05,0.4,0.5,0.1,0.05,0.1,0.1,0.05,40,0.01079937132951816,0.07521097304478169,0.00004540748621548,0.00004552693449704,2,2,0.09999999999999998,0.0
consensus,homogeneous,33,H15,cons_ndist_speak,false,true,0,109591146466576384.0,0,0.05,0.0,0.0,0.0,0.05,0.1,0.1,0.05,35,0.00240269204389574,0.03103237840348672,0.00050001643988321,0.00021195672841533,1,3,0.0,0.0
clustering,heterogeneous,30,M23,clst_dist_speak,true,true,0,7139002048363152400.0,0,0.5,0.8,0.0,0.0,0.0,0.3,0.0,0.0,15,0.00534329721793556,0.04166572176702041,0.00000953140946107,0.00000030060383134,2,3,0.0,0.0
consensus,homogeneous,33,H15,cons_dist_speak,true,true,0,6905470370856337400.0,0,0.05,0.0,0.0,0.0,0.0,0.0,0.0,0.0,35,0.00240269204389574,0.03034546570229823,0.00050001643988321,0.00021195672841533,1,3,0.0,0.0
consensus,heterogeneous,1,M1,cons_ndist_nospeak,false,false,0,7139002048363152400.0,0,0.5,0.0,0.0,0.0,0.05,0.1,0.1,0.05,15,0.0306388856143309,0.17591654113482155,0.0000000957460638,0.00000000012142792,1,3,0.0,0.0
consensus,heterogeneous,1,M1,cons_dist_speak,true,true,0,4398895106259038200.0,0,0.5,0.0,0.0,0.0,0.0,0.0,0.0,0.0,20,0.0306388856143309,0.17552447765530002,0.00000017331894137,0.00000012939203204,1,3,0.0,0.0
consensus,homogeneous,24,H12,cons_dist_nospeak,true,false,0,4692690466958798800.0,0,0.05,0.0,0.0,0.0,0.0,0.0,0.0,0.0,45,0.00771504468878602,0.04393850673809745,0.00013089304260341,0.00006965826204467,1,3,0.0,0.0
bipolarization,homogeneous,24,H12,bipol_ndist_nospeak,false,false,0,6905470370856337400.0,0,0.5,0.4,0.8,0.3,0.05,0.1,0.1,0.05,15,0.00771504468878602,0.06063525804063399,0.00000000015263336,0.0000000000000181,1,3,0.4,0.0
no_change,heterogeneous,22,M28,no_change_exp,false,false,0,7240713591891685400.0,0,0.2,0.5,0.6,0.1,0.05,0.1,0.1,0.05,15,0.02593274109975132,0.04542824074074081,0.02593274109975132,0.01512283908941089,3,3,0.0,0.0
consensus,heterogeneous,1,M1,cons_ndist_speak,false,true,0,4692690466958798800.0,0,0.5,0.0,0.0,0.0,0.05,0.1,0.1,0.05,20,0.0306388856143309,0.18975161697314388,0.00000017331894137,0.00000012939203204,1,3,0.0,0.0
clustering,homogeneous,29,H14,clst_dist_speak,true,true,0,6905470370856337400.0,0,0.05,0.2,0.0,0.0,0.2,0.0,0.0,0.0,35,0.00370154361175412,0.04411515468850216,0.0010276779298911,0.00059989457416477,2,2,0.0,0.0
clustering,heterogeneous,1,M1,clst_ndist_speak,false,true,0,7139002048363152400.0,0,0.05,0.2,0.0,0.0,0.05,0.1,0.1,0.05,25,0.0306388856143309,0.02436693912864715,0.03004437293896256,0.02349926959508702,3,3,0.0,0.0
clustering,heterogeneous,34,M31,clst_dist_nospeak,true,false,0,7240713591891685400.0,0,0.05,0.8,0.0,0.0,0.2,0.3,0.0,0.0,40,0.01079937132951816,0.07204133426058215,0.00200589987365651,0.00119876693511183,3,2,0.0,0.0
clustering,homogeneous,23,H11,clst_dist_nospeak,true,false,0,4692690466958798800.0,0,0.05,0.2,0.0,0.0,0.0,0.3,0.0,0.0,50,0.01309938700274348,0.06928057693765755,0.00005720456129988,0.00003457555737153,2,4,0.0,0.0
clustering,heterogeneous,2,M2,clst_ndist_nospeak,false,false,0,7139002048363152400.0,0,0.5,0.8,0.0,0.0,0.05,0.1,0.1,0.05,15,0.03720528978052128,0.16197510727953843,0.00000000144324223,0.00000000000015711,1,4,0.0,0.0
consensus,heterogeneous,28,M18,cons_ndist_nospeak,false,false,0,7240713591891685400.0,0,0.05,0.0,0.0,0.0,0.05,0.1,0.1,0.05,45,0.00977608125904969,0.09327120747045338,0.00016435016129395,0.00007376901083861,1,3,0.0,0.0
clustering,heterogeneous,1,M1,clst_ndist_nospeak,false,false,0,4692690466958798800.0,0,0.05,0.2,0.0,0.0,0.05,0.1,0.1,0.05,30,0.0306388856143309,0.04777639895342763,0.02855858663698259,0.02652802236179441,2,3,0.0,0.0
consensus,heterogeneous,1,M1,cons_dist_nospeak,true,false,0,1841142524168585220.0,0,0.5,0.0,0.0,0.0,0.0,0.0,0.0,0.0,15,0.0306388856143309,0.17591654113482155,0.0000000957460638,0.00000000012142792,1,3,0.0,0.0
clustering,heterogeneous,16,M21,clst_dist_speak,true,true,0,7139002048363152400.0,0,0.05,0.2,0.0,0.0,0.2,0.0,0.0,0.0,15,0.00905649862825791,0.08732731263147676,0.00731210646851734,0.00586865540413399,3,3,0.0,0.0
bipolarization,homogeneous,23,H11,bipol_ndist_nospeak,false,false,0,7139002048363152400.0,0,0.05,0.1,0.8,0.1,0.05,0.1,0.1,0.05,15,0.01309938700274348,0.04048946931352627,0.01282076849742015,0.00855695403135966,4,4,0.7000000000000001,0.0
consensus,heterogeneous,1,M1,cons_dist_speak,true,true,0,8636175130330607600.0,0,0.5,0.0,0.0,0.0,0.0,0.0,0.0,0.0,20,0.0306388856143309,0.17552447765530008,0.00000017331894137,0.00000012939203204,1,3,0.0,0.0
consensus,heterogeneous,1,M1,cons_dist_speak,true,true,0,4692690466958798800.0,0,0.5,0.0,0.0,0.0,0.0,0.0,0.0,0.0,20,0.0306388856143309,0.18975161697314388,0.00000017331894137,0.00000012939203204,1,3,0.0,0.0
no_change,homogeneous,33,H15,no_change_exp,false,false,0,6905470370856337400.0,0,0.2,0.5,0.6,0.1,0.05,0.1,0.1,0.05,15,0.00240269204389574,0.04236111111111106,0.00240269204389574,0.0013119427297668,3,3,0.0,0.0
no_change,homogeneous,33,H15,no_change_exp,false,false,0,7240713591891685400.0,0,0.2,0.5,0.6,0.1,0.05,0.1,0.1,0.05,15,0.00240269204389574,0.04236111111111106,0.00240269204389574,0.0013119427297668,3,3,0.0,0.0
clustering,heterogeneous,13,M14,clst_dist_speak,true,true,0,7240713591891685400.0,0,0.05,0.8,0.0,0.0,0.0,0.0,0.0,0.0,60,0.0108926683241884,0.07192817636808864,0.00049624642949731,0.00035079961312752,1,4,0.0,0.0
consensus,heterogeneous,1,M1,cons_ndist_nospeak,false,false,0,8636175130330607600.0,0,0.5,0.0,0.0,0.0,0.05,0.1,0.1,0.05,15,0.0306388856143309,0.17591654113482155,0.0000000957460638,0.00000000012142792,1,3,0.0,0.0
consensus,homogeneous,7,H4,cons_dist_nospeak,true,false,0,7139002048363152400.0,0,0.05,0.0,0.0,0.0,0.0,0.0,0.0,0.0,30,0.00232084297839506,0.05488172552314635,0.00010905221394742,0.00005912197332834,2,2,0.0,0.0
consensus,homogeneous,33,H15,cons_ndist_speak,false,true,0,7128893484183252000.0,0,0.05,0.0,0.0,0.0,0.05,0.1,0.1,0.05,40,0.00240269204389574,0.03284803599348359,0.00030135374822463,0.00016454828660865,1,3,0.0,0.0
bipolarization,homogeneous,23,H11,bipol_ndist_nospeak,false,false,0,4692690466958798800.0,0,0.05,0.1,0.8,0.1,0.05,0.1,0.1,0.05,15,0.01309938700274348,0.04048946931352627,0.01282076849742015,0.00855695403135966,4,4,0.7000000000000001,0.0
clustering,heterogeneous,28,M18,clst_ndist_speak,false,true,0,7139002048363152400.0,0,0.5,0.2,0.0,0.0,0.05,0.1,0.1,0.05,15,0.00977608125904969,0.06499666111819725,0.00710453721096864,0.01113805387478763,3,3,0.0,0.0
consensus,heterogeneous,1,M1,cons_dist_speak,true,true,0,6905470370856337400.0,0,0.5,0.0,0.0,0.0,0.0,0.0,0.0,0.0,15,0.0306388856143309,0.17982171205567524,0.00005465384991889,0.00000229770833358,1,3,0.0,0.0
no_change,heterogeneous,21,M27,no_change_exp,false,false,0,8636175130330607600.0,0,0.2,0.5,0.6,0.1,0.05,0.1,0.1,0.05,15,0.01066925416285628,0.02681327160493835,0.01066925416285628,0.00778725613473558,4,4,0.0,0.0
clustering,heterogeneous,30,M23,clst_dist_speak,true,true,0,7240713591891685400.0,0,0.5,0.8,0.0,0.0,0.0,0.3,0.0,0.0,15,0.00534329721793556,0.04887338311191028,0.00000953140946107,0.00000030060383134,1,3,0.0,0.0
clustering,heterogeneous,34,M31,clst_dist_nospeak,true,false,0,8636175130330607600.0,0,0.05,0.8,0.0,0.0,0.2,0.3,0.0,0.0,40,0.01079937132951816,0.07204133426058215,0.00200589987365651,0.00119876693511183,3,2,0.0,0.0
consensus,homogeneous,33,H15,cons_ndist_speak,false,true,0,1841142524168585220.0,0,0.05,0.0,0.0,0.0,0.05,0.1,0.1,0.05,45,0.00240269204389574,0.031702279704428,0.00030135374822463,0.00012774370895547,1,3,0.0,0.0
consensus,heterogeneous,28,M18,cons_ndist_nospeak,false,false,0,8636175130330607600.0,0,0.05,0.0,0.0,0.0,0.05,0.1,0.1,0.05,45,0.00977608125904969,0.09327120747045338,0.00016435016129395,0.00007376901083861,1,3,0.0,0.0
consensus,heterogeneous,22,M28,cons_ndist_nospeak,false,false,0,6905470370856337400.0,0,0.05,0.0,0.0,0.0,0.05,0.1,0.1,0.05,50,0.02593274109975132,0.1147566862426173,0.00015874096457459,0.00008989814664989,1,3,0.0,0.0
bipolarization,heterogeneous,28,M18,bipol_ndist_nospeak,false,false,0,8636175130330607600.0,0,0.05,0.1,0.5,0.3,0.05,0.1,0.1,0.05,35,0.00977608125904969,0.06304668452026063,0.00703539016976786,0.01019973192211452,3,3,0.4,0.0
bipolarization,homogeneous,33,H15,bipol_ndist_nospeak,false,false,0,7240713591891685400.0,0,0.05,0.1,0.5,0.3,0.05,0.1,0.1,0.05,30,0.00240269204389574,0.03804423451050276,0.00006209983494446,0.00003408152374056,1,3,0.4,0.0
clustering,homogeneous,24,H12,clst_ndist_nospeak,false,false,0,7240713591891685400.0,0,0.5,0.8,0.0,0.0,0.05,0.1,0.1,0.05,15,0.00771504468878602,0.06063525804063404,0.00000000015263336,0.0000000000000181,1,3,0.0,0.0
consensus,homogeneous,24,H12,cons_dist_nospeak,true,false,0,109591146466576384.0,0,0.05,0.0,0.0,0.0,0.0,0.0,0.0,0.0,45,0.00771504468878602,0.04393850673809745,0.00013089304260341,0.00006965826204467,1,3,0.0,0.0
no_change,heterogeneous,35,M33,no_change_exp,false,false,0,7240713591891685400.0,0,0.2,0.5,0.6,0.1,0.05,0.1,0.1,0.05,15,0.01846828382201646,0.02343749999999999,0.01846828382201646,0.01452519504458163,3,3,0.0,0.0
clustering,heterogeneous,16,M21,clst_dist_nospeak,true,false,0,7240713591891685400.0,0,0.05,0.2,0.0,0.0,0.2,0.0,0.0,0.0,55,0.00905649862825791,0.10261503861799212,0.00231876302730724,0.00171220345702944,2,3,0.0,0.0
no_change,heterogeneous,35,M33,no_change_exp,false,false,0,4692690466958798800.0,0,0.2,0.5,0.6,0.1,0.05,0.1,0.1,0.05,15,0.01846828382201646,0.02343749999999999,0.01846828382201646,0.01452519504458163,3,3,0.0,0.0
clustering,heterogeneous,28,M18,clst_ndist_speak,false,true,0,4692690466958798800.0,0,0.5,0.2,0.0,0.0,0.05,0.1,0.1,0.05,15,0.00977608125904969,0.09978426253354998,0.00001743863940264,0.00000074634915028,1,3,0.0,0.0
consensus,homogeneous,33,H15,cons_ndist_speak,false,true,0,4692690466958798800.0,0,0.05,0.0,0.0,0.0,0.05,0.1,0.1,0.05,40,0.00240269204389574,0.03119297284470063,0.00030135374822463,0.00016454828660865,1,3,0.0,0.0
consensus,heterogeneous,1,M1,cons_dist_speak,true,true,0,7128893484183252000.0,0,0.5,0.0,0.0,0.0,0.0,0.0,0.0,0.0,20,0.0306388856143309,0.17552447765530008,0.00000017331894137,0.00000012939203204,1,3,0.0,0.0
consensus,homogeneous,33,H15,cons_dist_speak,true,true,0,7139002048363152400.0,0,0.05,0.0,0.0,0.0,0.0,0.0,0.0,0.0,50,0.00240269204389574,0.03393314065630045,0.00018162219144283,0.00009917122514019,1,3,0.0,0.0
clustering,heterogeneous,28,M18,clst_dist_speak,true,true,0,7139002048363152400.0,0,0.05,0.2,0.0,0.0,0.2,0.0,0.0,0.0,50,0.00977608125904969,0.04564910564099173,0.00867927611227402,0.00893979713324985,3,3,0.0,0.0
clustering,heterogeneous,32,M29,clst_dist_nospeak,true,false,0,7139002048363152400.0,0,0.5,0.2,0.0,0.0,0.0,0.0,0.0,0.0,15,0.03735544128836595,0.0663580246540802,0.03061150191037638,0.0272102207920128,2,4,0.0,0.0
clustering,heterogeneous,1,M1,clst_ndist_speak,false,true,0,6905470370856337400.0,0,0.05,0.2,0.0,0.0,0.05,0.1,0.1,0.05,20,0.0306388856143309,0.0257968839157116,0.02893835757118763,0.02249046251515461,3,3,0.0,0.0
clustering,heterogeneous,13,M14,clst_ndist_nospeak,false,false,0,8636175130330607600.0,0,0.05,0.8,0.0,0.0,0.05,0.1,0.1,0.05,45,0.0108926683241884,0.08239891109630114,0.00007921052870017,0.00003074522084539,1,4,0.0,0.0
consensus,heterogeneous,1,M1,cons_ndist_speak,false,true,0,6905470370856337400.0,0,0.5,0.0,0.0,0.0,0.05,0.1,0.1,0.05,15,0.0306388856143309,0.17982171205567524,0.00005465384991889,0.00000229770833358,1,3,0.0,0.0
consensus,homogeneous,7,H4,cons_dist_nospeak,true,false,0,7240713591891685400.0,0,0.05,0.0,0.0,0.0,0.0,0.0,0.0,0.0,30,0.00232084297839506,0.05488172552314635,0.00010905221394742,0.00005912197332834,2,2,0.0,0.0
clustering,heterogeneous,34,M31,clst_dist_speak,true,true,0,7139002048363152400.0,0,0.05,0.8,0.0,0.0,0.0,0.0,0.0,0.0,70,0.01079937132951816,0.06439275656023022,0.00029651993999342,0.0002915138417872,2,2,0.0,0.0
bipolarization,heterogeneous,34,M31,bipol_ndist_nospeak,false,false,0,4692690466958798800.0,0,0.05,0.4,0.5,0.1,0.05,0.1,0.1,0.05,40,0.01079937132951816,0.07521097304478169,0.00004540748621548,0.00004552693449704,2,2,0.09999999999999998,0.0
consensus,heterogeneous,22,M28,cons_ndist_nospeak,false,false,0,4692690466958798800.0,0,0.05,0.0,0.0,0.0,0.05,0.1,0.1,0.05,50,0.02593274109975132,0.1147566862426173,0.00015874096457459,0.00008989814664989,1,3,0.0,0.0
no_change,homogeneous,33,H15,no_change_exp,false,false,0,4692690466958798800.0,0,0.2,0.5,0.6,0.1,0.05,0.1,0.1,0.05,15,0.00240269204389574,0.04236111111111106,0.00240269204389574,0.0013119427297668,3,3,0.0,0.0
no_change,heterogeneous,21,M27,no_change_exp,false,false,0,4692690466958798800.0,0,0.2,0.5,0.6,0.1,0.05,0.1,0.1,0.05,15,0.01066925416285628,0.02681327160493835,0.01066925416285628,0.00778725613473558,4,4,0.0,0.0
clustering,heterogeneous,28,M18,clst_ndist_nospeak,false,false,0,8636175130330607600.0,0,0.05,0.2,0.0,0.0,0.05,0.1,0.1,0.05,45,0.00977608125904969,0.09542984195690886,0.0000893372613459,0.00003568968939516,1,3,0.0,0.0
consensus,heterogeneous,1,M1,cons_dist_speak,true,true,0,8803618445054126100.0,0,0.5,0.0,0.0,0.0,0.0,0.0,0.0,0.0,15,0.0306388856143309,0.17423422621760887,0.00005465384991889,0.00000229770833358,1,3,0.0,0.0
consensus,heterogeneous,1,M1,cons_ndist_nospeak,false,false,0,4692690466958798800.0,0,0.5,0.0,0.0,0.0,0.05,0.1,0.1,0.05,15,0.0306388856143309,0.17591654113482155,0.0000000957460638,0.00000000012142792,1,3,0.0,0.0
consensus,heterogeneous,1,M1,cons_ndist_speak,false,true,0,8803618445054126100.0,0,0.5,0.0,0.0,0.0,0.05,0.1,0.1,0.05,15,0.0306388856143309,0.17423422621760887,0.00005465384991889,0.00000229770833358,1,3,0.0,0.0
clustering,homogeneous,24,H12,clst_ndist_speak,false,true,0,7139002048363152400.0,0,0.5,0.8,0.0,0.0,0.05,0.1,0.1,0.05,15,0.00771504468878602,0.05305449634464891,0.0000137621485274,0.00000070299880338,1,3,0.0,0.0
clustering,homogeneous,29,H14,clst_dist_speak,true,true,0,7139002048363152400.0,0,0.05,0.2,0.0,0.0,0.2,0.0,0.0,0.0,40,0.00370154361175412,0.04545695329727713,0.00074982310407536,0.00054393836313122,1,2,0.0,0.0
consensus,homogeneous,24,H12,cons_dist_nospeak,true,false,0,7128893484183252000.0,0,0.05,0.0,0.0,0.0,0.0,0.0,0.0,0.0,45,0.00771504468878602,0.04393850673809745,0.00013089304260341,0.00006965826204467,1,3,0.0,0.0
consensus,homogeneous,7,H4,cons_dist_nospeak,true,false,0,4692690466958798800.0,0,0.05,0.0,0.0,0.0,0.0,0.0,0.0,0.0,30,0.00232084297839506,0.05488172552314635,0.00010905221394742,0.00005912197332834,2,2,0.0,0.0
bipolarization,homogeneous,33,H15,bipol_ndist_nospeak,false,false,0,6905470370856337400.0,0,0.05,0.1,0.5,0.3,0.05,0.1,0.1,0.05,30,0.00240269204389574,0.03804423451050276,0.00006209983494446,0.00003408152374056,1,3,0.4,0.0
consensus,homogeneous,33,H15,cons_dist_speak,true,true,0,5702577027890589700.0,0,0.05,0.0,0.0,0.0,0.0,0.0,0.0,0.0,50,0.00240269204389574,0.03417822075479236,0.00018162219144283,0.00009917122514019,1,3,0.0,0.0
clustering,homogeneous,24,H12,clst_ndist_nospeak,false,false,0,4692690466958798800.0,0,0.5,0.8,0.0,0.0,0.05,0.1,0.1,0.05,15,0.00771504468878602,0.06063525804063404,0.00000000015263336,0.0000000000000181,1,3,0.0,0.0
clustering,heterogeneous,34,M31,clst_dist_nospeak,true,false,0,7139002048363152400.0,0,0.05,0.8,0.0,0.0,0.2,0.3,0.0,0.0,40,0.01079937132951816,0.07204133426058215,0.00200589987365651,0.00119876693511183,3,2,0.0,0.0
consensus,heterogeneous,1,M1,cons_ndist_nospeak,false,false,0,7240713591891685400.0,0,0.5,0.0,0.0,0.0,0.05,0.1,0.1,0.05,15,0.0306388856143309,0.17591654113482155,0.0000000957460638,0.00000000012142792,1,3,0.0,0.0
consensus,homogeneous,33,H15,cons_ndist_nospeak,false,false,0,4692690466958798800.0,0,0.05,0.0,0.0,0.0,0.05,0.1,0.1,0.05,30,0.00240269204389574,0.03598134858310344,0.0001124519423749,0.00006122637100381,1,3,0.0,0.0
bipolarization,heterogeneous,30,M23,bipol_ndist_nospeak,false,false,0,7240713591891685400.0,0,0.5,0.4,0.8,0.1,0.05,0.1,0.1,0.05,15,0.00534329721793556,0.04562114457225144,0.0000000000497813,0.00000000000000247,1,3,0.4,0.0
no_change,heterogeneous,22,M28,no_change_exp,false,false,0,4692690466958798800.0,0,0.2,0.5,0.6,0.1,0.05,0.1,0.1,0.05,15,0.02593274109975132,0.04542824074074081,0.02593274109975132,0.01512283908941089,3,3,0.0,0.0
clustering,heterogeneous,16,M21,clst_dist_speak,true,true,0,8636175130330607600.0,0,0.05,0.2,0.0,0.0,0.2,0.0,0.0,0.0,25,0.00905649862825791,0.09256348380166914,0.00680368043261023,0.00568418602470449,3,3,0.0,0.0
clustering,heterogeneous,13,M14,clst_dist_speak,true,true,0,8636175130330607600.0,0,0.05,0.8,0.0,0.0,0.0,0.0,0.0,0.0,80,0.0108926683241884,0.07701171825126694,0.00018025280137195,0.00012742179938803,2,4,0.0,0.0
clustering,heterogeneous,28,M18,clst_ndist_speak,false,true,0,6905470370856337400.0,0,0.5,0.2,0.0,0.0,0.05,0.1,0.1,0.05,15,0.00977608125904969,0.09960317010763108,0.00002916656800228,0.00000128095731104,1,3,0.0,0.0
clustering,heterogeneous,28,M18,clst_ndist_nospeak,false,false,0,6905470370856337400.0,0,0.5,0.2,0.0,0.0,0.05,0.1,0.1,0.05,15,0.00977608125904969,0.10050128653008152,0.00000000093203582,0.00000000000014926,1,3,0.0,0.0
clustering,heterogeneous,28,M18,clst_ndist_nospeak,false,false,0,8636175130330607600.0,0,0.5,0.2,0.0,0.0,0.05,0.1,0.1,0.05,15,0.00977608125904969,0.10050128653008152,0.00000000093203582,0.00000000000014926,1,3,0.0,0.0
consensus,homogeneous,33,H15,cons_ndist_speak,false,true,0,4342572612484808700.0,0,0.05,0.0,0.0,0.0,0.05,0.1,0.1,0.05,45,0.00240269204389574,0.03172152159381358,0.00030135374822462,0.00012774370895547,1,3,0.0,0.0
clustering,homogeneous,23,H11,clst_dist_nospeak,true,false,0,7240713591891685400.0,0,0.05,0.2,0.0,0.0,0.0,0.3,0.0,0.0,50,0.01309938700274348,0.06928057693765755,0.00005720456129988,0.00003457555737153,2,4,0.0,0.0
consensus,homogeneous,7,H4,cons_dist_nospeak,true,false,0,4398895106259038200.0,0,0.05,0.0,0.0,0.0,0.0,0.0,0.0,0.0,30,0.00232084297839506,0.05488172552314635,0.00010905221394742,0.00005912197332834,2,2,0.0,0.0
no_change,homogeneous,24,H12,no_change_exp,false,false,0,7139002048363152400.0,0,0.2,0.5,0.6,0.1,0.05,0.1,0.1,0.05,15,0.00771504468878602,0.04427083333333347,0.00771504468878602,0.00699832580780371,3,3,0.0,0.0
consensus,homogeneous,24,H12,cons_dist_speak,true,true,0,4477927936947039200.0,0,0.05,0.0,0.0,0.0,0.0,0.0,0.0,0.0,60,0.00771504468878602,0.03695203722496239,0.00035148076359954,0.00031882860023099,1,3,0.0,0.0
consensus,homogeneous,24,H12,cons_dist_speak,true,true,0,109591146466576384.0,0,0.05,0.0,0.0,0.0,0.0,0.0,0.0,0.0,70,0.00771504468878602,0.04110018230187223,0.00021183312605544,0.00019215406946072,1,3,0.0,0.0
bipolarization,heterogeneous,28,M18,bipol_ndist_nospeak,false,false,0,7139002048363152400.0,0,0.05,0.1,0.5,0.3,0.05,0.1,0.1,0.05,35,0.00977608125904969,0.06304668452026063,0.00703539016976786,0.01019973192211452,3,3,0.4,0.0
clustering,homogeneous,24,H12,clst_ndist_speak,false,true,0,7240713591891685400.0,0,0.5,0.8,0.0,0.0,0.05,0.1,0.1,0.05,15,0.00771504468878602,0.05640746548858637,0.0000137621485274,0.00000070299880338,1,3,0.0,0.0
clustering,homogeneous,23,H11,clst_dist_nospeak,true,false,0,6905470370856337400.0,0,0.05,0.2,0.0,0.0,0.0,0.3,0.0,0.0,50,0.01309938700274348,0.06928057693765755,0.00005720456129988,0.00003457555737153,2,4,0.0,0.0
clustering,heterogeneous,34,M31,clst_dist_speak,true,true,0,8636175130330607600.0,0,0.05,0.8,0.0,0.0,0.0,0.0,0.0,0.0,70,0.01079937132951816,0.06901152747979591,0.00029651993999342,0.0002915138417872,2,2,0.0,0.0
consensus,heterogeneous,22,M28,cons_ndist_nospeak,false,false,0,7240713591891685400.0,0,0.05,0.0,0.0,0.0,0.05,0.1,0.1,0.05,50,0.02593274109975132,0.1147566862426173,0.00015874096457459,0.00008989814664989,1,3,0.0,0.0
no_change,homogeneous,17,H7,no_change_exp,false,false,0,6905470370856337400.0,0,0.2,0.5,0.6,0.1,0.05,0.1,0.1,0.05,15,0.00399529565091067,0.04918981481481477,0.00399529565091067,0.00291170124599908,3,3,0.0,0.0
consensus,homogeneous,7,H4,cons_dist_nospeak,true,false,0,4342572612484808700.0,0,0.05,0.0,0.0,0.0,0.0,0.0,0.0,0.0,30,0.00232084297839506,0.05488172552314635,0.00010905221394742,0.00005912197332834,2,2,0.0,0.0
clustering,homogeneous,24,H12,clst_ndist_nospeak,false,false,0,6905470370856337400.0,0,0.5,0.8,0.0,0.0,0.05,0.1,0.1,0.05,15,0.00771504468878602,0.06063525804063404,0.00000000015263336,0.0000000000000181,1,3,0.0,0.0
bipolarization,homogeneous,23,H11,bipol_ndist_nospeak,false,false,0,8636175130330607600.0,0,0.05,0.1,0.8,0.1,0.05,0.1,0.1,0.05,15,0.01309938700274348,0.04048946931352627,0.01282076849742015,0.00855695403135966,4,4,0.7000000000000001,0.0
clustering,heterogeneous,2,M2,clst_ndist_speak,false,true,0,6905470370856337400.0,0,0.5,0.8,0.0,0.0,0.05,0.1,0.1,0.05,20,0.03720528978052128,0.177975409901676,0.00000021046396789,0.00000013705619464,1,4,0.0,0.0
consensus,homogeneous,33,H15,cons_ndist_speak,false,true,0,4477927936947039200.0,0,0.05,0.0,0.0,0.0,0.05,0.1,0.1,0.05,40,0.00240269204389574,0.03062093527211129,0.00030135374822462,0.00016454828660865,1,3,0.0,0.0
consensus,heterogeneous,28,M18,cons_ndist_nospeak,false,false,0,6905470370856337400.0,0,0.05,0.0,0.0,0.0,0.05,0.1,0.1,0.05,45,0.00977608125904969,0.09327120747045338,0.00016435016129395,0.00007376901083861,1,3,0.0,0.0
bipolarization,homogeneous,23,H11,bipol_ndist_nospeak,false,false,0,7240713591891685400.0,0,0.05,0.1,0.8,0.1,0.05,0.1,0.1,0.05,15,0.01309938700274348,0.04048946931352627,0.01282076849742015,0.00855695403135966,4,4,0.7000000000000001,0.0
no_change,homogeneous,24,H12,no_change_exp,false,false,0,8636175130330607600.0,0,0.2,0.5,0.6,0.1,0.05,0.1,0.1,0.05,15,0.00771504468878602,0.04427083333333347,0.00771504468878602,0.00699832580780371,3,3,0.0,0.0
clustering,heterogeneous,34,M31,clst_dist_nospeak,true,false,0,4692690466958798800.0,0,0.05,0.8,0.0,0.0,0.2,0.3,0.0,0.0,40,0.01079937132951816,0.07204133426058215,0.00200589987365651,0.00119876693511183,3,2,0.0,0.0
clustering,heterogeneous,31,M30,clst_ndist_nospeak,false,false,0,8636175130330607600.0,0,0.5,0.8,0.0,0.0,0.05,0.1,0.1,0.05,15,0.01686903435070872,0.08736282755373088,0.00000000000960316,0.00000000000000009,1,2,0.0,0.0
clustering,heterogeneous,30,M23,clst_dist_speak,true,true,0,6905470370856337400.0,0,0.5,0.8,0.0,0.0,0.0,0.3,0.0,0.0,15,0.00534329721793556,0.03959148476739441,0.00000953140946107,0.00000030060383134,1,3,0.0,0.0
consensus,heterogeneous,1,M1,cons_dist_speak,true,true,0,4342572612484808700.0,0,0.5,0.0,0.0,0.0,0.0,0.0,0.0,0.0,15,0.0306388856143309,0.17423422621760895,0.00005465384991889,0.00000229770833358,1,3,0.0,0.0
clustering,homogeneous,42,H21,clst_ndist_speak,false,true,0,6905470370856337400.0,0,0.05,0.8,0.0,0.0,0.05,0.1,0.1,0.05,40,0.00128224062821502,0.03988568003264639,0.00016082294875042,0.00009114408869001,1,1,0.0,0.0
consensus,homogeneous,7,H4,cons_dist_nospeak,true,false,0,1841142524168585220.0,0,0.05,0.0,0.0,0.0,0.0,0.0,0.0,0.0,30,0.00232084297839506,0.05488172552314635,0.00010905221394742,0.00005912197332834,2,2,0.0,0.0
clustering,heterogeneous,2,M2,clst_ndist_speak,false,true,0,7139002048363152400.0,0,0.5,0.8,0.0,0.0,0.05,0.1,0.1,0.05,20,0.03720528978052128,0.1649437678862376,0.00000021046396789,0.00000013705619464,1,4,0.0,0.0
consensus,heterogeneous,28,M18,cons_ndist_nospeak,false,false,0,4692690466958798800.0,0,0.05,0.0,0.0,0.0,0.05,0.1,0.1,0.05,45,0.00977608125904969,0.09327120747045338,0.00016435016129395,0.00007376901083861,1,3,0.0,0.0
no_change,heterogeneous,22,M28,no_change_exp,false,false,0,6905470370856337400.0,0,0.2,0.5,0.6,0.1,0.05,0.1,0.1,0.05,15,0.02593274109975132,0.04542824074074081,0.02593274109975132,0.01512283908941089,3,3,0.0,0.0
bipolarization,heterogeneous,30,M23,bipol_ndist_nospeak,false,false,0,7139002048363152400.0,0,0.5,0.4,0.8,0.1,0.05,0.1,0.1,0.05,15,0.00534329721793556,0.04562114457225144,0.0000000000497813,0.00000000000000247,1,3,0.4,0.0
clustering,heterogeneous,13,M14,clst_ndist_nospeak,false,false,0,4692690466958798800.0,0,0.05,0.8,0.0,0.0,0.05,0.1,0.1,0.05,45,0.0108926683241884,0.08239891109630114,0.00007921052870017,0.00003074522084539,1,4,0.0,0.0
consensus,heterogeneous,1,M1,cons_ndist_speak,false,true,0,7240713591891685400.0,0,0.5,0.0,0.0,0.0,0.05,0.1,0.1,0.05,20,0.0306388856143309,0.17552447765529997,0.00000017331894137,0.00000012939203204,1,3,0.0,0.0
clustering,heterogeneous,28,M18,clst_dist_nospeak,true,false,0,7240713591891685400.0,0,0.05,0.2,0.0,0.0,0.2,0.0,0.0,0.0,80,0.00977608125904969,0.07334848639686796,0.00175519740225725,0.00159113561511033,3,3,0.0,0.0
consensus,heterogeneous,1,M1,cons_dist_speak,true,true,0,5702577027890589700.0,0,0.5,0.0,0.0,0.0,0.0,0.0,0.0,0.0,20,0.0306388856143309,0.17552447765530008,0.00000017331894137,0.00000012939203204,1,3,0.0,0.0
no_change,homogeneous,33,H15,no_change_exp,false,false,0,8636175130330607600.0,0,0.2,0.5,0.6,0.1,0.05,0.1,0.1,0.05,15,0.00240269204389574,0.04236111111111106,0.00240269204389574,0.0013119427297668,3,3,0.0,0.0
clustering,homogeneous,29,H14,clst_dist_speak,true,true,0,8636175130330607600.0,0,0.05,0.2,0.0,0.0,0.2,0.0,0.0,0.0,40,0.00370154361175412,0.04491131758513162,0.00076414712077468,0.00055047879988094,1,2,0.0,0.0
bipolarization,homogeneous,23,H11,bipol_ndist_nospeak,false,false,0,6905470370856337400.0,0,0.05,0.1,0.8,0.1,0.05,0.1,0.1,0.05,15,0.01309938700274348,0.04048946931352627,0.01282076849742015,0.00855695403135966,4,4,0.7000000000000001,0.0
clustering,heterogeneous,31,M30,clst_ndist_nospeak,false,false,0,6905470370856337400.0,0,0.5,0.8,0.0,0.0,0.05,0.1,0.1,0.05,15,0.01686903435070872,0.08736282755373088,0.00000000000960316,0.00000000000000009,1,2,0.0,0.0
consensus,homogeneous,41,H20,cons_dist_nospeak,true,false,0,7139002048363152400.0,0,0.5,0.0,0.0,0.0,0.2,0.0,0.0,0.0,15,0.00048024369855967,0.06795358132294134,0.00000000915440832,0.00000000015186546,1,1,0.0,0.0
clustering,heterogeneous,28,M18,clst_ndist_speak,false,true,0,8636175130330607600.0,0,0.5,0.2,0.0,0.0,0.05,0.1,0.1,0.05,20,0.00977608125904969,0.10017396142104561,0.00000032020342098,0.00000038916714321,1,3,0.0,0.0
consensus,heterogeneous,1,M1,cons_ndist_speak,false,true,0,5702577027890589700.0,0,0.5,0.0,0.0,0.0,0.05,0.1,0.1,0.05,20,0.0306388856143309,0.17552447765530008,0.00000017331894137,0.00000012939203204,1,3,0.0,0.0
consensus,heterogeneous,22,M28,cons_ndist_nospeak,false,false,0,7139002048363152400.0,0,0.05,0.0,0.0,0.0,0.05,0.1,0.1,0.05,50,0.02593274109975132,0.1147566862426173,0.00015874096457459,0.00008989814664989,1,3,0.0,0.0
consensus,heterogeneous,1,M1,cons_dist_speak,true,true,0,109591146466576384.0,0,0.5,0.0,0.0,0.0,0.0,0.0,0.0,0.0,20,0.0306388856143309,0.17552447765530008,0.00000017331894137,0.00000012939203204,1,3,0.0,0.0
clustering,heterogeneous,16,M21,clst_dist_nospeak,true,false,0,7139002048363152400.0,0,0.05,0.2,0.0,0.0,0.2,0.0,0.0,0.0,55,0.00905649862825791,0.10261503861799212,0.00231876302730724,0.00171220345702944,2,3,0.0,0.0
no_change,heterogeneous,22,M28,no_change_exp,false,false,0,7240713591891685400.0,0,0.2,0.5,0.6,0.1,0.05,0.1,0.1,0.05,15,0.02593274109975132,0.04542824074074081,0.02593274109975132,0.01512283908941089,3,3,0.0,0.0
no_change,heterogeneous,21,M27,no_change_exp,false,false,0,6905470370856337400.0,0,0.2,0.5,0.6,0.1,0.05,0.1,0.1,0.05,15,0.01066925416285628,0.02681327160493835,0.01066925416285628,0.00778725613473558,4,4,0.0,0.0
bipolarization,heterogeneous,30,M23,bipol_ndist_nospeak,false,false,0,8636175130330607600.0,0,0.5,0.4,0.8,0.1,0.05,0.1,0.1,0.05,15,0.00534329721793556,0.04562114457225144,0.0000000000497813,0.00000000000000247,1,3,0.4,0.0
clustering,heterogeneous,31,M30,clst_ndist_nospeak,false,false,0,7139002048363152400.0,0,0.5,0.8,0.0,0.0,0.05,0.1,0.1,0.05,15,0.01686903435070872,0.08736282755373088,0.00000000000960316,0.00000000000000009,1,2,0.0,0.0
consensus,heterogeneous,1,M1,cons_ndist_speak,false,true,0,8636175130330607600.0,0,0.5,0.0,0.0,0.0,0.05,0.1,0.1,0.05,20,0.0306388856143309,0.17552447765530008,0.00000017331894137,0.00000012939203204,1,3,0.0,0.0
consensus,homogeneous,7,H4,cons_dist_nospeak,true,false,0,6905470370856337400.0,0,0.05,0.0,0.0,0.0,0.0,0.0,0.0,0.0,30,0.00232084297839506,0.05488172552314635,0.00010905221394742,0.00005912197332834,2,2,0.0,0.0
consensus,homogeneous,7,H4,cons_dist_nospeak,true,false,0,5702577027890589700.0,0,0.05,0.0,0.0,0.0,0.0,0.0,0.0,0.0,30,0.00232084297839506,0.05488172552314635,0.00010905221394742,0.00005912197332834,2,2,0.0,0.0
clustering,homogeneous,24,H12,clst_ndist_speak,false,true,0,8636175130330607600.0,0,0.5,0.8,0.0,0.0,0.05,0.1,0.1,0.05,15,0.00771504468878602,0.04984079006748358,0.0000137621485274,0.00000070299880338,1,3,0.0,0.0
consensus,homogeneous,7,H4,cons_dist_nospeak,true,false,0,8636175130330607600.0,0,0.05,0.0,0.0,0.0,0.0,0.0,0.0,0.0,30,0.00232084297839506,0.05488172552314635,0.00010905221394742,0.00005912197332834,2,2,0.0,0.0
clustering,heterogeneous,2,M2,clst_ndist_speak,false,true,0,4692690466958798800.0,0,0.5,0.8,0.0,0.0,0.05,0.1,0.1,0.05,20,0.03720528978052128,0.1823728353872319,0.00000021046396789,0.00000013705619464,1,4,0.0,0.0
consensus,heterogeneous,28,M18,cons_ndist_nospeak,false,false,0,7139002048363152400.0,0,0.05,0.0,0.0,0.0,0.05,0.1,0.1,0.05,45,0.00977608125904969,0.09327120747045338,0.00016435016129395,0.00007376901083861,1,3,0.0,0.0
clustering,heterogeneous,32,M29,clst_dist_speak,true,true,0,4692690466958798800.0,0,0.5,0.2,0.0,0.0,0.0,0.0,0.0,0.0,15,0.03735544128836595,0.05834033974894789,0.03356747581378452,0.0267630705992493,2,4,0.0,0.0
clustering,heterogeneous,34,M31,clst_dist_speak,true,true,0,6905470370856337400.0,0,0.05,0.8,0.0,0.0,0.0,0.0,0.0,0.0,70,0.01079937132951816,0.05941813991243999,0.00029651993999342,0.0002915138417872,2,2,0.0,0.0
consensus,homogeneous,24,H12,cons_dist_speak,true,true,0,8803618445054126100.0,0,0.05,0.0,0.0,0.0,0.0,0.0,0.0,0.0,70,0.00771504468878602,0.040450042394314,0.00021183312605545,0.00019215406946072,1,3,0.0,0.0
clustering,heterogeneous,34,M31,clst_dist_nospeak,true,false,0,6905470370856337400.0,0,0.05,0.8,0.0,0.0,0.2,0.3,0.0,0.0,40,0.01079937132951816,0.07204133426058215,0.00200589987365651,0.00119876693511183,3,2,0.0,0.0
bipolarization,heterogeneous,28,M18,bipol_ndist_nospeak,false,false,0,4692690466958798800.0,0,0.05,0.1,0.5,0.3,0.05,0.1,0.1,0.05,35,0.00977608125904969,0.06304668452026063,0.00703539016976786,0.01019973192211452,3,3,0.4,0.0
bipolarization,heterogeneous,34,M31,bipol_ndist_nospeak,false,false,0,6905470370856337400.0,0,0.05,0.4,0.5,0.1,0.05,0.1,0.1,0.05,40,0.01079937132951816,0.07521097304478169,0.00004540748621548,0.00004552693449704,2,2,0.09999999999999998,0.0
consensus,homogeneous,33,H15,cons_ndist_speak,false,true,0,5702577027890589700.0,0,0.05,0.0,0.0,0.0,0.05,0.1,0.1,0.05,50,0.00240269204389574,0.03417822075479236,0.00018162219144283,0.00009917122514019,1,3,0.0,0.0
clustering,heterogeneous,28,M18,clst_ndist_nospeak,false,false,0,7240713591891685400.0,0,0.05,0.2,0.0,0.0,0.05,0.1,0.1,0.05,45,0.00977608125904969,0.09542984195690886,0.0000893372613459,0.00003568968939516,1,3,0.0,0.0
clustering,heterogeneous,31,M30,clst_ndist_nospeak,false,false,0,7240713591891685400.0,0,0.5,0.8,0.0,0.0,0.05,0.1,0.1,0.05,15,0.01686903435070872,0.08736282755373088,0.00000000000960316,0.00000000000000009,1,2,0.0,0.0
no_change,heterogeneous,22,M28,no_change_exp,false,false,0,7139002048363152400.0,0,0.2,0.5,0.6,0.1,0.05,0.1,0.1,0.05,15,0.02593274109975132,0.04542824074074081,0.02593274109975132,0.01512283908941089,3,3,0.0,0.0
consensus,heterogeneous,2,M2,cons_ndist_nospeak,false,false,0,7240713591891685400.0,0,0.5,0.0,0.0,0.0,0.05,0.1,0.1,0.05,15,0.03720528978052128,0.16359981110716373,0.0000001195041433,0.00000000012606801,1,4,0.0,0.0
consensus,heterogeneous,1,M1,cons_dist_speak,true,true,0,7043372089166577700.0,0,0.5,0.0,0.0,0.0,0.0,0.0,0.0,0.0,20,0.0306388856143309,0.17552447765530008,0.00000017331894137,0.00000012939203204,1,3,0.0,0.0
consensus,homogeneous,7,H4,cons_dist_nospeak,true,false,0,8803618445054126100.0,0,0.05,0.0,0.0,0.0,0.0,0.0,0.0,0.0,30,0.00232084297839506,0.05488172552314635,0.00010905221394742,0.00005912197332834,2,2,0.0,0.0
clustering,heterogeneous,2,M2,clst_ndist_speak,false,true,0,7240713591891685400.0,0,0.5,0.8,0.0,0.0,0.05,0.1,0.1,0.05,20,0.03720528978052128,0.15346446608407766,0.00000021046396789,0.00000013705619464,1,4,0.0,0.0
no_change,homogeneous,33,H15,no_change_exp,false,false,0,7139002048363152400.0,0,0.2,0.5,0.6,0.1,0.05,0.1,0.1,0.05,15,0.00240269204389574,0.04236111111111106,0.00240269204389574,0.0013119427297668,3,3,0.0,0.0
consensus,heterogeneous,1,M1,cons_ndist_speak,false,true,0,7043372089166577700.0,0,0.5,0.0,0.0,0.0,0.05,0.1,0.1,0.05,20,0.0306388856143309,0.17552447765530008,0.00000017331894137,0.00000012939203204,1,3,0.0,0.0
bipolarization,homogeneous,29,H14,bipol_ndist_nospeak,false,false,0,7240713591891685400.0,0,0.05,0.1,0.5,0.3,0.05,0.1,0.1,0.05,35,0.00370154361175412,0.05796707847306751,0.00010502915972232,0.00003873302246498,1,2,0.4,0.0
clustering,heterogeneous,16,M21,clst_dist_nospeak,true,false,0,8636175130330607600.0,0,0.05,0.2,0.0,0.0,0.2,0.0,0.0,0.0,55,0.00905649862825791,0.10261503861799212,0.00231876302730724,0.00171220345702944,2,3,0.0,0.0
clustering,heterogeneous,28,M18,clst_dist_nospeak,true,false,0,4692690466958798800.0,0,0.05,0.2,0.0,0.0,0.2,0.0,0.0,0.0,80,0.00977608125904969,0.07334848639686796,0.00175519740225725,0.00159113561511033,3,3,0.0,0.0
clustering,homogeneous,29,H14,clst_dist_speak,true,true,0,7240713591891685400.0,0,0.05,0.2,0.0,0.0,0.2,0.0,0.0,0.0,50,0.00370154361175412,0.04525695133601537,0.00058234544975752,0.00033493507894871,1,2,0.0,0.0
consensus,homogeneous,7,H4,cons_dist_nospeak,true,false,0,4477927936947039200.0,0,0.05,0.0,0.0,0.0,0.0,0.0,0.0,0.0,30,0.00232084297839506,0.05488172552314635,0.00010905221394742,0.00005912197332834,2,2,0.0,0.0
consensus,homogeneous,7,H4,cons_dist_nospeak,true,false,0,4286360386944651300.0,0,0.05,0.0,0.0,0.0,0.0,0.0,0.0,0.0,30,0.00232084297839506,0.05488172552314635,0.00010905221394742,0.00005912197332834,2,2,0.0,0.0
no_change,heterogeneous,22,M28,no_change_exp,false,false,0,7139002048363152400.0,0,0.2,0.5,0.6,0.1,0.05,0.1,0.1,0.05,15,0.02593274109975132,0.04542824074074081,0.02593274109975132,0.01512283908941089,3,3,0.0,0.0
no_change,heterogeneous,22,M28,no_change_exp,false,false,0,6905470370856337400.0,0,0.2,0.5,0.6,0.1,0.05,0.1,0.1,0.05,15,0.02593274109975132,0.04542824074074081,0.02593274109975132,0.01512283908941089,3,3,0.0,0.0
consensus,homogeneous,24,H12,cons_dist_speak,true,true,0,4398895106259038200.0,0,0.05,0.0,0.0,0.0,0.0,0.0,0.0,0.0,70,0.00771504468878602,0.04906184169570176,0.00021183312605544,0.00019215406946072,2,3,0.0,0.0
clustering,heterogeneous,28,M18,clst_ndist_nospeak,false,false,0,4692690466958798800.0,0,0.05,0.2,0.0,0.0,0.05,0.1,0.1,0.05,45,0.00977608125904969,0.09542984195690886,0.0000893372613459,0.00003568968939516,1,3,0.0,0.0
clustering,homogeneous,24,H12,clst_ndist_nospeak,false,false,0,8636175130330607600.0,0,0.5,0.8,0.0,0.0,0.05,0.1,0.1,0.05,15,0.00771504468878602,0.06063525804063404,0.00000000015263336,0.0000000000000181,1,3,0.0,0.0
consensus,homogeneous,5,H3,cons_ndist_nospeak,false,false,0,7240713591891685400.0,0,0.05,0.0,0.0,0.0,0.05,0.1,0.1,0.05,45,0.01398999086696009,0.09672087310336967,0.00023518152678958,0.00008912651614391,1,4,0.0,0.0
consensus,heterogeneous,2,M2,cons_ndist_nospeak,false,false,0,8636175130330607600.0,0,0.5,0.0,0.0,0.0,0.05,0.1,0.1,0.05,15,0.03720528978052128,0.16359981110716373,0.0000001195041433,0.00000000012606801,1,4,0.0,0.0
clustering,homogeneous,24,H12,clst_ndist_speak,false,true,0,4692690466958798800.0,0,0.5,0.8,0.0,0.0,0.05,0.1,0.1,0.05,15,0.00771504468878602,0.04738921089880981,0.0000137621485274,0.00000070299880338,1,3,0.0,0.0
consensus,heterogeneous,1,M1,cons_ndist_speak,false,true,0,4342572612484808700.0,0,0.5,0.0,0.0,0.0,0.05,0.1,0.1,0.05,15,0.0306388856143309,0.17423422621760895,0.00005465384991889,0.00000229770833358,1,3,0.0,0.0
bipolarization,heterogeneous,34,M31,bipol_ndist_nospeak,false,false,0,8636175130330607600.0,0,0.05,0.4,0.5,0.1,0.05,0.1,0.1,0.05,40,0.01079937132951816,0.07521097304478169,0.00004540748621548,0.00004552693449704,2,2,0.09999999999999998,0.0
consensus,homogeneous,24,H12,cons_dist_speak,true,true,0,6905470370856337400.0,0,0.05,0.0,0.0,0.0,0.0,0.0,0.0,0.0,65,0.00771504468878602,0.03494050917844389,0.00035148076359954,0.00024751608633551,1,3,0.0,0.0
consensus,homogeneous,7,H4,cons_dist_nospeak,true,false,0,7043372089166577700.0,0,0.05,0.0,0.0,0.0,0.0,0.0,0.0,0.0,30,0.00232084297839506,0.05488172552314635,0.00010905221394742,0.00005912197332834,2,2,0.0,0.0
clustering,heterogeneous,21,M27,clst_dist_nospeak,true,false,0,7139002048363152400.0,0,0.05,0.2,0.0,0.0,0.0,0.3,0.0,0.0,45,0.01066925416285628,0.0760431048904426,0.00011387703741669,0.00003759638347346,2,4,0.0,0.0
clustering,heterogeneous,28,M18,clst_dist_nospeak,true,false,0,6905470370856337400.0,0,0.05,0.2,0.0,0.0,0.2,0.0,0.0,0.0,80,0.00977608125904969,0.07334848639686796,0.00175519740225725,0.00159113561511033,3,3,0.0,0.0
clustering,heterogeneous,34,M31,clst_dist_speak,true,true,0,7240713591891685400.0,0,0.05,0.8,0.0,0.0,0.0,0.0,0.0,0.0,75,0.01079937132951816,0.06904459910237898,0.00029651993999342,0.00022631083026906,2,2,0.0,0.0
clustering,heterogeneous,32,M29,clst_dist_speak,true,true,0,7139002048363152400.0,0,0.5,0.2,0.0,0.0,0.0,0.0,0.0,0.0,15,0.03735544128836595,0.05909845122584609,0.03316987137634306,0.02871368809231986,2,4,0.0,0.0
clustering,heterogeneous,31,M30,clst_ndist_speak,false,true,0,7240713591891685400.0,0,0.5,0.8,0.0,0.0,0.05,0.1,0.1,0.05,20,0.01686903435070872,0.08189513080307735,0.00000009542524531,0.00000005508754742,1,2,0.0,0.0
no_change,heterogeneous,22,M28,no_change_exp,false,false,0,8636175130330607600.0,0,0.2,0.5,0.6,0.1,0.05,0.1,0.1,0.05,15,0.02593274109975132,0.04542824074074081,0.02593274109975132,0.01512283908941089,3,3,0.0,0.0
consensus,heterogeneous,1,M1,cons_ndist_speak,false,true,0,4286360386944651300.0,0,0.5,0.0,0.0,0.0,0.05,0.1,0.1,0.05,20,0.0306388856143309,0.18857638626594364,0.00000017331894137,0.00000012939203204,1,3,0.0,0.0
consensus,heterogeneous,1,M1,cons_ndist_speak,false,true,0,4398895106259038200.0,0,0.5,0.0,0.0,0.0,0.05,0.1,0.1,0.05,20,0.0306388856143309,0.17552447765530002,0.00000017331894137,0.00000012939203204,1,3,0.0,0.0
clustering,heterogeneous,28,M18,clst_ndist_nospeak,false,false,0,7139002048363152400.0,0,0.05,0.2,0.0,0.0,0.05,0.1,0.1,0.05,45,0.00977608125904969,0.09542984195690886,0.0000893372613459,0.00003568968939516,1,3,0.0,0.0
bipolarization,heterogeneous,13,M14,bipol_ndist_nospeak,false,false,0,7240713591891685400.0,0,0.05,0.4,0.5,0.1,0.05,0.1,0.1,0.05,45,0.0108926683241884,0.08239891109630117,0.00007921052870017,0.00003074522084539,1,4,0.09999999999999998,0.0
consensus,homogeneous,41,H20,cons_dist_nospeak,true,false,0,4692690466958798800.0,0,0.5,0.0,0.0,0.0,0.2,0.0,0.0,0.0,15,0.00048024369855967,0.06795358132294134,0.00000000915440832,0.00000000015186546,1,1,0.0,0.0
consensus,heterogeneous,37,M34,cons_ndist_nospeak,false,false,0,7139002048363152400.0,0,0.5,0.0,0.0,0.0,0.05,0.1,0.1,0.05,15,0.03352094317986969,0.1470507652791101,0.00000008739921744,0.00000000009281125,1,4,0.0,0.0
consensus,homogeneous,24,H12,cons_dist_speak,true,true,0,1841142524168585220.0,0,0.05,0.0,0.0,0.0,0.0,0.0,0.0,0.0,60,0.00771504468878602,0.03445411806648864,0.00035148076359954,0.00031882860023099,1,3,0.0,0.0
no_change,homogeneous,24,H12,no_change_exp,false,false,0,7240713591891685400.0,0,0.2,0.5,0.6,0.1,0.05,0.1,0.1,0.05,15,0.00771504468878602,0.04427083333333347,0.00771504468878602,0.00699832580780371,3,3,0.0,0.0
clustering,heterogeneous,2,M2,clst_ndist_speak,false,true,0,8636175130330607600.0,0,0.5,0.8,0.0,0.0,0.05,0.1,0.1,0.05,20,0.03720528978052128,0.1603791753521405,0.00000021046396789,0.00000013705619464,1,4,0.0,0.0
clustering,homogeneous,17,H7,clst_ndist_nospeak,false,false,0,7139002048363152400.0,0,0.5,0.2,0.0,0.0,0.05,0.1,0.1,0.05,15,0.00399529565091067,0.03625757817669726,0.00000000022739293,0.00000000000004228,1,3,0.0,0.0
clustering,heterogeneous,16,M21,clst_dist_nospeak,true,false,0,6905470370856337400.0,0,0.05,0.2,0.0,0.0,0.2,0.0,0.0,0.0,55,0.00905649862825791,0.10261503861799212,0.00231876302730724,0.00171220345702944,2,3,0.0,0.0
bipolarization,heterogeneous,30,M23,bipol_ndist_nospeak,false,false,0,4692690466958798800.0,0,0.5,0.4,0.8,0.1,0.05,0.1,0.1,0.05,15,0.00534329721793556,0.04562114457225144,0.0000000000497813,0.00000000000000247,1,3,0.4,0.0
bipolarization,heterogeneous,28,M18,bipol_ndist_nospeak,false,false,0,7240713591891685400.0,0,0.05,0.1,0.5,0.3,0.05,0.1,0.1,0.05,35,0.00977608125904969,0.06304668452026063,0.00703539016976786,0.01019973192211452,3,3,0.4,0.0
clustering,heterogeneous,32,M29,clst_dist_speak,true,true,0,6905470370856337400.0,0,0.5,0.2,0.0,0.0,0.0,0.0,0.0,0.0,15,0.03735544128836595,0.05537335836776996,0.03492329150124278,0.02818003742702331,3,4,0.0,0.0
consensus,heterogeneous,22,M28,cons_ndist_nospeak,false,false,0,8636175130330607600.0,0,0.05,0.0,0.0,0.0,0.05,0.1,0.1,0.05,50,0.02593274109975132,0.1147566862426173,0.00015874096457459,0.00008989814664989,1,3,0.0,0.0
consensus,homogeneous,41,H20,cons_dist_nospeak,true,false,0,7240713591891685400.0,0,0.5,0.0,0.0,0.0,0.2,0.0,0.0,0.0,15,0.00048024369855967,0.06795358132294134,0.00000000915440832,0.00000000015186546,1,1,0.0,0.0
consensus,heterogeneous,1,M1,cons_ndist_speak,false,true,0,1841142524168585220.0,0,0.5,0.0,0.0,0.0,0.05,0.1,0.1,0.05,20,0.0306388856143309,0.17552447765530008,0.00000017331894137,0.00000012939203204,1,3,0.0,0.0
no_change,homogeneous,17,H7,no_change_exp,false,false,0,8636175130330607600.0,0,0.2,0.5,0.6,0.1,0.05,0.1,0.1,0.05,15,0.00399529565091067,0.04918981481481477,0.00399529565091067,0.00291170124599908,3,3,0.0,0.0
no_change,heterogeneous,21,M27,no_change_exp,false,false,0,7240713591891685400.0,0,0.2,0.5,0.6,0.1,0.05,0.1,0.1,0.05,15,0.01066925416285628,0.02681327160493835,0.01066925416285628,0.00778725613473558,4,4,0.0,0.0
clustering,heterogeneous,13,M14,clst_ndist_nospeak,false,false,0,6905470370856337400.0,0,0.05,0.8,0.0,0.0,0.05,0.1,0.1,0.05,45,0.0108926683241884,0.08239891109630114,0.00007921052870017,0.00003074522084539,1,4,0.0,0.0
clustering,heterogeneous,21,M27,clst_dist_nospeak,true,false,0,7240713591891685400.0,0,0.05,0.2,0.0,0.0,0.0,0.3,0.0,0.0,45,0.01066925416285628,0.0760431048904426,0.00011387703741669,0.00003759638347346,2,4,0.0,0.0
consensus,heterogeneous,1,M1,cons_dist_speak,true,true,0,4477927936947039200.0,0,0.5,0.0,0.0,0.0,0.0,0.0,0.0,0.0,20,0.0306388856143309,0.17552447765530008,0.00000017331894137,0.00000012939203204,1,3,0.0,0.0
clustering,homogeneous,24,H12,clst_ndist_speak,false,true,0,6905470370856337400.0,0,0.5,0.8,0.0,0.0,0.05,0.1,0.1,0.05,15,0.00771504468878602,0.04972885041786006,0.0000137621485274,0.00000070299880338,1,3,0.0,0.0
consensus,homogeneous,7,H4,cons_dist_nospeak,true,false,0,109591146466576384.0,0,0.05,0.0,0.0,0.0,0.0,0.0,0.0,0.0,30,0.00232084297839506,0.05488172552314635,0.00010905221394742,0.00005912197332834,2,2,0.0,0.0
clustering,heterogeneous,34,M31,clst_dist_speak,true,true,0,4692690466958798800.0,0,0.05,0.8,0.0,0.0,0.0,0.0,0.0,0.0,70,0.01079937132951816,0.06076775351885721,0.00029651993999342,0.0002915138417872,2,2,0.0,0.0
clustering,heterogeneous,31,M30,clst_ndist_nospeak,false,false,0,4692690466958798800.0,0,0.5,0.8,0.0,0.0,0.05,0.1,0.1,0.05,15,0.01686903435070872,0.08736282755373088,0.00000000000960316,0.00000000000000009,1,2,0.0,0.0
consensus,heterogeneous,2,M2,cons_ndist_nospeak,false,false,0,6905470370856337400.0,0,0.5,0.0,0.0,0.0,0.05,0.1,0.1,0.05,15,0.03720528978052128,0.16359981110716373,0.0000001195041433,0.00000000012606801,1,4,0.0,0.0
consensus,heterogeneous,1,M1,cons_ndist_speak,false,true,0,7128893484183252000.0,0,0.5,0.0,0.0,0.0,0.05,0.1,0.1,0.05,20,0.0306388856143309,0.17552447765530008,0.00000017331894137,0.00000012939203204,1,3,0.0,0.0
clustering,heterogeneous,28,M18,clst_ndist_speak,false,true,0,7240713591891685400.0,0,0.5,0.2,0.0,0.0,0.05,0.1,0.1,0.05,20,0.00977608125904969,0.1001356262972982,0.00000026569330725,0.00000022315180186,1,3,0.0,0.0
bipolarization,homogeneous,29,H14,bipol_ndist_nospeak,false,false,0,4692690466958798800.0,0,0.05,0.1,0.5,0.3,0.05,0.1,0.1,0.05,35,0.00370154361175412,0.05796707847306751,0.00010502915972232,0.00003873302246498,1,2,0.4,0.0
consensus,homogeneous,24,H12,cons_dist_speak,true,true,0,8636175130330607600.0,0,0.05,0.0,0.0,0.0,0.0,0.0,0.0,0.0,65,0.00771504468878602,0.03921763329924546,0.00035148076359954,0.00024751608633551,1,3,0.0,0.0
bipolarization,homogeneous,29,H14,bipol_ndist_nospeak,false,false,0,6905470370856337400.0,0,0.05,0.1,0.5,0.3,0.05,0.1,0.1,0.05,35,0.00370154361175412,0.05796707847306751,0.00010502915972232,0.00003873302246498,1,2,0.4,0.0
no_change,homogeneous,24,H12,no_change_exp,false,false,0,6905470370856337400.0,0,0.2,0.5,0.6,0.1,0.05,0.1,0.1,0.05,15,0.00771504468878602,0.04427083333333347,0.00771504468878602,0.00699832580780371,3,3,0.0,0.0
clustering,heterogeneous,16,M21,clst_dist_speak,true,true,0,7240713591891685400.0,0,0.05,0.2,0.0,0.0,0.2,0.0,0.0,0.0,45,0.00905649862825791,0.10200164253196457,0.005581911030681,0.00440221690038308,3,3,0.0,0.0
consensus,homogeneous,7,H4,cons_dist_nospeak,true,false,0,7128893484183252000.0,0,0.05,0.0,0.0,0.0,0.0,0.0,0.0,0.0,30,0.00232084297839506,0.05488172552314635,0.00010905221394742,0.00005912197332834,2,2,0.0,0.0
consensus,heterogeneous,2,M2,cons_ndist_nospeak,false,false,0,7139002048363152400.0,0,0.5,0.0,0.0,0.0,0.05,0.1,0.1,0.05,15,0.03720528978052128,0.16359981110716373,0.0000001195041433,0.00000000012606801,1,4,0.0,0.0
clustering,heterogeneous,22,M28,clst_ndist_nospeak,false,false,0,8636175130330607600.0,0,0.5,0.2,0.0,0.0,0.05,0.1,0.1,0.05,15,0.02593274109975132,0.08432597108101193,0.01961183246219127,0.02614930543171813,2,3,0.0,0.0
consensus,homogeneous,5,H3,cons_ndist_speak,false,true,0,4398895106259038200.0,0,0.05,0.0,0.0,0.0,0.05,0.1,0.1,0.05,65,0.01398999086696009,0.0918725819007164,0.00063735375114767,0.00031033878339765,1,4,0.0,0.0
clustering,heterogeneous,12,M13,clst_dist_nospeak,true,false,0,7240713591891685400.0,0,0.05,0.2,0.0,0.0,0.2,0.3,0.0,0.0,50,0.03278937715525453,0.14948537519636537,0.0010273336581991,0.00073119582564741,2,5,0.0,0.0
clustering,heterogeneous,30,M23,clst_ndist_nospeak,false,false,0,7139002048363152400.0,0,0.5,0.8,0.0,0.0,0.05,0.1,0.1,0.05,15,0.00534329721793556,0.04562114457225144,0.0000000000497813,0.00000000000000247,1,3,0.0,0.0
no_change,heterogeneous,22,M28,no_change_exp,false,false,0,4692690466958798800.0,0,0.2,0.5,0.6,0.1,0.05,0.1,0.1,0.05,15,0.02593274109975132,0.04542824074074081,0.02593274109975132,0.01512283908941089,3,3,0.0,0.0
consensus,homogeneous,7,H4,cons_dist_speak,true,true,0,7139002048363152400.0,0,0.05,0.0,0.0,0.0,0.0,0.0,0.0,0.0,25,0.00232084297839506,0.05320982082897804,0.00080138206316816,0.00033739216744272,2,2,0.0,0.0
consensus,heterogeneous,2,M2,cons_ndist_nospeak,false,false,0,4692690466958798800.0,0,0.5,0.0,0.0,0.0,0.05,0.1,0.1,0.05,15,0.03720528978052128,0.16359981110716373,0.0000001195041433,0.00000000012606801,1,4,0.0,0.0
clustering,heterogeneous,13,M14,clst_dist_speak,true,true,0,4692690466958798800.0,0,0.05,0.8,0.0,0.0,0.0,0.0,0.0,0.0,70,0.0108926683241884,0.07402325804362936,0.00029908160941074,0.00021142260505758,1,4,0.0,0.0
consensus,homogeneous,41,H20,cons_dist_nospeak,true,false,0,4398895106259038200.0,0,0.5,0.0,0.0,0.0,0.2,0.0,0.0,0.0,15,0.00048024369855967,0.06795358132294134,0.00000000915440832,0.00000000015186546,1,1,0.0,0.0
bipolarization,heterogeneous,28,M18,bipol_ndist_nospeak,false,false,0,6905470370856337400.0,0,0.05,0.1,0.5,0.3,0.05,0.1,0.1,0.05,35,0.00977608125904969,0.06304668452026063,0.00703539016976786,0.01019973192211452,3,3,0.4,0.0
consensus,homogeneous,33,H15,cons_ndist_speak,false,true,0,7139002048363152400.0,0,0.05,0.0,0.0,0.0,0.05,0.1,0.1,0.05,50,0.00240269204389574,0.03393314065630045,0.00018162219144283,0.00009917122514019,1,3,0.0,0.0
consensus,heterogeneous,1,M1,cons_ndist_nospeak,false,false,0,7139002048363152400.0,0,0.05,0.0,0.0,0.0,0.05,0.1,0.1,0.05,50,0.0306388856143309,0.16278036054217285,0.00018558783655254,0.00014203272982176,1,3,0.0,0.0
clustering,homogeneous,17,H7,clst_ndist_nospeak,false,false,0,7240713591891685400.0,0,0.5,0.2,0.0,0.0,0.05,0.1,0.1,0.05,15,0.00399529565091067,0.03625757817669726,0.00000000022739293,0.00000000000004228,1,3,0.0,0.0
clustering,heterogeneous,12,M13,clst_dist_nospeak,true,false,0,8636175130330607600.0,0,0.05,0.2,0.0,0.0,0.2,0.3,0.0,0.0,50,0.03278937715525453,0.14948537519636537,0.0010273336581991,0.00073119582564741,2,5,0.0,0.0
clustering,heterogeneous,21,M27,clst_dist_nospeak,true,false,0,6905470370856337400.0,0,0.05,0.2,0.0,0.0,0.0,0.3,0.0,0.0,45,0.01066925416285628,0.0760431048904426,0.00011387703741669,0.00003759638347346,2,4,0.0,0.0
consensus,homogeneous,24,H12,cons_dist_speak,true,true,0,7139002048363152400.0,0,0.05,0.0,0.0,0.0,0.0,0.0,0.0,0.0,70,0.00771504468878602,0.03984821210251663,0.00021183312605544,0.00019215406946072,1,3,0.0,0.0
no_change,homogeneous,5,H3,no_change_exp,false,false,0,7240713591891685400.0,0,0.2,0.5,0.6,0.1,0.05,0.1,0.1,0.05,15,0.01398999086696009,0.07581018518518529,0.01398999086696009,0.00877458895366561,4,4,0.0,0.0
consensus,homogeneous,41,H20,cons_dist_nospeak,true,false,0,5702577027890589700.0,0,0.5,0.0,0.0,0.0,0.2,0.0,0.0,0.0,15,0.00048024369855967,0.06795358132294134,0.00000000915440832,0.00000000015186546,1,1,0.0,0.0
clustering,heterogeneous,13,M14,clst_dist_speak,true,true,0,7139002048363152400.0,0,0.05,0.8,0.0,0.0,0.0,0.0,0.0,0.0,85,0.0108926683241884,0.07824505804792366,0.00018025280137196,0.00009892131720776,2,4,0.0,0.0
clustering,heterogeneous,13,M14,clst_ndist_speak,false,true,0,4692690466958798800.0,0,0.05,0.8,0.0,0.0,0.05,0.1,0.1,0.05,70,0.0108926683241884,0.07402325804362936,0.00029908160941074,0.00021142260505758,1,4,0.0,0.0
consensus,heterogeneous,9,M9,cons_ndist_nospeak,false,false,0,6905470370856337400.0,0,0.05,0.0,0.0,0.0,0.05,0.1,0.1,0.05,45,0.01965549714934841,0.09490903987964086,0.0003334750512986,0.00012258139265374,2,3,0.0,0.0
consensus,heterogeneous,1,M1,cons_ndist_speak,false,true,0,4477927936947039200.0,0,0.5,0.0,0.0,0.0,0.05,0.1,0.1,0.05,20,0.0306388856143309,0.17552447765530008,0.00000017331894137,0.00000012939203204,1,3,0.0,0.0
clustering,heterogeneous,30,M23,clst_ndist_nospeak,false,false,0,7240713591891685400.0,0,0.5,0.8,0.0,0.0,0.05,0.1,0.1,0.05,15,0.00534329721793556,0.04562114457225144,0.0000000000497813,0.00000000000000247,1,3,0.0,0.0
clustering,homogeneous,17,H7,clst_ndist_nospeak,false,false,0,6905470370856337400.0,0,0.5,0.2,0.0,0.0,0.05,0.1,0.1,0.05,15,0.00399529565091067,0.03625757817669726,0.00000000022739293,0.00000000000004228,1,3,0.0,0.0
bipolarization,heterogeneous,30,M23,bipol_ndist_nospeak,false,false,0,6905470370856337400.0,0,0.5,0.4,0.8,0.1,0.05,0.1,0.1,0.05,15,0.00534329721793556,0.04562114457225144,0.0000000000497813,0.00000000000000247,1,3,0.4,0.0
bipolarization,heterogeneous,34,M31,bipol_ndist_nospeak,false,false,0,7240713591891685400.0,0,0.05,0.4,0.5,0.1,0.05,0.1,0.1,0.05,40,0.01079937132951816,0.07521097304478169,0.00004540748621548,0.00004552693449704,2,2,0.09999999999999998,0.0
consensus,homogeneous,24,H12,cons_dist_speak,true,true,0,7043372089166577700.0,0,0.05,0.0,0.0,0.0,0.0,0.0,0.0,0.0,70,0.00771504468878602,0.03632516635337033,0.00021183312605544,0.00019215406946072,1,3,0.0,0.0
consensus,homogeneous,41,H20,cons_dist_nospeak,true,false,0,8636175130330607600.0,0,0.5,0.0,0.0,0.0,0.2,0.0,0.0,0.0,15,0.00048024369855967,0.06795358132294134,0.00000000915440832,0.00000000015186546,1,1,0.0,0.0
clustering,homogeneous,17,H7,clst_ndist_speak,false,true,0,7139002048363152400.0,0,0.5,0.2,0.0,0.0,0.05,0.1,0.1,0.05,15,0.00399529565091067,0.03909711697085671,0.0000125322485594,0.00000058106115054,1,3,0.0,0.0
clustering,heterogeneous,31,M30,clst_ndist_speak,false,true,0,4692690466958798800.0,0,0.5,0.8,0.0,0.0,0.05,0.1,0.1,0.05,20,0.01686903435070872,0.12320530182382479,0.00000009542524531,0.00000005508754742,1,2,0.0,0.0
no_change,homogeneous,17,H7,no_change_exp,false,false,0,7139002048363152400.0,0,0.2,0.5,0.6,0.1,0.05,0.1,0.1,0.05,15,0.00399529565091067,0.04918981481481477,0.00399529565091067,0.00291170124599908,3,3,0.0,0.0
no_change,heterogeneous,1,M1,no_change_exp,false,false,0,7240713591891685400.0,0,0.2,0.5,0.6,0.1,0.05,0.1,0.1,0.05,15,0.0306388856143309,0.01562500000000004,0.0306388856143309,0.02287359729843013,3,3,0.0,0.0
clustering,heterogeneous,16,M21,clst_dist_nospeak,true,false,0,4692690466958798800.0,0,0.05,0.2,0.0,0.0,0.2,0.0,0.0,0.0,55,0.00905649862825791,0.10261503861799212,0.00231876302730724,0.00171220345702944,2,3,0.0,0.0
consensus,heterogeneous,1,M1,cons_ndist_speak,false,true,0,109591146466576384.0,0,0.5,0.0,0.0,0.0,0.05,0.1,0.1,0.05,20,0.0306388856143309,0.17552447765530008,0.00000017331894137,0.00000012939203204,1,3,0.0,0.0
consensus,heterogeneous,1,M1,cons_ndist_nospeak,false,false,0,4692690466958798800.0,0,0.05,0.0,0.0,0.0,0.05,0.1,0.1,0.05,50,0.0306388856143309,0.16278036054217285,0.00018558783655254,0.00014203272982176,1,3,0.0,0.0
consensus,homogeneous,41,H20,cons_dist_nospeak,true,false,0,6905470370856337400.0,0,0.5,0.0,0.0,0.0,0.2,0.0,0.0,0.0,15,0.00048024369855967,0.06795358132294134,0.00000000915440832,0.00000000015186546,1,1,0.0,0.0
consensus,homogeneous,24,H12,cons_dist_speak,true,true,0,4286360386944651300.0,0,0.05,0.0,0.0,0.0,0.0,0.0,0.0,0.0,65,0.00771504468878602,0.03494050917844382,0.00035148076359954,0.00024751608633552,1,3,0.0,0.0
clustering,heterogeneous,34,M31,clst_dist_speak,true,true,0,7139002048363152400.0,0,0.05,0.8,0.0,0.0,0.2,0.3,0.0,0.0,35,0.01079937132951816,0.03743861639801702,0.00540964427172537,0.0055015567226586,3,2,0.0,0.0
clustering,homogeneous,17,H7,clst_ndist_nospeak,false,false,0,8636175130330607600.0,0,0.5,0.2,0.0,0.0,0.05,0.1,0.1,0.05,15,0.00399529565091067,0.03625757817669726,0.00000000022739293,0.00000000000004228,1,3,0.0,0.0
consensus,heterogeneous,1,M1,cons_ndist_nospeak,false,false,0,8636175130330607600.0,0,0.05,0.0,0.0,0.0,0.05,0.1,0.1,0.05,50,0.0306388856143309,0.16278036054217285,0.00018558783655254,0.00014203272982176,1,3,0.0,0.0
consensus,heterogeneous,9,M9,cons_ndist_nospeak,false,false,0,8636175130330607600.0,0,0.05,0.0,0.0,0.0,0.05,0.1,0.1,0.05,45,0.01965549714934841,0.09490903987964086,0.0003334750512986,0.00012258139265374,2,3,0.0,0.0
bipolarization,homogeneous,29,H14,bipol_ndist_nospeak,false,false,0,8636175130330607600.0,0,0.05,0.1,0.5,0.3,0.05,0.1,0.1,0.05,35,0.00370154361175412,0.05796707847306751,0.00010502915972232,0.00003873302246498,1,2,0.4,0.0
clustering,heterogeneous,21,M27,clst_dist_nospeak,true,false,0,4692690466958798800.0,0,0.05,0.2,0.0,0.0,0.0,0.3,0.0,0.0,45,0.01066925416285628,0.0760431048904426,0.00011387703741669,0.00003759638347346,2,4,0.0,0.0
clustering,heterogeneous,31,M30,clst_ndist_speak,false,true,0,7139002048363152400.0,0,0.5,0.8,0.0,0.0,0.05,0.1,0.1,0.05,20,0.01686903435070872,0.0890006576501764,0.00000009542524531,0.00000005508754742,1,2,0.0,0.0
consensus,homogeneous,41,H20,cons_dist_nospeak,true,false,0,7128893484183252000.0,0,0.5,0.0,0.0,0.0,0.2,0.0,0.0,0.0,15,0.00048024369855967,0.06795358132294134,0.00000000915440832,0.00000000015186546,1,1,0.0,0.0
consensus,homogeneous,24,H12,cons_dist_speak,true,true,0,4342572612484808700.0,0,0.05,0.0,0.0,0.0,0.0,0.0,0.0,0.0,70,0.00771504468878602,0.03632516635337028,0.00021183312605544,0.00019215406946072,1,3,0.0,0.0
clustering,heterogeneous,16,M21,clst_dist_speak,true,true,0,4692690466958798800.0,0,0.05,0.2,0.0,0.0,0.2,0.0,0.0,0.0,35,0.00905649862825791,0.09716050784493643,0.00622995081853217,0.00516303694360408,3,3,0.0,0.0
clustering,heterogeneous,16,M21,clst_dist_speak,true,true,0,6905470370856337400.0,0,0.05,0.2,0.0,0.0,0.2,0.0,0.0,0.0,30,0.00905649862825791,0.1026852567513937,0.00653055962415741,0.00484815642222413,3,3,0.0,0.0
no_change,homogeneous,24,H12,no_change_exp,false,false,0,4692690466958798800.0,0,0.2,0.5,0.6,0.1,0.05,0.1,0.1,0.05,15,0.00771504468878602,0.04427083333333347,0.00771504468878602,0.00699832580780371,3,3,0.0,0.0
no_change,homogeneous,17,H7,no_change_exp,false,false,0,4692690466958798800.0,0,0.2,0.5,0.6,0.1,0.05,0.1,0.1,0.05,15,0.00399529565091067,0.04918981481481477,0.00399529565091067,0.00291170124599908,3,3,0.0,0.0
bipolarization,heterogeneous,13,M14,bipol_ndist_nospeak,false,false,0,7139002048363152400.0,0,0.05,0.4,0.5,0.1,0.05,0.1,0.1,0.05,45,0.0108926683241884,0.08239891109630117,0.00007921052870017,0.00003074522084539,1,4,0.09999999999999998,0.0
consensus,homogeneous,5,H3,cons_ndist_speak,false,true,0,6905470370856337400.0,0,0.05,0.0,0.0,0.0,0.05,0.1,0.1,0.05,65,0.01398999086696009,0.08950839499544373,0.00063735375114767,0.00031033878339764,1,4,0.0,0.0
clustering,heterogeneous,22,M28,clst_ndist_nospeak,false,false,0,7139002048363152400.0,0,0.5,0.2,0.0,0.0,0.05,0.1,0.1,0.05,15,0.02593274109975132,0.08432597108101193,0.01961183246219127,0.02614930543171813,2,3,0.0,0.0
consensus,homogeneous,41,H20,cons_dist_nospeak,true,false,0,8803618445054126100.0,0,0.5,0.0,0.0,0.0,0.2,0.0,0.0,0.0,15,0.00048024369855967,0.06795358132294134,0.00000000915440832,0.00000000015186546,1,1,0.0,0.0
clustering,heterogeneous,28,M18,clst_dist_nospeak,true,false,0,7139002048363152400.0,0,0.05,0.2,0.0,0.0,0.2,0.0,0.0,0.0,80,0.00977608125904969,0.07334848639686796,0.00175519740225725,0.00159113561511033,3,3,0.0,0.0
clustering,heterogeneous,31,M30,clst_ndist_speak,false,true,0,8636175130330607600.0,0,0.5,0.8,0.0,0.0,0.05,0.1,0.1,0.05,15,0.01686903435070872,0.0956575445553078,0.00003009109676133,0.00000097822960802,1,2,0.0,0.0
consensus,heterogeneous,37,M34,cons_ndist_nospeak,false,false,0,8636175130330607600.0,0,0.5,0.0,0.0,0.0,0.05,0.1,0.1,0.05,15,0.03352094317986969,0.1470507652791101,0.00000008739921744,0.00000000009281125,1,4,0.0,0.0
consensus,homogeneous,24,H12,cons_dist_speak,true,true,0,7240713591891685400.0,0,0.05,0.0,0.0,0.0,0.0,0.0,0.0,0.0,65,0.00771504468878602,0.03661667348149125,0.00035148076359954,0.00024751608633552,1,3,0.0,0.0
clustering,heterogeneous,30,M23,clst_ndist_nospeak,false,false,0,4692690466958798800.0,0,0.5,0.8,0.0,0.0,0.05,0.1,0.1,0.05,15,0.00534329721793556,0.04562114457225144,0.0000000000497813,0.00000000000000247,1,3,0.0,0.0
consensus,homogeneous,41,H20,cons_dist_nospeak,true,false,0,1841142524168585220.0,0,0.5,0.0,0.0,0.0,0.2,0.0,0.0,0.0,15,0.00048024369855967,0.06795358132294134,0.00000000915440832,0.00000000015186546,1,1,0.0,0.0
bipolarization,homogeneous,29,H14,bipol_ndist_nospeak,false,false,0,7139002048363152400.0,0,0.05,0.1,0.5,0.3,0.05,0.1,0.1,0.05,35,0.00370154361175412,0.05796707847306751,0.00010502915972232,0.00003873302246498,1,2,0.4,0.0
consensus,homogeneous,5,H3,cons_ndist_nospeak,false,false,0,4692690466958798800.0,0,0.05,0.0,0.0,0.0,0.05,0.1,0.1,0.05,45,0.01398999086696009,0.09672087310336967,0.00023518152678958,0.00008912651614391,1,4,0.0,0.0
clustering,homogeneous,23,H11,clst_dist_nospeak,true,false,0,4692690466958798800.0,0,0.05,0.8,0.0,0.0,0.0,0.0,0.0,0.0,40,0.01309938700274348,0.06340534776399621,0.00007753228842362,0.00004506383680531,1,4,0.0,0.0
clustering,heterogeneous,31,M30,clst_ndist_speak,false,true,0,6905470370856337400.0,0,0.5,0.8,0.0,0.0,0.05,0.1,0.1,0.05,20,0.01686903435070872,0.10367214163098304,0.00000009542524531,0.00000005508754742,1,2,0.0,0.0
no_change,homogeneous,38,H19,no_change_exp,false,false,0,4692690466958798800.0,0,0.2,0.5,0.6,0.1,0.05,0.1,0.1,0.05,15,0.00801496443234644,0.04880401234567892,0.00801496443234644,0.00495050059061119,3,3,0.0,0.0
consensus,heterogeneous,1,M1,cons_dist_speak,true,true,0,4286360386944651300.0,0,0.5,0.0,0.0,0.0,0.0,0.0,0.0,0.0,20,0.0306388856143309,0.18857638626594364,0.00000017331894137,0.00000012939203204,1,3,0.0,0.0
clustering,heterogeneous,22,M28,clst_ndist_nospeak,false,false,0,4692690466958798800.0,0,0.5,0.2,0.0,0.0,0.05,0.1,0.1,0.05,15,0.02593274109975132,0.08432597108101193,0.01961183246219127,0.02614930543171813,2,3,0.0,0.0
clustering,heterogeneous,32,M29,clst_dist_speak,true,true,0,8636175130330607600.0,0,0.5,0.2,0.0,0.0,0.0,0.0,0.0,0.0,25,0.03735544128836595,0.06200941108761121,0.0364321457629182,0.03216527834406192,2,4,0.0,0.0
bipolarization,heterogeneous,13,M14,bipol_ndist_nospeak,false,false,0,4692690466958798800.0,0,0.05,0.4,0.5,0.1,0.05,0.1,0.1,0.05,45,0.0108926683241884,0.08239891109630117,0.00007921052870017,0.00003074522084539,1,4,0.09999999999999998,0.0
consensus,homogeneous,5,H3,cons_ndist_speak,false,true,0,109591146466576384.0,0,0.05,0.0,0.0,0.0,0.05,0.1,0.1,0.05,65,0.01398999086696009,0.09009938157463075,0.00063735375114767,0.00031033878339765,1,4,0.0,0.0
consensus,heterogeneous,37,M34,cons_ndist_nospeak,false,false,0,7240713591891685400.0,0,0.5,0.0,0.0,0.0,0.05,0.1,0.1,0.05,15,0.03352094317986969,0.1470507652791101,0.00000008739921744,0.00000000009281125,1,4,0.0,0.0
consensus,homogeneous,41,H20,cons_dist_nospeak,true,false,0,7043372089166577700.0,0,0.5,0.0,0.0,0.0,0.2,0.0,0.0,0.0,15,0.00048024369855967,0.06795358132294134,0.00000000915440832,0.00000000015186546,1,1,0.0,0.0
consensus,homogeneous,41,H20,cons_dist_nospeak,true,false,0,109591146466576384.0,0,0.5,0.0,0.0,0.0,0.2,0.0,0.0,0.0,15,0.00048024369855967,0.06795358132294134,0.00000000915440832,0.00000000015186546,1,1,0.0,0.0
no_change,heterogeneous,13,M14,no_change_exp,false,false,0,7240713591891685400.0,0,0.2,0.5,0.6,0.1,0.05,0.1,0.1,0.05,15,0.0108926683241884,0.0275848765432099,0.0108926683241884,0.00770009335467155,4,4,0.0,0.0
clustering,heterogeneous,12,M13,clst_dist_nospeak,true,false,0,6905470370856337400.0,0,0.05,0.2,0.0,0.0,0.2,0.3,0.0,0.0,50,0.03278937715525453,0.14948537519636537,0.0010273336581991,0.00073119582564741,2,5,0.0,0.0
clustering,homogeneous,23,H11,clst_dist_nospeak,true,false,0,8636175130330607600.0,0,0.05,0.8,0.0,0.0,0.0,0.0,0.0,0.0,40,0.01309938700274348,0.06340534776399621,0.00007753228842362,0.00004506383680531,1,4,0.0,0.0
consensus,homogeneous,24,H12,cons_dist_speak,true,true,0,4692690466958798800.0,0,0.05,0.0,0.0,0.0,0.0,0.0,0.0,0.0,70,0.00771504468878602,0.03818883957489039,0.00021183312605544,0.00019215406946072,1,3,0.0,0.0
consensus,homogeneous,5,H3,cons_ndist_speak,false,true,0,4692690466958798800.0,0,0.05,0.0,0.0,0.0,0.05,0.1,0.1,0.05,65,0.01398999086696009,0.08504640427552146,0.00063735375114767,0.00031033878339765,1,4,0.0,0.0
clustering,homogeneous,17,H7,clst_ndist_speak,false,true,0,6905470370856337400.0,0,0.5,0.2,0.0,0.0,0.05,0.1,0.1,0.05,15,0.00399529565091067,0.03663656852240587,0.0000071268352131,0.00000029248745313,1,3,0.0,0.0
clustering,heterogeneous,30,M23,clst_ndist_nospeak,false,false,0,8636175130330607600.0,0,0.5,0.8,0.0,0.0,0.05,0.1,0.1,0.05,15,0.00534329721793556,0.04562114457225144,0.0000000000497813,0.00000000000000247,1,3,0.0,0.0
no_change,homogeneous,17,H7,no_change_exp,false,false,0,7240713591891685400.0,0,0.2,0.5,0.6,0.1,0.05,0.1,0.1,0.05,15,0.00399529565091067,0.04918981481481477,0.00399529565091067,0.00291170124599908,3,3,0.0,0.0
bipolarization,heterogeneous,32,M29,bipol_ndist_nospeak,false,false,0,7240713591891685400.0,0,0.5,0.1,0.5,0.1,0.05,0.1,0.1,0.05,15,0.03735544128836595,0.04349922839308569,0.03806601961386343,0.02566496432379933,3,4,0.4,0.0
consensus,heterogeneous,2,M2,cons_dist_nospeak,true,false,0,8636175130330607600.0,0,0.05,0.0,0.0,0.0,0.0,0.0,0.0,0.0,55,0.03720528978052128,0.15735089308956668,0.00022628229325046,0.00008732415873293,1,4,0.0,0.0
consensus,homogeneous,7,H4,cons_dist_speak,true,true,0,4286360386944651300.0,0,0.05,0.0,0.0,0.0,0.0,0.0,0.0,0.0,25,0.00232084297839506,0.05781201137166753,0.00080138206316816,0.00033739216744272,2,2,0.0,0.0
consensus,heterogeneous,37,M34,cons_ndist_nospeak,false,false,0,4692690466958798800.0,0,0.5,0.0,0.0,0.0,0.05,0.1,0.1,0.05,15,0.03352094317986969,0.1470507652791101,0.00000008739921744,0.00000000009281125,1,4,0.0,0.0
consensus,heterogeneous,9,M9,cons_ndist_nospeak,false,false,0,4692690466958798800.0,0,0.05,0.0,0.0,0.0,0.05,0.1,0.1,0.05,45,0.01965549714934841,0.09490903987964086,0.0003334750512986,0.00012258139265374,2,3,0.0,0.0
clustering,heterogeneous,28,M18,clst_dist_speak,true,true,0,8636175130330607600.0,0,0.05,0.2,0.0,0.0,0.2,0.0,0.0,0.0,85,0.00977608125904969,0.05851313348086521,0.00937217995488204,0.01116208123293748,3,3,0.0,0.0
consensus,homogeneous,5,H3,cons_ndist_speak,false,true,0,7240713591891685400.0,0,0.05,0.0,0.0,0.0,0.05,0.1,0.1,0.05,65,0.01398999086696009,0.09139181707244064,0.00063735375114767,0.00031033878339765,1,4,0.0,0.0
clustering,heterogeneous,22,M28,clst_ndist_nospeak,false,false,0,6905470370856337400.0,0,0.5,0.2,0.0,0.0,0.05,0.1,0.1,0.05,15,0.02593274109975132,0.08432597108101193,0.01961183246219127,0.02614930543171813,2,3,0.0,0.0
clustering,heterogeneous,30,M23,clst_ndist_nospeak,false,false,0,6905470370856337400.0,0,0.5,0.8,0.0,0.0,0.05,0.1,0.1,0.05,15,0.00534329721793556,0.04562114457225144,0.0000000000497813,0.00000000000000247,1,3,0.0,0.0
bipolarization,heterogeneous,32,M29,bipol_ndist_nospeak,false,false,0,6905470370856337400.0,0,0.5,0.1,0.5,0.1,0.05,0.1,0.1,0.05,15,0.03735544128836595,0.04349922839308569,0.03806601961386343,0.02566496432379933,3,4,0.4,0.0
clustering,homogeneous,17,H7,clst_ndist_speak,false,true,0,4692690466958798800.0,0,0.5,0.2,0.0,0.0,0.05,0.1,0.1,0.05,15,0.00399529565091067,0.04366034634895848,0.0000071268352131,0.00000029248745313,1,3,0.0,0.0
clustering,homogeneous,23,H11,clst_dist_nospeak,true,false,0,7240713591891685400.0,0,0.05,0.8,0.0,0.0,0.0,0.0,0.0,0.0,40,0.01309938700274348,0.06340534776399621,0.00007753228842362,0.00004506383680531,1,4,0.0,0.0
no_change,homogeneous,5,H3,no_change_exp,false,false,0,6905470370856337400.0,0,0.2,0.5,0.6,0.1,0.05,0.1,0.1,0.05,15,0.01398999086696009,0.07581018518518529,0.01398999086696009,0.00877458895366561,4,4,0.0,0.0
no_change,heterogeneous,13,M14,no_change_exp,false,false,0,7139002048363152400.0,0,0.2,0.5,0.6,0.1,0.05,0.1,0.1,0.05,15,0.0108926683241884,0.0275848765432099,0.0108926683241884,0.00770009335467155,4,4,0.0,0.0
consensus,homogeneous,41,H20,cons_dist_nospeak,true,false,0,4342572612484808700.0,0,0.5,0.0,0.0,0.0,0.2,0.0,0.0,0.0,15,0.00048024369855967,0.06795358132294134,0.00000000915440832,0.00000000015186546,1,1,0.0,0.0
no_change,homogeneous,38,H19,no_change_exp,false,false,0,7240713591891685400.0,0,0.2,0.5,0.6,0.1,0.05,0.1,0.1,0.05,15,0.00801496443234644,0.04880401234567892,0.00801496443234644,0.00495050059061119,3,3,0.0,0.0
consensus,homogeneous,5,H3,cons_ndist_speak,false,true,0,5702577027890589700.0,0,0.05,0.0,0.0,0.0,0.05,0.1,0.1,0.05,75,0.01398999086696009,0.0920565995954306,0.00038412525375813,0.00018703736144795,1,4,0.0,0.0
bipolarization,heterogeneous,13,M14,bipol_ndist_nospeak,false,false,0,6905470370856337400.0,0,0.05,0.4,0.5,0.1,0.05,0.1,0.1,0.05,45,0.0108926683241884,0.08239891109630117,0.00007921052870017,0.00003074522084539,1,4,0.09999999999999998,0.0
consensus,heterogeneous,9,M9,cons_ndist_nospeak,false,false,0,7139002048363152400.0,0,0.05,0.0,0.0,0.0,0.05,0.1,0.1,0.05,45,0.01965549714934841,0.09490903987964086,0.0003334750512986,0.00012258139265374,2,3,0.0,0.0
clustering,heterogeneous,21,M27,clst_dist_nospeak,true,false,0,8636175130330607600.0,0,0.05,0.2,0.0,0.0,0.0,0.3,0.0,0.0,45,0.01066925416285628,0.0760431048904426,0.00011387703741669,0.00003759638347346,2,4,0.0,0.0
clustering,homogeneous,17,H7,clst_ndist_nospeak,false,false,0,4692690466958798800.0,0,0.5,0.2,0.0,0.0,0.05,0.1,0.1,0.05,15,0.00399529565091067,0.03625757817669726,0.00000000022739293,0.00000000000004228,1,3,0.0,0.0
consensus,homogeneous,5,H3,cons_ndist_speak,false,true,0,7128893484183252000.0,0,0.05,0.0,0.0,0.0,0.05,0.1,0.1,0.05,85,0.01398999086696009,0.09100122237775247,0.00023150755810106,0.00011272511348536,1,4,0.0,0.0
consensus,homogeneous,7,H4,cons_dist_speak,true,true,0,109591146466576384.0,0,0.05,0.0,0.0,0.0,0.0,0.0,0.0,0.0,25,0.00232084297839506,0.05492959010299397,0.00080138206316816,0.00033739216744272,2,2,0.0,0.0
consensus,homogeneous,7,H4,cons_dist_speak,true,true,0,4692690466958798800.0,0,0.05,0.0,0.0,0.0,0.0,0.0,0.0,0.0,30,0.00232084297839506,0.04991253438062661,0.00048298309662002,0.00026192753343074,2,2,0.0,0.0
bipolarization,heterogeneous,32,M29,bipol_ndist_nospeak,false,false,0,7139002048363152400.0,0,0.5,0.1,0.5,0.1,0.05,0.1,0.1,0.05,15,0.03735544128836595,0.04349922839308569,0.03806601961386343,0.02566496432379933,3,4,0.4,0.0
clustering,heterogeneous,34,M31,clst_dist_speak,true,true,0,8636175130330607600.0,0,0.05,0.8,0.0,0.0,0.2,0.3,0.0,0.0,30,0.01079937132951816,0.03820798998258806,0.00560261816018705,0.00570936217166707,2,2,0.0,0.0
clustering,heterogeneous,39,M35,clst_dist_nospeak,true,false,0,7139002048363152400.0,0,0.05,0.2,0.0,0.0,0.2,0.0,0.0,0.0,45,0.01380628072130774,0.09334664123033332,0.0020352468110179,0.00144690997234146,2,4,0.0,0.0
consensus,heterogeneous,9,M9,cons_ndist_nospeak,false,false,0,7240713591891685400.0,0,0.05,0.0,0.0,0.0,0.05,0.1,0.1,0.05,45,0.01965549714934841,0.09490903987964086,0.0003334750512986,0.00012258139265374,2,3,0.0,0.0
consensus,heterogeneous,37,M34,cons_ndist_nospeak,false,false,0,6905470370856337400.0,0,0.5,0.0,0.0,0.0,0.05,0.1,0.1,0.05,15,0.03352094317986969,0.1470507652791101,0.00000008739921744,0.00000000009281125,1,4,0.0,0.0
clustering,heterogeneous,22,M28,clst_ndist_nospeak,false,false,0,7240713591891685400.0,0,0.5,0.2,0.0,0.0,0.05,0.1,0.1,0.05,15,0.02593274109975132,0.08432597108101193,0.01961183246219127,0.02614930543171813,2,3,0.0,0.0
consensus,homogeneous,41,H20,cons_dist_nospeak,true,false,0,4286360386944651300.0,0,0.5,0.0,0.0,0.0,0.2,0.0,0.0,0.0,15,0.00048024369855967,0.06795358132294134,0.00000000915440832,0.00000000015186546,1,1,0.0,0.0
consensus,homogeneous,41,H20,cons_dist_nospeak,true,false,0,4477927936947039200.0,0,0.5,0.0,0.0,0.0,0.2,0.0,0.0,0.0,15,0.00048024369855967,0.06795358132294134,0.00000000915440832,0.00000000015186546,1,1,0.0,0.0
clustering,homogeneous,17,H7,clst_ndist_speak,false,true,0,8636175130330607600.0,0,0.5,0.2,0.0,0.0,0.05,0.1,0.1,0.05,15,0.00399529565091067,0.04465253054450718,0.0000125322485594,0.00000058106115054,2,3,0.0,0.0
bipolarization,heterogeneous,32,M29,bipol_ndist_nospeak,false,false,0,8636175130330607600.0,0,0.5,0.1,0.5,0.1,0.05,0.1,0.1,0.05,15,0.03735544128836595,0.04349922839308569,0.03806601961386343,0.02566496432379933,3,4,0.4,0.0
no_change,homogeneous,5,H3,no_change_exp,false,false,0,7139002048363152400.0,0,0.2,0.5,0.6,0.1,0.05,0.1,0.1,0.05,15,0.01398999086696009,0.07581018518518529,0.01398999086696009,0.00877458895366561,4,4,0.0,0.0
clustering,heterogeneous,34,M31,clst_dist_speak,true,true,0,6905470370856337400.0,0,0.05,0.8,0.0,0.0,0.2,0.3,0.0,0.0,45,0.01079937132951816,0.04163800596707666,0.00478746377591982,0.00378680807799154,3,2,0.0,0.0
consensus,homogeneous,7,H4,cons_dist_speak,true,true,0,1841142524168585220.0,0,0.05,0.0,0.0,0.0,0.0,0.0,0.0,0.0,30,0.00232084297839506,0.06105603913953368,0.00048298309662002,0.00026192753343074,2,2,0.0,0.0
clustering,heterogeneous,15,M20,clst_ndist_nospeak,false,false,0,6905470370856337400.0,0,0.05,0.8,0.0,0.0,0.05,0.1,0.1,0.05,35,0.01619926630551272,0.14619438842408772,0.00026769871694709,0.00008990744533972,1,3,0.0,0.0
clustering,heterogeneous,28,M18,clst_dist_nospeak,true,false,0,8636175130330607600.0,0,0.05,0.2,0.0,0.0,0.2,0.0,0.0,0.0,80,0.00977608125904969,0.07334848639686796,0.00175519740225725,0.00159113561511033,3,3,0.0,0.0
no_change,heterogeneous,13,M14,no_change_exp,false,false,0,4692690466958798800.0,0,0.2,0.5,0.6,0.1,0.05,0.1,0.1,0.05,15,0.0108926683241884,0.0275848765432099,0.0108926683241884,0.00770009335467155,4,4,0.0,0.0
consensus,heterogeneous,1,M1,cons_ndist_nospeak,false,false,0,7240713591891685400.0,0,0.05,0.0,0.0,0.0,0.05,0.1,0.1,0.05,50,0.0306388856143309,0.16278036054217285,0.00018558783655254,0.00014203272982176,1,3,0.0,0.0
clustering,heterogeneous,32,M29,clst_dist_speak,true,true,0,7240713591891685400.0,0,0.5,0.2,0.0,0.0,0.0,0.0,0.0,0.0,25,0.03735544128836595,0.06402507681303654,0.03538459858061543,0.03121261585491304,3,4,0.0,0.0
clustering,heterogeneous,13,M14,clst_ndist_speak,false,true,0,7240713591891685400.0,0,0.05,0.8,0.0,0.0,0.05,0.1,0.1,0.05,60,0.0108926683241884,0.07192817636808864,0.00049624642949731,0.00035079961312752,1,4,0.0,0.0
consensus,homogeneous,5,H3,cons_ndist_speak,false,true,0,7139002048363152400.0,0,0.05,0.0,0.0,0.0,0.05,0.1,0.1,0.05,80,0.01398999086696009,0.09340452055635227,0.00023150755810106,0.00014520264389887,1,4,0.0,0.0
clustering,heterogeneous,39,M35,clst_dist_nospeak,true,false,0,4692690466958798800.0,0,0.05,0.2,0.0,0.0,0.2,0.0,0.0,0.0,45,0.01380628072130774,0.09334664123033332,0.0020352468110179,0.00144690997234146,2,4,0.0,0.0
clustering,heterogeneous,39,M35,clst_dist_nospeak,true,false,0,7240713591891685400.0,0,0.05,0.2,0.0,0.0,0.2,0.0,0.0,0.0,45,0.01380628072130774,0.09334664123033332,0.0020352468110179,0.00144690997234146,2,4,0.0,0.0
clustering,homogeneous,7,H4,clst_ndist_nospeak,false,false,0,7240713591891685400.0,0,0.5,0.2,0.0,0.0,0.05,0.1,0.1,0.05,15,0.00232084297839506,0.05899563033928192,0.00000000001377475,0.00000000000000071,1,2,0.0,0.0
no_change,heterogeneous,1,M1,no_change_exp,false,false,0,7139002048363152400.0,0,0.2,0.5,0.6,0.1,0.05,0.1,0.1,0.05,15,0.0306388856143309,0.01562500000000004,0.0306388856143309,0.02287359729843013,3,3,0.0,0.0
consensus,homogeneous,7,H4,cons_dist_speak,true,true,0,4342572612484808700.0,0,0.05,0.0,0.0,0.0,0.0,0.0,0.0,0.0,30,0.00232084297839506,0.06007580163287442,0.00048298309662002,0.00026192753343074,2,2,0.0,0.0
consensus,homogeneous,7,H4,cons_dist_speak,true,true,0,8803618445054126100.0,0,0.05,0.0,0.0,0.0,0.0,0.0,0.0,0.0,30,0.00232084297839506,0.05247263275747627,0.00048298309662002,0.00026192753343074,2,2,0.0,0.0
bipolarization,heterogeneous,16,M21,bipol_ndist_nospeak,false,false,0,7139002048363152400.0,0,0.05,0.1,0.5,0.3,0.05,0.1,0.1,0.05,25,0.00905649862825791,0.09637379326449257,0.00769105004101981,0.0102549334506083,3,3,0.4,0.0
consensus,heterogeneous,2,M2,cons_dist_nospeak,true,false,0,8803618445054126100.0,0,0.05,0.0,0.0,0.0,0.0,0.0,0.0,0.0,55,0.03720528978052128,0.15735089308956668,0.00022628229325046,0.00008732415873293,1,4,0.0,0.0
clustering,homogeneous,17,H7,clst_ndist_speak,false,true,0,7240713591891685400.0,0,0.5,0.2,0.0,0.0,0.05,0.1,0.1,0.05,15,0.00399529565091067,0.03589228324715716,0.0000125322485594,0.00000058106115054,1,3,0.0,0.0
clustering,heterogeneous,15,M20,clst_ndist_nospeak,false,false,0,7139002048363152400.0,0,0.05,0.8,0.0,0.0,0.05,0.1,0.1,0.05,35,0.01619926630551272,0.14619438842408772,0.00026769871694709,0.00008990744533972,1,3,0.0,0.0
consensus,homogeneous,5,H3,cons_ndist_nospeak,false,false,0,6905470370856337400.0,0,0.05,0.0,0.0,0.0,0.05,0.1,0.1,0.05,45,0.01398999086696009,0.09672087310336967,0.00023518152678958,0.00008912651614391,1,4,0.0,0.0
no_change,homogeneous,5,H3,no_change_exp,false,false,0,4692690466958798800.0,0,0.2,0.5,0.6,0.1,0.05,0.1,0.1,0.05,15,0.01398999086696009,0.07581018518518529,0.01398999086696009,0.00877458895366561,4,4,0.0,0.0
bipolarization,heterogeneous,16,M21,bipol_ndist_nospeak,false,false,0,4692690466958798800.0,0,0.05,0.1,0.5,0.3,0.05,0.1,0.1,0.05,25,0.00905649862825791,0.09637379326449257,0.00769105004101981,0.0102549334506083,3,3,0.4,0.0
clustering,homogeneous,7,H4,clst_ndist_nospeak,false,false,0,7139002048363152400.0,0,0.5,0.2,0.0,0.0,0.05,0.1,0.1,0.05,15,0.00232084297839506,0.05899563033928192,0.00000000001377475,0.00000000000000071,1,2,0.0,0.0
clustering,heterogeneous,30,M23,clst_ndist_speak,false,true,0,8636175130330607600.0,0,0.5,0.8,0.0,0.0,0.05,0.1,0.1,0.05,15,0.00534329721793556,0.04412377548807725,0.00000953140946107,0.00000030060383134,2,3,0.0,0.0
consensus,homogeneous,5,H3,cons_ndist_speak,false,true,0,7043372089166577700.0,0,0.05,0.0,0.0,0.0,0.05,0.1,0.1,0.05,75,0.01398999086696009,0.09067282587370917,0.00038412525375813,0.00018703736144795,1,4,0.0,0.0
no_change,heterogeneous,13,M14,no_change_exp,false,false,0,8636175130330607600.0,0,0.2,0.5,0.6,0.1,0.05,0.1,0.1,0.05,15,0.0108926683241884,0.0275848765432099,0.0108926683241884,0.00770009335467155,4,4,0.0,0.0
consensus,homogeneous,24,H12,cons_ndist_nospeak,false,false,0,4692690466958798800.0,0,0.5,0.0,0.0,0.0,0.05,0.1,0.1,0.05,15,0.00771504468878602,0.0576421616053156,0.00000003498766485,0.00000000004332364,1,3,0.0,0.0
consensus,homogeneous,7,H4,cons_dist_speak,true,true,0,7240713591891685400.0,0,0.05,0.0,0.0,0.0,0.0,0.0,0.0,0.0,35,0.00232084297839506,0.05344709972138774,0.00048298309662002,0.00020334210272015,2,2,0.0,0.0
bipolarization,heterogeneous,34,M31,bipol_ndist_nospeak,false,false,0,8636175130330607600.0,0,0.05,0.4,0.8,0.3,0.05,0.1,0.1,0.05,40,0.01079937132951816,0.07521097304478169,0.00004540748621548,0.00004552693449704,2,2,0.4,0.0
consensus,heterogeneous,2,M2,cons_dist_nospeak,true,false,0,4342572612484808700.0,0,0.05,0.0,0.0,0.0,0.0,0.0,0.0,0.0,55,0.03720528978052128,0.15735089308956668,0.00022628229325046,0.00008732415873293,1,4,0.0,0.0
clustering,heterogeneous,39,M35,clst_dist_speak,true,true,0,4692690466958798800.0,0,0.05,0.2,0.0,0.0,0.2,0.0,0.0,0.0,15,0.01380628072130774,0.03429615707586231,0.01296513020659055,0.00947906307020032,4,4,0.0,0.0
clustering,homogeneous,7,H4,clst_ndist_nospeak,false,false,0,8636175130330607600.0,0,0.5,0.2,0.0,0.0,0.05,0.1,0.1,0.05,15,0.00232084297839506,0.05899563033928192,0.00000000001377475,0.00000000000000071,1,2,0.0,0.0
clustering,heterogeneous,30,M23,clst_ndist_speak,false,true,0,4692690466958798800.0,0,0.5,0.8,0.0,0.0,0.05,0.1,0.1,0.05,15,0.00534329721793556,0.0413688467730631,0.00000953140946107,0.00000030060383134,1,3,0.0,0.0
consensus,homogeneous,7,H4,cons_dist_speak,true,true,0,4398895106259038200.0,0,0.05,0.0,0.0,0.0,0.0,0.0,0.0,0.0,30,0.00232084297839506,0.05482909779840837,0.00048298309662002,0.00026192753343075,2,2,0.0,0.0
bipolarization,heterogeneous,16,M21,bipol_ndist_nospeak,false,false,0,8636175130330607600.0,0,0.05,0.1,0.5,0.3,0.05,0.1,0.1,0.05,25,0.00905649862825791,0.09637379326449257,0.00769105004101981,0.0102549334506083,3,3,0.4,0.0
clustering,homogeneous,23,H11,clst_dist_nospeak,true,false,0,6905470370856337400.0,0,0.05,0.8,0.0,0.0,0.0,0.0,0.0,0.0,40,0.01309938700274348,0.06340534776399621,0.00007753228842362,0.00004506383680531,1,4,0.0,0.0
no_change,heterogeneous,1,M1,no_change_exp,false,false,0,7139002048363152400.0,0,0.2,0.5,0.6,0.1,0.05,0.1,0.1,0.05,15,0.0306388856143309,0.01562500000000004,0.0306388856143309,0.02287359729843013,3,3,0.0,0.0
consensus,homogeneous,24,H12,cons_ndist_nospeak,false,false,0,6905470370856337400.0,0,0.5,0.0,0.0,0.0,0.05,0.1,0.1,0.05,15,0.00771504468878602,0.0576421616053156,0.00000003498766485,0.00000000004332364,1,3,0.0,0.0
consensus,homogeneous,5,H3,cons_ndist_speak,false,true,0,8636175130330607600.0,0,0.05,0.0,0.0,0.0,0.05,0.1,0.1,0.05,75,0.01398999086696009,0.09338468480450701,0.00038412525375813,0.00018703736144794,1,4,0.0,0.0
clustering,heterogeneous,30,M23,clst_ndist_nospeak,false,false,0,7139002048363152400.0,0,0.5,0.8,0.0,0.0,0.05,0.1,0.1,0.05,15,0.00534329721793556,0.04562114457225144,0.0000000000497813,0.00000000000000247,1,3,0.0,0.0
bipolarization,heterogeneous,16,M21,bipol_ndist_nospeak,false,false,0,6905470370856337400.0,0,0.05,0.1,0.5,0.3,0.05,0.1,0.1,0.05,25,0.00905649862825791,0.09637379326449257,0.00769105004101981,0.0102549334506083,3,3,0.4,0.0
clustering,heterogeneous,30,M23,clst_ndist_speak,false,true,0,7240713591891685400.0,0,0.5,0.8,0.0,0.0,0.05,0.1,0.1,0.05,15,0.00534329721793556,0.04887338311191028,0.00000953140946107,0.00000030060383134,1,3,0.0,0.0
clustering,heterogeneous,39,M35,clst_dist_nospeak,true,false,0,7139002048363152400.0,0,0.05,0.2,0.0,0.0,0.0,0.0,0.0,0.0,45,0.01380628072130774,0.09908993211630539,0.0002405931971448,0.00009066839083418,2,4,0.0,0.0
consensus,homogeneous,5,H3,cons_ndist_nospeak,false,false,0,7139002048363152400.0,0,0.05,0.0,0.0,0.0,0.05,0.1,0.1,0.05,45,0.01398999086696009,0.09672087310336967,0.00023518152678958,0.00008912651614391,1,4,0.0,0.0
consensus,homogeneous,7,H4,cons_dist_speak,true,true,0,4477927936947039200.0,0,0.05,0.0,0.0,0.0,0.0,0.0,0.0,0.0,40,0.00232084297839506,0.05723041492716892,0.00029108796208695,0.00015786049750888,2,2,0.0,0.0
no_change,heterogeneous,1,M1,no_change_exp,false,false,0,4692690466958798800.0,0,0.2,0.5,0.6,0.1,0.05,0.1,0.1,0.05,15,0.0306388856143309,0.01562500000000004,0.0306388856143309,0.02287359729843013,3,3,0.0,0.0
clustering,heterogeneous,9,M9,clst_dist_nospeak,true,false,0,7139002048363152400.0,0,0.05,0.2,0.0,0.0,0.0,0.0,0.0,0.0,15,0.01965549714934841,0.04327458787991732,0.01904759155090125,0.01545739867030638,2,3,0.0,0.0
clustering,heterogeneous,13,M14,clst_dist_speak,true,true,0,6905470370856337400.0,0,0.05,0.8,0.0,0.0,0.0,0.0,0.0,0.0,80,0.0108926683241884,0.07926719288010699,0.00018025280137196,0.00012742179938803,1,4,0.0,0.0
consensus,heterogeneous,2,M2,cons_dist_nospeak,true,false,0,4692690466958798800.0,0,0.05,0.0,0.0,0.0,0.0,0.0,0.0,0.0,55,0.03720528978052128,0.15735089308956668,0.00022628229325046,0.00008732415873293,1,4,0.0,0.0
consensus,homogeneous,5,H3,cons_ndist_speak,false,true,0,1841142524168585220.0,0,0.05,0.0,0.0,0.0,0.05,0.1,0.1,0.05,70,0.01398999086696009,0.0931695843799546,0.00038412525375813,0.00024092519005214,1,4,0.0,0.0
bipolarization,heterogeneous,32,M29,bipol_ndist_nospeak,false,false,0,4692690466958798800.0,0,0.5,0.1,0.5,0.1,0.05,0.1,0.1,0.05,15,0.03735544128836595,0.04349922839308569,0.03806601961386343,0.02566496432379933,3,4,0.4,0.0
clustering,heterogeneous,30,M23,clst_ndist_nospeak,false,false,0,7240713591891685400.0,0,0.5,0.8,0.0,0.0,0.05,0.1,0.1,0.05,15,0.00534329721793556,0.04562114457225144,0.0000000000497813,0.00000000000000247,1,3,0.0,0.0
clustering,heterogeneous,30,M23,clst_ndist_nospeak,false,false,0,4692690466958798800.0,0,0.5,0.8,0.0,0.0,0.05,0.1,0.1,0.05,15,0.00534329721793556,0.04562114457225144,0.0000000000497813,0.00000000000000247,1,3,0.0,0.0
consensus,homogeneous,5,H3,cons_ndist_nospeak,false,false,0,8636175130330607600.0,0,0.05,0.0,0.0,0.0,0.05,0.1,0.1,0.05,45,0.01398999086696009,0.09672087310336967,0.00023518152678958,0.00008912651614391,1,4,0.0,0.0
consensus,homogeneous,24,H12,cons_ndist_nospeak,false,false,0,7240713591891685400.0,0,0.5,0.0,0.0,0.0,0.05,0.1,0.1,0.05,15,0.00771504468878602,0.0576421616053156,0.00000003498766485,0.00000000004332364,1,3,0.0,0.0
clustering,heterogeneous,28,M18,clst_ndist_speak,false,true,0,4692690466958798800.0,0,0.05,0.2,0.0,0.0,0.05,0.1,0.1,0.05,80,0.00977608125904969,0.08886024328123039,0.00027296424734419,0.00022174115015932,1,3,0.0,0.0
no_change,heterogeneous,9,M9,no_change_exp,false,false,0,4692690466958798800.0,0,0.2,0.5,0.6,0.1,0.05,0.1,0.1,0.05,15,0.01965549714934841,0.04861111111111123,0.01965549714934841,0.01170163299230299,3,3,0.0,0.0
consensus,homogeneous,7,H4,cons_dist_speak,true,true,0,7043372089166577700.0,0,0.05,0.0,0.0,0.0,0.0,0.0,0.0,0.0,30,0.00232084297839506,0.04493102858291179,0.00048298309662001,0.00026192753343074,2,2,0.0,0.0
no_change,homogeneous,7,H4,no_change_exp,false,false,0,8636175130330607600.0,0,0.2,0.5,0.6,0.1,0.05,0.1,0.1,0.05,15,0.00232084297839506,0.05468749999999992,0.00232084297839506,0.00125862101813747,2,2,0.0,0.0
consensus,heterogeneous,2,M2,cons_dist_nospeak,true,false,0,1841142524168585220.0,0,0.05,0.0,0.0,0.0,0.0,0.0,0.0,0.0,55,0.03720528978052128,0.15735089308956668,0.00022628229325046,0.00008732415873293,1,4,0.0,0.0
bipolarization,heterogeneous,13,M14,bipol_ndist_nospeak,false,false,0,8636175130330607600.0,0,0.05,0.4,0.5,0.1,0.05,0.1,0.1,0.05,45,0.0108926683241884,0.08239891109630117,0.00007921052870017,0.00003074522084539,1,4,0.09999999999999998,0.0
bipolarization,heterogeneous,16,M21,bipol_ndist_nospeak,false,false,0,7240713591891685400.0,0,0.05,0.1,0.5,0.3,0.05,0.1,0.1,0.05,25,0.00905649862825791,0.09637379326449257,0.00769105004101981,0.0102549334506083,3,3,0.4,0.0
consensus,heterogeneous,2,M2,cons_dist_nospeak,true,false,0,7240713591891685400.0,0,0.05,0.0,0.0,0.0,0.0,0.0,0.0,0.0,55,0.03720528978052128,0.15735089308956668,0.00022628229325046,0.00008732415873293,1,4,0.0,0.0
clustering,heterogeneous,12,M13,clst_dist_nospeak,true,false,0,4692690466958798800.0,0,0.05,0.2,0.0,0.0,0.2,0.3,0.0,0.0,50,0.03278937715525453,0.14948537519636537,0.0010273336581991,0.00073119582564741,2,5,0.0,0.0
clustering,heterogeneous,30,M23,clst_ndist_speak,false,true,0,7139002048363152400.0,0,0.5,0.8,0.0,0.0,0.05,0.1,0.1,0.05,15,0.00534329721793556,0.04166572176702041,0.00000953140946107,0.00000030060383134,2,3,0.0,0.0
clustering,homogeneous,23,H11,clst_dist_speak,true,true,0,8636175130330607600.0,0,0.05,0.2,0.0,0.0,0.0,0.3,0.0,0.0,85,0.01309938700274348,0.0590027010412523,0.00277707235416849,0.00200983351873916,2,4,0.0,0.0
clustering,heterogeneous,15,M20,clst_ndist_nospeak,false,false,0,7240713591891685400.0,0,0.05,0.8,0.0,0.0,0.05,0.1,0.1,0.05,35,0.01619926630551272,0.14619438842408772,0.00026769871694709,0.00008990744533972,1,3,0.0,0.0
consensus,homogeneous,42,H21,cons_ndist_nospeak,false,false,0,7240713591891685400.0,0,0.5,0.0,0.0,0.0,0.05,0.1,0.1,0.05,15,0.00128224062821502,0.03714960274204988,0.00000000522492724,0.00000000000643487,1,1,0.0,0.0
consensus,homogeneous,7,H4,cons_dist_speak,true,true,0,7128893484183252000.0,0,0.05,0.0,0.0,0.0,0.0,0.0,0.0,0.0,30,0.00232084297839506,0.04971709896406297,0.00048298309662002,0.00026192753343074,2,2,0.0,0.0
clustering,heterogeneous,22,M28,clst_ndist_speak,false,true,0,7139002048363152400.0,0,0.5,0.2,0.0,0.0,0.05,0.1,0.1,0.05,15,0.02593274109975132,0.07957582525839978,0.01840321750023391,0.02380492268772506,2,3,0.0,0.0
no_change,homogeneous,7,H4,no_change_exp,false,false,0,7240713591891685400.0,0,0.2,0.5,0.6,0.1,0.05,0.1,0.1,0.05,15,0.00232084297839506,0.05468749999999992,0.00232084297839506,0.00125862101813747,2,2,0.0,0.0
consensus,heterogeneous,2,M2,cons_dist_nospeak,true,false,0,6905470370856337400.0,0,0.05,0.0,0.0,0.0,0.0,0.0,0.0,0.0,55,0.03720528978052128,0.15735089308956668,0.00022628229325046,0.00008732415873293,1,4,0.0,0.0
clustering,heterogeneous,9,M9,clst_dist_nospeak,true,false,0,4692690466958798800.0,0,0.05,0.2,0.0,0.0,0.0,0.0,0.0,0.0,15,0.01965549714934841,0.04327458787991732,0.01904759155090125,0.01545739867030638,2,3,0.0,0.0
clustering,homogeneous,42,H21,clst_dist_nospeak,true,false,0,6905470370856337400.0,0,0.05,0.2,0.0,0.0,0.0,0.0,0.0,0.0,25,0.00128224062821502,0.03727851209145548,0.00008316132050701,0.00002412907554219,1,1,0.0,0.0
consensus,heterogeneous,2,M2,cons_dist_nospeak,true,false,0,5702577027890589700.0,0,0.05,0.0,0.0,0.0,0.0,0.0,0.0,0.0,55,0.03720528978052128,0.15735089308956668,0.00022628229325046,0.00008732415873293,1,4,0.0,0.0
clustering,heterogeneous,32,M29,clst_ndist_nospeak,false,false,0,7240713591891685400.0,0,0.5,0.2,0.0,0.0,0.05,0.1,0.1,0.05,15,0.03735544128836595,0.0663580246540802,0.03061150191037638,0.0272102207920128,2,4,0.0,0.0
consensus,homogeneous,41,H20,cons_dist_speak,true,true,0,7139002048363152400.0,0,0.5,0.0,0.0,0.0,0.2,0.0,0.0,0.0,15,0.00048024369855967,0.06716396818055786,0.00000198103038239,0.0000000599920675,1,1,0.0,0.0
consensus,homogeneous,42,H21,cons_ndist_nospeak,false,false,0,6905470370856337400.0,0,0.5,0.0,0.0,0.0,0.05,0.1,0.1,0.05,15,0.00128224062821502,0.03714960274204988,0.00000000522492724,0.00000000000643487,1,1,0.0,0.0
clustering,heterogeneous,34,M31,clst_dist_speak,true,true,0,7240713591891685400.0,0,0.05,0.8,0.0,0.0,0.2,0.3,0.0,0.0,50,0.01079937132951816,0.04938471971267076,0.00401890103813926,0.00315316102090556,3,2,0.0,0.0
consensus,homogeneous,5,H3,cons_ndist_speak,false,true,0,4477927936947039200.0,0,0.05,0.0,0.0,0.0,0.05,0.1,0.1,0.05,80,0.01398999086696009,0.09595459872770029,0.00023150755810106,0.00014520264389887,1,4,0.0,0.0
no_change,heterogeneous,13,M14,no_change_exp,false,false,0,6905470370856337400.0,0,0.2,0.5,0.6,0.1,0.05,0.1,0.1,0.05,15,0.0108926683241884,0.0275848765432099,0.0108926683241884,0.00770009335467155,4,4,0.0,0.0
clustering,homogeneous,7,H4,clst_ndist_nospeak,false,false,0,4692690466958798800.0,0,0.5,0.2,0.0,0.0,0.05,0.1,0.1,0.05,15,0.00232084297839506,0.05899563033928192,0.00000000001377475,0.00000000000000071,1,2,0.0,0.0
bipolarization,heterogeneous,12,M13,bipol_ndist_nospeak,false,false,0,6905470370856337400.0,0,0.05,0.1,0.8,0.3,0.05,0.1,0.1,0.05,25,0.03278937715525453,0.05316360583152571,0.03203849732540816,0.02373028215397761,5,5,0.7000000000000001,0.0
clustering,heterogeneous,22,M28,clst_ndist_speak,false,true,0,6905470370856337400.0,0,0.5,0.2,0.0,0.0,0.05,0.1,0.1,0.05,15,0.02593274109975132,0.04364543490939671,0.025783498748493,0.01678096793660401,3,3,0.0,0.0
consensus,homogeneous,7,H4,cons_dist_speak,true,true,0,6905470370856337400.0,0,0.05,0.0,0.0,0.0,0.0,0.0,0.0,0.0,50,0.00232084297839506,0.05751574340229612,0.00017543512860989,0.00009514057704186,2,2,0.0,0.0
consensus,heterogeneous,1,M1,cons_ndist_nospeak,false,false,0,6905470370856337400.0,0,0.05,0.0,0.0,0.0,0.05,0.1,0.1,0.05,50,0.0306388856143309,0.16278036054217285,0.00018558783655254,0.00014203272982176,1,3,0.0,0.0
consensus,heterogeneous,2,M2,cons_dist_nospeak,true,false,0,109591146466576384.0,0,0.05,0.0,0.0,0.0,0.0,0.0,0.0,0.0,55,0.03720528978052128,0.15735089308956668,0.00022628229325046,0.00008732415873293,1,4,0.0,0.0
no_change,homogeneous,38,H19,no_change_exp,false,false,0,6905470370856337400.0,0,0.2,0.5,0.6,0.1,0.05,0.1,0.1,0.05,15,0.00801496443234644,0.04880401234567892,0.00801496443234644,0.00495050059061119,3,3,0.0,0.0
no_change,homogeneous,38,H19,no_change_exp,false,false,0,8636175130330607600.0,0,0.2,0.5,0.6,0.1,0.05,0.1,0.1,0.05,15,0.00801496443234644,0.04880401234567892,0.00801496443234644,0.00495050059061119,3,3,0.0,0.0
clustering,heterogeneous,28,M18,clst_ndist_speak,false,true,0,6905470370856337400.0,0,0.05,0.2,0.0,0.0,0.05,0.1,0.1,0.05,85,0.00977608125904969,0.08940803594707551,0.00031231934742597,0.00018783749742076,1,3,0.0,0.0
clustering,heterogeneous,14,M15,clst_ndist_nospeak,false,false,0,4692690466958798800.0,0,0.05,0.2,0.0,0.0,0.05,0.1,0.1,0.05,70,0.02458731638660266,0.11568874792284356,0.00009531330252827,0.00006194179130733,1,5,0.0,0.0
clustering,heterogeneous,9,M9,clst_dist_nospeak,true,false,0,7240713591891685400.0,0,0.05,0.2,0.0,0.0,0.0,0.0,0.0,0.0,15,0.01965549714934841,0.04327458787991732,0.01904759155090125,0.01545739867030638,2,3,0.0,0.0
bipolarization,heterogeneous,25,M6,bipol_ndist_nospeak,false,false,0,4692690466958798800.0,0,0.05,0.1,0.8,0.3,0.05,0.1,0.1,0.05,15,0.02801205751790883,0.02276234567901236,0.02801205751790883,0.01317176068815727,3,3,0.7000000000000001,0.0
consensus,homogeneous,41,H20,cons_dist_speak,true,true,0,8636175130330607600.0,0,0.5,0.0,0.0,0.0,0.2,0.0,0.0,0.0,15,0.00048024369855967,0.0680711889923701,0.00000162613584949,0.0000000610453226,1,1,0.0,0.0
consensus,homogeneous,42,H21,cons_ndist_nospeak,false,false,0,8636175130330607600.0,0,0.5,0.0,0.0,0.0,0.05,0.1,0.1,0.05,15,0.00128224062821502,0.03714960274204988,0.00000000522492724,0.00000000000643487,1,1,0.0,0.0
clustering,homogeneous,42,H21,clst_dist_nospeak,true,false,0,7139002048363152400.0,0,0.05,0.2,0.0,0.0,0.0,0.0,0.0,0.0,25,0.00128224062821502,0.03727851209145548,0.00008316132050701,0.00002412907554219,1,1,0.0,0.0
consensus,heterogeneous,2,M2,cons_dist_nospeak,true,false,0,7043372089166577700.0,0,0.05,0.0,0.0,0.0,0.0,0.0,0.0,0.0,55,0.03720528978052128,0.15735089308956668,0.00022628229325046,0.00008732415873293,1,4,0.0,0.0
bipolarization,heterogeneous,34,M31,bipol_ndist_nospeak,false,false,0,7139002048363152400.0,0,0.05,0.4,0.8,0.3,0.05,0.1,0.1,0.05,40,0.01079937132951816,0.07521097304478169,0.00004540748621548,0.00004552693449704,2,2,0.4,0.0
consensus,homogeneous,5,H3,cons_ndist_speak,false,true,0,8803618445054126100.0,0,0.05,0.0,0.0,0.0,0.05,0.1,0.1,0.05,85,0.01398999086696009,0.1014477682501862,0.00023150755810106,0.00011272511348536,1,4,0.0,0.0
clustering,heterogeneous,15,M20,clst_ndist_nospeak,false,false,0,4692690466958798800.0,0,0.05,0.8,0.0,0.0,0.05,0.1,0.1,0.05,35,0.01619926630551272,0.14619438842408772,0.00026769871694709,0.00008990744533972,1,3,0.0,0.0
clustering,heterogeneous,14,M15,clst_ndist_nospeak,false,false,0,7240713591891685400.0,0,0.05,0.2,0.0,0.0,0.05,0.1,0.1,0.05,70,0.02458731638660266,0.11568874792284356,0.00009531330252827,0.00006194179130733,1,5,0.0,0.0
clustering,heterogeneous,39,M35,clst_dist_nospeak,true,false,0,6905470370856337400.0,0,0.05,0.2,0.0,0.0,0.2,0.0,0.0,0.0,45,0.01380628072130774,0.09334664123033332,0.0020352468110179,0.00144690997234146,2,4,0.0,0.0
clustering,homogeneous,23,H11,clst_dist_nospeak,true,false,0,7139002048363152400.0,0,0.05,0.8,0.0,0.0,0.0,0.0,0.0,0.0,40,0.01309938700274348,0.06340534776399621,0.00007753228842362,0.00004506383680531,1,4,0.0,0.0
no_change,heterogeneous,1,M1,no_change_exp,false,false,0,8636175130330607600.0,0,0.2,0.5,0.6,0.1,0.05,0.1,0.1,0.05,15,0.0306388856143309,0.01562500000000004,0.0306388856143309,0.02287359729843013,3,3,0.0,0.0
no_change,heterogeneous,1,M1,no_change_exp,false,false,0,4692690466958798800.0,0,0.2,0.5,0.6,0.1,0.05,0.1,0.1,0.05,15,0.0306388856143309,0.01562500000000004,0.0306388856143309,0.02287359729843013,3,3,0.0,0.0
consensus,homogeneous,40,H18,cons_ndist_nospeak,false,false,0,7240713591891685400.0,0,0.5,0.0,0.0,0.0,0.05,0.1,0.1,0.05,15,0.00975649903013544,0.13890529011786196,0.00000004518922832,0.00000000005850907,1,2,0.0,0.0
clustering,heterogeneous,30,M23,clst_ndist_speak,false,true,0,6905470370856337400.0,0,0.5,0.8,0.0,0.0,0.05,0.1,0.1,0.05,15,0.00534329721793556,0.03959148476739441,0.00000953140946107,0.00000030060383134,1,3,0.0,0.0
consensus,heterogeneous,2,M2,cons_dist_nospeak,true,false,0,7139002048363152400.0,0,0.05,0.0,0.0,0.0,0.0,0.0,0.0,0.0,55,0.03720528978052128,0.15735089308956668,0.00022628229325046,0.00008732415873293,1,4,0.0,0.0
bipolarization,heterogeneous,39,M35,bipol_ndist_nospeak,false,false,0,4692690466958798800.0,0,0.05,0.1,0.5,0.3,0.05,0.1,0.1,0.05,25,0.01380628072130774,0.04748371119641748,0.0127748737634233,0.01151774914233352,2,4,0.4,0.0
consensus,homogeneous,41,H20,cons_dist_speak,true,true,0,4692690466958798800.0,0,0.5,0.0,0.0,0.0,0.2,0.0,0.0,0.0,15,0.00048024369855967,0.06150178220913896,0.00000174377403284,0.00000008863221153,1,1,0.0,0.0
consensus,homogeneous,41,H20,cons_dist_speak,true,true,0,7240713591891685400.0,0,0.5,0.0,0.0,0.0,0.2,0.0,0.0,0.0,15,0.00048024369855967,0.06894107419811395,0.00000140336926176,0.00000006743039628,1,1,0.0,0.0
consensus,homogeneous,5,H3,cons_ndist_speak,false,true,0,4286360386944651300.0,0,0.05,0.0,0.0,0.0,0.05,0.1,0.1,0.05,75,0.01398999086696009,0.09308418939244385,0.00038412525375813,0.00018703736144795,1,4,0.0,0.0
clustering,homogeneous,23,H11,clst_dist_speak,true,true,0,6905470370856337400.0,0,0.05,0.2,0.0,0.0,0.0,0.3,0.0,0.0,105,0.01309938700274348,0.05457955843744554,0.00419215668965546,0.00404884272672195,2,4,0.0,0.0
clustering,heterogeneous,32,M29,clst_ndist_nospeak,false,false,0,4692690466958798800.0,0,0.5,0.2,0.0,0.0,0.05,0.1,0.1,0.05,15,0.03735544128836595,0.0663580246540802,0.03061150191037638,0.0272102207920128,2,4,0.0,0.0
consensus,heterogeneous,2,M2,cons_dist_nospeak,true,false,0,4286360386944651300.0,0,0.05,0.0,0.0,0.0,0.0,0.0,0.0,0.0,55,0.03720528978052128,0.15735089308956668,0.00022628229325046,0.00008732415873293,1,4,0.0,0.0
bipolarization,heterogeneous,12,M13,bipol_ndist_nospeak,false,false,0,7240713591891685400.0,0,0.05,0.1,0.8,0.3,0.05,0.1,0.1,0.05,25,0.03278937715525453,0.05316360583152571,0.03203849732540816,0.02373028215397761,5,5,0.7000000000000001,0.0
consensus,homogeneous,24,H12,cons_ndist_nospeak,false,false,0,8636175130330607600.0,0,0.5,0.0,0.0,0.0,0.05,0.1,0.1,0.05,15,0.00771504468878602,0.0576421616053156,0.00000003498766485,0.00000000004332364,1,3,0.0,0.0
clustering,heterogeneous,14,M15,clst_ndist_speak,false,true,0,4692690466958798800.0,0,0.05,0.2,0.0,0.0,0.05,0.1,0.1,0.05,65,0.02458731638660266,0.04741248235185496,0.02162539266124848,0.01620333906186003,3,5,0.0,0.0
clustering,heterogeneous,28,M18,clst_ndist_speak,false,true,0,7240713591891685400.0,0,0.05,0.2,0.0,0.0,0.05,0.1,0.1,0.05,75,0.00977608125904969,0.08616436819570698,0.00052279085551098,0.00034266398562501,1,3,0.0,0.0
clustering,homogeneous,41,H20,clst_dist_nospeak,true,false,0,7139002048363152400.0,0,0.05,0.2,0.0,0.0,0.2,0.3,0.0,0.0,20,0.00048024369855967,0.07094669900806358,0.00008981804509281,0.00005510205701786,1,1,0.0,0.0
no_change,heterogeneous,1,M1,no_change_exp,false,false,0,8636175130330607600.0,0,0.2,0.5,0.6,0.1,0.05,0.1,0.1,0.05,15,0.0306388856143309,0.01562500000000004,0.0306388856143309,0.02287359729843013,3,3,0.0,0.0
consensus,homogeneous,40,H18,cons_ndist_nospeak,false,false,0,7139002048363152400.0,0,0.5,0.0,0.0,0.0,0.05,0.1,0.1,0.05,15,0.00975649903013544,0.13890529011786196,0.00000004518922832,0.00000000005850907,1,2,0.0,0.0
bipolarization,heterogeneous,39,M35,bipol_ndist_nospeak,false,false,0,7139002048363152400.0,0,0.05,0.1,0.5,0.3,0.05,0.1,0.1,0.05,25,0.01380628072130774,0.04748371119641748,0.0127748737634233,0.01151774914233352,2,4,0.4,0.0
clustering,heterogeneous,14,M15,clst_ndist_nospeak,false,false,0,6905470370856337400.0,0,0.05,0.2,0.0,0.0,0.05,0.1,0.1,0.05,70,0.02458731638660266,0.11568874792284356,0.00009531330252827,0.00006194179130733,1,5,0.0,0.0
consensus,heterogeneous,2,M2,cons_dist_nospeak,true,false,0,4398895106259038200.0,0,0.05,0.0,0.0,0.0,0.0,0.0,0.0,0.0,55,0.03720528978052128,0.15735089308956668,0.00022628229325046,0.00008732415873293,1,4,0.0,0.0
clustering,homogeneous,42,H21,clst_dist_nospeak,true,false,0,7240713591891685400.0,0,0.05,0.2,0.0,0.0,0.0,0.0,0.0,0.0,25,0.00128224062821502,0.03727851209145548,0.00008316132050701,0.00002412907554219,1,1,0.0,0.0
consensus,homogeneous,41,H20,cons_dist_speak,true,true,0,5702577027890589700.0,0,0.5,0.0,0.0,0.0,0.2,0.0,0.0,0.0,15,0.00048024369855967,0.067659767054529,0.00000131039031624,0.00000005799532438,1,1,0.0,0.0
no_change,heterogeneous,2,M2,no_change_exp,false,false,0,7139002048363152400.0,0,0.2,0.5,0.6,0.1,0.05,0.1,0.1,0.05,15,0.03720528978052128,0.04537037037037028,0.03720528978052128,0.02422844864540466,4,4,0.0,0.0
consensus,homogeneous,5,H3,cons_ndist_speak,false,true,0,4342572612484808700.0,0,0.05,0.0,0.0,0.0,0.05,0.1,0.1,0.05,85,0.01398999086696009,0.09402155088757129,0.00023150755810106,0.00011272511348536,1,4,0.0,0.0
clustering,heterogeneous,30,M23,clst_ndist_nospeak,false,false,0,8636175130330607600.0,0,0.5,0.8,0.0,0.0,0.05,0.1,0.1,0.05,15,0.00534329721793556,0.04562114457225144,0.0000000000497813,0.00000000000000247,1,3,0.0,0.0
no_change,heterogeneous,1,M1,no_change_exp,false,false,0,7240713591891685400.0,0,0.2,0.5,0.6,0.1,0.05,0.1,0.1,0.05,15,0.0306388856143309,0.01562500000000004,0.0306388856143309,0.02287359729843013,3,3,0.0,0.0
consensus,homogeneous,40,H18,cons_ndist_nospeak,false,false,0,4692690466958798800.0,0,0.5,0.0,0.0,0.0,0.05,0.1,0.1,0.05,15,0.00975649903013544,0.13890529011786196,0.00000004518922832,0.00000000005850907,1,2,0.0,0.0
clustering,heterogeneous,25,M6,clst_dist_speak,true,true,0,7139002048363152400.0,0,0.05,0.2,0.0,0.0,0.2,0.3,0.0,0.0,15,0.02801205751790883,0.07793966232425657,0.02182632274361773,0.01320071056662679,3,3,0.0,0.0
no_change,homogeneous,7,H4,no_change_exp,false,false,0,7139002048363152400.0,0,0.2,0.5,0.6,0.1,0.05,0.1,0.1,0.05,15,0.00232084297839506,0.05468749999999992,0.00232084297839506,0.00125862101813747,2,2,0.0,0.0
consensus,homogeneous,41,H20,cons_dist_speak,true,true,0,6905470370856337400.0,0,0.5,0.0,0.0,0.0,0.2,0.0,0.0,0.0,15,0.00048024369855967,0.06165079881160171,0.0000014632156289,0.00000011190979655,1,1,0.0,0.0
clustering,heterogeneous,22,M28,clst_ndist_speak,false,true,0,7240713591891685400.0,0,0.5,0.2,0.0,0.0,0.05,0.1,0.1,0.05,20,0.02593274109975132,0.08258199168139323,0.01911227925601115,0.02524027647415686,2,3,0.0,0.0
bipolarization,heterogeneous,12,M13,bipol_ndist_nospeak,false,false,0,4692690466958798800.0,0,0.05,0.1,0.8,0.3,0.05,0.1,0.1,0.05,25,0.03278937715525453,0.05316360583152571,0.03203849732540816,0.02373028215397761,5,5,0.7000000000000001,0.0
no_change,homogeneous,7,H4,no_change_exp,false,false,0,4692690466958798800.0,0,0.2,0.5,0.6,0.1,0.05,0.1,0.1,0.05,15,0.00232084297839506,0.05468749999999992,0.00232084297839506,0.00125862101813747,2,2,0.0,0.0
consensus,heterogeneous,1,M1,cons_ndist_speak,false,true,0,7139002048363152400.0,0,0.05,0.0,0.0,0.0,0.05,0.1,0.1,0.05,75,0.0306388856143309,0.15128291025295185,0.00084125642563972,0.00048756896854228,2,3,0.0,0.0
clustering,heterogeneous,12,M13,clst_dist_nospeak,true,false,0,7139002048363152400.0,0,0.05,0.2,0.0,0.0,0.2,0.3,0.0,0.0,50,0.03278937715525453,0.14948537519636537,0.0010273336581991,0.00073119582564741,2,5,0.0,0.0
consensus,homogeneous,40,H18,cons_ndist_nospeak,false,false,0,8636175130330607600.0,0,0.5,0.0,0.0,0.0,0.05,0.1,0.1,0.05,15,0.00975649903013544,0.13890529011786196,0.00000004518922832,0.00000000005850907,1,2,0.0,0.0
clustering,homogeneous,7,H4,clst_ndist_nospeak,false,false,0,6905470370856337400.0,0,0.5,0.2,0.0,0.0,0.05,0.1,0.1,0.05,15,0.00232084297839506,0.05899563033928192,0.00000000001377475,0.00000000000000071,1,2,0.0,0.0
no_change,heterogeneous,14,M15,no_change_exp,false,false,0,7139002048363152400.0,0,0.2,0.5,0.6,0.1,0.05,0.1,0.1,0.05,15,0.02458731638660266,0.04205246913580235,0.02458731638660266,0.015927688233501,5,5,0.0,0.0
consensus,homogeneous,24,H12,cons_dist_nospeak,true,false,0,4692690466958798800.0,0,0.05,0.0,0.0,0.0,0.2,0.0,0.0,0.0,45,0.00771504468878602,0.05502783714079203,0.00183538347585932,0.00098931763918902,2,3,0.0,0.0
no_change,homogeneous,5,H3,no_change_exp,false,false,0,8636175130330607600.0,0,0.2,0.5,0.6,0.1,0.05,0.1,0.1,0.05,15,0.01398999086696009,0.07581018518518529,0.01398999086696009,0.00877458895366561,4,4,0.0,0.0
bipolarization,heterogeneous,34,M31,bipol_ndist_nospeak,false,false,0,6905470370856337400.0,0,0.05,0.4,0.8,0.3,0.05,0.1,0.1,0.05,40,0.01079937132951816,0.07521097304478169,0.00004540748621548,0.00004552693449704,2,2,0.4,0.0
clustering,homogeneous,23,H11,clst_dist_speak,true,true,0,7139002048363152400.0,0,0.05,0.2,0.0,0.0,0.0,0.3,0.0,0.0,95,0.01309938700274348,0.06207069430568399,0.00325084174173946,0.00280581941554916,2,4,0.0,0.0
no_change,homogeneous,38,H19,no_change_exp,false,false,0,7139002048363152400.0,0,0.2,0.5,0.6,0.1,0.05,0.1,0.1,0.05,15,0.00801496443234644,0.04880401234567892,0.00801496443234644,0.00495050059061119,3,3,0.0,0.0
no_change,heterogeneous,1,M1,no_change_exp,false,false,0,6905470370856337400.0,0,0.2,0.5,0.6,0.1,0.05,0.1,0.1,0.05,15,0.0306388856143309,0.01562500000000004,0.0306388856143309,0.02287359729843013,3,3,0.0,0.0
consensus,homogeneous,7,H4,cons_dist_speak,true,true,0,5702577027890589700.0,0,0.05,0.0,0.0,0.0,0.0,0.0,0.0,0.0,35,0.00232084297839506,0.05194434398734372,0.00048298309662002,0.00020334210272015,2,2,0.0,0.0
clustering,heterogeneous,39,M35,clst_dist_nospeak,true,false,0,8636175130330607600.0,0,0.05,0.2,0.0,0.0,0.2,0.0,0.0,0.0,45,0.01380628072130774,0.09334664123033332,0.0020352468110179,0.00144690997234146,2,4,0.0,0.0
no_change,heterogeneous,9,M9,no_change_exp,false,false,0,8636175130330607600.0,0,0.2,0.5,0.6,0.1,0.05,0.1,0.1,0.05,15,0.01965549714934841,0.04861111111111123,0.01965549714934841,0.01170163299230299,3,3,0.0,0.0
clustering,heterogeneous,25,M6,clst_dist_nospeak,true,false,0,7139002048363152400.0,0,0.05,0.2,0.0,0.0,0.2,0.3,0.0,0.0,60,0.02801205751790883,0.16518387161537496,0.00007451400259411,0.00002504513634231,1,3,0.0,0.0
consensus,homogeneous,24,H12,cons_dist_nospeak,true,false,0,8636175130330607600.0,0,0.05,0.0,0.0,0.0,0.2,0.0,0.0,0.0,45,0.00771504468878602,0.05502783714079203,0.00183538347585932,0.00098931763918902,2,3,0.0,0.0
no_change,homogeneous,7,H4,no_change_exp,false,false,0,6905470370856337400.0,0,0.2,0.5,0.6,0.1,0.05,0.1,0.1,0.05,15,0.00232084297839506,0.05468749999999992,0.00232084297839506,0.00125862101813747,2,2,0.0,0.0
consensus,homogeneous,42,H21,cons_ndist_nospeak,false,false,0,7139002048363152400.0,0,0.5,0.0,0.0,0.0,0.05,0.1,0.1,0.05,15,0.00128224062821502,0.03714960274204988,0.00000000522492724,0.00000000000643487,1,1,0.0,0.0
clustering,heterogeneous,4,M5,clst_ndist_nospeak,false,false,0,7240713591891685400.0,0,0.05,0.8,0.0,0.0,0.05,0.1,0.1,0.05,50,0.03097746746875476,0.16560545358907722,0.00006582271806448,0.00005111690158678,1,4,0.0,0.0
no_change,heterogeneous,9,M9,no_change_exp,false,false,0,7139002048363152400.0,0,0.2,0.5,0.6,0.1,0.05,0.1,0.1,0.05,15,0.01965549714934841,0.04861111111111123,0.01965549714934841,0.01170163299230299,3,3,0.0,0.0
bipolarization,heterogeneous,12,M13,bipol_ndist_nospeak,false,false,0,8636175130330607600.0,0,0.05,0.1,0.8,0.3,0.05,0.1,0.1,0.05,25,0.03278937715525453,0.05316360583152571,0.03203849732540816,0.02373028215397761,5,5,0.7000000000000001,0.0
no_change,heterogeneous,1,M1,no_change_exp,false,false,0,6905470370856337400.0,0,0.2,0.5,0.6,0.1,0.05,0.1,0.1,0.05,15,0.0306388856143309,0.01562500000000004,0.0306388856143309,0.02287359729843013,3,3,0.0,0.0
clustering,heterogeneous,13,M14,clst_ndist_speak,false,true,0,6905470370856337400.0,0,0.05,0.8,0.0,0.0,0.05,0.1,0.1,0.05,80,0.0108926683241884,0.07926719288010699,0.00018025280137196,0.00012742179938803,1,4,0.0,0.0
consensus,homogeneous,24,H12,cons_dist_nospeak,true,false,0,1841142524168585220.0,0,0.05,0.0,0.0,0.0,0.2,0.0,0.0,0.0,45,0.00771504468878602,0.05502783714079203,0.00183538347585932,0.00098931763918902,2,3,0.0,0.0
clustering,homogeneous,42,H21,clst_dist_nospeak,true,false,0,4692690466958798800.0,0,0.05,0.2,0.0,0.0,0.0,0.0,0.0,0.0,25,0.00128224062821502,0.03727851209145548,0.00008316132050701,0.00002412907554219,1,1,0.0,0.0
consensus,homogeneous,7,H4,cons_dist_speak,true,true,0,8636175130330607600.0,0,0.05,0.0,0.0,0.0,0.0,0.0,0.0,0.0,50,0.00232084297839506,0.05202529208152591,0.00017543512860989,0.00009514057704186,2,2,0.0,0.0
consensus,homogeneous,40,H18,cons_ndist_nospeak,false,false,0,6905470370856337400.0,0,0.5,0.0,0.0,0.0,0.05,0.1,0.1,0.05,15,0.00975649903013544,0.13890529011786196,0.00000004518922832,0.00000000005850907,1,2,0.0,0.0
consensus,heterogeneous,2,M2,cons_ndist_nospeak,false,false,0,4692690466958798800.0,0,0.05,0.0,0.0,0.0,0.05,0.1,0.1,0.05,55,0.03720528978052128,0.15735089308956668,0.00022628229325046,0.00008732415873293,1,4,0.0,0.0
consensus,heterogeneous,2,M2,cons_ndist_nospeak,false,false,0,7139002048363152400.0,0,0.05,0.0,0.0,0.0,0.05,0.1,0.1,0.05,55,0.03720528978052128,0.15735089308956668,0.00022628229325046,0.00008732415873293,1,4,0.0,0.0
clustering,heterogeneous,32,M29,clst_ndist_nospeak,false,false,0,8636175130330607600.0,0,0.5,0.2,0.0,0.0,0.05,0.1,0.1,0.05,15,0.03735544128836595,0.0663580246540802,0.03061150191037638,0.0272102207920128,2,4,0.0,0.0
clustering,heterogeneous,4,M5,clst_ndist_nospeak,false,false,0,4692690466958798800.0,0,0.05,0.8,0.0,0.0,0.05,0.1,0.1,0.05,50,0.03097746746875476,0.16560545358907722,0.00006582271806448,0.00005111690158678,1,4,0.0,0.0
bipolarization,heterogeneous,34,M31,bipol_ndist_nospeak,false,false,0,7240713591891685400.0,0,0.05,0.4,0.8,0.3,0.05,0.1,0.1,0.05,40,0.01079937132951816,0.07521097304478169,0.00004540748621548,0.00004552693449704,2,2,0.4,0.0
clustering,heterogeneous,9,M9,clst_dist_nospeak,true,false,0,6905470370856337400.0,0,0.05,0.2,0.0,0.0,0.0,0.0,0.0,0.0,15,0.01965549714934841,0.04327458787991732,0.01904759155090125,0.01545739867030638,2,3,0.0,0.0
consensus,homogeneous,24,H12,cons_dist_nospeak,true,false,0,7240713591891685400.0,0,0.05,0.0,0.0,0.0,0.2,0.0,0.0,0.0,45,0.00771504468878602,0.05502783714079203,0.00183538347585932,0.00098931763918902,2,3,0.0,0.0
clustering,heterogeneous,28,M18,clst_ndist_speak,false,true,0,7139002048363152400.0,0,0.05,0.2,0.0,0.0,0.05,0.1,0.1,0.05,80,0.00977608125904969,0.08700467527740852,0.00036418639199302,0.0003009327894957,1,3,0.0,0.0
consensus,heterogeneous,1,M1,cons_ndist_speak,false,true,0,7240713591891685400.0,0,0.05,0.0,0.0,0.0,0.05,0.1,0.1,0.05,80,0.0306388856143309,0.15421307094508085,0.00050701488363822,0.00037851423248979,1,3,0.0,0.0
bipolarization,heterogeneous,25,M6,bipol_ndist_nospeak,false,false,0,8636175130330607600.0,0,0.05,0.1,0.8,0.3,0.05,0.1,0.1,0.05,15,0.02801205751790883,0.02276234567901236,0.02801205751790883,0.01317176068815727,3,3,0.7000000000000001,0.0
clustering,heterogeneous,9,M9,clst_dist_nospeak,true,false,0,8636175130330607600.0,0,0.05,0.2,0.0,0.0,0.0,0.0,0.0,0.0,15,0.01965549714934841,0.04327458787991732,0.01904759155090125,0.01545739867030638,2,3,0.0,0.0
clustering,heterogeneous,25,M6,clst_dist_speak,true,true,0,4692690466958798800.0,0,0.05,0.2,0.0,0.0,0.2,0.3,0.0,0.0,15,0.02801205751790883,0.07088374680885018,0.02269282209242262,0.01571105827294143,3,3,0.0,0.0
no_change,heterogeneous,9,M9,no_change_exp,false,false,0,6905470370856337400.0,0,0.2,0.5,0.6,0.1,0.05,0.1,0.1,0.05,15,0.01965549714934841,0.04861111111111123,0.01965549714934841,0.01170163299230299,3,3,0.0,0.0
no_change,heterogeneous,21,M27,no_change_exp,false,false,0,7139002048363152400.0,0,0.2,0.5,0.6,0.1,0.05,0.1,0.1,0.05,15,0.01066925416285628,0.02681327160493835,0.01066925416285628,0.00778725613473558,4,4,0.0,0.0
consensus,homogeneous,41,H20,cons_dist_speak,true,true,0,4342572612484808700.0,0,0.5,0.0,0.0,0.0,0.2,0.0,0.0,0.0,15,0.00048024369855967,0.06399126359035356,0.00000149533935178,0.0000000881989153,1,1,0.0,0.0
no_change,heterogeneous,2,M2,no_change_exp,false,false,0,7240713591891685400.0,0,0.2,0.5,0.6,0.1,0.05,0.1,0.1,0.05,15,0.03720528978052128,0.04537037037037028,0.03720528978052128,0.02422844864540466,4,4,0.0,0.0
clustering,heterogeneous,15,M20,clst_ndist_nospeak,false,false,0,8636175130330607600.0,0,0.05,0.8,0.0,0.0,0.05,0.1,0.1,0.05,35,0.01619926630551272,0.14619438842408772,0.00026769871694709,0.00008990744533972,1,3,0.0,0.0
clustering,heterogeneous,25,M6,clst_dist_nospeak,true,false,0,8636175130330607600.0,0,0.05,0.2,0.0,0.0,0.2,0.3,0.0,0.0,60,0.02801205751790883,0.16518387161537496,0.00007451400259411,0.00002504513634231,1,3,0.0,0.0
consensus,homogeneous,24,H12,cons_dist_nospeak,true,false,0,7139002048363152400.0,0,0.05,0.0,0.0,0.0,0.2,0.0,0.0,0.0,45,0.00771504468878602,0.05502783714079203,0.00183538347585932,0.00098931763918902,2,3,0.0,0.0
clustering,heterogeneous,13,M14,clst_ndist_speak,false,true,0,7139002048363152400.0,0,0.05,0.8,0.0,0.0,0.05,0.1,0.1,0.05,85,0.0108926683241884,0.07824505804792366,0.00018025280137196,0.00009892131720776,2,4,0.0,0.0
no_change,heterogeneous,9,M9,no_change_exp,false,false,0,7240713591891685400.0,0,0.2,0.5,0.6,0.1,0.05,0.1,0.1,0.05,15,0.01965549714934841,0.04861111111111123,0.01965549714934841,0.01170163299230299,3,3,0.0,0.0
clustering,heterogeneous,25,M6,clst_dist_nospeak,true,false,0,7240713591891685400.0,0,0.5,0.2,0.0,0.0,0.0,0.3,0.0,0.0,15,0.02801205751790883,0.15509577251424836,0.00000000014836899,0.00000000000000139,1,3,0.0,0.0
clustering,homogeneous,42,H21,clst_dist_nospeak,true,false,0,7240713591891685400.0,0,0.05,0.8,0.0,0.0,0.2,0.0,0.0,0.0,15,0.00128224062821502,0.02319391129838111,0.00053053116490937,0.00027433445919993,1,1,0.0,0.0
bipolarization,heterogeneous,25,M6,bipol_ndist_nospeak,false,false,0,7240713591891685400.0,0,0.05,0.1,0.8,0.3,0.05,0.1,0.1,0.05,15,0.02801205751790883,0.02276234567901236,0.02801205751790883,0.01317176068815727,3,3,0.7000000000000001,0.0
bipolarization,heterogeneous,21,M27,bipol_ndist_nospeak,false,false,0,7240713591891685400.0,0,0.05,0.1,0.8,0.1,0.05,0.1,0.1,0.05,40,0.01066925416285628,0.05560474263035683,0.00741361517921671,0.01068902949193824,2,4,0.7000000000000001,0.0
consensus,heterogeneous,1,M1,cons_ndist_speak,false,true,0,4692690466958798800.0,0,0.05,0.0,0.0,0.0,0.05,0.1,0.1,0.05,80,0.0306388856143309,0.15421307094508094,0.00050701488363822,0.00037851423248979,1,3,0.0,0.0
consensus,homogeneous,24,H12,cons_ndist_nospeak,false,false,0,7139002048363152400.0,0,0.5,0.0,0.0,0.0,0.05,0.1,0.1,0.05,15,0.00771504468878602,0.0576421616053156,0.00000003498766485,0.00000000004332364,1,3,0.0,0.0
consensus,homogeneous,41,H20,cons_dist_speak,true,true,0,1841142524168585220.0,0,0.5,0.0,0.0,0.0,0.2,0.0,0.0,0.0,15,0.00048024369855967,0.06890374265702595,0.00000157604080909,0.00000006744785257,1,1,0.0,0.0
clustering,homogeneous,42,H21,clst_dist_nospeak,true,false,0,8636175130330607600.0,0,0.05,0.2,0.0,0.0,0.0,0.0,0.0,0.0,25,0.00128224062821502,0.03727851209145548,0.00008316132050701,0.00002412907554219,1,1,0.0,0.0
consensus,homogeneous,36,H17,cons_dist_nospeak,true,false,0,7139002048363152400.0,0,0.5,0.0,0.0,0.0,0.2,0.0,0.0,0.0,25,0.00843213567863132,0.04118353375521743,0.00003256512810818,0.00001317621795933,1,3,0.0,0.0
clustering,heterogeneous,25,M6,clst_dist_nospeak,true,false,0,6905470370856337400.0,0,0.05,0.2,0.0,0.0,0.2,0.3,0.0,0.0,60,0.02801205751790883,0.16518387161537496,0.00007451400259411,0.00002504513634231,1,3,0.0,0.0
clustering,heterogeneous,14,M15,clst_ndist_nospeak,false,false,0,8636175130330607600.0,0,0.05,0.2,0.0,0.0,0.05,0.1,0.1,0.05,70,0.02458731638660266,0.11568874792284356,0.00009531330252827,0.00006194179130733,1,5,0.0,0.0
no_change,heterogeneous,2,M2,no_change_exp,false,false,0,4692690466958798800.0,0,0.2,0.5,0.6,0.1,0.05,0.1,0.1,0.05,15,0.03720528978052128,0.04537037037037028,0.03720528978052128,0.02422844864540466,4,4,0.0,0.0
clustering,homogeneous,41,H20,clst_dist_nospeak,true,false,0,8636175130330607600.0,0,0.05,0.2,0.0,0.0,0.2,0.3,0.0,0.0,20,0.00048024369855967,0.07094669900806358,0.00008981804509281,0.00005510205701786,1,1,0.0,0.0
no_change,heterogeneous,2,M2,no_change_exp,false,false,0,7240713591891685400.0,0,0.2,0.5,0.6,0.1,0.05,0.1,0.1,0.05,15,0.03720528978052128,0.04537037037037028,0.03720528978052128,0.02422844864540466,4,4,0.0,0.0
no_change,heterogeneous,2,M2,no_change_exp,false,false,0,7139002048363152400.0,0,0.2,0.5,0.6,0.1,0.05,0.1,0.1,0.05,15,0.03720528978052128,0.04537037037037028,0.03720528978052128,0.02422844864540466,4,4,0.0,0.0
clustering,heterogeneous,25,M6,clst_dist_nospeak,true,false,0,7240713591891685400.0,0,0.05,0.2,0.0,0.0,0.2,0.3,0.0,0.0,60,0.02801205751790883,0.16518387161537496,0.00007451400259411,0.00002504513634231,1,3,0.0,0.0
clustering,heterogeneous,22,M28,clst_ndist_speak,false,true,0,8636175130330607600.0,0,0.5,0.2,0.0,0.0,0.05,0.1,0.1,0.05,20,0.02593274109975132,0.07730843999398228,0.01653192830221427,0.02191547786747488,2,3,0.0,0.0
consensus,homogeneous,42,H21,cons_ndist_nospeak,false,false,0,4692690466958798800.0,0,0.5,0.0,0.0,0.0,0.05,0.1,0.1,0.05,15,0.00128224062821502,0.03714960274204988,0.00000000522492724,0.00000000000643487,1,1,0.0,0.0
clustering,heterogeneous,25,M6,clst_dist_speak,true,true,0,6905470370856337400.0,0,0.05,0.2,0.0,0.0,0.2,0.3,0.0,0.0,15,0.02801205751790883,0.06642115308230113,0.02083762935495216,0.01166881931953263,3,3,0.0,0.0
clustering,homogeneous,42,H21,clst_dist_nospeak,true,false,0,6905470370856337400.0,0,0.05,0.8,0.0,0.0,0.2,0.0,0.0,0.0,15,0.00128224062821502,0.02319391129838111,0.00053053116490937,0.00027433445919993,1,1,0.0,0.0
no_change,heterogeneous,2,M2,no_change_exp,false,false,0,6905470370856337400.0,0,0.2,0.5,0.6,0.1,0.05,0.1,0.1,0.05,15,0.03720528978052128,0.04537037037037028,0.03720528978052128,0.02422844864540466,4,4,0.0,0.0
consensus,homogeneous,41,H20,cons_dist_speak,true,true,0,4398895106259038200.0,0,0.5,0.0,0.0,0.0,0.2,0.0,0.0,0.0,15,0.00048024369855967,0.0705698516760912,0.00000138322795087,0.00000008695352943,1,1,0.0,0.0
consensus,homogeneous,24,H12,cons_dist_nospeak,true,false,0,8803618445054126100.0,0,0.05,0.0,0.0,0.0,0.2,0.0,0.0,0.0,45,0.00771504468878602,0.05502783714079203,0.00183538347585932,0.00098931763918902,2,3,0.0,0.0
bipolarization,heterogeneous,12,M13,bipol_ndist_nospeak,false,false,0,7139002048363152400.0,0,0.05,0.1,0.8,0.3,0.05,0.1,0.1,0.05,25,0.03278937715525453,0.05316360583152571,0.03203849732540816,0.02373028215397761,5,5,0.7000000000000001,0.0
bipolarization,heterogeneous,25,M6,bipol_ndist_nospeak,false,false,0,6905470370856337400.0,0,0.05,0.1,0.8,0.3,0.05,0.1,0.1,0.05,15,0.02801205751790883,0.02276234567901236,0.02801205751790883,0.01317176068815727,3,3,0.7000000000000001,0.0
no_change,heterogeneous,14,M15,no_change_exp,false,false,0,4692690466958798800.0,0,0.2,0.5,0.6,0.1,0.05,0.1,0.1,0.05,15,0.02458731638660266,0.04205246913580235,0.02458731638660266,0.015927688233501,5,5,0.0,0.0
no_change,heterogeneous,14,M15,no_change_exp,false,false,0,6905470370856337400.0,0,0.2,0.5,0.6,0.1,0.05,0.1,0.1,0.05,15,0.02458731638660266,0.04205246913580235,0.02458731638660266,0.015927688233501,5,5,0.0,0.0
consensus,heterogeneous,2,M2,cons_ndist_nospeak,false,false,0,7240713591891685400.0,0,0.05,0.0,0.0,0.0,0.05,0.1,0.1,0.05,55,0.03720528978052128,0.15735089308956668,0.00022628229325046,0.00008732415873293,1,4,0.0,0.0
clustering,homogeneous,42,H21,clst_dist_nospeak,true,false,0,4692690466958798800.0,0,0.05,0.8,0.0,0.0,0.2,0.0,0.0,0.0,15,0.00128224062821502,0.02319391129838111,0.00053053116490937,0.00027433445919993,1,1,0.0,0.0
clustering,heterogeneous,14,M15,clst_ndist_nospeak,false,false,0,7139002048363152400.0,0,0.05,0.2,0.0,0.0,0.05,0.1,0.1,0.05,70,0.02458731638660266,0.11568874792284356,0.00009531330252827,0.00006194179130733,1,5,0.0,0.0
clustering,heterogeneous,18,M24,clst_dist_nospeak,true,false,0,7139002048363152400.0,0,0.05,0.2,0.0,0.0,0.2,0.0,0.0,0.0,45,0.00943876457475996,0.1196583698513825,0.00062383114809651,0.00033711755291142,2,3,0.0,0.0
clustering,homogeneous,23,H11,clst_dist_speak,true,true,0,4692690466958798800.0,0,0.05,0.2,0.0,0.0,0.0,0.3,0.0,0.0,125,0.01309938700274348,0.07846776587286303,0.00041351193062353,0.00023376535887069,2,4,0.0,0.0
clustering,heterogeneous,25,M6,clst_dist_nospeak,true,false,0,7139002048363152400.0,0,0.5,0.2,0.0,0.0,0.0,0.3,0.0,0.0,15,0.02801205751790883,0.15509577251424836,0.00000000014836899,0.00000000000000139,1,3,0.0,0.0
no_change,heterogeneous,14,M15,no_change_exp,false,false,0,7240713591891685400.0,0,0.2,0.5,0.6,0.1,0.05,0.1,0.1,0.05,15,0.02458731638660266,0.04205246913580235,0.02458731638660266,0.015927688233501,5,5,0.0,0.0
clustering,heterogeneous,32,M29,clst_ndist_nospeak,false,false,0,7139002048363152400.0,0,0.5,0.2,0.0,0.0,0.05,0.1,0.1,0.05,15,0.03735544128836595,0.0663580246540802,0.03061150191037638,0.0272102207920128,2,4,0.0,0.0
consensus,heterogeneous,2,M2,cons_dist_nospeak,true,false,0,7128893484183252000.0,0,0.05,0.0,0.0,0.0,0.0,0.0,0.0,0.0,55,0.03720528978052128,0.15735089308956668,0.00022628229325046,0.00008732415873293,1,4,0.0,0.0
clustering,heterogeneous,39,M35,clst_dist_nospeak,true,false,0,8636175130330607600.0,0,0.05,0.2,0.0,0.0,0.0,0.0,0.0,0.0,45,0.01380628072130774,0.09908993211630539,0.0002405931971448,0.00009066839083418,2,4,0.0,0.0
no_change,heterogeneous,14,M15,no_change_exp,false,false,0,8636175130330607600.0,0,0.2,0.5,0.6,0.1,0.05,0.1,0.1,0.05,15,0.02458731638660266,0.04205246913580235,0.02458731638660266,0.015927688233501,5,5,0.0,0.0
clustering,heterogeneous,25,M6,clst_dist_nospeak,true,false,0,4692690466958798800.0,0,0.05,0.2,0.0,0.0,0.2,0.3,0.0,0.0,60,0.02801205751790883,0.16518387161537496,0.00007451400259411,0.00002504513634231,1,3,0.0,0.0
consensus,homogeneous,41,H20,cons_dist_speak,true,true,0,109591146466576384.0,0,0.5,0.0,0.0,0.0,0.2,0.0,0.0,0.0,15,0.00048024369855967,0.06994509177193142,0.00000136232232836,0.00000007950720261,1,1,0.0,0.0
clustering,heterogeneous,22,M28,clst_ndist_speak,false,true,0,4692690466958798800.0,0,0.5,0.2,0.0,0.0,0.05,0.1,0.1,0.05,20,0.02593274109975132,0.04450883799129063,0.02574565455518346,0.0170025687461962,3,3,0.0,0.0
clustering,heterogeneous,32,M29,clst_ndist_nospeak,false,false,0,6905470370856337400.0,0,0.5,0.2,0.0,0.0,0.05,0.1,0.1,0.05,15,0.03735544128836595,0.0663580246540802,0.03061150191037638,0.0272102207920128,2,4,0.0,0.0
bipolarization,heterogeneous,39,M35,bipol_ndist_nospeak,false,false,0,6905470370856337400.0,0,0.05,0.1,0.5,0.3,0.05,0.1,0.1,0.05,25,0.01380628072130774,0.04748371119641748,0.0127748737634233,0.01151774914233352,2,4,0.4,0.0
clustering,heterogeneous,25,M6,clst_dist_nospeak,true,false,0,6905470370856337400.0,0,0.5,0.2,0.0,0.0,0.0,0.3,0.0,0.0,15,0.02801205751790883,0.15509577251424836,0.00000000014836899,0.00000000000000139,1,3,0.0,0.0
consensus,heterogeneous,1,M1,cons_ndist_speak,false,true,0,6905470370856337400.0,0,0.05,0.0,0.0,0.0,0.05,0.1,0.1,0.05,85,0.0306388856143309,0.15679482291176683,0.00050701488363821,0.00029385181059756,1,3,0.0,0.0
clustering,heterogeneous,30,M23,clst_ndist_nospeak,false,false,0,6905470370856337400.0,0,0.5,0.8,0.0,0.0,0.05,0.1,0.1,0.05,15,0.00534329721793556,0.04562114457225144,0.0000000000497813,0.00000000000000247,1,3,0.0,0.0
consensus,homogeneous,41,H20,cons_ndist_nospeak,false,false,0,7139002048363152400.0,0,0.05,0.0,0.0,0.0,0.05,0.1,0.1,0.05,15,0.00048024369855967,0.06469945276004449,0.00017331530764898,0.00006648562326285,1,1,0.0,0.0
clustering,heterogeneous,18,M24,clst_dist_nospeak,true,false,0,7240713591891685400.0,0,0.05,0.2,0.0,0.0,0.2,0.0,0.0,0.0,45,0.00943876457475996,0.1196583698513825,0.00062383114809651,0.00033711755291142,2,3,0.0,0.0
clustering,homogeneous,42,H21,clst_dist_nospeak,true,false,0,7139002048363152400.0,0,0.05,0.8,0.0,0.0,0.2,0.0,0.0,0.0,15,0.00128224062821502,0.02319391129838111,0.00053053116490937,0.00027433445919993,1,1,0.0,0.0
clustering,heterogeneous,39,M35,clst_dist_nospeak,true,false,0,7240713591891685400.0,0,0.05,0.2,0.0,0.0,0.0,0.0,0.0,0.0,45,0.01380628072130774,0.09908993211630539,0.0002405931971448,0.00009066839083418,2,4,0.0,0.0
bipolarization,heterogeneous,25,M6,bipol_ndist_nospeak,false,false,0,7139002048363152400.0,0,0.05,0.1,0.8,0.3,0.05,0.1,0.1,0.05,15,0.02801205751790883,0.02276234567901236,0.02801205751790883,0.01317176068815727,3,3,0.7000000000000001,0.0
consensus,homogeneous,24,H12,cons_dist_nospeak,true,false,0,4398895106259038200.0,0,0.05,0.0,0.0,0.0,0.2,0.0,0.0,0.0,45,0.00771504468878602,0.05502783714079203,0.00183538347585932,0.00098931763918902,2,3,0.0,0.0
no_change,heterogeneous,2,M2,no_change_exp,false,false,0,8636175130330607600.0,0,0.2,0.5,0.6,0.1,0.05,0.1,0.1,0.05,15,0.03720528978052128,0.04537037037037028,0.03720528978052128,0.02422844864540466,4,4,0.0,0.0
no_change,heterogeneous,2,M2,no_change_exp,false,false,0,4692690466958798800.0,0,0.2,0.5,0.6,0.1,0.05,0.1,0.1,0.05,15,0.03720528978052128,0.04537037037037028,0.03720528978052128,0.02422844864540466,4,4,0.0,0.0
clustering,heterogeneous,13,M14,clst_ndist_speak,false,true,0,8636175130330607600.0,0,0.05,0.8,0.0,0.0,0.05,0.1,0.1,0.05,80,0.0108926683241884,0.07701171825126694,0.00018025280137195,0.00012742179938803,2,4,0.0,0.0
consensus,homogeneous,41,H20,cons_dist_speak,true,true,0,7043372089166577700.0,0,0.5,0.0,0.0,0.0,0.2,0.0,0.0,0.0,15,0.00048024369855967,0.06336532920470203,0.00000273737252539,0.00000010041634428,1,1,0.0,0.0
clustering,homogeneous,41,H20,clst_dist_nospeak,true,false,0,7240713591891685400.0,0,0.05,0.2,0.0,0.0,0.2,0.3,0.0,0.0,20,0.00048024369855967,0.07094669900806358,0.00008981804509281,0.00005510205701786,1,1,0.0,0.0
clustering,heterogeneous,21,M27,clst_dist_speak,true,true,0,4692690466958798800.0,0,0.05,0.2,0.0,0.0,0.0,0.3,0.0,0.0,75,0.01066925416285628,0.06595606810433216,0.00054156535653563,0.00027510376645139,2,4,0.0,0.0
clustering,heterogeneous,4,M5,clst_ndist_nospeak,false,false,0,6905470370856337400.0,0,0.05,0.8,0.0,0.0,0.05,0.1,0.1,0.05,50,0.03097746746875476,0.16560545358907722,0.00006582271806448,0.00005111690158678,1,4,0.0,0.0
consensus,homogeneous,24,H12,cons_ndist_nospeak,false,false,0,7139002048363152400.0,0,0.05,0.0,0.0,0.0,0.05,0.1,0.1,0.05,45,0.00771504468878602,0.04393850673809745,0.00013089304260341,0.00006965826204467,1,3,0.0,0.0
no_change,heterogeneous,21,M27,no_change_exp,false,false,0,6905470370856337400.0,0,0.2,0.5,0.6,0.1,0.05,0.1,0.1,0.05,15,0.01066925416285628,0.02681327160493835,0.01066925416285628,0.00778725613473558,4,4,0.0,0.0
consensus,homogeneous,36,H17,cons_dist_nospeak,true,false,0,8803618445054126100.0,0,0.5,0.0,0.0,0.0,0.2,0.0,0.0,0.0,25,0.00843213567863132,0.04118353375521743,0.00003256512810818,0.00001317621795933,1,3,0.0,0.0
consensus,homogeneous,36,H17,cons_dist_nospeak,true,false,0,4342572612484808700.0,0,0.5,0.0,0.0,0.0,0.2,0.0,0.0,0.0,25,0.00843213567863132,0.04118353375521743,0.00003256512810818,0.00001317621795933,1,3,0.0,0.0
no_change,heterogeneous,2,M2,no_change_exp,false,false,0,6905470370856337400.0,0,0.2,0.5,0.6,0.1,0.05,0.1,0.1,0.05,15,0.03720528978052128,0.04537037037037028,0.03720528978052128,0.02422844864540466,4,4,0.0,0.0
bipolarization,heterogeneous,34,M31,bipol_ndist_nospeak,false,false,0,4692690466958798800.0,0,0.05,0.4,0.8,0.3,0.05,0.1,0.1,0.05,40,0.01079937132951816,0.07521097304478169,0.00004540748621548,0.00004552693449704,2,2,0.4,0.0
clustering,heterogeneous,39,M35,clst_dist_nospeak,true,false,0,4692690466958798800.0,0,0.05,0.2,0.0,0.0,0.0,0.0,0.0,0.0,45,0.01380628072130774,0.09908993211630539,0.0002405931971448,0.00009066839083418,2,4,0.0,0.0
consensus,heterogeneous,9,M9,cons_ndist_speak,false,true,0,7139002048363152400.0,0,0.05,0.0,0.0,0.0,0.05,0.1,0.1,0.05,80,0.01965549714934841,0.09115305070614688,0.00032526083766463,0.00019363961746685,2,3,0.0,0.0
no_change,heterogeneous,21,M27,no_change_exp,false,false,0,7240713591891685400.0,0,0.2,0.5,0.6,0.1,0.05,0.1,0.1,0.05,15,0.01066925416285628,0.02681327160493835,0.01066925416285628,0.00778725613473558,4,4,0.0,0.0
clustering,heterogeneous,4,M5,clst_ndist_nospeak,false,false,0,8636175130330607600.0,0,0.05,0.8,0.0,0.0,0.05,0.1,0.1,0.05,50,0.03097746746875476,0.16560545358907722,0.00006582271806448,0.00005111690158678,1,4,0.0,0.0
no_change,heterogeneous,21,M27,no_change_exp,false,false,0,4692690466958798800.0,0,0.2,0.5,0.6,0.1,0.05,0.1,0.1,0.05,15,0.01066925416285628,0.02681327160493835,0.01066925416285628,0.00778725613473558,4,4,0.0,0.0
clustering,heterogeneous,25,M6,clst_dist_speak,true,true,0,7240713591891685400.0,0,0.05,0.2,0.0,0.0,0.2,0.3,0.0,0.0,30,0.02801205751790883,0.10978225049485874,0.01127182269986999,0.00977971264841465,3,3,0.0,0.0
consensus,homogeneous,41,H20,cons_dist_speak,true,true,0,7128893484183252000.0,0,0.5,0.0,0.0,0.0,0.2,0.0,0.0,0.0,15,0.00048024369855967,0.06585659289853858,0.00000135783295687,0.0000000480603148,1,1,0.0,0.0
no_change,heterogeneous,21,M27,no_change_exp,false,false,0,8636175130330607600.0,0,0.2,0.5,0.6,0.1,0.05,0.1,0.1,0.05,15,0.01066925416285628,0.02681327160493835,0.01066925416285628,0.00778725613473558,4,4,0.0,0.0
clustering,homogeneous,41,H20,clst_dist_nospeak,true,false,0,6905470370856337400.0,0,0.05,0.2,0.0,0.0,0.2,0.3,0.0,0.0,20,0.00048024369855967,0.07094669900806358,0.00008981804509281,0.00005510205701786,1,1,0.0,0.0
no_change,heterogeneous,2,M2,no_change_exp,false,false,0,8636175130330607600.0,0,0.2,0.5,0.6,0.1,0.05,0.1,0.1,0.05,15,0.03720528978052128,0.04537037037037028,0.03720528978052128,0.02422844864540466,4,4,0.0,0.0
clustering,heterogeneous,6,M7,clst_ndist_nospeak,false,false,0,4692690466958798800.0,0,0.5,0.8,0.0,0.0,0.05,0.1,0.1,0.05,15,0.03543339668114619,0.1336461473181638,0.00000000267179967,0.00000000000040067,1,4,0.0,0.0
consensus,homogeneous,41,H20,cons_ndist_nospeak,false,false,0,8636175130330607600.0,0,0.05,0.0,0.0,0.0,0.05,0.1,0.1,0.05,15,0.00048024369855967,0.06469945276004449,0.00017331530764898,0.00006648562326285,1,1,0.0,0.0
clustering,heterogeneous,39,M35,clst_dist_nospeak,true,false,0,6905470370856337400.0,0,0.05,0.2,0.0,0.0,0.0,0.0,0.0,0.0,45,0.01380628072130774,0.09908993211630539,0.0002405931971448,0.00009066839083418,2,4,0.0,0.0
clustering,heterogeneous,28,M18,clst_ndist_speak,false,true,0,8636175130330607600.0,0,0.05,0.2,0.0,0.0,0.05,0.1,0.1,0.05,85,0.00977608125904969,0.089546252370567,0.00032441863156927,0.00021189903311215,1,3,0.0,0.0
clustering,heterogeneous,39,M35,clst_dist_speak,true,true,0,7139002048363152400.0,0,0.05,0.2,0.0,0.0,0.2,0.0,0.0,0.0,60,0.01380628072130774,0.08651027583990052,0.0040171700946925,0.00284123280796175,3,4,0.0,0.0
consensus,homogeneous,41,H20,cons_ndist_nospeak,false,false,0,4692690466958798800.0,0,0.05,0.0,0.0,0.0,0.05,0.1,0.1,0.05,15,0.00048024369855967,0.06469945276004449,0.00017331530764898,0.00006648562326285,1,1,0.0,0.0
consensus,homogeneous,24,H12,cons_dist_nospeak,true,false,0,5702577027890589700.0,0,0.05,0.0,0.0,0.0,0.2,0.0,0.0,0.0,45,0.00771504468878602,0.05502783714079203,0.00183538347585932,0.00098931763918902,2,3,0.0,0.0
consensus,homogeneous,24,H12,cons_dist_nospeak,true,false,0,7128893484183252000.0,0,0.05,0.0,0.0,0.0,0.2,0.0,0.0,0.0,45,0.00771504468878602,0.05502783714079203,0.00183538347585932,0.00098931763918902,2,3,0.0,0.0
clustering,heterogeneous,25,M6,clst_dist_nospeak,true,false,0,4692690466958798800.0,0,0.5,0.2,0.0,0.0,0.0,0.3,0.0,0.0,15,0.02801205751790883,0.15509577251424836,0.00000000014836899,0.00000000000000139,1,3,0.0,0.0
clustering,heterogeneous,6,M7,clst_ndist_nospeak,false,false,0,8636175130330607600.0,0,0.5,0.8,0.0,0.0,0.05,0.1,0.1,0.05,15,0.03543339668114619,0.1336461473181638,0.00000000267179967,0.00000000000040067,1,4,0.0,0.0
clustering,heterogeneous,39,M35,clst_dist_speak,true,true,0,7240713591891685400.0,0,0.05,0.2,0.0,0.0,0.2,0.0,0.0,0.0,55,0.01380628072130774,0.08983312738522242,0.00403928305864107,0.00264775359336046,3,4,0.0,0.0
clustering,heterogeneous,18,M24,clst_dist_nospeak,true,false,0,4692690466958798800.0,0,0.05,0.2,0.0,0.0,0.2,0.0,0.0,0.0,45,0.00943876457475996,0.1196583698513825,0.00062383114809651,0.00033711755291142,2,3,0.0,0.0
clustering,homogeneous,42,H21,clst_dist_nospeak,true,false,0,8636175130330607600.0,0,0.05,0.8,0.0,0.0,0.2,0.0,0.0,0.0,15,0.00128224062821502,0.02319391129838111,0.00053053116490937,0.00027433445919993,1,1,0.0,0.0
clustering,homogeneous,7,H4,clst_ndist_speak,false,true,0,7240713591891685400.0,0,0.5,0.2,0.0,0.0,0.05,0.1,0.1,0.05,15,0.00232084297839506,0.05730033739786859,0.00000413993529083,0.00000012643153433,1,2,0.0,0.0
consensus,homogeneous,41,H20,cons_dist_speak,true,true,0,8803618445054126100.0,0,0.5,0.0,0.0,0.0,0.2,0.0,0.0,0.0,15,0.00048024369855967,0.06995169362409333,0.00000135397055497,0.0000000606079083,1,1,0.0,0.0
clustering,heterogeneous,4,M5,clst_ndist_nospeak,false,false,0,7139002048363152400.0,0,0.05,0.8,0.0,0.0,0.05,0.1,0.1,0.05,50,0.03097746746875476,0.16560545358907722,0.00006582271806448,0.00005111690158678,1,4,0.0,0.0
consensus,heterogeneous,1,M1,cons_ndist_speak,false,true,0,8803618445054126100.0,0,0.05,0.0,0.0,0.0,0.05,0.1,0.1,0.05,90,0.0306388856143309,0.15906959345093571,0.00030557162405648,0.00022812586470919,2,3,0.0,0.0
bipolarization,heterogeneous,21,M27,bipol_ndist_nospeak,false,false,0,4692690466958798800.0,0,0.05,0.1,0.8,0.1,0.05,0.1,0.1,0.05,40,0.01066925416285628,0.05560474263035683,0.00741361517921671,0.01068902949193824,2,4,0.7000000000000001,0.0
consensus,heterogeneous,2,M2,cons_ndist_nospeak,false,false,0,8636175130330607600.0,0,0.05,0.0,0.0,0.0,0.05,0.1,0.1,0.05,55,0.03720528978052128,0.15735089308956668,0.00022628229325046,0.00008732415873293,1,4,0.0,0.0
clustering,homogeneous,41,H20,clst_dist_nospeak,true,false,0,4692690466958798800.0,0,0.05,0.2,0.0,0.0,0.2,0.3,0.0,0.0,20,0.00048024369855967,0.07094669900806358,0.00008981804509281,0.00005510205701786,1,1,0.0,0.0
consensus,homogeneous,24,H12,cons_dist_nospeak,true,false,0,7043372089166577700.0,0,0.05,0.0,0.0,0.0,0.2,0.0,0.0,0.0,45,0.00771504468878602,0.05502783714079203,0.00183538347585932,0.00098931763918902,2,3,0.0,0.0
consensus,homogeneous,24,H12,cons_ndist_nospeak,false,false,0,4692690466958798800.0,0,0.05,0.0,0.0,0.0,0.05,0.1,0.1,0.05,45,0.00771504468878602,0.04393850673809745,0.00013089304260341,0.00006965826204467,1,3,0.0,0.0
consensus,homogeneous,24,H12,cons_ndist_nospeak,false,false,0,8636175130330607600.0,0,0.05,0.0,0.0,0.0,0.05,0.1,0.1,0.05,45,0.00771504468878602,0.04393850673809745,0.00013089304260341,0.00006965826204467,1,3,0.0,0.0
bipolarization,heterogeneous,18,M24,bipol_ndist_nospeak,false,false,0,4692690466958798800.0,0,0.05,0.1,0.5,0.3,0.05,0.1,0.1,0.05,15,0.00943876457475996,0.06014282765062816,0.00943265735973757,0.00626220276109748,3,3,0.4,0.0
clustering,heterogeneous,12,M13,clst_dist_speak,true,true,0,7139002048363152400.0,0,0.05,0.2,0.0,0.0,0.2,0.3,0.0,0.0,65,0.03278937715525453,0.14108684025659632,0.00278704101146091,0.00209900425446025,2,5,0.0,0.0
consensus,heterogeneous,1,M1,cons_ndist_speak,false,true,0,5702577027890589700.0,0,0.05,0.0,0.0,0.0,0.05,0.1,0.1,0.05,90,0.0306388856143309,0.15906959345093571,0.00030557162405647,0.00022812586470919,1,3,0.0,0.0
clustering,homogeneous,7,H4,clst_ndist_speak,false,true,0,7139002048363152400.0,0,0.5,0.2,0.0,0.0,0.05,0.1,0.1,0.05,15,0.00232084297839506,0.04596690100313722,0.00000413993529083,0.00000012643153433,2,2,0.0,0.0
consensus,homogeneous,36,H17,cons_dist_nospeak,true,false,0,4692690466958798800.0,0,0.5,0.0,0.0,0.0,0.2,0.0,0.0,0.0,25,0.00843213567863132,0.04118353375521743,0.00003256512810818,0.00001317621795933,1,3,0.0,0.0
clustering,heterogeneous,18,M24,clst_dist_nospeak,true,false,0,6905470370856337400.0,0,0.05,0.2,0.0,0.0,0.2,0.0,0.0,0.0,45,0.00943876457475996,0.1196583698513825,0.00062383114809651,0.00033711755291142,2,3,0.0,0.0
clustering,heterogeneous,1,M1,clst_ndist_nospeak,false,false,0,7240713591891685400.0,0,0.05,0.2,0.0,0.0,0.05,0.1,0.1,0.05,30,0.0306388856143309,0.04777639895342763,0.02855858663698259,0.02652802236179441,2,3,0.0,0.0
bipolarization,heterogeneous,39,M35,bipol_ndist_nospeak,false,false,0,7240713591891685400.0,0,0.05,0.1,0.5,0.3,0.05,0.1,0.1,0.05,25,0.01380628072130774,0.04748371119641748,0.0127748737634233,0.01151774914233352,2,4,0.4,0.0
clustering,heterogeneous,6,M7,clst_ndist_nospeak,false,false,0,7139002048363152400.0,0,0.5,0.8,0.0,0.0,0.05,0.1,0.1,0.05,15,0.03543339668114619,0.1336461473181638,0.00000000267179967,0.00000000000040067,1,4,0.0,0.0
clustering,heterogeneous,21,M27,clst_dist_speak,true,true,0,8636175130330607600.0,0,0.05,0.2,0.0,0.0,0.0,0.3,0.0,0.0,75,0.01066925416285628,0.06371577681644548,0.00066812438037937,0.0003007864716564,2,4,0.0,0.0
consensus,homogeneous,24,H12,cons_dist_nospeak,true,false,0,4477927936947039200.0,0,0.05,0.0,0.0,0.0,0.2,0.0,0.0,0.0,45,0.00771504468878602,0.05502783714079203,0.00183538347585932,0.00098931763918902,2,3,0.0,0.0
consensus,heterogeneous,1,M1,cons_ndist_speak,false,true,0,4477927936947039200.0,0,0.05,0.0,0.0,0.0,0.05,0.1,0.1,0.05,75,0.0306388856143309,0.1512829102529518,0.00084125642563973,0.00048756896854228,2,3,0.0,0.0
consensus,homogeneous,41,H20,cons_ndist_nospeak,false,false,0,7240713591891685400.0,0,0.05,0.0,0.0,0.0,0.05,0.1,0.1,0.05,15,0.00048024369855967,0.06469945276004449,0.00017331530764898,0.00006648562326285,1,1,0.0,0.0
clustering,heterogeneous,3,M4,clst_ndist_nospeak,false,false,0,4692690466958798800.0,0,0.05,0.8,0.0,0.0,0.05,0.1,0.1,0.05,55,0.0361340032483615,0.14951497343923364,0.00007670690224296,0.00003008593484697,1,4,0.0,0.0
bipolarization,heterogeneous,18,M24,bipol_ndist_nospeak,false,false,0,7139002048363152400.0,0,0.05,0.1,0.5,0.3,0.05,0.1,0.1,0.05,15,0.00943876457475996,0.06014282765062816,0.00943265735973757,0.00626220276109748,3,3,0.4,0.0
consensus,homogeneous,36,H17,cons_dist_nospeak,true,false,0,8636175130330607600.0,0,0.5,0.0,0.0,0.0,0.2,0.0,0.0,0.0,25,0.00843213567863132,0.04118353375521743,0.00003256512810818,0.00001317621795933,1,3,0.0,0.0
clustering,heterogeneous,25,M6,clst_dist_nospeak,true,false,0,8636175130330607600.0,0,0.5,0.2,0.0,0.0,0.0,0.3,0.0,0.0,15,0.02801205751790883,0.15509577251424836,0.00000000014836899,0.00000000000000139,1,3,0.0,0.0
clustering,heterogeneous,25,M6,clst_dist_speak,true,true,0,8636175130330607600.0,0,0.05,0.2,0.0,0.0,0.2,0.3,0.0,0.0,25,0.02801205751790883,0.10434729357706717,0.01530502250675464,0.01081609122233343,3,3,0.0,0.0
consensus,heterogeneous,9,M9,cons_ndist_speak,false,true,0,4692690466958798800.0,0,0.05,0.0,0.0,0.0,0.05,0.1,0.1,0.05,80,0.01965549714934841,0.09115305070614668,0.00032526083766464,0.00019363961746685,2,3,0.0,0.0
consensus,homogeneous,41,H20,cons_dist_speak,true,true,0,4477927936947039200.0,0,0.5,0.0,0.0,0.0,0.2,0.0,0.0,0.0,15,0.00048024369855967,0.06530064490525483,0.00000136028149265,0.00000005362719083,1,1,0.0,0.0
clustering,homogeneous,7,H4,clst_ndist_speak,false,true,0,4692690466958798800.0,0,0.5,0.2,0.0,0.0,0.05,0.1,0.1,0.05,15,0.00232084297839506,0.04690922254613471,0.00000413993529083,0.00000012643153433,2,2,0.0,0.0
clustering,homogeneous,23,H11,clst_dist_speak,true,true,0,4692690466958798800.0,0,0.05,0.8,0.0,0.0,0.0,0.0,0.0,0.0,60,0.01309938700274348,0.05640961495629102,0.00059677976371315,0.00034649775290407,2,4,0.0,0.0
bipolarization,heterogeneous,39,M35,bipol_ndist_nospeak,false,false,0,4692690466958798800.0,0,0.05,0.1,0.5,0.1,0.05,0.1,0.1,0.05,25,0.01380628072130774,0.04748371119641748,0.0127748737634233,0.01151774914233352,2,4,0.4,0.0
bipolarization,heterogeneous,18,M24,bipol_ndist_nospeak,false,false,0,7240713591891685400.0,0,0.05,0.1,0.5,0.3,0.05,0.1,0.1,0.05,15,0.00943876457475996,0.06014282765062816,0.00943265735973757,0.00626220276109748,3,3,0.4,0.0
consensus,homogeneous,41,H20,cons_ndist_nospeak,false,false,0,6905470370856337400.0,0,0.05,0.0,0.0,0.0,0.05,0.1,0.1,0.05,15,0.00048024369855967,0.06469945276004449,0.00017331530764898,0.00006648562326285,1,1,0.0,0.0
clustering,heterogeneous,1,M1,clst_ndist_nospeak,false,false,0,8636175130330607600.0,0,0.05,0.2,0.0,0.0,0.05,0.1,0.1,0.05,30,0.0306388856143309,0.04777639895342763,0.02855858663698259,0.02652802236179441,2,3,0.0,0.0
bipolarization,homogeneous,23,H11,bipol_ndist_nospeak,false,false,0,7240713591891685400.0,0,0.05,0.4,0.5,0.1,0.05,0.1,0.1,0.05,40,0.01309938700274348,0.0634053477639962,0.00007753228842362,0.00004506383680531,1,4,0.09999999999999998,0.0
consensus,homogeneous,41,H20,cons_dist_speak,true,true,0,4286360386944651300.0,0,0.5,0.0,0.0,0.0,0.2,0.0,0.0,0.0,15,0.00048024369855967,0.06453572662058574,0.00000183370474056,0.00000009785443243,1,1,0.0,0.0
clustering,heterogeneous,3,M4,clst_ndist_nospeak,false,false,0,7240713591891685400.0,0,0.05,0.8,0.0,0.0,0.05,0.1,0.1,0.05,55,0.0361340032483615,0.14951497343923364,0.00007670690224296,0.00003008593484697,1,4,0.0,0.0
consensus,heterogeneous,1,M1,cons_ndist_speak,false,true,0,8636175130330607600.0,0,0.05,0.0,0.0,0.0,0.05,0.1,0.1,0.05,85,0.0306388856143309,0.1567948229117668,0.00050701488363821,0.00029385181059756,2,3,0.0,0.0
consensus,homogeneous,36,H17,cons_dist_nospeak,true,false,0,1841142524168585220.0,0,0.5,0.0,0.0,0.0,0.2,0.0,0.0,0.0,25,0.00843213567863132,0.04118353375521743,0.00003256512810818,0.00001317621795933,1,3,0.0,0.0
clustering,heterogeneous,6,M7,clst_ndist_nospeak,false,false,0,6905470370856337400.0,0,0.5,0.8,0.0,0.0,0.05,0.1,0.1,0.05,15,0.03543339668114619,0.1336461473181638,0.00000000267179967,0.00000000000040067,1,4,0.0,0.0
clustering,homogeneous,7,H4,clst_ndist_speak,false,true,0,6905470370856337400.0,0,0.5,0.2,0.0,0.0,0.05,0.1,0.1,0.05,15,0.00232084297839506,0.05028697400067104,0.00000413993529083,0.00000012643153433,1,2,0.0,0.0
clustering,heterogeneous,6,M7,clst_ndist_nospeak,false,false,0,7240713591891685400.0,0,0.5,0.8,0.0,0.0,0.05,0.1,0.1,0.05,15,0.03543339668114619,0.1336461473181638,0.00000000267179967,0.00000000000040067,1,4,0.0,0.0
clustering,heterogeneous,1,M1,clst_ndist_nospeak,false,false,0,4692690466958798800.0,0,0.05,0.2,0.0,0.0,0.05,0.1,0.1,0.05,30,0.0306388856143309,0.04777639895342763,0.02855858663698259,0.02652802236179441,2,3,0.0,0.0
consensus,homogeneous,24,H12,cons_dist_nospeak,true,false,0,4342572612484808700.0,0,0.05,0.0,0.0,0.0,0.2,0.0,0.0,0.0,45,0.00771504468878602,0.05502783714079203,0.00183538347585932,0.00098931763918902,2,3,0.0,0.0
consensus,homogeneous,40,H18,cons_dist_nospeak,true,false,0,1841142524168585220.0,0,0.5,0.0,0.0,0.0,0.0,0.0,0.0,0.0,15,0.00975649903013544,0.13890529011786196,0.00000004518922832,0.00000000005850907,1,2,0.0,0.0
consensus,heterogeneous,26,M12,cons_ndist_nospeak,false,false,0,7139002048363152400.0,0,0.5,0.0,0.0,0.0,0.05,0.1,0.1,0.05,15,0.01905125747492284,0.0775350741581896,0.00000008517012731,0.00000000008692194,1,2,0.0,0.0
clustering,heterogeneous,28,M18,clst_dist_speak,true,true,0,7240713591891685400.0,0,0.05,0.2,0.0,0.0,0.2,0.0,0.0,0.0,130,0.00977608125904969,0.05642865427419713,0.00808151518198834,0.00958937079658609,3,3,0.0,0.0
clustering,heterogeneous,32,M29,clst_ndist_speak,false,true,0,7139002048363152400.0,0,0.5,0.2,0.0,0.0,0.05,0.1,0.1,0.05,15,0.03735544128836595,0.05909845122584609,0.03316987137634306,0.02871368809231986,2,4,0.0,0.0
consensus,heterogeneous,26,M12,cons_ndist_nospeak,false,false,0,8636175130330607600.0,0,0.5,0.0,0.0,0.0,0.05,0.1,0.1,0.05,15,0.01905125747492284,0.0775350741581896,0.00000008517012731,0.00000000008692194,1,2,0.0,0.0
bipolarization,heterogeneous,21,M27,bipol_ndist_nospeak,false,false,0,8636175130330607600.0,0,0.05,0.1,0.8,0.1,0.05,0.1,0.1,0.05,40,0.01066925416285628,0.05560474263035683,0.00741361517921671,0.01068902949193824,2,4,0.7000000000000001,0.0
clustering,heterogeneous,30,M23,clst_ndist_speak,false,true,0,7240713591891685400.0,0,0.5,0.8,0.0,0.0,0.05,0.1,0.1,0.05,15,0.00534329721793556,0.04887338311191028,0.00000953140946107,0.00000030060383134,1,3,0.0,0.0
consensus,homogeneous,24,H12,cons_dist_nospeak,true,false,0,4286360386944651300.0,0,0.05,0.0,0.0,0.0,0.2,0.0,0.0,0.0,45,0.00771504468878602,0.05502783714079203,0.00183538347585932,0.00098931763918902,2,3,0.0,0.0
consensus,heterogeneous,1,M1,cons_ndist_speak,false,true,0,4398895106259038200.0,0,0.05,0.0,0.0,0.0,0.05,0.1,0.1,0.05,90,0.0306388856143309,0.15906959345093563,0.00030557162405648,0.00022812586470919,2,3,0.0,0.0
consensus,homogeneous,33,H15,cons_ndist_nospeak,false,false,0,7240713591891685400.0,0,0.5,0.0,0.0,0.0,0.05,0.1,0.1,0.05,15,0.00240269204389574,0.04401345351033218,0.00000000629975378,0.00000000001000156,1,3,0.0,0.0
consensus,heterogeneous,26,M12,cons_ndist_nospeak,false,false,0,7240713591891685400.0,0,0.5,0.0,0.0,0.0,0.05,0.1,0.1,0.05,15,0.01905125747492284,0.0775350741581896,0.00000008517012731,0.00000000008692194,1,2,0.0,0.0
consensus,homogeneous,24,H12,cons_dist_speak,true,true,0,109591146466576384.0,0,0.05,0.0,0.0,0.0,0.2,0.0,0.0,0.0,35,0.00771504468878602,0.04468876288101668,0.00374632814120168,0.00319080645204312,2,3,0.0,0.0
consensus,heterogeneous,22,M28,cons_ndist_nospeak,false,false,0,8636175130330607600.0,0,0.5,0.0,0.0,0.0,0.05,0.1,0.1,0.05,15,0.02593274109975132,0.12986612467850067,0.00000010822162582,0.00000000016639512,1,3,0.0,0.0
clustering,heterogeneous,1,M1,clst_ndist_nospeak,false,false,0,7139002048363152400.0,0,0.05,0.2,0.0,0.0,0.05,0.1,0.1,0.05,30,0.0306388856143309,0.04777639895342763,0.02855858663698259,0.02652802236179441,2,3,0.0,0.0
clustering,heterogeneous,3,M4,clst_ndist_nospeak,false,false,0,8636175130330607600.0,0,0.05,0.8,0.0,0.0,0.05,0.1,0.1,0.05,55,0.0361340032483615,0.14951497343923364,0.00007670690224296,0.00003008593484697,1,4,0.0,0.0
clustering,heterogeneous,12,M13,clst_dist_speak,true,true,0,4692690466958798800.0,0,0.05,0.2,0.0,0.0,0.2,0.3,0.0,0.0,80,0.03278937715525453,0.14354788708741306,0.00218258790638375,0.00145443924916747,2,5,0.0,0.0
consensus,heterogeneous,2,M2,cons_ndist_nospeak,false,false,0,6905470370856337400.0,0,0.05,0.0,0.0,0.0,0.05,0.1,0.1,0.05,55,0.03720528978052128,0.15735089308956668,0.00022628229325046,0.00008732415873293,1,4,0.0,0.0
bipolarization,heterogeneous,39,M35,bipol_ndist_nospeak,false,false,0,8636175130330607600.0,0,0.05,0.1,0.5,0.3,0.05,0.1,0.1,0.05,25,0.01380628072130774,0.04748371119641748,0.0127748737634233,0.01151774914233352,2,4,0.4,0.0
consensus,heterogeneous,26,M12,cons_ndist_nospeak,false,false,0,4692690466958798800.0,0,0.5,0.0,0.0,0.0,0.05,0.1,0.1,0.05,15,0.01905125747492284,0.0775350741581896,0.00000008517012731,0.00000000008692194,1,2,0.0,0.0
consensus,homogeneous,24,H12,cons_dist_nospeak,true,false,0,6905470370856337400.0,0,0.05,0.0,0.0,0.0,0.2,0.0,0.0,0.0,45,0.00771504468878602,0.05502783714079203,0.00183538347585932,0.00098931763918902,2,3,0.0,0.0
clustering,homogeneous,7,H4,clst_ndist_speak,false,true,0,8636175130330607600.0,0,0.5,0.2,0.0,0.0,0.05,0.1,0.1,0.05,15,0.00232084297839506,0.042995793073782,0.00000413993529083,0.00000012643153433,1,2,0.0,0.0
clustering,homogeneous,23,H11,clst_dist_speak,true,true,0,7240713591891685400.0,0,0.05,0.2,0.0,0.0,0.0,0.3,0.0,0.0,125,0.01309938700274348,0.07052515735078599,0.00044762111663801,0.00026915025938666,2,4,0.0,0.0
clustering,homogeneous,23,H11,clst_dist_speak,true,true,0,7139002048363152400.0,0,0.05,0.8,0.0,0.0,0.0,0.0,0.0,0.0,65,0.01309938700274348,0.05435679548149045,0.00059677976371315,0.00026899646913962,2,4,0.0,0.0
consensus,homogeneous,24,H12,cons_ndist_nospeak,false,false,0,6905470370856337400.0,0,0.05,0.0,0.0,0.0,0.05,0.1,0.1,0.05,45,0.00771504468878602,0.04393850673809745,0.00013089304260341,0.00006965826204467,1,3,0.0,0.0
consensus,heterogeneous,22,M28,cons_ndist_nospeak,false,false,0,4692690466958798800.0,0,0.5,0.0,0.0,0.0,0.05,0.1,0.1,0.05,15,0.02593274109975132,0.12986612467850067,0.00000010822162582,0.00000000016639512,1,3,0.0,0.0
consensus,heterogeneous,26,M12,cons_ndist_nospeak,false,false,0,6905470370856337400.0,0,0.5,0.0,0.0,0.0,0.05,0.1,0.1,0.05,15,0.01905125747492284,0.0775350741581896,0.00000008517012731,0.00000000008692194,1,2,0.0,0.0
consensus,homogeneous,36,H17,cons_dist_nospeak,true,false,0,6905470370856337400.0,0,0.5,0.0,0.0,0.0,0.2,0.0,0.0,0.0,25,0.00843213567863132,0.04118353375521743,0.00003256512810818,0.00001317621795933,1,3,0.0,0.0
clustering,heterogeneous,30,M23,clst_ndist_speak,false,true,0,8636175130330607600.0,0,0.5,0.8,0.0,0.0,0.05,0.1,0.1,0.05,15,0.00534329721793556,0.04412377548807725,0.00000953140946107,0.00000030060383134,2,3,0.0,0.0
bipolarization,heterogeneous,18,M24,bipol_ndist_nospeak,false,false,0,8636175130330607600.0,0,0.05,0.1,0.5,0.3,0.05,0.1,0.1,0.05,15,0.00943876457475996,0.06014282765062816,0.00943265735973757,0.00626220276109748,3,3,0.4,0.0
bipolarization,homogeneous,23,H11,bipol_ndist_nospeak,false,false,0,6905470370856337400.0,0,0.05,0.4,0.5,0.1,0.05,0.1,0.1,0.05,40,0.01309938700274348,0.0634053477639962,0.00007753228842362,0.00004506383680531,1,4,0.09999999999999998,0.0
clustering,heterogeneous,1,M1,clst_ndist_nospeak,false,false,0,6905470370856337400.0,0,0.05,0.2,0.0,0.0,0.05,0.1,0.1,0.05,30,0.0306388856143309,0.04777639895342763,0.02855858663698259,0.02652802236179441,2,3,0.0,0.0
consensus,heterogeneous,9,M9,cons_ndist_speak,false,true,0,6905470370856337400.0,0,0.05,0.0,0.0,0.0,0.05,0.1,0.1,0.05,85,0.01965549714934841,0.09325090858993379,0.00032526083766463,0.00015032817081082,2,3,0.0,0.0
consensus,homogeneous,36,H17,cons_dist_nospeak,true,false,0,5702577027890589700.0,0,0.5,0.0,0.0,0.0,0.2,0.0,0.0,0.0,25,0.00843213567863132,0.04118353375521743,0.00003256512810818,0.00001317621795933,1,3,0.0,0.0
clustering,heterogeneous,30,M23,clst_ndist_speak,false,true,0,6905470370856337400.0,0,0.5,0.8,0.0,0.0,0.05,0.1,0.1,0.05,15,0.00534329721793556,0.03959148476739441,0.00000953140946107,0.00000030060383134,1,3,0.0,0.0
consensus,homogeneous,33,H15,cons_ndist_nospeak,false,false,0,4692690466958798800.0,0,0.5,0.0,0.0,0.0,0.05,0.1,0.1,0.05,15,0.00240269204389574,0.04401345351033218,0.00000000629975378,0.00000000001000156,1,3,0.0,0.0
consensus,homogeneous,33,H15,cons_ndist_nospeak,false,false,0,8636175130330607600.0,0,0.5,0.0,0.0,0.0,0.05,0.1,0.1,0.05,15,0.00240269204389574,0.04401345351033218,0.00000000629975378,0.00000000001000156,1,3,0.0,0.0
clustering,heterogeneous,3,M4,clst_ndist_nospeak,false,false,0,6905470370856337400.0,0,0.05,0.8,0.0,0.0,0.05,0.1,0.1,0.05,55,0.0361340032483615,0.14951497343923364,0.00007670690224296,0.00003008593484697,1,4,0.0,0.0
clustering,homogeneous,23,H11,clst_dist_speak,true,true,0,8636175130330607600.0,0,0.05,0.8,0.0,0.0,0.0,0.0,0.0,0.0,65,0.01309938700274348,0.06002072563840129,0.00059677976371315,0.00026899646913962,2,4,0.0,0.0
consensus,homogeneous,33,H15,cons_ndist_nospeak,false,false,0,6905470370856337400.0,0,0.5,0.0,0.0,0.0,0.05,0.1,0.1,0.05,15,0.00240269204389574,0.04401345351033218,0.00000000629975378,0.00000000001000156,1,3,0.0,0.0
consensus,heterogeneous,22,M28,cons_ndist_nospeak,false,false,0,7139002048363152400.0,0,0.5,0.0,0.0,0.0,0.05,0.1,0.1,0.05,15,0.02593274109975132,0.12986612467850067,0.00000010822162582,0.00000000016639512,1,3,0.0,0.0
clustering,heterogeneous,30,M23,clst_ndist_speak,false,true,0,7139002048363152400.0,0,0.5,0.8,0.0,0.0,0.05,0.1,0.1,0.05,15,0.00534329721793556,0.04166572176702041,0.00000953140946107,0.00000030060383134,2,3,0.0,0.0
consensus,homogeneous,40,H18,cons_dist_nospeak,true,false,0,7128893484183252000.0,0,0.5,0.0,0.0,0.0,0.0,0.0,0.0,0.0,15,0.00975649903013544,0.13890529011786196,0.00000004518922832,0.00000000005850907,1,2,0.0,0.0
consensus,heterogeneous,1,M1,cons_ndist_speak,false,true,0,4342572612484808700.0,0,0.05,0.0,0.0,0.0,0.05,0.1,0.1,0.05,95,0.0306388856143309,0.16107388397637823,0.00030557162405648,0.00017710086605723,1,3,0.0,0.0
bipolarization,heterogeneous,39,M35,bipol_ndist_nospeak,false,false,0,8636175130330607600.0,0,0.05,0.1,0.5,0.1,0.05,0.1,0.1,0.05,25,0.01380628072130774,0.04748371119641748,0.0127748737634233,0.01151774914233352,2,4,0.4,0.0
consensus,homogeneous,40,H18,cons_dist_nospeak,true,false,0,4692690466958798800.0,0,0.5,0.0,0.0,0.0,0.0,0.0,0.0,0.0,15,0.00975649903013544,0.13890529011786196,0.00000004518922832,0.00000000005850907,1,2,0.0,0.0
clustering,homogeneous,42,H21,clst_dist_speak,true,true,0,4692690466958798800.0,0,0.05,0.2,0.0,0.0,0.0,0.0,0.0,0.0,15,0.00128224062821502,0.03514508161299627,0.00073463409236008,0.00032321962498908,1,1,0.0,0.0
consensus,heterogeneous,9,M9,cons_ndist_speak,false,true,0,1841142524168585220.0,0,0.05,0.0,0.0,0.0,0.05,0.1,0.1,0.05,80,0.01965549714934841,0.0911530507061469,0.00032526083766463,0.00019363961746685,2,3,0.0,0.0
consensus,homogeneous,24,H12,cons_ndist_nospeak,false,false,0,7240713591891685400.0,0,0.05,0.0,0.0,0.0,0.05,0.1,0.1,0.05,45,0.00771504468878602,0.04393850673809745,0.00013089304260341,0.00006965826204467,1,3,0.0,0.0
clustering,heterogeneous,32,M29,clst_ndist_speak,false,true,0,4692690466958798800.0,0,0.5,0.2,0.0,0.0,0.05,0.1,0.1,0.05,15,0.03735544128836595,0.05834033974894789,0.03356747581378452,0.0267630705992493,2,4,0.0,0.0
consensus,homogeneous,33,H15,cons_ndist_nospeak,false,false,0,7139002048363152400.0,0,0.5,0.0,0.0,0.0,0.05,0.1,0.1,0.05,15,0.00240269204389574,0.04401345351033218,0.00000000629975378,0.00000000001000156,1,3,0.0,0.0
consensus,homogeneous,23,H11,cons_ndist_nospeak,false,false,0,4692690466958798800.0,0,0.05,0.0,0.0,0.0,0.05,0.1,0.1,0.05,45,0.01309938700274348,0.06203182910559403,0.0002209575830719,0.00007705535379922,1,4,0.0,0.0
consensus,heterogeneous,22,M28,cons_ndist_nospeak,false,false,0,7240713591891685400.0,0,0.5,0.0,0.0,0.0,0.05,0.1,0.1,0.05,15,0.02593274109975132,0.12986612467850067,0.00000010822162582,0.00000000016639512,1,3,0.0,0.0
bipolarization,homogeneous,42,H21,bipol_ndist_nospeak,false,false,0,4692690466958798800.0,0,0.05,0.1,0.5,0.1,0.05,0.1,0.1,0.05,25,0.00128224062821502,0.03727851209145548,0.00008316132050701,0.00002412907554219,1,1,0.4,0.0
clustering,heterogeneous,12,M13,clst_dist_speak,true,true,0,8636175130330607600.0,0,0.05,0.2,0.0,0.0,0.2,0.3,0.0,0.0,85,0.03278937715525453,0.14680193449645362,0.00185591402446929,0.00111708181186456,2,5,0.0,0.0
clustering,heterogeneous,34,M31,clst_dist_speak,true,true,0,4692690466958798800.0,0,0.05,0.8,0.0,0.0,0.2,0.3,0.0,0.0,115,0.01079937132951816,0.08071002225314254,0.00189810986759625,0.00090609889676916,3,2,0.0,0.0
clustering,heterogeneous,21,M27,clst_dist_speak,true,true,0,7139002048363152400.0,0,0.05,0.2,0.0,0.0,0.0,0.3,0.0,0.0,85,0.01066925416285628,0.06806335750274076,0.00040210046666085,0.00018231749132183,2,4,0.0,0.0
consensus,homogeneous,36,H17,cons_dist_nospeak,true,false,0,7043372089166577700.0,0,0.5,0.0,0.0,0.0,0.2,0.0,0.0,0.0,25,0.00843213567863132,0.04118353375521743,0.00003256512810818,0.00001317621795933,1,3,0.0,0.0
consensus,heterogeneous,9,M9,cons_ndist_speak,false,true,0,7240713591891685400.0,0,0.05,0.0,0.0,0.0,0.05,0.1,0.1,0.05,75,0.01965549714934841,0.08877208584659965,0.00053968389987064,0.00024942963950445,2,3,0.0,0.0
consensus,homogeneous,36,H17,cons_dist_nospeak,true,false,0,109591146466576384.0,0,0.5,0.0,0.0,0.0,0.2,0.0,0.0,0.0,25,0.00843213567863132,0.04118353375521743,0.00003256512810818,0.00001317621795933,1,3,0.0,0.0
clustering,heterogeneous,43,M36,clst_ndist_nospeak,false,false,0,7139002048363152400.0,0,0.05,0.2,0.0,0.0,0.05,0.1,0.1,0.05,55,0.02855030368548523,0.17309863044818155,0.000141251508297,0.00003423478265594,1,4,0.0,0.0
bipolarization,heterogeneous,21,M27,bipol_ndist_nospeak,false,false,0,6905470370856337400.0,0,0.05,0.1,0.8,0.1,0.05,0.1,0.1,0.05,40,0.01066925416285628,0.05560474263035683,0.00741361517921671,0.01068902949193824,2,4,0.7000000000000001,0.0
bipolarization,heterogeneous,39,M35,bipol_ndist_nospeak,false,false,0,7240713591891685400.0,0,0.05,0.1,0.5,0.1,0.05,0.1,0.1,0.05,25,0.01380628072130774,0.04748371119641748,0.0127748737634233,0.01151774914233352,2,4,0.4,0.0
consensus,heterogeneous,22,M28,cons_ndist_nospeak,false,false,0,6905470370856337400.0,0,0.5,0.0,0.0,0.0,0.05,0.1,0.1,0.05,15,0.02593274109975132,0.12986612467850067,0.00000010822162582,0.00000000016639512,1,3,0.0,0.0
consensus,heterogeneous,1,M1,cons_ndist_speak,false,true,0,1841142524168585220.0,0,0.05,0.0,0.0,0.0,0.05,0.1,0.1,0.05,95,0.0306388856143309,0.16107388397637834,0.00030557162405647,0.00017710086605723,1,3,0.0,0.0
consensus,homogeneous,24,H12,cons_dist_speak,true,true,0,4286360386944651300.0,0,0.05,0.0,0.0,0.0,0.2,0.0,0.0,0.0,35,0.00771504468878602,0.04191253077373591,0.00383627659515322,0.00339521408616444,2,3,0.0,0.0
clustering,heterogeneous,43,M36,clst_ndist_nospeak,false,false,0,7240713591891685400.0,0,0.05,0.2,0.0,0.0,0.05,0.1,0.1,0.05,55,0.02855030368548523,0.17309863044818155,0.000141251508297,0.00003423478265594,1,4,0.0,0.0
clustering,heterogeneous,32,M29,clst_ndist_speak,false,true,0,7240713591891685400.0,0,0.5,0.2,0.0,0.0,0.05,0.1,0.1,0.05,25,0.03735544128836595,0.06402507681303654,0.03538459858061543,0.03121261585491304,3,4,0.0,0.0
consensus,homogeneous,40,H18,cons_dist_nospeak,true,false,0,6905470370856337400.0,0,0.5,0.0,0.0,0.0,0.0,0.0,0.0,0.0,15,0.00975649903013544,0.13890529011786196,0.00000004518922832,0.00000000005850907,1,2,0.0,0.0
clustering,heterogeneous,18,M24,clst_dist_nospeak,true,false,0,8636175130330607600.0,0,0.05,0.2,0.0,0.0,0.2,0.0,0.0,0.0,45,0.00943876457475996,0.1196583698513825,0.00062383114809651,0.00033711755291142,2,3,0.0,0.0
consensus,heterogeneous,9,M9,cons_ndist_speak,false,true,0,8636175130330607600.0,0,0.05,0.0,0.0,0.0,0.05,0.1,0.1,0.05,80,0.01965549714934841,0.0911530507061469,0.00032526083766463,0.00019363961746685,1,3,0.0,0.0
clustering,homogeneous,41,H20,clst_dist_speak,true,true,0,7139002048363152400.0,0,0.05,0.2,0.0,0.0,0.2,0.3,0.0,0.0,15,0.00048024369855967,0.06649934360594048,0.0003653235958213,0.00018212613904116,1,1,0.0,0.0
bipolarization,heterogeneous,18,M24,bipol_ndist_nospeak,false,false,0,6905470370856337400.0,0,0.05,0.1,0.5,0.3,0.05,0.1,0.1,0.05,15,0.00943876457475996,0.06014282765062816,0.00943265735973757,0.00626220276109748,3,3,0.4,0.0
clustering,heterogeneous,3,M4,clst_ndist_nospeak,false,false,0,7139002048363152400.0,0,0.05,0.8,0.0,0.0,0.05,0.1,0.1,0.05,55,0.0361340032483615,0.14951497343923364,0.00007670690224296,0.00003008593484697,1,4,0.0,0.0
bipolarization,homogeneous,23,H11,bipol_ndist_nospeak,false,false,0,4692690466958798800.0,0,0.05,0.4,0.5,0.1,0.05,0.1,0.1,0.05,40,0.01309938700274348,0.0634053477639962,0.00007753228842362,0.00004506383680531,1,4,0.09999999999999998,0.0
bipolarization,homogeneous,23,H11,bipol_ndist_nospeak,false,false,0,7139002048363152400.0,0,0.05,0.4,0.5,0.1,0.05,0.1,0.1,0.05,40,0.01309938700274348,0.0634053477639962,0.00007753228842362,0.00004506383680531,1,4,0.09999999999999998,0.0
consensus,homogeneous,23,H11,cons_ndist_nospeak,false,false,0,6905470370856337400.0,0,0.05,0.0,0.0,0.0,0.05,0.1,0.1,0.05,45,0.01309938700274348,0.06203182910559403,0.0002209575830719,0.00007705535379922,1,4,0.0,0.0
clustering,heterogeneous,30,M23,clst_ndist_speak,false,true,0,4692690466958798800.0,0,0.5,0.8,0.0,0.0,0.05,0.1,0.1,0.05,15,0.00534329721793556,0.0413688467730631,0.00000953140946107,0.00000030060383134,1,3,0.0,0.0
consensus,homogeneous,36,H17,cons_dist_nospeak,true,false,0,4398895106259038200.0,0,0.5,0.0,0.0,0.0,0.2,0.0,0.0,0.0,25,0.00843213567863132,0.04118353375521743,0.00003256512810818,0.00001317621795933,1,3,0.0,0.0
bipolarization,heterogeneous,21,M27,bipol_ndist_nospeak,false,false,0,7139002048363152400.0,0,0.05,0.1,0.8,0.1,0.05,0.1,0.1,0.05,40,0.01066925416285628,0.05560474263035683,0.00741361517921671,0.01068902949193824,2,4,0.7000000000000001,0.0
consensus,heterogeneous,1,M1,cons_ndist_speak,false,true,0,7128893484183252000.0,0,0.05,0.0,0.0,0.0,0.05,0.1,0.1,0.05,90,0.0306388856143309,0.15906959345093571,0.00030557162405648,0.00022812586470919,1,3,0.0,0.0
clustering,homogeneous,23,H11,clst_dist_speak,true,true,0,6905470370856337400.0,0,0.05,0.8,0.0,0.0,0.0,0.0,0.0,0.0,85,0.01309938700274348,0.0555618961359936,0.00021676976964924,0.00009770824380681,1,4,0.0,0.0
bipolarization,heterogeneous,9,M9,bipol_ndist_nospeak,false,false,0,4692690466958798800.0,0,0.05,0.1,0.5,0.1,0.05,0.1,0.1,0.05,15,0.01965549714934841,0.04327458787991732,0.01904759155090125,0.01545739867030638,2,3,0.4,0.0
consensus,homogeneous,23,H11,cons_ndist_nospeak,false,false,0,8636175130330607600.0,0,0.05,0.0,0.0,0.0,0.05,0.1,0.1,0.05,45,0.01309938700274348,0.06203182910559403,0.0002209575830719,0.00007705535379922,1,4,0.0,0.0
bipolarization,heterogeneous,9,M9,bipol_ndist_nospeak,false,false,0,7240713591891685400.0,0,0.05,0.1,0.5,0.1,0.05,0.1,0.1,0.05,15,0.01965549714934841,0.04327458787991732,0.01904759155090125,0.01545739867030638,2,3,0.4,0.0
consensus,homogeneous,24,H12,cons_dist_speak,true,true,0,4398895106259038200.0,0,0.05,0.0,0.0,0.0,0.2,0.0,0.0,0.0,40,0.00771504468878602,0.05392635345787662,0.00297579274950063,0.00215982455106923,2,3,0.0,0.0
bipolarization,heterogeneous,9,M9,bipol_ndist_nospeak,false,false,0,6905470370856337400.0,0,0.05,0.1,0.5,0.1,0.05,0.1,0.1,0.05,15,0.01965549714934841,0.04327458787991732,0.01904759155090125,0.01545739867030638,2,3,0.4,0.0
bipolarization,heterogeneous,9,M9,bipol_ndist_nospeak,false,false,0,8636175130330607600.0,0,0.05,0.1,0.5,0.1,0.05,0.1,0.1,0.05,15,0.01965549714934841,0.04327458787991732,0.01904759155090125,0.01545739867030638,2,3,0.4,0.0
consensus,heterogeneous,15,M20,cons_ndist_nospeak,false,false,0,4692690466958798800.0,0,0.05,0.0,0.0,0.0,0.05,0.1,0.1,0.05,45,0.01619926630551272,0.144983484078742,0.00027482241980618,0.00010990112316783,1,3,0.0,0.0
bipolarization,homogeneous,41,H20,bipol_ndist_nospeak,false,false,0,7139002048363152400.0,0,0.05,0.1,0.8,0.3,0.05,0.1,0.1,0.05,15,0.00048024369855967,0.0649971381037403,0.00012231451164793,0.00003968470266908,1,1,0.7000000000000001,0.0
consensus,homogeneous,23,H11,cons_ndist_nospeak,false,false,0,7139002048363152400.0,0,0.05,0.0,0.0,0.0,0.05,0.1,0.1,0.05,45,0.01309938700274348,0.06203182910559403,0.0002209575830719,0.00007705535379922,1,4,0.0,0.0
consensus,homogeneous,40,H18,cons_dist_nospeak,true,false,0,8636175130330607600.0,0,0.5,0.0,0.0,0.0,0.0,0.0,0.0,0.0,15,0.00975649903013544,0.13890529011786196,0.00000004518922832,0.00000000005850907,1,2,0.0,0.0
clustering,homogeneous,23,H11,clst_dist_speak,true,true,0,7240713591891685400.0,0,0.05,0.8,0.0,0.0,0.0,0.0,0.0,0.0,75,0.01309938700274348,0.06410755954241487,0.00035967181139398,0.00016212085797289,2,4,0.0,0.0
consensus,heterogeneous,15,M20,cons_ndist_nospeak,false,false,0,7240713591891685400.0,0,0.05,0.0,0.0,0.0,0.05,0.1,0.1,0.05,45,0.01619926630551272,0.144983484078742,0.00027482241980618,0.00010990112316783,1,3,0.0,0.0
consensus,homogeneous,24,H12,cons_dist_speak,true,true,0,7139002048363152400.0,0,0.05,0.0,0.0,0.0,0.2,0.0,0.0,0.0,40,0.00771504468878602,0.04679729057861218,0.00315926615728397,0.00278760183634085,2,3,0.0,0.0
clustering,heterogeneous,32,M29,clst_ndist_speak,false,true,0,6905470370856337400.0,0,0.5,0.2,0.0,0.0,0.05,0.1,0.1,0.05,15,0.03735544128836595,0.05537335836776996,0.03492329150124278,0.02818003742702331,3,4,0.0,0.0
consensus,heterogeneous,9,M9,cons_ndist_speak,false,true,0,4398895106259038200.0,0,0.05,0.0,0.0,0.0,0.05,0.1,0.1,0.05,85,0.01965549714934841,0.09569122740251582,0.00032526083766463,0.00015032817081082,1,3,0.0,0.0
bipolarization,heterogeneous,9,M9,bipol_ndist_nospeak,false,false,0,7139002048363152400.0,0,0.05,0.1,0.5,0.1,0.05,0.1,0.1,0.05,15,0.01965549714934841,0.04327458787991732,0.01904759155090125,0.01545739867030638,2,3,0.4,0.0
clustering,heterogeneous,43,M36,clst_ndist_nospeak,false,false,0,4692690466958798800.0,0,0.05,0.2,0.0,0.0,0.05,0.1,0.1,0.05,55,0.02855030368548523,0.17309863044818155,0.000141251508297,0.00003423478265594,1,4,0.0,0.0
bipolarization,homogeneous,42,H21,bipol_ndist_nospeak,false,false,0,7240713591891685400.0,0,0.05,0.1,0.5,0.1,0.05,0.1,0.1,0.05,25,0.00128224062821502,0.03727851209145548,0.00008316132050701,0.00002412907554219,1,1,0.4,0.0
bipolarization,heterogeneous,39,M35,bipol_ndist_nospeak,false,false,0,6905470370856337400.0,0,0.05,0.1,0.5,0.1,0.05,0.1,0.1,0.05,25,0.01380628072130774,0.04748371119641748,0.0127748737634233,0.01151774914233352,2,4,0.4,0.0
consensus,homogeneous,36,H17,cons_dist_nospeak,true,false,0,7240713591891685400.0,0,0.5,0.0,0.0,0.0,0.2,0.0,0.0,0.0,25,0.00843213567863132,0.04118353375521743,0.00003256512810818,0.00001317621795933,1,3,0.0,0.0
clustering,heterogeneous,21,M27,clst_dist_speak,true,true,0,7240713591891685400.0,0,0.05,0.2,0.0,0.0,0.0,0.3,0.0,0.0,100,0.01066925416285628,0.07256409362768033,0.00014802873836752,0.00008749792906679,1,4,0.0,0.0
clustering,heterogeneous,43,M36,clst_ndist_nospeak,false,false,0,6905470370856337400.0,0,0.05,0.2,0.0,0.0,0.05,0.1,0.1,0.05,55,0.02855030368548523,0.17309863044818155,0.000141251508297,0.00003423478265594,1,4,0.0,0.0
bipolarization,homogeneous,42,H21,bipol_ndist_nospeak,false,false,0,6905470370856337400.0,0,0.05,0.1,0.5,0.1,0.05,0.1,0.1,0.05,25,0.00128224062821502,0.03727851209145548,0.00008316132050701,0.00002412907554219,1,1,0.4,0.0
consensus,homogeneous,24,H12,cons_dist_speak,true,true,0,7128893484183252000.0,0,0.05,0.0,0.0,0.0,0.2,0.0,0.0,0.0,45,0.00771504468878602,0.04691073540163038,0.00319020408999276,0.00243483340319267,2,3,0.0,0.0
consensus,homogeneous,24,H12,cons_dist_speak,true,true,0,4477927936947039200.0,0,0.05,0.0,0.0,0.0,0.2,0.0,0.0,0.0,35,0.00771504468878602,0.04329296409871475,0.00367675668500618,0.00346237125551181,2,3,0.0,0.0
consensus,heterogeneous,4,M5,cons_ndist_nospeak,false,false,0,7139002048363152400.0,0,0.05,0.0,0.0,0.0,0.05,0.1,0.1,0.05,55,0.03097746746875476,0.1635079752687392,0.00018763806469824,0.00008805008574567,1,4,0.0,0.0
consensus,heterogeneous,1,M1,cons_ndist_speak,false,true,0,4286360386944651300.0,0,0.05,0.0,0.0,0.0,0.05,0.1,0.1,0.05,85,0.0306388856143309,0.1567948229117668,0.00050701488363821,0.00029385181059756,1,3,0.0,0.0
consensus,homogeneous,40,H18,cons_dist_nospeak,true,false,0,7139002048363152400.0,0,0.5,0.0,0.0,0.0,0.0,0.0,0.0,0.0,15,0.00975649903013544,0.13890529011786196,0.00000004518922832,0.00000000005850907,1,2,0.0,0.0
bipolarization,homogeneous,41,H20,bipol_ndist_nospeak,false,false,0,7240713591891685400.0,0,0.05,0.1,0.8,0.3,0.05,0.1,0.1,0.05,15,0.00048024369855967,0.0649971381037403,0.00012231451164793,0.00003968470266908,1,1,0.7000000000000001,0.0
consensus,heterogeneous,4,M5,cons_ndist_nospeak,false,false,0,7240713591891685400.0,0,0.05,0.0,0.0,0.0,0.05,0.1,0.1,0.05,55,0.03097746746875476,0.1635079752687392,0.00018763806469824,0.00008805008574567,1,4,0.0,0.0
bipolarization,homogeneous,41,H20,bipol_ndist_nospeak,false,false,0,6905470370856337400.0,0,0.05,0.1,0.8,0.3,0.05,0.1,0.1,0.05,15,0.00048024369855967,0.0649971381037403,0.00012231451164793,0.00003968470266908,1,1,0.7000000000000001,0.0
bipolarization,heterogeneous,39,M35,bipol_ndist_nospeak,false,false,0,7139002048363152400.0,0,0.05,0.1,0.5,0.1,0.05,0.1,0.1,0.05,25,0.01380628072130774,0.04748371119641748,0.0127748737634233,0.01151774914233352,2,4,0.4,0.0
consensus,heterogeneous,1,M1,cons_ndist_speak,false,true,0,109591146466576384.0,0,0.05,0.0,0.0,0.0,0.05,0.1,0.1,0.05,90,0.0306388856143309,0.15906959345093583,0.00030557162405647,0.00022812586470918,2,3,0.0,0.0
bipolarization,homogeneous,42,H21,bipol_ndist_nospeak,false,false,0,7139002048363152400.0,0,0.05,0.1,0.5,0.1,0.05,0.1,0.1,0.05,25,0.00128224062821502,0.03727851209145548,0.00008316132050701,0.00002412907554219,1,1,0.4,0.0
consensus,homogeneous,36,H17,cons_dist_nospeak,true,false,0,4286360386944651300.0,0,0.5,0.0,0.0,0.0,0.2,0.0,0.0,0.0,25,0.00843213567863132,0.04118353375521743,0.00003256512810818,0.00001317621795933,1,3,0.0,0.0
bipolarization,homogeneous,41,H20,bipol_ndist_nospeak,false,false,0,4692690466958798800.0,0,0.05,0.1,0.8,0.3,0.05,0.1,0.1,0.05,15,0.00048024369855967,0.0649971381037403,0.00012231451164793,0.00003968470266908,1,1,0.7000000000000001,0.0
consensus,homogeneous,36,H17,cons_dist_speak,true,true,0,7240713591891685400.0,0,0.5,0.0,0.0,0.0,0.2,0.0,0.0,0.0,30,0.00843213567863132,0.04607744881029308,0.00012541911330317,0.0001669401447332,1,3,0.0,0.0
bipolarization,homogeneous,23,H11,bipol_ndist_nospeak,false,false,0,8636175130330607600.0,0,0.05,0.4,0.5,0.1,0.05,0.1,0.1,0.05,40,0.01309938700274348,0.0634053477639962,0.00007753228842362,0.00004506383680531,1,4,0.09999999999999998,0.0
clustering,heterogeneous,1,M1,clst_ndist_speak,false,true,0,8636175130330607600.0,0,0.05,0.2,0.0,0.0,0.05,0.1,0.1,0.05,15,0.0306388856143309,0.0220529663209819,0.02996724510884656,0.02269226570071107,3,3,0.0,0.0
consensus,heterogeneous,4,M5,cons_ndist_nospeak,false,false,0,4692690466958798800.0,0,0.05,0.0,0.0,0.0,0.05,0.1,0.1,0.05,55,0.03097746746875476,0.1635079752687392,0.00018763806469824,0.00008805008574567,1,4,0.0,0.0
consensus,heterogeneous,9,M9,cons_ndist_speak,false,true,0,4342572612484808700.0,0,0.05,0.0,0.0,0.0,0.05,0.1,0.1,0.05,85,0.01965549714934841,0.0932509085899337,0.00032526083766464,0.00015032817081083,2,3,0.0,0.0
consensus,heterogeneous,4,M5,cons_ndist_nospeak,false,false,0,8636175130330607600.0,0,0.05,0.0,0.0,0.0,0.05,0.1,0.1,0.05,55,0.03097746746875476,0.1635079752687392,0.00018763806469824,0.00008805008574567,1,4,0.0,0.0
clustering,heterogeneous,1,M1,clst_ndist_speak,false,true,0,7240713591891685400.0,0,0.05,0.2,0.0,0.0,0.05,0.1,0.1,0.05,15,0.0306388856143309,0.02192358437929264,0.03062490945204117,0.02321377933660278,3,3,0.0,0.0
consensus,homogeneous,24,H12,cons_dist_speak,true,true,0,8636175130330607600.0,0,0.05,0.0,0.0,0.0,0.2,0.0,0.0,0.0,40,0.00771504468878602,0.04346678577931609,0.0032722802153976,0.0032311603836515,2,3,0.0,0.0
consensus,heterogeneous,15,M20,cons_ndist_nospeak,false,false,0,7139002048363152400.0,0,0.05,0.0,0.0,0.0,0.05,0.1,0.1,0.05,45,0.01619926630551272,0.144983484078742,0.00027482241980618,0.00010990112316783,1,3,0.0,0.0
consensus,homogeneous,40,H18,cons_dist_nospeak,true,false,0,5702577027890589700.0,0,0.5,0.0,0.0,0.0,0.0,0.0,0.0,0.0,15,0.00975649903013544,0.13890529011786196,0.00000004518922832,0.00000000005850907,1,2,0.0,0.0
clustering,homogeneous,42,H21,clst_dist_speak,true,true,0,8636175130330607600.0,0,0.05,0.2,0.0,0.0,0.0,0.0,0.0,0.0,25,0.00128224062821502,0.03547152926151563,0.00044275491693436,0.00019480048598596,1,1,0.0,0.0
consensus,homogeneous,24,H12,cons_dist_nospeak,true,false,0,109591146466576384.0,0,0.05,0.0,0.0,0.0,0.2,0.0,0.0,0.0,45,0.00771504468878602,0.05502783714079203,0.00183538347585932,0.00098931763918902,2,3,0.0,0.0
bipolarization,homogeneous,42,H21,bipol_ndist_nospeak,false,false,0,8636175130330607600.0,0,0.05,0.1,0.5,0.1,0.05,0.1,0.1,0.05,25,0.00128224062821502,0.03727851209145548,0.00008316132050701,0.00002412907554219,1,1,0.4,0.0
clustering,heterogeneous,43,M36,clst_ndist_nospeak,false,false,0,8636175130330607600.0,0,0.05,0.2,0.0,0.0,0.05,0.1,0.1,0.05,55,0.02855030368548523,0.17309863044818155,0.000141251508297,0.00003423478265594,1,4,0.0,0.0
consensus,heterogeneous,4,M5,cons_ndist_nospeak,false,false,0,6905470370856337400.0,0,0.05,0.0,0.0,0.0,0.05,0.1,0.1,0.05,55,0.03097746746875476,0.1635079752687392,0.00018763806469824,0.00008805008574567,1,4,0.0,0.0
bipolarization,heterogeneous,25,M6,bipol_ndist_nospeak,false,false,0,6905470370856337400.0,0,0.5,0.1,0.8,0.1,0.05,0.1,0.1,0.05,15,0.02801205751790883,0.02276234567901236,0.02801205751790883,0.01317176068815727,3,3,0.7000000000000001,0.0
clustering,heterogeneous,1,M1,clst_ndist_speak,false,true,0,6905470370856337400.0,0,0.05,0.2,0.0,0.0,0.05,0.1,0.1,0.05,20,0.0306388856143309,0.0257968839157116,0.02893835757118763,0.02249046251515461,3,3,0.0,0.0
consensus,heterogeneous,2,M2,cons_dist_speak,true,true,0,7139002048363152400.0,0,0.05,0.0,0.0,0.0,0.0,0.0,0.0,0.0,100,0.03720528978052128,0.15442770632443678,0.00022363360389088,0.00014563239042674,1,4,0.0,0.0
clustering,homogeneous,42,H21,clst_dist_speak,true,true,0,7139002048363152400.0,0,0.05,0.2,0.0,0.0,0.0,0.0,0.0,0.0,20,0.00128224062821502,0.03633465706973608,0.00044275491693436,0.00025092496892113,1,1,0.0,0.0
consensus,heterogeneous,9,M9,cons_ndist_speak,false,true,0,8803618445054126100.0,0,0.05,0.0,0.0,0.0,0.05,0.1,0.1,0.05,80,0.01965549714934841,0.09115305070614682,0.00032526083766463,0.00019363961746685,1,3,0.0,0.0
bipolarization,homogeneous,41,H20,bipol_ndist_nospeak,false,false,0,8636175130330607600.0,0,0.05,0.1,0.8,0.3,0.05,0.1,0.1,0.05,15,0.00048024369855967,0.0649971381037403,0.00012231451164793,0.00003968470266908,1,1,0.7000000000000001,0.0
consensus,homogeneous,23,H11,cons_ndist_nospeak,false,false,0,7240713591891685400.0,0,0.05,0.0,0.0,0.0,0.05,0.1,0.1,0.05,45,0.01309938700274348,0.06203182910559403,0.0002209575830719,0.00007705535379922,1,4,0.0,0.0
bipolarization,heterogeneous,25,M6,bipol_ndist_nospeak,false,false,0,7240713591891685400.0,0,0.5,0.1,0.8,0.1,0.05,0.1,0.1,0.05,15,0.02801205751790883,0.02276234567901236,0.02801205751790883,0.01317176068815727,3,3,0.7000000000000001,0.0
consensus,heterogeneous,15,M20,cons_ndist_nospeak,false,false,0,6905470370856337400.0,0,0.05,0.0,0.0,0.0,0.05,0.1,0.1,0.05,45,0.01619926630551272,0.144983484078742,0.00027482241980618,0.00010990112316783,1,3,0.0,0.0
consensus,heterogeneous,9,M9,cons_ndist_speak,false,true,0,5702577027890589700.0,0,0.05,0.0,0.0,0.0,0.05,0.1,0.1,0.05,80,0.01965549714934841,0.09115305070614699,0.00032526083766463,0.00019363961746685,2,3,0.0,0.0
clustering,heterogeneous,9,M9,clst_dist_speak,true,true,0,6905470370856337400.0,0,0.05,0.2,0.0,0.0,0.0,0.0,0.0,0.0,20,0.01965549714934841,0.04372906122753542,0.01939196972302274,0.01262363149169088,2,3,0.0,0.0
consensus,homogeneous,24,H12,cons_dist_speak,true,true,0,7240713591891685400.0,0,0.05,0.0,0.0,0.0,0.2,0.0,0.0,0.0,55,0.00771504468878602,0.04748287064180833,0.00272891011719127,0.00206937817168815,2,3,0.0,0.0
clustering,heterogeneous,9,M9,clst_dist_speak,true,true,0,8636175130330607600.0,0,0.05,0.2,0.0,0.0,0.0,0.0,0.0,0.0,15,0.01965549714934841,0.04551789523931685,0.01914900706785665,0.01204172283505524,3,3,0.0,0.0
clustering,heterogeneous,1,M1,clst_ndist_speak,false,true,0,4692690466958798800.0,0,0.05,0.2,0.0,0.0,0.05,0.1,0.1,0.05,20,0.0306388856143309,0.02476405623937776,0.02998148069745529,0.0233686276811932,3,3,0.0,0.0
bipolarization,homogeneous,42,H21,bipol_ndist_nospeak,false,false,0,6905470370856337400.0,0,0.05,0.4,0.5,0.3,0.05,0.1,0.1,0.05,25,0.00128224062821502,0.03727851209145548,0.00008316132050701,0.00002412907554219,1,1,0.09999999999999998,0.0
consensus,heterogeneous,15,M20,cons_ndist_nospeak,false,false,0,8636175130330607600.0,0,0.05,0.0,0.0,0.0,0.05,0.1,0.1,0.05,45,0.01619926630551272,0.144983484078742,0.00027482241980618,0.00010990112316783,1,3,0.0,0.0
bipolarization,heterogeneous,25,M6,bipol_ndist_nospeak,false,false,0,4692690466958798800.0,0,0.5,0.1,0.8,0.1,0.05,0.1,0.1,0.05,15,0.02801205751790883,0.02276234567901236,0.02801205751790883,0.01317176068815727,3,3,0.7000000000000001,0.0
consensus,homogeneous,40,H18,cons_dist_nospeak,true,false,0,4342572612484808700.0,0,0.5,0.0,0.0,0.0,0.0,0.0,0.0,0.0,15,0.00975649903013544,0.13890529011786196,0.00000004518922832,0.00000000005850907,1,2,0.0,0.0
clustering,heterogeneous,32,M29,clst_ndist_speak,false,true,0,8636175130330607600.0,0,0.5,0.2,0.0,0.0,0.05,0.1,0.1,0.05,25,0.03735544128836595,0.06200941108761121,0.0364321457629182,0.03216527834406192,2,4,0.0,0.0
bipolarization,heterogeneous,25,M6,bipol_ndist_nospeak,false,false,0,7139002048363152400.0,0,0.5,0.1,0.8,0.1,0.05,0.1,0.1,0.05,15,0.02801205751790883,0.02276234567901236,0.02801205751790883,0.01317176068815727,3,3,0.7000000000000001,0.0
bipolarization,heterogeneous,25,M6,bipol_ndist_nospeak,false,false,0,8636175130330607600.0,0,0.5,0.1,0.8,0.1,0.05,0.1,0.1,0.05,15,0.02801205751790883,0.02276234567901236,0.02801205751790883,0.01317176068815727,3,3,0.7000000000000001,0.0
consensus,homogeneous,24,H12,cons_dist_speak,true,true,0,8803618445054126100.0,0,0.05,0.0,0.0,0.0,0.2,0.0,0.0,0.0,50,0.00771504468878602,0.04530371917216626,0.00281017484665921,0.00266485688156979,2,3,0.0,0.0
clustering,heterogeneous,4,M5,clst_ndist_speak,false,true,0,4692690466958798800.0,0,0.05,0.8,0.0,0.0,0.05,0.1,0.1,0.05,90,0.03097746746875476,0.15769718864559798,0.00030894841159485,0.00024554006826617,1,4,0.0,0.0
clustering,heterogeneous,39,M35,clst_dist_speak,true,true,0,8636175130330607600.0,0,0.05,0.2,0.0,0.0,0.2,0.0,0.0,0.0,85,0.01380628072130774,0.09338146255878825,0.00287763856813617,0.00218094970291807,3,4,0.0,0.0
clustering,heterogeneous,4,M5,clst_ndist_speak,false,true,0,8636175130330607600.0,0,0.05,0.8,0.0,0.0,0.05,0.1,0.1,0.05,90,0.03097746746875476,0.15769718864559787,0.00030894841159486,0.00024554006826617,2,4,0.0,0.0
consensus,homogeneous,40,H18,cons_dist_nospeak,true,false,0,7240713591891685400.0,0,0.5,0.0,0.0,0.0,0.0,0.0,0.0,0.0,15,0.00975649903013544,0.13890529011786196,0.00000004518922832,0.00000000005850907,1,2,0.0,0.0
consensus,heterogeneous,2,M2,cons_dist_speak,true,true,0,7240713591891685400.0,0,0.05,0.0,0.0,0.0,0.0,0.0,0.0,0.0,100,0.03720528978052128,0.15518905403853817,0.00022363360389088,0.00014563239042674,1,4,0.0,0.0
consensus,heterogeneous,9,M9,cons_ndist_speak,false,true,0,7043372089166577700.0,0,0.05,0.0,0.0,0.0,0.05,0.1,0.1,0.05,85,0.01965549714934841,0.09325090858993379,0.00032526083766463,0.00015032817081083,2,3,0.0,0.0
bipolarization,homogeneous,42,H21,bipol_ndist_nospeak,false,false,0,4692690466958798800.0,0,0.05,0.4,0.5,0.3,0.05,0.1,0.1,0.05,25,0.00128224062821502,0.03727851209145548,0.00008316132050701,0.00002412907554219,1,1,0.09999999999999998,0.0
clustering,heterogeneous,9,M9,clst_dist_speak,true,true,0,7139002048363152400.0,0,0.05,0.2,0.0,0.0,0.0,0.0,0.0,0.0,25,0.01965549714934841,0.04421527171363783,0.01919509408689795,0.01259524702469373,2,3,0.0,0.0
clustering,heterogeneous,9,M9,clst_dist_speak,true,true,0,7240713591891685400.0,0,0.05,0.2,0.0,0.0,0.0,0.0,0.0,0.0,15,0.01965549714934841,0.04542669164801441,0.01935369966315253,0.01233830661007616,3,3,0.0,0.0
consensus,heterogeneous,1,M1,cons_ndist_speak,false,true,0,7043372089166577700.0,0,0.05,0.0,0.0,0.0,0.05,0.1,0.1,0.05,90,0.0306388856143309,0.15906959345093566,0.00030557162405648,0.00022812586470919,1,3,0.0,0.0
consensus,heterogeneous,2,M2,cons_dist_speak,true,true,0,7128893484183252000.0,0,0.05,0.0,0.0,0.0,0.0,0.0,0.0,0.0,85,0.03720528978052128,0.15010139150881371,0.00061567629796476,0.00031125727228357,1,4,0.0,0.0
consensus,homogeneous,36,H17,cons_dist_nospeak,true,false,0,7128893484183252000.0,0,0.5,0.0,0.0,0.0,0.2,0.0,0.0,0.0,25,0.00843213567863132,0.04118353375521743,0.00003256512810818,0.00001317621795933,1,3,0.0,0.0
bipolarization,homogeneous,42,H21,bipol_ndist_nospeak,false,false,0,7240713591891685400.0,0,0.05,0.4,0.5,0.3,0.05,0.1,0.1,0.05,25,0.00128224062821502,0.03727851209145548,0.00008316132050701,0.00002412907554219,1,1,0.09999999999999998,0.0
consensus,homogeneous,24,H12,cons_dist_speak,true,true,0,4692690466958798800.0,0,0.05,0.0,0.0,0.0,0.2,0.0,0.0,0.0,50,0.00771504468878602,0.04848489542419662,0.00273532517114325,0.00213589581651417,2,3,0.0,0.0
clustering,heterogeneous,15,M20,clst_ndist_speak,false,true,0,4692690466958798800.0,0,0.05,0.8,0.0,0.0,0.05,0.1,0.1,0.05,75,0.01619926630551272,0.13932011042884113,0.00044478565707976,0.00023034652867334,1,3,0.0,0.0
consensus,heterogeneous,2,M2,cons_ndist_speak,false,true,0,7139002048363152400.0,0,0.5,0.0,0.0,0.0,0.05,0.1,0.1,0.05,20,0.03720528978052128,0.1649437678862376,0.00000021046396789,0.00000013705619464,1,4,0.0,0.0
clustering,heterogeneous,39,M35,clst_dist_speak,true,true,0,6905470370856337400.0,0,0.05,0.2,0.0,0.0,0.2,0.0,0.0,0.0,85,0.01380628072130774,0.09174564739634379,0.00292756376763103,0.00208157796765192,3,4,0.0,0.0
clustering,heterogeneous,12,M13,clst_dist_speak,true,true,0,7240713591891685400.0,0,0.05,0.2,0.0,0.0,0.2,0.3,0.0,0.0,85,0.03278937715525453,0.1449025675336345,0.00205214985916193,0.00119266878933987,2,5,0.0,0.0
clustering,heterogeneous,15,M20,clst_ndist_speak,false,true,0,7240713591891685400.0,0,0.05,0.8,0.0,0.0,0.05,0.1,0.1,0.05,75,0.01619926630551272,0.13932011042884118,0.00044478565707976,0.00023034652867334,1,3,0.0,0.0
consensus,heterogeneous,2,M2,cons_dist_speak,true,true,0,4286360386944651300.0,0,0.05,0.0,0.0,0.0,0.0,0.0,0.0,0.0,90,0.03720528978052128,0.15398574037613327,0.00037106051978627,0.00024163824018071,1,4,0.0,0.0
bipolarization,homogeneous,42,H21,bipol_ndist_nospeak,false,false,0,7139002048363152400.0,0,0.05,0.4,0.5,0.3,0.05,0.1,0.1,0.05,25,0.00128224062821502,0.03727851209145548,0.00008316132050701,0.00002412907554219,1,1,0.09999999999999998,0.0
consensus,homogeneous,40,H18,cons_dist_nospeak,true,false,0,7043372089166577700.0,0,0.5,0.0,0.0,0.0,0.0,0.0,0.0,0.0,15,0.00975649903013544,0.13890529011786196,0.00000004518922832,0.00000000005850907,1,2,0.0,0.0
clustering,heterogeneous,1,M1,clst_ndist_speak,false,true,0,7139002048363152400.0,0,0.05,0.2,0.0,0.0,0.05,0.1,0.1,0.05,25,0.0306388856143309,0.02436693912864715,0.03004437293896256,0.02349926959508702,3,3,0.0,0.0
consensus,heterogeneous,9,M9,cons_ndist_speak,false,true,0,109591146466576384.0,0,0.05,0.0,0.0,0.0,0.05,0.1,0.1,0.05,80,0.01965549714934841,0.09115305070614685,0.00032526083766463,0.00019363961746685,1,3,0.0,0.0
clustering,homogeneous,41,H20,clst_dist_speak,true,true,0,6905470370856337400.0,0,0.05,0.2,0.0,0.0,0.2,0.3,0.0,0.0,15,0.00048024369855967,0.0637003878730672,0.0003306920618997,0.00015023619457761,1,1,0.0,0.0
consensus,heterogeneous,2,M2,cons_dist_speak,true,true,0,1841142524168585220.0,0,0.05,0.0,0.0,0.0,0.0,0.0,0.0,0.0,85,0.03720528978052128,0.14986143170672572,0.00061567629796476,0.00031125727228357,1,4,0.0,0.0
clustering,homogeneous,41,H20,clst_dist_speak,true,true,0,8636175130330607600.0,0,0.05,0.2,0.0,0.0,0.2,0.3,0.0,0.0,15,0.00048024369855967,0.0662280460386647,0.00034742449407544,0.00017055849477613,1,1,0.0,0.0
clustering,heterogeneous,9,M9,clst_dist_speak,true,true,0,4692690466958798800.0,0,0.05,0.2,0.0,0.0,0.0,0.0,0.0,0.0,20,0.01965549714934841,0.04531402860620826,0.01941642291185124,0.01263250863904022,2,3,0.0,0.0
clustering,homogeneous,42,H21,clst_dist_speak,true,true,0,7139002048363152400.0,0,0.05,0.8,0.0,0.0,0.2,0.0,0.0,0.0,15,0.00128224062821502,0.02447384289994865,0.00064154042390215,0.0004768104333133,1,1,0.0,0.0
consensus,heterogeneous,2,M2,cons_dist_nospeak,true,false,0,4477927936947039200.0,0,0.05,0.0,0.0,0.0,0.0,0.0,0.0,0.0,55,0.03720528978052128,0.15735089308956668,0.00022628229325046,0.00008732415873293,1,4,0.0,0.0
consensus,heterogeneous,2,M2,cons_dist_speak,true,true,0,4692690466958798800.0,0,0.05,0.0,0.0,0.0,0.0,0.0,0.0,0.0,85,0.03720528978052128,0.14863709323246627,0.00061567629796476,0.00031125727228357,1,4,0.0,0.0
bipolarization,homogeneous,42,H21,bipol_ndist_nospeak,false,false,0,8636175130330607600.0,0,0.05,0.4,0.5,0.3,0.05,0.1,0.1,0.05,25,0.00128224062821502,0.03727851209145548,0.00008316132050701,0.00002412907554219,1,1,0.09999999999999998,0.0
consensus,heterogeneous,9,M9,cons_ndist_speak,false,true,0,4477927936947039200.0,0,0.05,0.0,0.0,0.0,0.05,0.1,0.1,0.05,75,0.01965549714934841,0.08877208584659968,0.00053968389987064,0.00024942963950445,2,3,0.0,0.0
clustering,heterogeneous,21,M27,clst_dist_speak,true,true,0,6905470370856337400.0,0,0.05,0.2,0.0,0.0,0.0,0.3,0.0,0.0,105,0.01066925416285628,0.07393744236895879,0.00015539232484823,0.00008139707828216,2,4,0.0,0.0
consensus,heterogeneous,2,M2,cons_dist_speak,true,true,0,8636175130330607600.0,0,0.05,0.0,0.0,0.0,0.0,0.0,0.0,0.0,95,0.03720528978052128,0.1514294420112539,0.00037106051978627,0.00018759092338391,1,4,0.0,0.0
clustering,homogeneous,42,H21,clst_dist_speak,true,true,0,7240713591891685400.0,0,0.05,0.2,0.0,0.0,0.0,0.0,0.0,0.0,30,0.00128224062821502,0.03552305553958761,0.00026684293379277,0.00015122938742813,1,1,0.0,0.0
consensus,homogeneous,40,H18,cons_dist_nospeak,true,false,0,4398895106259038200.0,0,0.5,0.0,0.0,0.0,0.0,0.0,0.0,0.0,15,0.00975649903013544,0.13890529011786196,0.00000004518922832,0.00000000005850907,1,2,0.0,0.0
consensus,heterogeneous,9,M9,cons_ndist_speak,false,true,0,7128893484183252000.0,0,0.05,0.0,0.0,0.0,0.05,0.1,0.1,0.05,85,0.01965549714934841,0.09325090858993382,0.00032526083766463,0.00015032817081083,2,3,0.0,0.0
clustering,homogeneous,41,H20,clst_dist_speak,true,true,0,7240713591891685400.0,0,0.05,0.2,0.0,0.0,0.2,0.3,0.0,0.0,20,0.00048024369855967,0.06701261649175143,0.0002361686144953,0.0001459712448939,1,1,0.0,0.0
consensus,heterogeneous,2,M2,cons_dist_speak,true,true,0,4477927936947039200.0,0,0.05,0.0,0.0,0.0,0.0,0.0,0.0,0.0,95,0.03720528978052128,0.14946688492956195,0.00037106051978627,0.00018759092338391,1,4,0.0,0.0
clustering,heterogeneous,15,M20,clst_ndist_speak,false,true,0,6905470370856337400.0,0,0.05,0.8,0.0,0.0,0.05,0.1,0.1,0.05,75,0.01619926630551272,0.13932011042884118,0.00044478565707976,0.00023034652867334,1,3,0.0,0.0
clustering,homogeneous,42,H21,clst_dist_speak,true,true,0,6905470370856337400.0,0,0.05,0.8,0.0,0.0,0.2,0.0,0.0,0.0,15,0.00128224062821502,0.02458772107490727,0.00063513359955221,0.00044617294540092,1,1,0.0,0.0
consensus,heterogeneous,2,M2,cons_ndist_speak,false,true,0,1841142524168585220.0,0,0.5,0.0,0.0,0.0,0.05,0.1,0.1,0.05,20,0.03720528978052128,0.17790376733809157,0.00000021046396789,0.00000013705619464,1,4,0.0,0.0
consensus,homogeneous,40,H18,cons_dist_nospeak,true,false,0,109591146466576384.0,0,0.5,0.0,0.0,0.0,0.0,0.0,0.0,0.0,15,0.00975649903013544,0.13890529011786196,0.00000004518922832,0.00000000005850907,1,2,0.0,0.0
clustering,heterogeneous,18,M24,clst_dist_speak,true,true,0,7240713591891685400.0,0,0.05,0.2,0.0,0.0,0.2,0.0,0.0,0.0,60,0.00943876457475996,0.10439561614561027,0.00171929753434856,0.00129070854131474,2,3,0.0,0.0
consensus,homogeneous,24,H12,cons_dist_speak,true,true,0,7043372089166577700.0,0,0.05,0.0,0.0,0.0,0.2,0.0,0.0,0.0,50,0.00771504468878602,0.04244093659988223,0.00290311843019104,0.00261773583083336,2,3,0.0,0.0
clustering,heterogeneous,15,M20,clst_ndist_speak,false,true,0,8636175130330607600.0,0,0.05,0.8,0.0,0.0,0.05,0.1,0.1,0.05,80,0.01619926630551272,0.14150517311640037,0.00026806683586012,0.00017882483327057,2,3,0.0,0.0
consensus,homogeneous,40,H18,cons_dist_nospeak,true,false,0,4477927936947039200.0,0,0.5,0.0,0.0,0.0,0.0,0.0,0.0,0.0,15,0.00975649903013544,0.13890529011786196,0.00000004518922832,0.00000000005850907,1,2,0.0,0.0
consensus,heterogeneous,2,M2,cons_ndist_speak,false,true,0,8636175130330607600.0,0,0.5,0.0,0.0,0.0,0.05,0.1,0.1,0.05,20,0.03720528978052128,0.1603791753521405,0.00000021046396789,0.00000013705619464,1,4,0.0,0.0
clustering,heterogeneous,25,M6,clst_dist_speak,true,true,0,7240713591891685400.0,0,0.5,0.2,0.0,0.0,0.0,0.3,0.0,0.0,20,0.02801205751790883,0.1483009880901533,0.00000032328244706,0.00000010829325355,1,3,0.0,0.0
clustering,heterogeneous,6,M7,clst_ndist_speak,false,true,0,6905470370856337400.0,0,0.5,0.8,0.0,0.0,0.05,0.1,0.1,0.05,20,0.03543339668114619,0.12419107079224999,0.00000020044067135,0.00000015320983109,1,4,0.0,0.0
clustering,heterogeneous,25,M6,clst_dist_speak,true,true,0,8636175130330607600.0,0,0.5,0.2,0.0,0.0,0.0,0.3,0.0,0.0,20,0.02801205751790883,0.15029245006085026,0.00000104822486107,0.00000042173820749,1,3,0.0,0.0
clustering,heterogeneous,15,M20,clst_ndist_speak,false,true,0,7139002048363152400.0,0,0.05,0.8,0.0,0.0,0.05,0.1,0.1,0.05,80,0.01619926630551272,0.14150517311640026,0.00026806683586013,0.00017882483327057,1,3,0.0,0.0
clustering,heterogeneous,12,M13,clst_ndist_nospeak,false,false,0,7240713591891685400.0,0,0.05,0.2,0.0,0.0,0.05,0.1,0.1,0.05,80,0.03278937715525453,0.16150860621754792,0.00004824830816846,0.00003890509286044,1,5,0.0,0.0
consensus,heterogeneous,2,M2,cons_ndist_speak,false,true,0,6905470370856337400.0,0,0.5,0.0,0.0,0.0,0.05,0.1,0.1,0.05,20,0.03720528978052128,0.177975409901676,0.00000021046396789,0.00000013705619464,1,4,0.0,0.0
consensus,heterogeneous,2,M2,cons_dist_speak,true,true,0,4342572612484808700.0,0,0.05,0.0,0.0,0.0,0.0,0.0,0.0,0.0,95,0.03720528978052128,0.15898412843174797,0.00037106051978627,0.00018759092338391,2,4,0.0,0.0
clustering,homogeneous,42,H21,clst_dist_speak,true,true,0,8636175130330607600.0,0,0.05,0.8,0.0,0.0,0.2,0.0,0.0,0.0,30,0.00128224062821502,0.02132392519330939,0.00050685900502087,0.00024783266287281,1,1,0.0,0.0
clustering,heterogeneous,6,M7,clst_ndist_speak,false,true,0,7240713591891685400.0,0,0.5,0.8,0.0,0.0,0.05,0.1,0.1,0.05,20,0.03543339668114619,0.13287385158247292,0.00000020044067135,0.00000015320983109,1,4,0.0,0.0
clustering,heterogeneous,12,M13,clst_ndist_nospeak,false,false,0,4692690466958798800.0,0,0.05,0.2,0.0,0.0,0.05,0.1,0.1,0.05,80,0.03278937715525453,0.16150860621754792,0.00004824830816846,0.00003890509286044,1,5,0.0,0.0
clustering,heterogeneous,6,M7,clst_ndist_speak,false,true,0,4692690466958798800.0,0,0.5,0.8,0.0,0.0,0.05,0.1,0.1,0.05,20,0.03543339668114619,0.16154274119918346,0.00000020044067135,0.00000015320983109,1,4,0.0,0.0
clustering,heterogeneous,4,M5,clst_ndist_speak,false,true,0,6905470370856337400.0,0,0.05,0.8,0.0,0.0,0.05,0.1,0.1,0.05,95,0.03097746746875476,0.1594518018370139,0.00030894841159486,0.00019062002810214,1,4,0.0,0.0
consensus,heterogeneous,2,M2,cons_ndist_speak,false,true,0,7240713591891685400.0,0,0.5,0.0,0.0,0.0,0.05,0.1,0.1,0.05,20,0.03720528978052128,0.15346446608407766,0.00000021046396789,0.00000013705619464,1,4,0.0,0.0
clustering,homogeneous,42,H21,clst_dist_speak,true,true,0,7240713591891685400.0,0,0.05,0.8,0.0,0.0,0.2,0.0,0.0,0.0,30,0.00128224062821502,0.02455240947737215,0.00051588045464035,0.00039884576714137,1,1,0.0,0.0
clustering,homogeneous,42,H21,clst_dist_speak,true,true,0,6905470370856337400.0,0,0.05,0.2,0.0,0.0,0.0,0.0,0.0,0.0,40,0.00128224062821502,0.03988568003264639,0.00016082294875042,0.00009114408869001,1,1,0.0,0.0
clustering,heterogeneous,6,M7,clst_ndist_speak,false,true,0,7139002048363152400.0,0,0.5,0.8,0.0,0.0,0.05,0.1,0.1,0.05,20,0.03543339668114619,0.14184816601681388,0.00000020044067135,0.00000015320983109,1,4,0.0,0.0
consensus,homogeneous,40,H18,cons_dist_nospeak,true,false,0,4286360386944651300.0,0,0.5,0.0,0.0,0.0,0.0,0.0,0.0,0.0,15,0.00975649903013544,0.13890529011786196,0.00000004518922832,0.00000000005850907,1,2,0.0,0.0
consensus,heterogeneous,2,M2,cons_dist_speak,true,true,0,4398895106259038200.0,0,0.05,0.0,0.0,0.0,0.0,0.0,0.0,0.0,90,0.03720528978052128,0.14391871382761562,0.00037106051978627,0.00024163824018072,2,4,0.0,0.0
consensus,heterogeneous,2,M2,cons_ndist_speak,false,true,0,4398895106259038200.0,0,0.5,0.0,0.0,0.0,0.05,0.1,0.1,0.05,20,0.03720528978052128,0.14739381759213507,0.00000021046396789,0.00000013705619464,1,4,0.0,0.0
clustering,heterogeneous,6,M7,clst_ndist_speak,false,true,0,8636175130330607600.0,0,0.5,0.8,0.0,0.0,0.05,0.1,0.1,0.05,20,0.03543339668114619,0.130229678424252,0.00000020044067135,0.00000015320983109,1,4,0.0,0.0
consensus,heterogeneous,6,M7,cons_dist_nospeak,true,false,0,4477927936947039200.0,0,0.5,0.0,0.0,0.0,0.0,0.0,0.0,0.0,15,0.03543339668114619,0.13123774378479156,0.00000009928738009,0.00000000013103341,1,4,0.0,0.0
clustering,heterogeneous,25,M6,clst_dist_speak,true,true,0,7139002048363152400.0,0,0.5,0.2,0.0,0.0,0.0,0.3,0.0,0.0,20,0.02801205751790883,0.15697209473471713,0.00000033128190455,0.00000013229162603,1,3,0.0,0.0
clustering,heterogeneous,4,M5,clst_ndist_speak,false,true,0,7139002048363152400.0,0,0.05,0.8,0.0,0.0,0.05,0.1,0.1,0.05,85,0.03097746746875476,0.1557057895221654,0.00051261776494675,0.00031628326637246,2,4,0.0,0.0
clustering,heterogeneous,25,M6,clst_dist_speak,true,true,0,4692690466958798800.0,0,0.5,0.2,0.0,0.0,0.0,0.3,0.0,0.0,25,0.02801205751790883,0.16214354833040465,0.00000422777787987,0.00000010559261123,1,3,0.0,0.0
consensus,homogeneous,36,H17,cons_dist_speak,true,true,0,4692690466958798800.0,0,0.5,0.0,0.0,0.0,0.2,0.0,0.0,0.0,35,0.00843213567863132,0.04230503515573827,0.0000043999573226,0.00000377421610809,1,3,0.0,0.0
clustering,heterogeneous,25,M6,clst_dist_speak,true,true,0,6905470370856337400.0,0,0.5,0.2,0.0,0.0,0.0,0.3,0.0,0.0,25,0.02801205751790883,0.15569782716036457,0.00000171299200611,0.00000003754181293,1,3,0.0,0.0
consensus,heterogeneous,6,M7,cons_dist_nospeak,true,false,0,5702577027890589700.0,0,0.5,0.0,0.0,0.0,0.0,0.0,0.0,0.0,15,0.03543339668114619,0.13123774378479156,0.00000009928738009,0.00000000013103341,1,4,0.0,0.0
consensus,heterogeneous,2,M2,cons_dist_speak,true,true,0,5702577027890589700.0,0,0.05,0.0,0.0,0.0,0.0,0.0,0.0,0.0,95,0.03720528978052128,0.15326898942672582,0.00037106051978627,0.00018759092338391,1,4,0.0,0.0
consensus,heterogeneous,2,M2,cons_ndist_speak,false,true,0,4692690466958798800.0,0,0.5,0.0,0.0,0.0,0.05,0.1,0.1,0.05,20,0.03720528978052128,0.1823728353872319,0.00000021046396789,0.00000013705619464,1,4,0.0,0.0
clustering,homogeneous,41,H20,clst_dist_speak,true,true,0,4692690466958798800.0,0,0.05,0.2,0.0,0.0,0.2,0.3,0.0,0.0,35,0.00048024369855967,0.06699297902035621,0.00018646714423313,0.00009812519784462,1,1,0.0,0.0
consensus,homogeneous,36,H17,cons_dist_nospeak,true,false,0,4477927936947039200.0,0,0.5,0.0,0.0,0.0,0.2,0.0,0.0,0.0,25,0.00843213567863132,0.04118353375521743,0.00003256512810818,0.00001317621795933,1,3,0.0,0.0
clustering,homogeneous,42,H21,clst_dist_speak,true,true,0,4692690466958798800.0,0,0.05,0.8,0.0,0.0,0.2,0.0,0.0,0.0,35,0.00128224062821502,0.02300882293211284,0.00050745457249776,0.00028160290169352,1,1,0.0,0.0
clustering,heterogeneous,12,M13,clst_ndist_nospeak,false,false,0,7139002048363152400.0,0,0.05,0.2,0.0,0.0,0.05,0.1,0.1,0.05,80,0.03278937715525453,0.16150860621754792,0.00004824830816846,0.00003890509286044,1,5,0.0,0.0
consensus,heterogeneous,2,M2,cons_ndist_speak,false,true,0,4342572612484808700.0,0,0.5,0.0,0.0,0.0,0.05,0.1,0.1,0.05,20,0.03720528978052128,0.18314250226839718,0.00000021046396789,0.00000013705619464,1,4,0.0,0.0
consensus,homogeneous,40,H18,cons_dist_nospeak,true,false,0,8803618445054126100.0,0,0.5,0.0,0.0,0.0,0.0,0.0,0.0,0.0,15,0.00975649903013544,0.13890529011786196,0.00000004518922832,0.00000000005850907,1,2,0.0,0.0
clustering,heterogeneous,4,M5,clst_ndist_speak,false,true,0,7240713591891685400.0,0,0.05,0.8,0.0,0.0,0.05,0.1,0.1,0.05,100,0.03097746746875476,0.16099778396348208,0.00018619940149148,0.00014798397414418,1,4,0.0,0.0
consensus,heterogeneous,2,M2,cons_dist_speak,true,true,0,6905470370856337400.0,0,0.05,0.0,0.0,0.0,0.0,0.0,0.0,0.0,95,0.03720528978052128,0.1559008608528667,0.00037106051978627,0.00018759092338391,1,4,0.0,0.0
clustering,heterogeneous,12,M13,clst_dist_speak,true,true,0,6905470370856337400.0,0,0.05,0.2,0.0,0.0,0.2,0.3,0.0,0.0,105,0.03278937715525453,0.14560046180564765,0.00173703790958154,0.0009671206839908,2,5,0.0,0.0
consensus,heterogeneous,2,M2,cons_dist_speak,true,true,0,109591146466576384.0,0,0.05,0.0,0.0,0.0,0.0,0.0,0.0,0.0,105,0.03720528978052128,0.15175949844632747,0.00022363360389088,0.00011305873844441,1,4,0.0,0.0
clustering,heterogeneous,18,M24,clst_dist_speak,true,true,0,7139002048363152400.0,0,0.05,0.2,0.0,0.0,0.2,0.0,0.0,0.0,75,0.00943876457475996,0.11021034513281526,0.00133340616007039,0.00094306967441803,2,3,0.0,0.0
consensus,heterogeneous,6,M7,cons_dist_nospeak,true,false,0,6905470370856337400.0,0,0.5,0.0,0.0,0.0,0.0,0.0,0.0,0.0,15,0.03543339668114619,0.13123774378479156,0.00000009928738009,0.00000000013103341,1,4,0.0,0.0
consensus,homogeneous,40,H18,cons_dist_speak,true,true,0,4692690466958798800.0,0,0.5,0.0,0.0,0.0,0.0,0.0,0.0,0.0,15,0.00975649903013544,0.11155837180012919,0.00001740370849119,0.00000080799334477,1,2,0.0,0.0
consensus,heterogeneous,2,M2,cons_ndist_speak,false,true,0,5702577027890589700.0,0,0.5,0.0,0.0,0.0,0.05,0.1,0.1,0.05,20,0.03720528978052128,0.16058114294674133,0.00000021046396789,0.00000013705619464,1,4,0.0,0.0
consensus,heterogeneous,6,M7,cons_dist_nospeak,true,false,0,7240713591891685400.0,0,0.5,0.0,0.0,0.0,0.0,0.0,0.0,0.0,15,0.03543339668114619,0.13123774378479156,0.00000009928738009,0.00000000013103341,1,4,0.0,0.0
clustering,heterogeneous,39,M35,clst_dist_speak,true,true,0,7139002048363152400.0,0,0.05,0.2,0.0,0.0,0.0,0.0,0.0,0.0,105,0.01380628072130774,0.08707945493451019,0.00064395871530511,0.00033974495202023,2,4,0.0,0.0
consensus,heterogeneous,2,M2,cons_ndist_speak,false,true,0,8803618445054126100.0,0,0.5,0.0,0.0,0.0,0.05,0.1,0.1,0.05,20,0.03720528978052128,0.1522095177047605,0.00000021046396789,0.00000013705619464,1,4,0.0,0.0
consensus,heterogeneous,2,M2,cons_ndist_speak,false,true,0,4692690466958798800.0,0,0.05,0.0,0.0,0.0,0.05,0.1,0.1,0.05,85,0.03720528978052128,0.14863709323246627,0.00061567629796476,0.00031125727228357,1,4,0.0,0.0
consensus,homogeneous,24,H12,cons_dist_speak,true,true,0,4342572612484808700.0,0,0.05,0.0,0.0,0.0,0.2,0.0,0.0,0.0,50,0.00771504468878602,0.04407732460441645,0.00285776959525407,0.00268491073492141,2,3,0.0,0.0
consensus,heterogeneous,6,M7,cons_dist_nospeak,true,false,0,4342572612484808700.0,0,0.5,0.0,0.0,0.0,0.0,0.0,0.0,0.0,15,0.03543339668114619,0.13123774378479156,0.00000009928738009,0.00000000013103341,1,4,0.0,0.0
clustering,heterogeneous,18,M24,clst_dist_speak,true,true,0,4692690466958798800.0,0,0.05,0.2,0.0,0.0,0.2,0.0,0.0,0.0,100,0.00943876457475996,0.10286513976073486,0.0010955988790411,0.00124145727569065,2,3,0.0,0.0
consensus,heterogeneous,2,M2,cons_dist_speak,true,true,0,7043372089166577700.0,0,0.05,0.0,0.0,0.0,0.0,0.0,0.0,0.0,90,0.03720528978052128,0.15139753041473375,0.00037106051978626,0.00024163824018071,1,4,0.0,0.0
clustering,heterogeneous,3,M4,clst_ndist_speak,false,true,0,6905470370856337400.0,0,0.05,0.8,0.0,0.0,0.05,0.1,0.1,0.05,105,0.0361340032483615,0.14429677495139653,0.00021719431341901,0.00012619685913757,1,4,0.0,0.0
clustering,heterogeneous,3,M4,clst_ndist_speak,false,true,0,7240713591891685400.0,0,0.05,0.8,0.0,0.0,0.05,0.1,0.1,0.05,90,0.0361340032483615,0.13948792994603687,0.00036037622892848,0.00026971808971077,2,4,0.0,0.0
clustering,heterogeneous,12,M13,clst_ndist_nospeak,false,false,0,8636175130330607600.0,0,0.05,0.2,0.0,0.0,0.05,0.1,0.1,0.05,80,0.03278937715525453,0.16150860621754792,0.00004824830816846,0.00003890509286044,1,5,0.0,0.0
clustering,heterogeneous,18,M24,clst_dist_speak,true,true,0,6905470370856337400.0,0,0.05,0.2,0.0,0.0,0.2,0.0,0.0,0.0,85,0.00943876457475996,0.11651957579890856,0.00112398627153044,0.00075008148105577,2,3,0.0,0.0
consensus,heterogeneous,37,M34,cons_ndist_speak,false,true,0,8636175130330607600.0,0,0.5,0.0,0.0,0.0,0.05,0.1,0.1,0.05,20,0.03352094317986969,0.15364051713768456,0.00000018962224863,0.00000013870247251,1,4,0.0,0.0
consensus,homogeneous,40,H18,cons_dist_speak,true,true,0,7139002048363152400.0,0,0.5,0.0,0.0,0.0,0.0,0.0,0.0,0.0,15,0.00975649903013544,0.13615614084894212,0.00001740370849119,0.00000080799334477,1,2,0.0,0.0
consensus,heterogeneous,6,M7,cons_dist_nospeak,true,false,0,7139002048363152400.0,0,0.5,0.0,0.0,0.0,0.0,0.0,0.0,0.0,15,0.03543339668114619,0.13123774378479156,0.00000009928738009,0.00000000013103341,1,4,0.0,0.0
clustering,heterogeneous,12,M13,clst_ndist_nospeak,false,false,0,6905470370856337400.0,0,0.05,0.2,0.0,0.0,0.05,0.1,0.1,0.05,80,0.03278937715525453,0.16150860621754792,0.00004824830816846,0.00003890509286044,1,5,0.0,0.0
clustering,heterogeneous,18,M24,clst_dist_speak,true,true,0,8636175130330607600.0,0,0.05,0.2,0.0,0.0,0.2,0.0,0.0,0.0,65,0.00943876457475996,0.11159036251035301,0.00149717181606757,0.00107958509630348,2,3,0.0,0.0
consensus,heterogeneous,2,M2,cons_ndist_speak,false,true,0,7043372089166577700.0,0,0.5,0.0,0.0,0.0,0.05,0.1,0.1,0.05,20,0.03720528978052128,0.17101579177723386,0.00000021046396789,0.00000013705619464,1,4,0.0,0.0
consensus,homogeneous,36,H17,cons_dist_speak,true,true,0,7139002048363152400.0,0,0.5,0.0,0.0,0.0,0.2,0.0,0.0,0.0,35,0.00843213567863132,0.0426163998360177,0.0000637961615242,0.00005598195196991,1,3,0.0,0.0
consensus,heterogeneous,6,M7,cons_dist_nospeak,true,false,0,4286360386944651300.0,0,0.5,0.0,0.0,0.0,0.0,0.0,0.0,0.0,15,0.03543339668114619,0.13123774378479156,0.00000009928738009,0.00000000013103341,1,4,0.0,0.0
consensus,heterogeneous,2,M2,cons_ndist_speak,false,true,0,7240713591891685400.0,0,0.05,0.0,0.0,0.0,0.05,0.1,0.1,0.05,100,0.03720528978052128,0.15518905403853817,0.00022363360389088,0.00014563239042674,1,4,0.0,0.0
consensus,heterogeneous,6,M7,cons_dist_nospeak,true,false,0,4398895106259038200.0,0,0.5,0.0,0.0,0.0,0.0,0.0,0.0,0.0,15,0.03543339668114619,0.13123774378479156,0.00000009928738009,0.00000000013103341,1,4,0.0,0.0
clustering,heterogeneous,3,M4,clst_ndist_speak,false,true,0,4692690466958798800.0,0,0.05,0.8,0.0,0.0,0.05,0.1,0.1,0.05,85,0.0361340032483615,0.13743413711638708,0.00059794855736469,0.00034742728148545,1,4,0.0,0.0
consensus,heterogeneous,2,M2,cons_ndist_speak,false,true,0,4477927936947039200.0,0,0.5,0.0,0.0,0.0,0.05,0.1,0.1,0.05,20,0.03720528978052128,0.17018416235644077,0.00000021046396789,0.00000013705619464,1,4,0.0,0.0
consensus,homogeneous,40,H18,cons_dist_speak,true,true,0,8803618445054126100.0,0,0.5,0.0,0.0,0.0,0.0,0.0,0.0,0.0,15,0.00975649903013544,0.14060488384435582,0.00001740370849119,0.00000080799334477,1,2,0.0,0.0
clustering,heterogeneous,39,M35,clst_dist_speak,true,true,0,8636175130330607600.0,0,0.05,0.2,0.0,0.0,0.0,0.0,0.0,0.0,120,0.01380628072130774,0.09913311476141624,0.00022980056444595,0.00015846519253172,2,4,0.0,0.0
consensus,heterogeneous,6,M7,cons_dist_nospeak,true,false,0,8803618445054126100.0,0,0.5,0.0,0.0,0.0,0.0,0.0,0.0,0.0,15,0.03543339668114619,0.13123774378479156,0.00000009928738009,0.00000000013103341,1,4,0.0,0.0
consensus,heterogeneous,2,M2,cons_ndist_speak,false,true,0,109591146466576384.0,0,0.5,0.0,0.0,0.0,0.05,0.1,0.1,0.05,20,0.03720528978052128,0.15278579679531656,0.00000021046396789,0.00000013705619464,1,4,0.0,0.0
consensus,heterogeneous,6,M7,cons_dist_nospeak,true,false,0,4692690466958798800.0,0,0.5,0.0,0.0,0.0,0.0,0.0,0.0,0.0,15,0.03543339668114619,0.13123774378479156,0.00000009928738009,0.00000000013103341,1,4,0.0,0.0
consensus,heterogeneous,37,M34,cons_ndist_speak,false,true,0,4692690466958798800.0,0,0.5,0.0,0.0,0.0,0.05,0.1,0.1,0.05,15,0.03352094317986969,0.14062344637146273,0.00005979488355919,0.00000246304059034,2,4,0.0,0.0
consensus,homogeneous,40,H18,cons_dist_speak,true,true,0,6905470370856337400.0,0,0.5,0.0,0.0,0.0,0.0,0.0,0.0,0.0,15,0.00975649903013544,0.11128090682817597,0.00001740370849119,0.00000080799334477,1,2,0.0,0.0
clustering,heterogeneous,3,M4,clst_ndist_speak,false,true,0,7139002048363152400.0,0,0.05,0.8,0.0,0.0,0.05,0.1,0.1,0.05,95,0.0361340032483615,0.1412975179632935,0.00036037622892849,0.00020939014232329,2,4,0.0,0.0
consensus,heterogeneous,6,M7,cons_dist_nospeak,true,false,0,8636175130330607600.0,0,0.5,0.0,0.0,0.0,0.0,0.0,0.0,0.0,15,0.03543339668114619,0.13123774378479156,0.00000009928738009,0.00000000013103341,1,4,0.0,0.0
consensus,homogeneous,36,H17,cons_dist_speak,true,true,0,5702577027890589700.0,0,0.5,0.0,0.0,0.0,0.2,0.0,0.0,0.0,25,0.00843213567863132,0.04963315457846787,0.00027960715608525,0.00036196324845492,2,3,0.0,0.0
consensus,heterogeneous,6,M7,cons_dist_nospeak,true,false,0,1841142524168585220.0,0,0.5,0.0,0.0,0.0,0.0,0.0,0.0,0.0,15,0.03543339668114619,0.13123774378479156,0.00000009928738009,0.00000000013103341,1,4,0.0,0.0
consensus,heterogeneous,2,M2,cons_ndist_speak,false,true,0,7128893484183252000.0,0,0.5,0.0,0.0,0.0,0.05,0.1,0.1,0.05,20,0.03720528978052128,0.1636580646471148,0.00000021046396789,0.00000013705619464,1,4,0.0,0.0
consensus,homogeneous,40,H18,cons_dist_speak,true,true,0,7240713591891685400.0,0,0.5,0.0,0.0,0.0,0.0,0.0,0.0,0.0,15,0.00975649903013544,0.1388387338043956,0.00001740370849119,0.00000080799334477,1,2,0.0,0.0
consensus,homogeneous,40,H18,cons_dist_speak,true,true,0,8636175130330607600.0,0,0.5,0.0,0.0,0.0,0.0,0.0,0.0,0.0,15,0.00975649903013544,0.1344981521547367,0.00001740370849119,0.00000080799334477,1,2,0.0,0.0
consensus,heterogeneous,6,M7,cons_dist_nospeak,true,false,0,7043372089166577700.0,0,0.5,0.0,0.0,0.0,0.0,0.0,0.0,0.0,15,0.03543339668114619,0.13123774378479156,0.00000009928738009,0.00000000013103341,1,4,0.0,0.0
consensus,heterogeneous,9,M9,cons_ndist_speak,false,true,0,4286360386944651300.0,0,0.05,0.0,0.0,0.0,0.05,0.1,0.1,0.05,85,0.01965549714934841,0.0932509085899339,0.00032526083766463,0.00015032817081082,2,3,0.0,0.0
consensus,homogeneous,40,H18,cons_dist_speak,true,true,0,1841142524168585220.0,0,0.5,0.0,0.0,0.0,0.0,0.0,0.0,0.0,15,0.00975649903013544,0.13288951401443277,0.00001740370849119,0.00000080799334477,1,2,0.0,0.0
consensus,heterogeneous,6,M7,cons_dist_nospeak,true,false,0,7128893484183252000.0,0,0.5,0.0,0.0,0.0,0.0,0.0,0.0,0.0,15,0.03543339668114619,0.13123774378479156,0.00000009928738009,0.00000000013103341,1,4,0.0,0.0
consensus,heterogeneous,37,M34,cons_ndist_speak,false,true,0,6905470370856337400.0,0,0.5,0.0,0.0,0.0,0.05,0.1,0.1,0.05,20,0.03352094317986969,0.14180163025570872,0.00000018962224863,0.00000013870247251,1,4,0.0,0.0
clustering,heterogeneous,39,M35,clst_dist_speak,true,true,0,4692690466958798800.0,0,0.05,0.2,0.0,0.0,0.0,0.0,0.0,0.0,140,0.01380628072130774,0.09391258037770074,0.00023772295618162,0.00018544821774538,2,4,0.0,0.0
consensus,homogeneous,24,H12,cons_dist_speak,true,true,0,5702577027890589700.0,0,0.05,0.0,0.0,0.0,0.2,0.0,0.0,0.0,85,0.00771504468878602,0.06033663681385809,0.00181900741774978,0.00081972288731282,2,3,0.0,0.0
consensus,homogeneous,40,H18,cons_dist_speak,true,true,0,4286360386944651300.0,0,0.5,0.0,0.0,0.0,0.0,0.0,0.0,0.0,15,0.00975649903013544,0.1130779072380526,0.00001740370849119,0.00000080799334477,1,2,0.0,0.0
consensus,homogeneous,36,H17,cons_dist_speak,true,true,0,8636175130330607600.0,0,0.5,0.0,0.0,0.0,0.2,0.0,0.0,0.0,30,0.00843213567863132,0.04121707976780579,0.00005538117458409,0.00006513577843929,2,3,0.0,0.0
consensus,heterogeneous,6,M7,cons_dist_nospeak,true,false,0,109591146466576384.0,0,0.5,0.0,0.0,0.0,0.0,0.0,0.0,0.0,15,0.03543339668114619,0.13123774378479156,0.00000009928738009,0.00000000013103341,1,4,0.0,0.0
consensus,heterogeneous,2,M2,cons_ndist_speak,false,true,0,4286360386944651300.0,0,0.5,0.0,0.0,0.0,0.05,0.1,0.1,0.05,20,0.03720528978052128,0.22297416099327866,0.00000021046396789,0.00000013705619464,1,4,0.0,0.0
clustering,heterogeneous,39,M35,clst_dist_speak,true,true,0,7240713591891685400.0,0,0.05,0.2,0.0,0.0,0.0,0.0,0.0,0.0,125,0.01380628072130774,0.09454386757429971,0.00029033339459657,0.00015722734432214,2,4,0.0,0.0
consensus,homogeneous,5,H3,cons_dist_nospeak,true,false,0,7240713591891685400.0,0,0.5,0.0,0.0,0.0,0.2,0.0,0.0,0.0,15,0.01398999086696009,0.13137231979938582,0.00000654442200626,0.00000247510445731,1,4,0.0,0.0
clustering,heterogeneous,3,M4,clst_ndist_speak,false,true,0,8636175130330607600.0,0,0.05,0.8,0.0,0.0,0.05,0.1,0.1,0.05,95,0.0361340032483615,0.14129751796329357,0.00036037622892848,0.00020939014232329,2,4,0.0,0.0
consensus,heterogeneous,37,M34,cons_ndist_speak,false,true,0,8803618445054126100.0,0,0.5,0.0,0.0,0.0,0.05,0.1,0.1,0.05,20,0.03352094317986969,0.16116337771807965,0.00000018962224863,0.00000013870247251,1,4,0.0,0.0
consensus,homogeneous,36,H17,cons_dist_speak,true,true,0,1841142524168585220.0,0,0.5,0.0,0.0,0.0,0.2,0.0,0.0,0.0,30,0.00843213567863132,0.04200711384571321,0.00009717847243769,0.00013460254197378,2,3,0.0,0.0
consensus,heterogeneous,37,M34,cons_ndist_speak,false,true,0,7139002048363152400.0,0,0.5,0.0,0.0,0.0,0.05,0.1,0.1,0.05,20,0.03352094317986969,0.1526513212238465,0.00000018962224863,0.00000013870247251,1,4,0.0,0.0
consensus,homogeneous,36,H17,cons_dist_speak,true,true,0,8803618445054126100.0,0,0.5,0.0,0.0,0.0,0.2,0.0,0.0,0.0,30,0.00843213567863132,0.0421317937379883,0.00006666553555874,0.00007909309930593,2,3,0.0,0.0
consensus,homogeneous,5,H3,cons_dist_nospeak,true,false,0,4342572612484808700.0,0,0.5,0.0,0.0,0.0,0.2,0.0,0.0,0.0,15,0.01398999086696009,0.13137231979938582,0.00000654442200626,0.00000247510445731,1,4,0.0,0.0
consensus,heterogeneous,37,M34,cons_ndist_speak,false,true,0,4398895106259038200.0,0,0.5,0.0,0.0,0.0,0.05,0.1,0.1,0.05,15,0.03352094317986969,0.16968784279145624,0.00005979488355919,0.00000246304059034,1,4,0.0,0.0
consensus,homogeneous,36,H17,cons_dist_speak,true,true,0,4342572612484808700.0,0,0.5,0.0,0.0,0.0,0.2,0.0,0.0,0.0,35,0.00843213567863132,0.04281644511158091,0.00010055774275569,0.00005642113993679,1,3,0.0,0.0
clustering,heterogeneous,39,M35,clst_dist_speak,true,true,0,6905470370856337400.0,0,0.05,0.2,0.0,0.0,0.0,0.0,0.0,0.0,140,0.01380628072130774,0.09227722459924208,0.00028414566469321,0.00021125400959702,2,4,0.0,0.0
consensus,homogeneous,5,H3,cons_dist_nospeak,true,false,0,7139002048363152400.0,0,0.5,0.0,0.0,0.0,0.2,0.0,0.0,0.0,15,0.01398999086696009,0.13137231979938582,0.00000654442200626,0.00000247510445731,1,4,0.0,0.0
consensus,homogeneous,40,H18,cons_dist_speak,true,true,0,5702577027890589700.0,0,0.5,0.0,0.0,0.0,0.0,0.0,0.0,0.0,15,0.00975649903013544,0.12865864995230247,0.00001740370849119,0.00000080799334477,2,2,0.0,0.0
consensus,heterogeneous,2,M2,cons_ndist_speak,false,true,0,7139002048363152400.0,0,0.05,0.0,0.0,0.0,0.05,0.1,0.1,0.05,100,0.03720528978052128,0.15442770632443678,0.00022363360389088,0.00014563239042674,1,4,0.0,0.0
consensus,homogeneous,5,H3,cons_dist_nospeak,true,false,0,4692690466958798800.0,0,0.5,0.0,0.0,0.0,0.2,0.0,0.0,0.0,15,0.01398999086696009,0.13137231979938582,0.00000654442200626,0.00000247510445731,1,4,0.0,0.0
consensus,homogeneous,40,H18,cons_dist_speak,true,true,0,4398895106259038200.0,0,0.5,0.0,0.0,0.0,0.0,0.0,0.0,0.0,15,0.00975649903013544,0.16703876660412126,0.00001740370849119,0.00000080799334477,1,2,0.0,0.0
consensus,heterogeneous,37,M34,cons_ndist_speak,false,true,0,7240713591891685400.0,0,0.5,0.0,0.0,0.0,0.05,0.1,0.1,0.05,20,0.03352094317986969,0.16732532521546292,0.00000018962224863,0.00000013870247251,1,4,0.0,0.0
consensus,homogeneous,5,H3,cons_dist_nospeak,true,false,0,109591146466576384.0,0,0.5,0.0,0.0,0.0,0.2,0.0,0.0,0.0,15,0.01398999086696009,0.13137231979938582,0.00000654442200626,0.00000247510445731,1,4,0.0,0.0
consensus,heterogeneous,37,M34,cons_ndist_speak,false,true,0,1841142524168585220.0,0,0.5,0.0,0.0,0.0,0.05,0.1,0.1,0.05,20,0.03352094317986969,0.1418016302557087,0.00000018962224863,0.00000013870247251,1,4,0.0,0.0
consensus,homogeneous,5,H3,cons_dist_nospeak,true,false,0,1841142524168585220.0,0,0.5,0.0,0.0,0.0,0.2,0.0,0.0,0.0,15,0.01398999086696009,0.13137231979938582,0.00000654442200626,0.00000247510445731,1,4,0.0,0.0
consensus,homogeneous,36,H17,cons_dist_speak,true,true,0,6905470370856337400.0,0,0.5,0.0,0.0,0.0,0.2,0.0,0.0,0.0,35,0.00843213567863132,0.0409311450866854,0.00005239826246564,0.00002501620088666,2,3,0.0,0.0
consensus,homogeneous,36,H17,cons_dist_speak,true,true,0,7128893484183252000.0,0,0.5,0.0,0.0,0.0,0.2,0.0,0.0,0.0,25,0.00843213567863132,0.03902362422087152,0.00007872529539632,0.0000606115276204,2,3,0.0,0.0
consensus,homogeneous,5,H3,cons_dist_nospeak,true,false,0,8636175130330607600.0,0,0.5,0.0,0.0,0.0,0.2,0.0,0.0,0.0,15,0.01398999086696009,0.13137231979938582,0.00000654442200626,0.00000247510445731,1,4,0.0,0.0
consensus,heterogeneous,37,M34,cons_ndist_speak,false,true,0,5702577027890589700.0,0,0.5,0.0,0.0,0.0,0.05,0.1,0.1,0.05,20,0.03352094317986969,0.14625329676246265,0.00000018962224863,0.00000013870247251,1,4,0.0,0.0
consensus,homogeneous,40,H18,cons_dist_speak,true,true,0,7128893484183252000.0,0,0.5,0.0,0.0,0.0,0.0,0.0,0.0,0.0,15,0.00975649903013544,0.11967006951433902,0.00001740370849119,0.00000080799334477,1,2,0.0,0.0
consensus,homogeneous,5,H3,cons_dist_nospeak,true,false,0,5702577027890589700.0,0,0.5,0.0,0.0,0.0,0.2,0.0,0.0,0.0,15,0.01398999086696009,0.13137231979938582,0.00000654442200626,0.00000247510445731,1,4,0.0,0.0
consensus,heterogeneous,2,M2,cons_ndist_speak,false,true,0,7128893484183252000.0,0,0.05,0.0,0.0,0.0,0.05,0.1,0.1,0.05,85,0.03720528978052128,0.15010139150881371,0.00061567629796476,0.00031125727228357,1,4,0.0,0.0
clustering,heterogeneous,12,M13,clst_ndist_speak,false,true,0,8636175130330607600.0,0,0.05,0.2,0.0,0.0,0.05,0.1,0.1,0.05,105,0.03278937715525453,0.06859026038928753,0.02309815868761866,0.02132370972276693,3,5,0.0,0.0
consensus,homogeneous,5,H3,cons_dist_nospeak,true,false,0,8803618445054126100.0,0,0.5,0.0,0.0,0.0,0.2,0.0,0.0,0.0,15,0.01398999086696009,0.13137231979938582,0.00000654442200626,0.00000247510445731,1,4,0.0,0.0
consensus,homogeneous,5,H3,cons_dist_nospeak,true,false,0,6905470370856337400.0,0,0.5,0.0,0.0,0.0,0.2,0.0,0.0,0.0,15,0.01398999086696009,0.13137231979938582,0.00000654442200626,0.00000247510445731,1,4,0.0,0.0
consensus,homogeneous,40,H18,cons_dist_speak,true,true,0,4477927936947039200.0,0,0.5,0.0,0.0,0.0,0.0,0.0,0.0,0.0,15,0.00975649903013544,0.12985100173379294,0.00001740370849119,0.00000080799334477,2,2,0.0,0.0
consensus,heterogeneous,37,M34,cons_ndist_speak,false,true,0,4342572612484808700.0,0,0.5,0.0,0.0,0.0,0.05,0.1,0.1,0.05,20,0.03352094317986969,0.14180163025570872,0.00000018962224863,0.00000013870247251,1,4,0.0,0.0
consensus,heterogeneous,37,M34,cons_ndist_speak,false,true,0,7043372089166577700.0,0,0.5,0.0,0.0,0.0,0.05,0.1,0.1,0.05,20,0.03352094317986969,0.16541174010069984,0.00000018962224863,0.00000013870247251,1,4,0.0,0.0
consensus,homogeneous,24,H12,cons_dist_speak,true,true,0,6905470370856337400.0,0,0.05,0.0,0.0,0.0,0.2,0.0,0.0,0.0,85,0.00771504468878602,0.05790579655448561,0.00179659551988655,0.00087288508177381,2,3,0.0,0.0
consensus,homogeneous,40,H18,cons_dist_speak,true,true,0,4342572612484808700.0,0,0.5,0.0,0.0,0.0,0.0,0.0,0.0,0.0,15,0.00975649903013544,0.13300638019744082,0.00001740370849119,0.00000080799334477,1,2,0.0,0.0
consensus,homogeneous,5,H3,cons_dist_nospeak,true,false,0,4398895106259038200.0,0,0.5,0.0,0.0,0.0,0.2,0.0,0.0,0.0,15,0.01398999086696009,0.13137231979938582,0.00000654442200626,0.00000247510445731,1,4,0.0,0.0
consensus,heterogeneous,37,M34,cons_ndist_speak,false,true,0,7128893484183252000.0,0,0.5,0.0,0.0,0.0,0.05,0.1,0.1,0.05,20,0.03352094317986969,0.14180163025570866,0.00000018962224863,0.00000013870247251,1,4,0.0,0.0
consensus,homogeneous,40,H18,cons_dist_speak,true,true,0,109591146466576384.0,0,0.5,0.0,0.0,0.0,0.0,0.0,0.0,0.0,15,0.00975649903013544,0.1385303299269221,0.00001740370849119,0.00000080799334477,1,2,0.0,0.0
consensus,homogeneous,5,H3,cons_dist_nospeak,true,false,0,7128893484183252000.0,0,0.5,0.0,0.0,0.0,0.2,0.0,0.0,0.0,15,0.01398999086696009,0.13137231979938582,0.00000654442200626,0.00000247510445731,1,4,0.0,0.0
consensus,heterogeneous,37,M34,cons_ndist_speak,false,true,0,4286360386944651300.0,0,0.5,0.0,0.0,0.0,0.05,0.1,0.1,0.05,20,0.03352094317986969,0.14737040276266397,0.00000018962224863,0.00000013870247251,1,4,0.0,0.0
consensus,homogeneous,36,H17,cons_dist_speak,true,true,0,7043372089166577700.0,0,0.5,0.0,0.0,0.0,0.2,0.0,0.0,0.0,35,0.00843213567863132,0.04030842204308122,0.00004501578550957,0.00003961884924162,2,3,0.0,0.0
consensus,homogeneous,33,H15,cons_dist_nospeak,true,false,0,7240713591891685400.0,0,0.5,0.0,0.0,0.0,0.0,0.0,0.0,0.0,15,0.00240269204389574,0.04401345351033218,0.00000000629975378,0.00000000001000156,1,3,0.0,0.0
consensus,heterogeneous,37,M34,cons_ndist_speak,false,true,0,4477927936947039200.0,0,0.5,0.0,0.0,0.0,0.05,0.1,0.1,0.05,20,0.03352094317986969,0.15101263861651315,0.00000018962224863,0.00000013870247251,1,4,0.0,0.0
consensus,homogeneous,40,H18,cons_dist_speak,true,true,0,7043372089166577700.0,0,0.5,0.0,0.0,0.0,0.0,0.0,0.0,0.0,15,0.00975649903013544,0.11644046215149988,0.00001740370849119,0.00000080799334477,1,2,0.0,0.0
clustering,heterogeneous,14,M15,clst_ndist_speak,false,true,0,7139002048363152400.0,0,0.05,0.2,0.0,0.0,0.05,0.1,0.1,0.05,220,0.02458731638660266,0.1070318929525162,0.00038000757752842,0.00023178751265736,2,5,0.0,0.0
consensus,homogeneous,5,H3,cons_dist_nospeak,true,false,0,4477927936947039200.0,0,0.5,0.0,0.0,0.0,0.2,0.0,0.0,0.0,15,0.01398999086696009,0.13137231979938582,0.00000654442200626,0.00000247510445731,1,4,0.0,0.0
consensus,heterogeneous,37,M34,cons_ndist_speak,false,true,0,109591146466576384.0,0,0.5,0.0,0.0,0.0,0.05,0.1,0.1,0.05,20,0.03352094317986969,0.1418016302557087,0.00000018962224863,0.00000013870247251,1,4,0.0,0.0
consensus,homogeneous,33,H15,cons_dist_nospeak,true,false,0,4692690466958798800.0,0,0.5,0.0,0.0,0.0,0.0,0.0,0.0,0.0,15,0.00240269204389574,0.04401345351033218,0.00000000629975378,0.00000000001000156,1,3,0.0,0.0
consensus,homogeneous,36,H17,cons_dist_speak,true,true,0,109591146466576384.0,0,0.5,0.0,0.0,0.0,0.2,0.0,0.0,0.0,30,0.00843213567863132,0.04044488270452484,0.00004440040467239,0.00004556795008503,2,3,0.0,0.0
consensus,homogeneous,5,H3,cons_dist_nospeak,true,false,0,7043372089166577700.0,0,0.5,0.0,0.0,0.0,0.2,0.0,0.0,0.0,15,0.01398999086696009,0.13137231979938582,0.00000654442200626,0.00000247510445731,1,4,0.0,0.0
consensus,homogeneous,36,H17,cons_dist_speak,true,true,0,4286360386944651300.0,0,0.5,0.0,0.0,0.0,0.2,0.0,0.0,0.0,30,0.00843213567863132,0.04015659363502264,0.00004115600336927,0.00005004834503285,2,3,0.0,0.0
consensus,heterogeneous,2,M2,cons_ndist_speak,false,true,0,6905470370856337400.0,0,0.05,0.0,0.0,0.0,0.05,0.1,0.1,0.05,95,0.03720528978052128,0.1559008608528667,0.00037106051978627,0.00018759092338391,1,4,0.0,0.0
consensus,heterogeneous,2,M2,cons_dist_speak,true,true,0,8803618445054126100.0,0,0.05,0.0,0.0,0.0,0.0,0.0,0.0,0.0,95,0.03720528978052128,0.1488010843587504,0.00037106051978627,0.00018759092338391,1,4,0.0,0.0
consensus,homogeneous,5,H3,cons_dist_nospeak,true,false,0,4286360386944651300.0,0,0.5,0.0,0.0,0.0,0.2,0.0,0.0,0.0,15,0.01398999086696009,0.13137231979938582,0.00000654442200626,0.00000247510445731,1,4,0.0,0.0
consensus,heterogeneous,6,M7,cons_dist_speak,true,true,0,6905470370856337400.0,0,0.5,0.0,0.0,0.0,0.0,0.0,0.0,0.0,20,0.03543339668114619,0.12419107079224999,0.00000020044067135,0.00000015320983109,1,4,0.0,0.0
consensus,heterogeneous,2,M2,cons_ndist_speak,false,true,0,8636175130330607600.0,0,0.05,0.0,0.0,0.0,0.05,0.1,0.1,0.05,95,0.03720528978052128,0.1514294420112539,0.00037106051978627,0.00018759092338391,1,4,0.0,0.0
consensus,homogeneous,33,H15,cons_dist_nospeak,true,false,0,7139002048363152400.0,0,0.5,0.0,0.0,0.0,0.0,0.0,0.0,0.0,15,0.00240269204389574,0.04401345351033218,0.00000000629975378,0.00000000001000156,1,3,0.0,0.0
consensus,heterogeneous,6,M7,cons_dist_speak,true,true,0,7139002048363152400.0,0,0.5,0.0,0.0,0.0,0.0,0.0,0.0,0.0,20,0.03543339668114619,0.14184816601681388,0.00000020044067135,0.00000015320983109,1,4,0.0,0.0
clustering,heterogeneous,14,M15,clst_ndist_speak,false,true,0,8636175130330607600.0,0,0.05,0.2,0.0,0.0,0.05,0.1,0.1,0.05,225,0.02458731638660266,0.10744605669763489,0.00050645153226105,0.000261538114497,2,5,0.0,0.0
consensus,heterogeneous,2,M2,cons_ndist_speak,false,true,0,5702577027890589700.0,0,0.05,0.0,0.0,0.0,0.05,0.1,0.1,0.05,95,0.03720528978052128,0.15326898942672582,0.00037106051978627,0.00018759092338391,1,4,0.0,0.0
consensus,heterogeneous,6,M7,cons_dist_speak,true,true,0,7240713591891685400.0,0,0.5,0.0,0.0,0.0,0.0,0.0,0.0,0.0,20,0.03543339668114619,0.13287385158247292,0.00000020044067135,0.00000015320983109,1,4,0.0,0.0
consensus,homogeneous,33,H15,cons_dist_nospeak,true,false,0,6905470370856337400.0,0,0.5,0.0,0.0,0.0,0.0,0.0,0.0,0.0,15,0.00240269204389574,0.04401345351033218,0.00000000629975378,0.00000000001000156,1,3,0.0,0.0
consensus,homogeneous,24,H12,cons_ndist_speak,false,true,0,7240713591891685400.0,0,0.5,0.0,0.0,0.0,0.05,0.1,0.1,0.05,15,0.00771504468878602,0.05640746548858637,0.0000137621485274,0.00000070299880338,1,3,0.0,0.0
consensus,heterogeneous,6,M7,cons_dist_speak,true,true,0,8636175130330607600.0,0,0.5,0.0,0.0,0.0,0.0,0.0,0.0,0.0,20,0.03543339668114619,0.130229678424252,0.00000020044067135,0.00000015320983109,1,4,0.0,0.0
consensus,heterogeneous,2,M2,cons_ndist_speak,false,true,0,109591146466576384.0,0,0.05,0.0,0.0,0.0,0.05,0.1,0.1,0.05,105,0.03720528978052128,0.15175949844632747,0.00022363360389088,0.00011305873844441,1,4,0.0,0.0
consensus,homogeneous,23,H11,cons_dist_nospeak,true,false,0,8803618445054126100.0,0,0.05,0.0,0.0,0.0,0.0,0.0,0.0,0.0,45,0.01309938700274348,0.06203182910559403,0.0002209575830719,0.00007705535379922,1,4,0.0,0.0
consensus,homogeneous,24,H12,cons_dist_speak,true,true,0,1841142524168585220.0,0,0.05,0.0,0.0,0.0,0.2,0.0,0.0,0.0,90,0.00771504468878602,0.0511897534737326,0.00166216667065609,0.00132059939078036,2,3,0.0,0.0
consensus,homogeneous,33,H15,cons_dist_nospeak,true,false,0,8636175130330607600.0,0,0.5,0.0,0.0,0.0,0.0,0.0,0.0,0.0,15,0.00240269204389574,0.04401345351033218,0.00000000629975378,0.00000000001000156,1,3,0.0,0.0
consensus,heterogeneous,2,M2,cons_ndist_speak,false,true,0,7043372089166577700.0,0,0.05,0.0,0.0,0.0,0.05,0.1,0.1,0.05,90,0.03720528978052128,0.15139753041473375,0.00037106051978626,0.00024163824018071,1,4,0.0,0.0
consensus,homogeneous,23,H11,cons_dist_nospeak,true,false,0,7240713591891685400.0,0,0.05,0.0,0.0,0.0,0.0,0.0,0.0,0.0,45,0.01309938700274348,0.06203182910559403,0.0002209575830719,0.00007705535379922,1,4,0.0,0.0
consensus,homogeneous,24,H12,cons_ndist_speak,false,true,0,7139002048363152400.0,0,0.5,0.0,0.0,0.0,0.05,0.1,0.1,0.05,15,0.00771504468878602,0.05305449634464891,0.0000137621485274,0.00000070299880338,1,3,0.0,0.0
consensus,homogeneous,36,H17,cons_dist_speak,true,true,0,4477927936947039200.0,0,0.5,0.0,0.0,0.0,0.2,0.0,0.0,0.0,35,0.00843213567863132,0.04051627150550526,0.00005223819694944,0.00002718237270865,2,3,0.0,0.0
consensus,heterogeneous,6,M7,cons_dist_speak,true,true,0,8803618445054126100.0,0,0.5,0.0,0.0,0.0,0.0,0.0,0.0,0.0,20,0.03543339668114619,0.14349088480920238,0.00000020044067135,0.00000015320983109,1,4,0.0,0.0
consensus,heterogeneous,2,M2,cons_ndist_speak,false,true,0,4342572612484808700.0,0,0.05,0.0,0.0,0.0,0.05,0.1,0.1,0.05,95,0.03720528978052128,0.15898412843174797,0.00037106051978627,0.00018759092338391,2,4,0.0,0.0
consensus,heterogeneous,6,M7,cons_dist_speak,true,true,0,4692690466958798800.0,0,0.5,0.0,0.0,0.0,0.0,0.0,0.0,0.0,20,0.03543339668114619,0.16154274119918346,0.00000020044067135,0.00000015320983109,1,4,0.0,0.0
consensus,homogeneous,23,H11,cons_dist_nospeak,true,false,0,1841142524168585220.0,0,0.05,0.0,0.0,0.0,0.0,0.0,0.0,0.0,45,0.01309938700274348,0.06203182910559403,0.0002209575830719,0.00007705535379922,1,4,0.0,0.0
consensus,homogeneous,24,H12,cons_ndist_speak,false,true,0,8636175130330607600.0,0,0.5,0.0,0.0,0.0,0.05,0.1,0.1,0.05,15,0.00771504468878602,0.04984079006748358,0.0000137621485274,0.00000070299880338,1,3,0.0,0.0
consensus,heterogeneous,6,M7,cons_dist_speak,true,true,0,4342572612484808700.0,0,0.5,0.0,0.0,0.0,0.0,0.0,0.0,0.0,20,0.03543339668114619,0.11518905945173898,0.00000020044067135,0.00000015320983109,1,4,0.0,0.0
clustering,heterogeneous,14,M15,clst_ndist_speak,false,true,0,6905470370856337400.0,0,0.05,0.2,0.0,0.0,0.05,0.1,0.1,0.05,255,0.02458731638660266,0.10943854037648025,0.00036636797452174,0.0001695388861922,2,5,0.0,0.0
consensus,homogeneous,23,H11,cons_dist_nospeak,true,false,0,8636175130330607600.0,0,0.05,0.0,0.0,0.0,0.0,0.0,0.0,0.0,45,0.01309938700274348,0.06203182910559403,0.0002209575830719,0.00007705535379922,1,4,0.0,0.0
consensus,homogeneous,24,H12,cons_ndist_speak,false,true,0,6905470370856337400.0,0,0.5,0.0,0.0,0.0,0.05,0.1,0.1,0.05,15,0.00771504468878602,0.04972885041786006,0.0000137621485274,0.00000070299880338,1,3,0.0,0.0
consensus,heterogeneous,6,M7,cons_dist_speak,true,true,0,1841142524168585220.0,0,0.5,0.0,0.0,0.0,0.0,0.0,0.0,0.0,20,0.03543339668114619,0.1415356280475437,0.00000020044067135,0.00000015320983109,1,4,0.0,0.0
consensus,homogeneous,33,H15,cons_dist_nospeak,true,false,0,4398895106259038200.0,0,0.5,0.0,0.0,0.0,0.0,0.0,0.0,0.0,15,0.00240269204389574,0.04401345351033218,0.00000000629975378,0.00000000001000156,1,3,0.0,0.0
consensus,homogeneous,24,H12,cons_ndist_speak,false,true,0,5702577027890589700.0,0,0.5,0.0,0.0,0.0,0.05,0.1,0.1,0.05,15,0.00771504468878602,0.04600758447068752,0.0000137621485274,0.00000070299880338,1,3,0.0,0.0
consensus,heterogeneous,6,M7,cons_dist_speak,true,true,0,7128893484183252000.0,0,0.5,0.0,0.0,0.0,0.0,0.0,0.0,0.0,20,0.03543339668114619,0.11518905945173895,0.00000020044067135,0.00000015320983109,1,4,0.0,0.0
consensus,homogeneous,33,H15,cons_dist_nospeak,true,false,0,5702577027890589700.0,0,0.5,0.0,0.0,0.0,0.0,0.0,0.0,0.0,15,0.00240269204389574,0.04401345351033218,0.00000000629975378,0.00000000001000156,1,3,0.0,0.0
consensus,heterogeneous,6,M7,cons_dist_speak,true,true,0,4398895106259038200.0,0,0.5,0.0,0.0,0.0,0.0,0.0,0.0,0.0,20,0.03543339668114619,0.1665646213019344,0.00000020044067135,0.00000015320983109,1,4,0.0,0.0
consensus,homogeneous,24,H12,cons_ndist_speak,false,true,0,1841142524168585220.0,0,0.5,0.0,0.0,0.0,0.05,0.1,0.1,0.05,15,0.00771504468878602,0.0543646177920218,0.0000137621485274,0.00000070299880338,1,3,0.0,0.0
consensus,homogeneous,23,H11,cons_dist_nospeak,true,false,0,4398895106259038200.0,0,0.05,0.0,0.0,0.0,0.0,0.0,0.0,0.0,45,0.01309938700274348,0.06203182910559403,0.0002209575830719,0.00007705535379922,1,4,0.0,0.0
consensus,heterogeneous,6,M7,cons_dist_speak,true,true,0,4477927936947039200.0,0,0.5,0.0,0.0,0.0,0.0,0.0,0.0,0.0,20,0.03543339668114619,0.11518905945173895,0.00000020044067135,0.00000015320983109,1,4,0.0,0.0
consensus,homogeneous,24,H12,cons_ndist_speak,false,true,0,4692690466958798800.0,0,0.5,0.0,0.0,0.0,0.05,0.1,0.1,0.05,15,0.00771504468878602,0.04738921089880981,0.0000137621485274,0.00000070299880338,1,3,0.0,0.0
consensus,homogeneous,33,H15,cons_dist_nospeak,true,false,0,4477927936947039200.0,0,0.5,0.0,0.0,0.0,0.0,0.0,0.0,0.0,15,0.00240269204389574,0.04401345351033218,0.00000000629975378,0.00000000001000156,1,3,0.0,0.0
consensus,heterogeneous,6,M7,cons_dist_speak,true,true,0,5702577027890589700.0,0,0.5,0.0,0.0,0.0,0.0,0.0,0.0,0.0,20,0.03543339668114619,0.14095269118989567,0.00000020044067135,0.00000015320983109,1,4,0.0,0.0
consensus,heterogeneous,2,M2,cons_ndist_speak,false,true,0,1841142524168585220.0,0,0.05,0.0,0.0,0.0,0.05,0.1,0.1,0.05,85,0.03720528978052128,0.14986143170672572,0.00061567629796476,0.00031125727228357,1,4,0.0,0.0
consensus,homogeneous,23,H11,cons_dist_nospeak,true,false,0,5702577027890589700.0,0,0.05,0.0,0.0,0.0,0.0,0.0,0.0,0.0,45,0.01309938700274348,0.06203182910559403,0.0002209575830719,0.00007705535379922,1,4,0.0,0.0
consensus,heterogeneous,6,M7,cons_dist_speak,true,true,0,7043372089166577700.0,0,0.5,0.0,0.0,0.0,0.0,0.0,0.0,0.0,20,0.03543339668114619,0.14098487368645876,0.00000020044067135,0.00000015320983109,1,4,0.0,0.0
consensus,homogeneous,24,H12,cons_ndist_speak,false,true,0,4398895106259038200.0,0,0.5,0.0,0.0,0.0,0.05,0.1,0.1,0.05,15,0.00771504468878602,0.08080908047392137,0.0000137621485274,0.00000070299880338,1,3,0.0,0.0
consensus,homogeneous,33,H15,cons_dist_nospeak,true,false,0,8803618445054126100.0,0,0.5,0.0,0.0,0.0,0.0,0.0,0.0,0.0,15,0.00240269204389574,0.04401345351033218,0.00000000629975378,0.00000000001000156,1,3,0.0,0.0
consensus,heterogeneous,6,M7,cons_dist_speak,true,true,0,109591146466576384.0,0,0.5,0.0,0.0,0.0,0.0,0.0,0.0,0.0,20,0.03543339668114619,0.12885476017463623,0.00000020044067135,0.00000015320983109,1,4,0.0,0.0
consensus,heterogeneous,2,M2,cons_ndist_speak,false,true,0,4398895106259038200.0,0,0.05,0.0,0.0,0.0,0.05,0.1,0.1,0.05,90,0.03720528978052128,0.14391871382761562,0.00037106051978627,0.00024163824018072,2,4,0.0,0.0
consensus,homogeneous,33,H15,cons_dist_nospeak,true,false,0,4342572612484808700.0,0,0.5,0.0,0.0,0.0,0.0,0.0,0.0,0.0,15,0.00240269204389574,0.04401345351033218,0.00000000629975378,0.00000000001000156,1,3,0.0,0.0
consensus,homogeneous,24,H12,cons_ndist_speak,false,true,0,4342572612484808700.0,0,0.5,0.0,0.0,0.0,0.05,0.1,0.1,0.05,15,0.00771504468878602,0.05628408408288295,0.0000137621485274,0.00000070299880338,1,3,0.0,0.0
consensus,homogeneous,33,H15,cons_dist_nospeak,true,false,0,7043372089166577700.0,0,0.5,0.0,0.0,0.0,0.0,0.0,0.0,0.0,15,0.00240269204389574,0.04401345351033218,0.00000000629975378,0.00000000001000156,1,3,0.0,0.0
consensus,heterogeneous,6,M7,cons_dist_speak,true,true,0,4286360386944651300.0,0,0.5,0.0,0.0,0.0,0.0,0.0,0.0,0.0,20,0.03543339668114619,0.11657571608299483,0.00000020044067135,0.00000015320983109,1,4,0.0,0.0
clustering,heterogeneous,43,M36,clst_ndist_speak,false,true,0,7139002048363152400.0,0,0.05,0.2,0.0,0.0,0.05,0.1,0.1,0.05,200,0.02855030368548523,0.1640083212691111,0.00035831635470982,0.00015941774997022,2,4,0.0,0.0
consensus,homogeneous,33,H15,cons_dist_nospeak,true,false,0,109591146466576384.0,0,0.5,0.0,0.0,0.0,0.0,0.0,0.0,0.0,15,0.00240269204389574,0.04401345351033218,0.00000000629975378,0.00000000001000156,1,3,0.0,0.0
clustering,heterogeneous,43,M36,clst_ndist_speak,false,true,0,7240713591891685400.0,0,0.05,0.2,0.0,0.0,0.05,0.1,0.1,0.05,180,0.02855030368548523,0.16096430949030893,0.00052595495482653,0.00024025183002512,2,4,0.0,0.0
consensus,homogeneous,24,H12,cons_ndist_speak,false,true,0,7128893484183252000.0,0,0.5,0.0,0.0,0.0,0.05,0.1,0.1,0.05,15,0.00771504468878602,0.04596503602658276,0.0000137621485274,0.00000070299880338,1,3,0.0,0.0
consensus,homogeneous,36,H17,cons_dist_speak,true,true,0,4398895106259038200.0,0,0.5,0.0,0.0,0.0,0.2,0.0,0.0,0.0,45,0.00843213567863132,0.04225683038585964,0.00003091155753281,0.00002943869908424,1,3,0.0,0.0
consensus,homogeneous,23,H11,cons_dist_nospeak,true,false,0,7139002048363152400.0,0,0.05,0.0,0.0,0.0,0.0,0.0,0.0,0.0,45,0.01309938700274348,0.06203182910559403,0.0002209575830719,0.00007705535379922,1,4,0.0,0.0
consensus,homogeneous,24,H12,cons_ndist_speak,false,true,0,8803618445054126100.0,0,0.5,0.0,0.0,0.0,0.05,0.1,0.1,0.05,15,0.00771504468878602,0.05367852700820315,0.0000137621485274,0.00000070299880338,1,3,0.0,0.0
clustering,heterogeneous,43,M36,clst_ndist_speak,false,true,0,4692690466958798800.0,0,0.05,0.2,0.0,0.0,0.05,0.1,0.1,0.05,195,0.02855030368548523,0.16488803277579658,0.00042504140367249,0.0001499506692768,2,4,0.0,0.0
consensus,homogeneous,33,H15,cons_dist_nospeak,true,false,0,1841142524168585220.0,0,0.5,0.0,0.0,0.0,0.0,0.0,0.0,0.0,15,0.00240269204389574,0.04401345351033218,0.00000000629975378,0.00000000001000156,1,3,0.0,0.0
consensus,heterogeneous,2,M2,cons_ndist_speak,false,true,0,8803618445054126100.0,0,0.05,0.0,0.0,0.0,0.05,0.1,0.1,0.05,95,0.03720528978052128,0.1488010843587504,0.00037106051978627,0.00018759092338391,1,4,0.0,0.0
consensus,homogeneous,33,H15,cons_dist_nospeak,true,false,0,7128893484183252000.0,0,0.5,0.0,0.0,0.0,0.0,0.0,0.0,0.0,15,0.00240269204389574,0.04401345351033218,0.00000000629975378,0.00000000001000156,1,3,0.0,0.0
consensus,homogeneous,23,H11,cons_dist_nospeak,true,false,0,4477927936947039200.0,0,0.05,0.0,0.0,0.0,0.0,0.0,0.0,0.0,45,0.01309938700274348,0.06203182910559403,0.0002209575830719,0.00007705535379922,1,4,0.0,0.0
consensus,homogeneous,24,H12,cons_ndist_speak,false,true,0,7240713591891685400.0,0,0.05,0.0,0.0,0.0,0.05,0.1,0.1,0.05,65,0.00771504468878602,0.03661667348149125,0.00035148076359954,0.00024751608633552,1,3,0.0,0.0
consensus,homogeneous,23,H11,cons_dist_nospeak,true,false,0,6905470370856337400.0,0,0.05,0.0,0.0,0.0,0.0,0.0,0.0,0.0,45,0.01309938700274348,0.06203182910559403,0.0002209575830719,0.00007705535379922,1,4,0.0,0.0
consensus,homogeneous,24,H12,cons_ndist_speak,false,true,0,109591146466576384.0,0,0.5,0.0,0.0,0.0,0.05,0.1,0.1,0.05,15,0.00771504468878602,0.05660825180314501,0.0000137621485274,0.00000070299880338,1,3,0.0,0.0
consensus,homogeneous,42,H21,cons_ndist_speak,false,true,0,7240713591891685400.0,0,0.5,0.0,0.0,0.0,0.05,0.1,0.1,0.05,15,0.00128224062821502,0.03773631037007293,0.00000228726944369,0.00000007299791373,1,1,0.0,0.0
consensus,homogeneous,23,H11,cons_dist_nospeak,true,false,0,4286360386944651300.0,0,0.05,0.0,0.0,0.0,0.0,0.0,0.0,0.0,45,0.01309938700274348,0.06203182910559403,0.0002209575830719,0.00007705535379922,1,4,0.0,0.0
consensus,homogeneous,5,H3,cons_dist_speak,true,true,0,4692690466958798800.0,0,0.5,0.0,0.0,0.0,0.2,0.0,0.0,0.0,20,0.01398999086696009,0.11541532327723174,0.00003113707345163,0.00004322549083629,1,4,0.0,0.0
clustering,heterogeneous,43,M36,clst_ndist_speak,false,true,0,6905470370856337400.0,0,0.05,0.2,0.0,0.0,0.05,0.1,0.1,0.05,200,0.02855030368548523,0.16211233899250085,0.00046147547330787,0.00020910467930579,2,4,0.0,0.0
consensus,homogeneous,42,H21,cons_ndist_speak,false,true,0,7139002048363152400.0,0,0.5,0.0,0.0,0.0,0.05,0.1,0.1,0.05,15,0.00128224062821502,0.03652204860224666,0.00000228726944369,0.00000007299791373,1,1,0.0,0.0
consensus,homogeneous,33,H15,cons_dist_nospeak,true,false,0,4286360386944651300.0,0,0.5,0.0,0.0,0.0,0.0,0.0,0.0,0.0,15,0.00240269204389574,0.04401345351033218,0.00000000629975378,0.00000000001000156,1,3,0.0,0.0
consensus,homogeneous,5,H3,cons_dist_speak,true,true,0,6905470370856337400.0,0,0.5,0.0,0.0,0.0,0.2,0.0,0.0,0.0,15,0.01398999086696009,0.12564392495414836,0.00004908491661965,0.00000537150725082,1,4,0.0,0.0
clustering,heterogeneous,14,M15,clst_ndist_speak,false,true,0,7240713591891685400.0,0,0.05,0.2,0.0,0.0,0.05,0.1,0.1,0.05,290,0.02458731638660266,0.11255866248357259,0.00018513480753006,0.00011220701940972,1,5,0.0,0.0
consensus,homogeneous,24,H12,cons_ndist_speak,false,true,0,7043372089166577700.0,0,0.5,0.0,0.0,0.0,0.05,0.1,0.1,0.05,15,0.00771504468878602,0.04932346499899061,0.0000137621485274,0.00000070299880338,1,3,0.0,0.0
consensus,homogeneous,5,H3,cons_dist_speak,true,true,0,7128893484183252000.0,0,0.5,0.0,0.0,0.0,0.2,0.0,0.0,0.0,20,0.01398999086696009,0.12688039102486637,0.00000104024556635,0.00000086178995244,1,4,0.0,0.0
consensus,homogeneous,23,H11,cons_dist_nospeak,true,false,0,4342572612484808700.0,0,0.05,0.0,0.0,0.0,0.0,0.0,0.0,0.0,45,0.01309938700274348,0.06203182910559403,0.0002209575830719,0.00007705535379922,1,4,0.0,0.0
consensus,homogeneous,24,H12,cons_ndist_speak,false,true,0,4286360386944651300.0,0,0.5,0.0,0.0,0.0,0.05,0.1,0.1,0.05,15,0.00771504468878602,0.05301011848967878,0.0000137621485274,0.00000070299880338,1,3,0.0,0.0
consensus,homogeneous,24,H12,cons_ndist_speak,false,true,0,4477927936947039200.0,0,0.5,0.0,0.0,0.0,0.05,0.1,0.1,0.05,15,0.00771504468878602,0.05090499116610132,0.0000137621485274,0.00000070299880338,1,3,0.0,0.0
consensus,homogeneous,5,H3,cons_dist_speak,true,true,0,8636175130330607600.0,0,0.5,0.0,0.0,0.0,0.2,0.0,0.0,0.0,25,0.01398999086696009,0.12813679957762833,0.00000094954157257,0.00000027089561206,1,4,0.0,0.0
consensus,homogeneous,23,H11,cons_dist_nospeak,true,false,0,7128893484183252000.0,0,0.05,0.0,0.0,0.0,0.0,0.0,0.0,0.0,45,0.01309938700274348,0.06203182910559403,0.0002209575830719,0.00007705535379922,1,4,0.0,0.0
clustering,heterogeneous,43,M36,clst_ndist_speak,false,true,0,8636175130330607600.0,0,0.05,0.2,0.0,0.0,0.05,0.1,0.1,0.05,225,0.02855030368548523,0.1701713058949402,0.00021981739526088,0.00010774833391336,1,4,0.0,0.0
consensus,homogeneous,5,H3,cons_dist_speak,true,true,0,7139002048363152400.0,0,0.5,0.0,0.0,0.0,0.2,0.0,0.0,0.0,20,0.01398999086696009,0.13203325972428462,0.00000528519959555,0.00000465161900713,1,4,0.0,0.0
consensus,homogeneous,42,H21,cons_ndist_speak,false,true,0,8636175130330607600.0,0,0.5,0.0,0.0,0.0,0.05,0.1,0.1,0.05,15,0.00128224062821502,0.03708480194142831,0.00000228726944369,0.00000007299791373,1,1,0.0,0.0
consensus,homogeneous,23,H11,cons_dist_nospeak,true,false,0,4692690466958798800.0,0,0.05,0.0,0.0,0.0,0.0,0.0,0.0,0.0,45,0.01309938700274348,0.06203182910559403,0.0002209575830719,0.00007705535379922,1,4,0.0,0.0
consensus,homogeneous,42,H21,cons_ndist_speak,false,true,0,4692690466958798800.0,0,0.5,0.0,0.0,0.0,0.05,0.1,0.1,0.05,15,0.00128224062821502,0.04292965735179748,0.00000228726944369,0.00000007299791373,1,1,0.0,0.0
consensus,homogeneous,5,H3,cons_dist_speak,true,true,0,4398895106259038200.0,0,0.5,0.0,0.0,0.0,0.2,0.0,0.0,0.0,20,0.01398999086696009,0.13080239467208124,0.00000366426316735,0.0000032177317457,1,4,0.0,0.0
consensus,homogeneous,23,H11,cons_dist_nospeak,true,false,0,109591146466576384.0,0,0.05,0.0,0.0,0.0,0.0,0.0,0.0,0.0,45,0.01309938700274348,0.06203182910559403,0.0002209575830719,0.00007705535379922,1,4,0.0,0.0
consensus,homogeneous,42,H21,cons_ndist_speak,false,true,0,4398895106259038200.0,0,0.5,0.0,0.0,0.0,0.05,0.1,0.1,0.05,15,0.00128224062821502,0.03580712821355887,0.00000228726944369,0.00000007299791373,1,1,0.0,0.0
consensus,homogeneous,5,H3,cons_dist_speak,true,true,0,7240713591891685400.0,0,0.5,0.0,0.0,0.0,0.2,0.0,0.0,0.0,20,0.01398999086696009,0.13672777904169145,0.00001976997094682,0.00001987157465022,2,4,0.0,0.0
consensus,homogeneous,42,H21,cons_ndist_speak,false,true,0,6905470370856337400.0,0,0.5,0.0,0.0,0.0,0.05,0.1,0.1,0.05,15,0.00128224062821502,0.04633231386355034,0.00000228726944369,0.00000007299791373,1,1,0.0,0.0
consensus,homogeneous,24,H12,cons_ndist_speak,false,true,0,1841142524168585220.0,0,0.05,0.0,0.0,0.0,0.05,0.1,0.1,0.05,60,0.00771504468878602,0.03445411806648864,0.00035148076359954,0.00031882860023099,1,3,0.0,0.0
consensus,homogeneous,5,H3,cons_dist_speak,true,true,0,8803618445054126100.0,0,0.5,0.0,0.0,0.0,0.2,0.0,0.0,0.0,20,0.01398999086696009,0.13365527641045197,0.00000876854833346,0.0000087691194141,1,4,0.0,0.0
consensus,homogeneous,23,H11,cons_dist_nospeak,true,false,0,7043372089166577700.0,0,0.05,0.0,0.0,0.0,0.0,0.0,0.0,0.0,45,0.01309938700274348,0.06203182910559403,0.0002209575830719,0.00007705535379922,1,4,0.0,0.0
consensus,homogeneous,5,H3,cons_dist_speak,true,true,0,1841142524168585220.0,0,0.5,0.0,0.0,0.0,0.2,0.0,0.0,0.0,20,0.01398999086696009,0.13984178610855466,0.00003351131109347,0.00004275232933707,2,4,0.0,0.0
consensus,homogeneous,17,H7,cons_dist_nospeak,true,false,0,4692690466958798800.0,0,0.5,0.0,0.0,0.0,0.0,0.0,0.0,0.0,15,0.00399529565091067,0.03691648554055279,0.00000000865684063,0.00000000001247794,1,3,0.0,0.0
consensus,homogeneous,42,H21,cons_ndist_speak,false,true,0,1841142524168585220.0,0,0.5,0.0,0.0,0.0,0.05,0.1,0.1,0.05,15,0.00128224062821502,0.04087912035572154,0.00000228726944369,0.00000007299791373,1,1,0.0,0.0
consensus,homogeneous,42,H21,cons_ndist_speak,false,true,0,109591146466576384.0,0,0.5,0.0,0.0,0.0,0.05,0.1,0.1,0.05,15,0.00128224062821502,0.03855167501259769,0.00000228726944369,0.00000007299791373,1,1,0.0,0.0
consensus,homogeneous,24,H12,cons_ndist_speak,false,true,0,8636175130330607600.0,0,0.05,0.0,0.0,0.0,0.05,0.1,0.1,0.05,65,0.00771504468878602,0.03921763329924546,0.00035148076359954,0.00024751608633551,1,3,0.0,0.0
consensus,homogeneous,5,H3,cons_dist_speak,true,true,0,109591146466576384.0,0,0.5,0.0,0.0,0.0,0.2,0.0,0.0,0.0,20,0.01398999086696009,0.1308950621563811,0.00000434426492673,0.00000435529415825,1,4,0.0,0.0
consensus,homogeneous,17,H7,cons_dist_nospeak,true,false,0,5702577027890589700.0,0,0.5,0.0,0.0,0.0,0.0,0.0,0.0,0.0,15,0.00399529565091067,0.03691648554055279,0.00000000865684063,0.00000000001247794,1,3,0.0,0.0
consensus,homogeneous,5,H3,cons_dist_speak,true,true,0,5702577027890589700.0,0,0.5,0.0,0.0,0.0,0.2,0.0,0.0,0.0,20,0.01398999086696009,0.13605258287190172,0.00001599481645834,0.00001664128326312,2,4,0.0,0.0
consensus,homogeneous,42,H21,cons_ndist_speak,false,true,0,5702577027890589700.0,0,0.5,0.0,0.0,0.0,0.05,0.1,0.1,0.05,15,0.00128224062821502,0.03956053598119107,0.00000228726944369,0.00000007299791373,1,1,0.0,0.0
consensus,homogeneous,42,H21,cons_ndist_speak,false,true,0,8803618445054126100.0,0,0.5,0.0,0.0,0.0,0.05,0.1,0.1,0.05,15,0.00128224062821502,0.03620395459916771,0.00000228726944369,0.00000007299791373,1,1,0.0,0.0
consensus,homogeneous,17,H7,cons_dist_nospeak,true,false,0,7139002048363152400.0,0,0.5,0.0,0.0,0.0,0.0,0.0,0.0,0.0,15,0.00399529565091067,0.03691648554055279,0.00000000865684063,0.00000000001247794,1,3,0.0,0.0
consensus,homogeneous,17,H7,cons_dist_nospeak,true,false,0,7240713591891685400.0,0,0.5,0.0,0.0,0.0,0.0,0.0,0.0,0.0,15,0.00399529565091067,0.03691648554055279,0.00000000865684063,0.00000000001247794,1,3,0.0,0.0
consensus,homogeneous,5,H3,cons_dist_speak,true,true,0,4342572612484808700.0,0,0.5,0.0,0.0,0.0,0.2,0.0,0.0,0.0,20,0.01398999086696009,0.12298214422625353,0.00000293096537535,0.00000323529559369,1,4,0.0,0.0
consensus,homogeneous,42,H21,cons_ndist_speak,false,true,0,7043372089166577700.0,0,0.5,0.0,0.0,0.0,0.05,0.1,0.1,0.05,15,0.00128224062821502,0.03877136784076694,0.00000228726944369,0.00000007299791373,1,1,0.0,0.0
consensus,homogeneous,17,H7,cons_dist_nospeak,true,false,0,6905470370856337400.0,0,0.5,0.0,0.0,0.0,0.0,0.0,0.0,0.0,15,0.00399529565091067,0.03691648554055279,0.00000000865684063,0.00000000001247794,1,3,0.0,0.0
consensus,homogeneous,33,H15,cons_dist_speak,true,true,0,7240713591891685400.0,0,0.5,0.0,0.0,0.0,0.0,0.0,0.0,0.0,15,0.00240269204389574,0.0462849972729736,0.00000428593820354,0.00000013178782961,1,3,0.0,0.0
consensus,homogeneous,40,H18,cons_ndist_speak,false,true,0,7139002048363152400.0,0,0.5,0.0,0.0,0.0,0.05,0.1,0.1,0.05,15,0.00975649903013544,0.13615614084894212,0.00001740370849119,0.00000080799334477,1,2,0.0,0.0
consensus,homogeneous,24,H12,cons_ndist_speak,false,true,0,4692690466958798800.0,0,0.05,0.0,0.0,0.0,0.05,0.1,0.1,0.05,70,0.00771504468878602,0.03818883957489039,0.00021183312605544,0.00019215406946072,1,3,0.0,0.0
consensus,homogeneous,17,H7,cons_dist_nospeak,true,false,0,7043372089166577700.0,0,0.5,0.0,0.0,0.0,0.0,0.0,0.0,0.0,15,0.00399529565091067,0.03691648554055279,0.00000000865684063,0.00000000001247794,1,3,0.0,0.0
consensus,homogeneous,17,H7,cons_dist_nospeak,true,false,0,7128893484183252000.0,0,0.5,0.0,0.0,0.0,0.0,0.0,0.0,0.0,15,0.00399529565091067,0.03691648554055279,0.00000000865684063,0.00000000001247794,1,3,0.0,0.0
consensus,homogeneous,33,H15,cons_dist_speak,true,true,0,7139002048363152400.0,0,0.5,0.0,0.0,0.0,0.0,0.0,0.0,0.0,15,0.00240269204389574,0.04600638388418947,0.00000428593820354,0.00000013178782961,1,3,0.0,0.0
consensus,homogeneous,42,H21,cons_ndist_speak,false,true,0,4342572612484808700.0,0,0.5,0.0,0.0,0.0,0.05,0.1,0.1,0.05,15,0.00128224062821502,0.03696873302632649,0.00000228726944369,0.00000007299791373,1,1,0.0,0.0
consensus,homogeneous,17,H7,cons_dist_nospeak,true,false,0,8636175130330607600.0,0,0.5,0.0,0.0,0.0,0.0,0.0,0.0,0.0,15,0.00399529565091067,0.03691648554055279,0.00000000865684063,0.00000000001247794,1,3,0.0,0.0
consensus,homogeneous,5,H3,cons_dist_speak,true,true,0,4477927936947039200.0,0,0.5,0.0,0.0,0.0,0.2,0.0,0.0,0.0,20,0.01398999086696009,0.11890874106199112,0.00001612638986495,0.00002122211256835,1,4,0.0,0.0
consensus,homogeneous,17,H7,cons_dist_nospeak,true,false,0,1841142524168585220.0,0,0.5,0.0,0.0,0.0,0.0,0.0,0.0,0.0,15,0.00399529565091067,0.03691648554055279,0.00000000865684063,0.00000000001247794,1,3,0.0,0.0
consensus,homogeneous,5,H3,cons_dist_speak,true,true,0,4286360386944651300.0,0,0.5,0.0,0.0,0.0,0.2,0.0,0.0,0.0,20,0.01398999086696009,0.13248654729047524,0.00000551004545795,0.00000473976482616,1,4,0.0,0.0
consensus,homogeneous,42,H21,cons_ndist_speak,false,true,0,4286360386944651300.0,0,0.5,0.0,0.0,0.0,0.05,0.1,0.1,0.05,15,0.00128224062821502,0.06075369940723864,0.00000228726944369,0.00000007299791373,1,1,0.0,0.0
consensus,homogeneous,17,H7,cons_dist_nospeak,true,false,0,109591146466576384.0,0,0.5,0.0,0.0,0.0,0.0,0.0,0.0,0.0,15,0.00399529565091067,0.03691648554055279,0.00000000865684063,0.00000000001247794,1,3,0.0,0.0
consensus,homogeneous,17,H7,cons_dist_nospeak,true,false,0,8803618445054126100.0,0,0.5,0.0,0.0,0.0,0.0,0.0,0.0,0.0,15,0.00399529565091067,0.03691648554055279,0.00000000865684063,0.00000000001247794,1,3,0.0,0.0
consensus,homogeneous,24,H12,cons_ndist_speak,false,true,0,6905470370856337400.0,0,0.05,0.0,0.0,0.0,0.05,0.1,0.1,0.05,65,0.00771504468878602,0.03494050917844389,0.00035148076359954,0.00024751608633551,1,3,0.0,0.0
consensus,homogeneous,17,H7,cons_dist_nospeak,true,false,0,4477927936947039200.0,0,0.5,0.0,0.0,0.0,0.0,0.0,0.0,0.0,15,0.00399529565091067,0.03691648554055279,0.00000000865684063,0.00000000001247794,1,3,0.0,0.0
consensus,homogeneous,40,H18,cons_ndist_speak,false,true,0,4692690466958798800.0,0,0.5,0.0,0.0,0.0,0.05,0.1,0.1,0.05,15,0.00975649903013544,0.11155837180012919,0.00001740370849119,0.00000080799334477,1,2,0.0,0.0
consensus,homogeneous,33,H15,cons_dist_speak,true,true,0,8636175130330607600.0,0,0.5,0.0,0.0,0.0,0.0,0.0,0.0,0.0,15,0.00240269204389574,0.04571211280051146,0.00000428593820354,0.00000013178782961,1,3,0.0,0.0
clustering,heterogeneous,12,M13,clst_ndist_speak,false,true,0,7139002048363152400.0,0,0.05,0.2,0.0,0.0,0.05,0.1,0.1,0.05,290,0.03278937715525453,0.1566594986821689,0.00024226248781619,0.00026318502454619,2,5,0.0,0.0
consensus,homogeneous,40,H18,cons_ndist_speak,false,true,0,7240713591891685400.0,0,0.5,0.0,0.0,0.0,0.05,0.1,0.1,0.05,15,0.00975649903013544,0.1388387338043956,0.00001740370849119,0.00000080799334477,1,2,0.0,0.0
consensus,homogeneous,17,H7,cons_dist_nospeak,true,false,0,4342572612484808700.0,0,0.5,0.0,0.0,0.0,0.0,0.0,0.0,0.0,15,0.00399529565091067,0.03691648554055279,0.00000000865684063,0.00000000001247794,1,3,0.0,0.0
consensus,homogeneous,33,H15,cons_dist_speak,true,true,0,4692690466958798800.0,0,0.5,0.0,0.0,0.0,0.0,0.0,0.0,0.0,15,0.00240269204389574,0.04406979587672857,0.00000428593820354,0.00000013178782961,1,3,0.0,0.0
consensus,homogeneous,24,H12,cons_ndist_speak,false,true,0,7139002048363152400.0,0,0.05,0.0,0.0,0.0,0.05,0.1,0.1,0.05,70,0.00771504468878602,0.03984821210251663,0.00021183312605544,0.00019215406946072,1,3,0.0,0.0
consensus,homogeneous,33,H15,cons_dist_speak,true,true,0,4342572612484808700.0,0,0.5,0.0,0.0,0.0,0.0,0.0,0.0,0.0,15,0.00240269204389574,0.05216356233900634,0.00000428593820354,0.00000013178782961,1,3,0.0,0.0
consensus,homogeneous,36,H17,cons_dist_nospeak,true,false,0,7240713591891685400.0,0,0.05,0.0,0.0,0.0,0.0,0.0,0.0,0.0,40,0.00843213567863132,0.06265731158567844,0.00014176368342899,0.0000815436531459,1,3,0.0,0.0
consensus,homogeneous,42,H21,cons_ndist_speak,false,true,0,4477927936947039200.0,0,0.5,0.0,0.0,0.0,0.05,0.1,0.1,0.05,15,0.00128224062821502,0.03826766684391329,0.00000228726944369,0.00000007299791373,1,1,0.0,0.0
consensus,homogeneous,33,H15,cons_dist_speak,true,true,0,6905470370856337400.0,0,0.5,0.0,0.0,0.0,0.0,0.0,0.0,0.0,15,0.00240269204389574,0.04402963409967804,0.00000428593820354,0.00000013178782961,1,3,0.0,0.0
consensus,homogeneous,17,H7,cons_dist_nospeak,true,false,0,4286360386944651300.0,0,0.5,0.0,0.0,0.0,0.0,0.0,0.0,0.0,15,0.00399529565091067,0.03691648554055279,0.00000000865684063,0.00000000001247794,1,3,0.0,0.0
consensus,homogeneous,42,H21,cons_ndist_speak,false,true,0,7128893484183252000.0,0,0.5,0.0,0.0,0.0,0.05,0.1,0.1,0.05,15,0.00128224062821502,0.04083814196693077,0.00000228726944369,0.00000007299791373,1,1,0.0,0.0
consensus,homogeneous,5,H3,cons_dist_speak,true,true,0,7043372089166577700.0,0,0.5,0.0,0.0,0.0,0.2,0.0,0.0,0.0,30,0.01398999086696009,0.1195204290739792,0.00000699696999528,0.00000567004497596,1,4,0.0,0.0
consensus,heterogeneous,2,M2,cons_ndist_speak,false,true,0,4286360386944651300.0,0,0.05,0.0,0.0,0.0,0.05,0.1,0.1,0.05,90,0.03720528978052128,0.15398574037613327,0.00037106051978627,0.00024163824018071,1,4,0.0,0.0
consensus,homogeneous,17,H7,cons_dist_nospeak,true,false,0,4398895106259038200.0,0,0.5,0.0,0.0,0.0,0.0,0.0,0.0,0.0,15,0.00399529565091067,0.03691648554055279,0.00000000865684063,0.00000000001247794,1,3,0.0,0.0
consensus,homogeneous,33,H15,cons_dist_speak,true,true,0,5702577027890589700.0,0,0.5,0.0,0.0,0.0,0.0,0.0,0.0,0.0,15,0.00240269204389574,0.04678409552941092,0.00000428593820354,0.00000013178782961,1,3,0.0,0.0
consensus,heterogeneous,2,M2,cons_ndist_speak,false,true,0,4477927936947039200.0,0,0.05,0.0,0.0,0.0,0.05,0.1,0.1,0.05,95,0.03720528978052128,0.14946688492956195,0.00037106051978627,0.00018759092338391,1,4,0.0,0.0
clustering,heterogeneous,12,M13,clst_ndist_speak,false,true,0,6905470370856337400.0,0,0.05,0.2,0.0,0.0,0.05,0.1,0.1,0.05,285,0.03278937715525453,0.12471049731752377,0.00604231235370432,0.00767286345191493,2,5,0.0,0.0
consensus,homogeneous,33,H15,cons_dist_speak,true,true,0,1841142524168585220.0,0,0.5,0.0,0.0,0.0,0.0,0.0,0.0,0.0,15,0.00240269204389574,0.04641007496177716,0.00000428593820354,0.00000013178782961,1,3,0.0,0.0
clustering,heterogeneous,12,M13,clst_ndist_speak,false,true,0,7240713591891685400.0,0,0.05,0.2,0.0,0.0,0.05,0.1,0.1,0.05,300,0.03278937715525453,0.11611207990818795,0.00635210376492547,0.00731095987581688,2,5,0.0,0.0
consensus,homogeneous,40,H18,cons_ndist_speak,false,true,0,8636175130330607600.0,0,0.5,0.0,0.0,0.0,0.05,0.1,0.1,0.05,15,0.00975649903013544,0.1344981521547367,0.00001740370849119,0.00000080799334477,1,2,0.0,0.0
consensus,homogeneous,36,H17,cons_dist_nospeak,true,false,0,7139002048363152400.0,0,0.05,0.0,0.0,0.0,0.0,0.0,0.0,0.0,40,0.00843213567863132,0.06265731158567844,0.00014176368342899,0.0000815436531459,1,3,0.0,0.0
consensus,homogeneous,40,H18,cons_ndist_speak,false,true,0,5702577027890589700.0,0,0.5,0.0,0.0,0.0,0.05,0.1,0.1,0.05,15,0.00975649903013544,0.12865864995230247,0.00001740370849119,0.00000080799334477,2,2,0.0,0.0
consensus,homogeneous,33,H15,cons_dist_speak,true,true,0,7043372089166577700.0,0,0.5,0.0,0.0,0.0,0.0,0.0,0.0,0.0,15,0.00240269204389574,0.04532216137859342,0.00000428593820354,0.00000013178782961,1,3,0.0,0.0
consensus,homogeneous,40,H18,cons_ndist_speak,false,true,0,6905470370856337400.0,0,0.5,0.0,0.0,0.0,0.05,0.1,0.1,0.05,15,0.00975649903013544,0.11128090682817597,0.00001740370849119,0.00000080799334477,1,2,0.0,0.0
consensus,homogeneous,36,H17,cons_dist_nospeak,true,false,0,5702577027890589700.0,0,0.05,0.0,0.0,0.0,0.0,0.0,0.0,0.0,40,0.00843213567863132,0.06265731158567844,0.00014176368342899,0.0000815436531459,1,3,0.0,0.0
consensus,homogeneous,33,H15,cons_dist_speak,true,true,0,4398895106259038200.0,0,0.5,0.0,0.0,0.0,0.0,0.0,0.0,0.0,15,0.00240269204389574,0.04689479743149923,0.00000428593820354,0.00000013178782961,1,3,0.0,0.0
consensus,homogeneous,40,H18,cons_ndist_speak,false,true,0,1841142524168585220.0,0,0.5,0.0,0.0,0.0,0.05,0.1,0.1,0.05,15,0.00975649903013544,0.13288951401443277,0.00001740370849119,0.00000080799334477,1,2,0.0,0.0
consensus,homogeneous,36,H17,cons_dist_nospeak,true,false,0,4692690466958798800.0,0,0.05,0.0,0.0,0.0,0.0,0.0,0.0,0.0,40,0.00843213567863132,0.06265731158567844,0.00014176368342899,0.0000815436531459,1,3,0.0,0.0
consensus,homogeneous,40,H18,cons_ndist_speak,false,true,0,4398895106259038200.0,0,0.5,0.0,0.0,0.0,0.05,0.1,0.1,0.05,15,0.00975649903013544,0.16703876660412126,0.00001740370849119,0.00000080799334477,1,2,0.0,0.0
consensus,homogeneous,33,H15,cons_dist_speak,true,true,0,7128893484183252000.0,0,0.5,0.0,0.0,0.0,0.0,0.0,0.0,0.0,15,0.00240269204389574,0.04746738662296501,0.00000428593820354,0.00000013178782961,1,3,0.0,0.0
consensus,homogeneous,33,H15,cons_dist_speak,true,true,0,8803618445054126100.0,0,0.5,0.0,0.0,0.0,0.0,0.0,0.0,0.0,15,0.00240269204389574,0.04609149354175864,0.00000428593820354,0.00000013178782961,1,3,0.0,0.0
consensus,homogeneous,40,H18,cons_ndist_speak,false,true,0,8803618445054126100.0,0,0.5,0.0,0.0,0.0,0.05,0.1,0.1,0.05,15,0.00975649903013544,0.14060488384435582,0.00001740370849119,0.00000080799334477,1,2,0.0,0.0
consensus,homogeneous,36,H17,cons_dist_nospeak,true,false,0,4342572612484808700.0,0,0.05,0.0,0.0,0.0,0.0,0.0,0.0,0.0,40,0.00843213567863132,0.06265731158567844,0.00014176368342899,0.0000815436531459,1,3,0.0,0.0
consensus,homogeneous,24,H12,cons_ndist_speak,false,true,0,4286360386944651300.0,0,0.05,0.0,0.0,0.0,0.05,0.1,0.1,0.05,65,0.00771504468878602,0.03494050917844382,0.00035148076359954,0.00024751608633552,1,3,0.0,0.0
consensus,homogeneous,33,H15,cons_dist_speak,true,true,0,109591146466576384.0,0,0.5,0.0,0.0,0.0,0.0,0.0,0.0,0.0,15,0.00240269204389574,0.04475217232657434,0.00000428593820354,0.00000013178782961,1,3,0.0,0.0
consensus,homogeneous,36,H17,cons_dist_nospeak,true,false,0,7128893484183252000.0,0,0.05,0.0,0.0,0.0,0.0,0.0,0.0,0.0,40,0.00843213567863132,0.06265731158567844,0.00014176368342899,0.0000815436531459,1,3,0.0,0.0
consensus,homogeneous,40,H18,cons_ndist_speak,false,true,0,7128893484183252000.0,0,0.5,0.0,0.0,0.0,0.05,0.1,0.1,0.05,15,0.00975649903013544,0.11967006951433902,0.00001740370849119,0.00000080799334477,1,2,0.0,0.0
consensus,homogeneous,40,H18,cons_dist_nospeak,true,false,0,7139002048363152400.0,0,0.5,0.0,0.0,0.0,0.2,0.0,0.0,0.0,15,0.00975649903013544,0.16251472170712086,0.00000612358588079,0.00000016332931527,1,2,0.0,0.0
consensus,homogeneous,24,H12,cons_ndist_speak,false,true,0,4342572612484808700.0,0,0.05,0.0,0.0,0.0,0.05,0.1,0.1,0.05,70,0.00771504468878602,0.03632516635337028,0.00021183312605544,0.00019215406946072,1,3,0.0,0.0
consensus,homogeneous,23,H11,cons_dist_speak,true,true,0,4692690466958798800.0,0,0.05,0.0,0.0,0.0,0.0,0.0,0.0,0.0,60,0.01309938700274348,0.05640961495629102,0.00059677976371315,0.00034649775290407,2,4,0.0,0.0
consensus,homogeneous,36,H17,cons_dist_nospeak,true,false,0,8636175130330607600.0,0,0.05,0.0,0.0,0.0,0.0,0.0,0.0,0.0,40,0.00843213567863132,0.06265731158567844,0.00014176368342899,0.0000815436531459,1,3,0.0,0.0
consensus,homogeneous,40,H18,cons_ndist_speak,false,true,0,4342572612484808700.0,0,0.5,0.0,0.0,0.0,0.05,0.1,0.1,0.05,15,0.00975649903013544,0.13300638019744082,0.00001740370849119,0.00000080799334477,1,2,0.0,0.0
consensus,homogeneous,40,H18,cons_ndist_speak,false,true,0,7043372089166577700.0,0,0.5,0.0,0.0,0.0,0.05,0.1,0.1,0.05,15,0.00975649903013544,0.11644046215149988,0.00001740370849119,0.00000080799334477,1,2,0.0,0.0
consensus,homogeneous,40,H18,cons_dist_nospeak,true,false,0,7240713591891685400.0,0,0.5,0.0,0.0,0.0,0.2,0.0,0.0,0.0,15,0.00975649903013544,0.16251472170712086,0.00000612358588079,0.00000016332931527,1,2,0.0,0.0
consensus,homogeneous,33,H15,cons_dist_speak,true,true,0,4286360386944651300.0,0,0.5,0.0,0.0,0.0,0.0,0.0,0.0,0.0,15,0.00240269204389574,0.04669934044079009,0.00000428593820354,0.00000013178782961,1,3,0.0,0.0
consensus,homogeneous,24,H12,cons_ndist_speak,false,true,0,4398895106259038200.0,0,0.05,0.0,0.0,0.0,0.05,0.1,0.1,0.05,70,0.00771504468878602,0.04906184169570176,0.00021183312605544,0.00019215406946072,2,3,0.0,0.0
clustering,heterogeneous,12,M13,clst_ndist_speak,false,true,0,4692690466958798800.0,0,0.05,0.2,0.0,0.0,0.05,0.1,0.1,0.05,300,0.03278937715525453,0.1558308105887701,0.00026920458481805,0.00028232319330426,2,5,0.0,0.0
consensus,homogeneous,36,H17,cons_dist_nospeak,true,false,0,6905470370856337400.0,0,0.05,0.0,0.0,0.0,0.0,0.0,0.0,0.0,40,0.00843213567863132,0.06265731158567844,0.00014176368342899,0.0000815436531459,1,3,0.0,0.0
consensus,homogeneous,23,H11,cons_dist_speak,true,true,0,7128893484183252000.0,0,0.05,0.0,0.0,0.0,0.0,0.0,0.0,0.0,60,0.01309938700274348,0.05606807114953997,0.00059677976371315,0.00034649775290406,2,4,0.0,0.0
consensus,homogeneous,24,H12,cons_ndist_speak,false,true,0,4477927936947039200.0,0,0.05,0.0,0.0,0.0,0.05,0.1,0.1,0.05,60,0.00771504468878602,0.03695203722496239,0.00035148076359954,0.00031882860023099,1,3,0.0,0.0
consensus,homogeneous,40,H18,cons_dist_nospeak,true,false,0,4692690466958798800.0,0,0.5,0.0,0.0,0.0,0.2,0.0,0.0,0.0,15,0.00975649903013544,0.16251472170712086,0.00000612358588079,0.00000016332931527,1,2,0.0,0.0
consensus,homogeneous,23,H11,cons_dist_speak,true,true,0,1841142524168585220.0,0,0.05,0.0,0.0,0.0,0.0,0.0,0.0,0.0,65,0.01309938700274348,0.05702984286749042,0.00059677976371315,0.00026899646913962,2,4,0.0,0.0
consensus,homogeneous,24,H12,cons_ndist_speak,false,true,0,5702577027890589700.0,0,0.05,0.0,0.0,0.0,0.05,0.1,0.1,0.05,70,0.00771504468878602,0.04012810818342623,0.00021183312605544,0.00019215406946072,1,3,0.0,0.0
consensus,homogeneous,33,H15,cons_dist_speak,true,true,0,4477927936947039200.0,0,0.5,0.0,0.0,0.0,0.0,0.0,0.0,0.0,15,0.00240269204389574,0.0465385237551313,0.00000428593820354,0.00000013178782961,1,3,0.0,0.0
consensus,homogeneous,40,H18,cons_ndist_speak,false,true,0,4477927936947039200.0,0,0.5,0.0,0.0,0.0,0.05,0.1,0.1,0.05,15,0.00975649903013544,0.12985100173379294,0.00001740370849119,0.00000080799334477,2,2,0.0,0.0
consensus,homogeneous,36,H17,cons_dist_nospeak,true,false,0,8803618445054126100.0,0,0.05,0.0,0.0,0.0,0.0,0.0,0.0,0.0,40,0.00843213567863132,0.06265731158567844,0.00014176368342899,0.0000815436531459,1,3,0.0,0.0
consensus,homogeneous,24,H12,cons_ndist_speak,false,true,0,8803618445054126100.0,0,0.05,0.0,0.0,0.0,0.05,0.1,0.1,0.05,70,0.00771504468878602,0.040450042394314,0.00021183312605545,0.00019215406946072,1,3,0.0,0.0
consensus,homogeneous,36,H17,cons_dist_nospeak,true,false,0,4477927936947039200.0,0,0.05,0.0,0.0,0.0,0.0,0.0,0.0,0.0,40,0.00843213567863132,0.06265731158567844,0.00014176368342899,0.0000815436531459,1,3,0.0,0.0
consensus,homogeneous,36,H17,cons_dist_nospeak,true,false,0,4398895106259038200.0,0,0.05,0.0,0.0,0.0,0.0,0.0,0.0,0.0,40,0.00843213567863132,0.06265731158567844,0.00014176368342899,0.0000815436531459,1,3,0.0,0.0
consensus,homogeneous,36,H17,cons_dist_nospeak,true,false,0,1841142524168585220.0,0,0.05,0.0,0.0,0.0,0.0,0.0,0.0,0.0,40,0.00843213567863132,0.06265731158567844,0.00014176368342899,0.0000815436531459,1,3,0.0,0.0
consensus,homogeneous,40,H18,cons_ndist_speak,false,true,0,109591146466576384.0,0,0.5,0.0,0.0,0.0,0.05,0.1,0.1,0.05,15,0.00975649903013544,0.1385303299269221,0.00001740370849119,0.00000080799334477,1,2,0.0,0.0
consensus,homogeneous,23,H11,cons_dist_speak,true,true,0,8636175130330607600.0,0,0.05,0.0,0.0,0.0,0.0,0.0,0.0,0.0,65,0.01309938700274348,0.06002072563840129,0.00059677976371315,0.00026899646913962,2,4,0.0,0.0
consensus,homogeneous,40,H18,cons_dist_nospeak,true,false,0,8636175130330607600.0,0,0.5,0.0,0.0,0.0,0.2,0.0,0.0,0.0,15,0.00975649903013544,0.16251472170712086,0.00000612358588079,0.00000016332931527,1,2,0.0,0.0
consensus,homogeneous,40,H18,cons_ndist_speak,false,true,0,4286360386944651300.0,0,0.5,0.0,0.0,0.0,0.05,0.1,0.1,0.05,15,0.00975649903013544,0.1130779072380526,0.00001740370849119,0.00000080799334477,1,2,0.0,0.0
consensus,homogeneous,24,H12,cons_ndist_speak,false,true,0,109591146466576384.0,0,0.05,0.0,0.0,0.0,0.05,0.1,0.1,0.05,70,0.00771504468878602,0.04110018230187223,0.00021183312605544,0.00019215406946072,1,3,0.0,0.0
consensus,homogeneous,23,H11,cons_dist_speak,true,true,0,7139002048363152400.0,0,0.05,0.0,0.0,0.0,0.0,0.0,0.0,0.0,65,0.01309938700274348,0.05435679548149045,0.00059677976371315,0.00026899646913962,2,4,0.0,0.0
consensus,homogeneous,36,H17,cons_dist_nospeak,true,false,0,4286360386944651300.0,0,0.05,0.0,0.0,0.0,0.0,0.0,0.0,0.0,40,0.00843213567863132,0.06265731158567844,0.00014176368342899,0.0000815436531459,1,3,0.0,0.0
consensus,homogeneous,36,H17,cons_dist_nospeak,true,false,0,109591146466576384.0,0,0.05,0.0,0.0,0.0,0.0,0.0,0.0,0.0,40,0.00843213567863132,0.06265731158567844,0.00014176368342899,0.0000815436531459,1,3,0.0,0.0
consensus,homogeneous,23,H11,cons_dist_speak,true,true,0,7043372089166577700.0,0,0.05,0.0,0.0,0.0,0.0,0.0,0.0,0.0,65,0.01309938700274348,0.05747186571735151,0.00059677976371315,0.00026899646913962,2,4,0.0,0.0
consensus,homogeneous,23,H11,cons_dist_speak,true,true,0,4342572612484808700.0,0,0.05,0.0,0.0,0.0,0.0,0.0,0.0,0.0,60,0.01309938700274348,0.04884356614467439,0.00059677976371315,0.00034649775290406,1,4,0.0,0.0
consensus,homogeneous,24,H12,cons_ndist_speak,false,true,0,7043372089166577700.0,0,0.05,0.0,0.0,0.0,0.05,0.1,0.1,0.05,70,0.00771504468878602,0.03632516635337033,0.00021183312605544,0.00019215406946072,1,3,0.0,0.0
consensus,homogeneous,41,H20,cons_ndist_speak,false,true,0,8636175130330607600.0,0,0.05,0.0,0.0,0.0,0.05,0.1,0.1,0.05,15,0.00048024369855967,0.06407949154087197,0.00027514601069392,0.00013525274081677,1,1,0.0,0.0
consensus,homogeneous,23,H11,cons_dist_speak,true,true,0,4477927936947039200.0,0,0.05,0.0,0.0,0.0,0.0,0.0,0.0,0.0,65,0.01309938700274348,0.05754081446965771,0.00059677976371315,0.00026899646913962,2,4,0.0,0.0
consensus,homogeneous,40,H18,cons_dist_nospeak,true,false,0,1841142524168585220.0,0,0.5,0.0,0.0,0.0,0.2,0.0,0.0,0.0,15,0.00975649903013544,0.16251472170712086,0.00000612358588079,0.00000016332931527,1,2,0.0,0.0
consensus,homogeneous,24,H12,cons_ndist_speak,false,true,0,7128893484183252000.0,0,0.05,0.0,0.0,0.0,0.05,0.1,0.1,0.05,70,0.00771504468878602,0.03703307918637531,0.00021183312605544,0.00019215406946072,1,3,0.0,0.0
consensus,homogeneous,17,H7,cons_dist_speak,true,true,0,4692690466958798800.0,0,0.5,0.0,0.0,0.0,0.0,0.0,0.0,0.0,15,0.00399529565091067,0.04366034634895848,0.0000071268352131,0.00000029248745313,1,3,0.0,0.0
consensus,homogeneous,40,H18,cons_dist_nospeak,true,false,0,6905470370856337400.0,0,0.5,0.0,0.0,0.0,0.2,0.0,0.0,0.0,15,0.00975649903013544,0.16251472170712086,0.00000612358588079,0.00000016332931527,1,2,0.0,0.0
consensus,homogeneous,23,H11,cons_dist_speak,true,true,0,5702577027890589700.0,0,0.05,0.0,0.0,0.0,0.0,0.0,0.0,0.0,70,0.01309938700274348,0.05830092971885997,0.00035967181139398,0.00020882992689888,2,4,0.0,0.0
consensus,homogeneous,36,H17,cons_dist_nospeak,true,false,0,7043372089166577700.0,0,0.05,0.0,0.0,0.0,0.0,0.0,0.0,0.0,40,0.00843213567863132,0.06265731158567844,0.00014176368342899,0.0000815436531459,1,3,0.0,0.0
consensus,homogeneous,41,H20,cons_ndist_speak,false,true,0,4692690466958798800.0,0,0.05,0.0,0.0,0.0,0.05,0.1,0.1,0.05,20,0.00048024369855967,0.06299400644848643,0.00016582711090666,0.00010500070899808,1,1,0.0,0.0
consensus,homogeneous,41,H20,cons_ndist_speak,false,true,0,6905470370856337400.0,0,0.05,0.0,0.0,0.0,0.05,0.1,0.1,0.05,15,0.00048024369855967,0.06353122204371088,0.00027514601069392,0.00013525274081678,1,1,0.0,0.0
consensus,homogeneous,40,H18,cons_dist_nospeak,true,false,0,5702577027890589700.0,0,0.5,0.0,0.0,0.0,0.2,0.0,0.0,0.0,15,0.00975649903013544,0.16251472170712086,0.00000612358588079,0.00000016332931527,1,2,0.0,0.0
consensus,homogeneous,40,H18,cons_dist_nospeak,true,false,0,4398895106259038200.0,0,0.5,0.0,0.0,0.0,0.2,0.0,0.0,0.0,15,0.00975649903013544,0.16251472170712086,0.00000612358588079,0.00000016332931527,1,2,0.0,0.0
consensus,homogeneous,41,H20,cons_ndist_speak,false,true,0,7139002048363152400.0,0,0.05,0.0,0.0,0.0,0.05,0.1,0.1,0.05,15,0.00048024369855967,0.06411397323189366,0.00027514601069392,0.00013525274081678,1,1,0.0,0.0
consensus,homogeneous,17,H7,cons_dist_speak,true,true,0,7139002048363152400.0,0,0.5,0.0,0.0,0.0,0.0,0.0,0.0,0.0,15,0.00399529565091067,0.04240389997052443,0.0000071268352131,0.00000029248745313,1,3,0.0,0.0
consensus,homogeneous,41,H20,cons_ndist_speak,false,true,0,7240713591891685400.0,0,0.05,0.0,0.0,0.0,0.05,0.1,0.1,0.05,20,0.00048024369855967,0.06439956484176775,0.00016582711090666,0.00010500070899808,1,1,0.0,0.0
consensus,homogeneous,41,H20,cons_ndist_speak,false,true,0,1841142524168585220.0,0,0.05,0.0,0.0,0.0,0.05,0.1,0.1,0.05,15,0.00048024369855967,0.06428387861254838,0.00027514601069392,0.00013525274081677,1,1,0.0,0.0
consensus,homogeneous,23,H11,cons_dist_speak,true,true,0,7240713591891685400.0,0,0.05,0.0,0.0,0.0,0.0,0.0,0.0,0.0,75,0.01309938700274348,0.06410755954241487,0.00035967181139398,0.00016212085797289,2,4,0.0,0.0
consensus,homogeneous,40,H18,cons_dist_nospeak,true,false,0,109591146466576384.0,0,0.5,0.0,0.0,0.0,0.2,0.0,0.0,0.0,15,0.00975649903013544,0.16251472170712086,0.00000612358588079,0.00000016332931527,1,2,0.0,0.0
consensus,homogeneous,17,H7,cons_dist_speak,true,true,0,6905470370856337400.0,0,0.5,0.0,0.0,0.0,0.0,0.0,0.0,0.0,15,0.00399529565091067,0.03663656852240587,0.0000071268352131,0.00000029248745313,1,3,0.0,0.0
consensus,homogeneous,40,H18,cons_dist_nospeak,true,false,0,4477927936947039200.0,0,0.5,0.0,0.0,0.0,0.2,0.0,0.0,0.0,15,0.00975649903013544,0.16251472170712086,0.00000612358588079,0.00000016332931527,1,2,0.0,0.0
consensus,homogeneous,41,H20,cons_ndist_speak,false,true,0,8803618445054126100.0,0,0.05,0.0,0.0,0.0,0.05,0.1,0.1,0.05,15,0.00048024369855967,0.06469004949490915,0.00027514601069392,0.00013525274081677,1,1,0.0,0.0
consensus,homogeneous,17,H7,cons_dist_speak,true,true,0,7240713591891685400.0,0,0.5,0.0,0.0,0.0,0.0,0.0,0.0,0.0,15,0.00399529565091067,0.04069813495749981,0.0000071268352131,0.00000029248745313,1,3,0.0,0.0
consensus,homogeneous,40,H18,cons_dist_nospeak,true,false,0,4286360386944651300.0,0,0.5,0.0,0.0,0.0,0.2,0.0,0.0,0.0,15,0.00975649903013544,0.16251472170712086,0.00000612358588079,0.00000016332931527,1,2,0.0,0.0
consensus,homogeneous,41,H20,cons_ndist_speak,false,true,0,5702577027890589700.0,0,0.05,0.0,0.0,0.0,0.05,0.1,0.1,0.05,20,0.00048024369855967,0.06385701828665523,0.00016582711090666,0.00010500070899808,1,1,0.0,0.0
consensus,homogeneous,36,H17,cons_dist_speak,true,true,0,7240713591891685400.0,0,0.05,0.0,0.0,0.0,0.0,0.0,0.0,0.0,50,0.00843213567863132,0.05776286539925444,0.00063739461092699,0.00036606889689472,1,3,0.0,0.0
consensus,homogeneous,40,H18,cons_dist_nospeak,true,false,0,8803618445054126100.0,0,0.5,0.0,0.0,0.0,0.2,0.0,0.0,0.0,15,0.00975649903013544,0.16251472170712086,0.00000612358588079,0.00000016332931527,1,2,0.0,0.0
consensus,homogeneous,40,H18,cons_dist_nospeak,true,false,0,7043372089166577700.0,0,0.5,0.0,0.0,0.0,0.2,0.0,0.0,0.0,15,0.00975649903013544,0.16251472170712086,0.00000612358588079,0.00000016332931527,1,2,0.0,0.0
consensus,homogeneous,23,H11,cons_dist_speak,true,true,0,8803618445054126100.0,0,0.05,0.0,0.0,0.0,0.0,0.0,0.0,0.0,75,0.01309938700274348,0.06602762618172937,0.00035967181139398,0.00016212085797289,2,4,0.0,0.0
consensus,homogeneous,40,H18,cons_dist_nospeak,true,false,0,7128893484183252000.0,0,0.5,0.0,0.0,0.0,0.2,0.0,0.0,0.0,15,0.00975649903013544,0.16251472170712086,0.00000612358588079,0.00000016332931527,1,2,0.0,0.0
consensus,homogeneous,41,H20,cons_ndist_speak,false,true,0,4286360386944651300.0,0,0.05,0.0,0.0,0.0,0.05,0.1,0.1,0.05,15,0.00048024369855967,0.06377005701999533,0.00027514601069392,0.00013525274081677,1,1,0.0,0.0
consensus,homogeneous,17,H7,cons_dist_speak,true,true,0,5702577027890589700.0,0,0.5,0.0,0.0,0.0,0.0,0.0,0.0,0.0,15,0.00399529565091067,0.04428824405050242,0.0000071268352131,0.00000029248745313,2,3,0.0,0.0
consensus,homogeneous,41,H20,cons_ndist_speak,false,true,0,4398895106259038200.0,0,0.05,0.0,0.0,0.0,0.05,0.1,0.1,0.05,20,0.00048024369855967,0.06571309621877992,0.00016582711090666,0.00010500070899808,1,1,0.0,0.0
consensus,homogeneous,40,H18,cons_dist_nospeak,true,false,0,4342572612484808700.0,0,0.5,0.0,0.0,0.0,0.2,0.0,0.0,0.0,15,0.00975649903013544,0.16251472170712086,0.00000612358588079,0.00000016332931527,1,2,0.0,0.0
consensus,homogeneous,17,H7,cons_dist_speak,true,true,0,8636175130330607600.0,0,0.5,0.0,0.0,0.0,0.0,0.0,0.0,0.0,15,0.00399529565091067,0.04548382859614752,0.0000071268352131,0.00000029248745313,2,3,0.0,0.0
consensus,homogeneous,41,H20,cons_ndist_speak,false,true,0,4477927936947039200.0,0,0.05,0.0,0.0,0.0,0.05,0.1,0.1,0.05,15,0.00048024369855967,0.0642799560613024,0.00027514601069392,0.00013525274081677,1,1,0.0,0.0
consensus,homogeneous,41,H20,cons_ndist_speak,false,true,0,109591146466576384.0,0,0.05,0.0,0.0,0.0,0.05,0.1,0.1,0.05,15,0.00048024369855967,0.0648156243010174,0.00027514601069392,0.00013525274081678,1,1,0.0,0.0
consensus,homogeneous,17,H7,cons_dist_speak,true,true,0,7043372089166577700.0,0,0.5,0.0,0.0,0.0,0.0,0.0,0.0,0.0,15,0.00399529565091067,0.04257243094028206,0.0000071268352131,0.00000029248745313,1,3,0.0,0.0
consensus,heterogeneous,34,M31,cons_dist_nospeak,true,false,0,5702577027890589700.0,0,0.05,0.0,0.0,0.0,0.2,0.0,0.0,0.0,50,0.01079937132951816,0.06993508679061593,0.00216437637962164,0.00129694805470687,3,2,0.0,0.0
consensus,homogeneous,41,H20,cons_ndist_speak,false,true,0,4342572612484808700.0,0,0.05,0.0,0.0,0.0,0.05,0.1,0.1,0.05,15,0.00048024369855967,0.0638816047123368,0.00027514601069392,0.00013525274081677,1,1,0.0,0.0
consensus,homogeneous,17,H7,cons_dist_speak,true,true,0,4398895106259038200.0,0,0.5,0.0,0.0,0.0,0.0,0.0,0.0,0.0,15,0.00399529565091067,0.03945292263615333,0.0000071268352131,0.00000029248745313,1,3,0.0,0.0
consensus,heterogeneous,34,M31,cons_dist_nospeak,true,false,0,8636175130330607600.0,0,0.05,0.0,0.0,0.0,0.2,0.0,0.0,0.0,50,0.01079937132951816,0.06993508679061593,0.00216437637962164,0.00129694805470687,3,2,0.0,0.0
consensus,homogeneous,41,H20,cons_ndist_speak,false,true,0,7128893484183252000.0,0,0.05,0.0,0.0,0.0,0.05,0.1,0.1,0.05,20,0.00048024369855967,0.06450099814484007,0.00016582711090666,0.00010500070899808,1,1,0.0,0.0
consensus,homogeneous,23,H11,cons_dist_speak,true,true,0,109591146466576384.0,0,0.05,0.0,0.0,0.0,0.0,0.0,0.0,0.0,85,0.01309938700274348,0.05687362614130624,0.00021676976964924,0.00009770824380681,1,4,0.0,0.0
consensus,heterogeneous,34,M31,cons_dist_nospeak,true,false,0,7139002048363152400.0,0,0.05,0.0,0.0,0.0,0.2,0.0,0.0,0.0,50,0.01079937132951816,0.06993508679061593,0.00216437637962164,0.00129694805470687,3,2,0.0,0.0
consensus,homogeneous,23,H11,cons_dist_speak,true,true,0,4286360386944651300.0,0,0.05,0.0,0.0,0.0,0.0,0.0,0.0,0.0,85,0.01309938700274348,0.06223129466186129,0.00021676976964924,0.00009770824380681,1,4,0.0,0.0
consensus,homogeneous,17,H7,cons_dist_speak,true,true,0,1841142524168585220.0,0,0.5,0.0,0.0,0.0,0.0,0.0,0.0,0.0,15,0.00399529565091067,0.03559579014876756,0.0000071268352131,0.00000029248745313,1,3,0.0,0.0
consensus,homogeneous,41,H20,cons_ndist_speak,false,true,0,7043372089166577700.0,0,0.05,0.0,0.0,0.0,0.05,0.1,0.1,0.05,20,0.00048024369855967,0.06353915667104602,0.00016582711090666,0.00010500070899808,1,1,0.0,0.0
consensus,heterogeneous,34,M31,cons_dist_nospeak,true,false,0,4692690466958798800.0,0,0.05,0.0,0.0,0.0,0.2,0.0,0.0,0.0,50,0.01079937132951816,0.06993508679061593,0.00216437637962164,0.00129694805470687,3,2,0.0,0.0
consensus,homogeneous,17,H7,cons_dist_speak,true,true,0,8803618445054126100.0,0,0.5,0.0,0.0,0.0,0.0,0.0,0.0,0.0,15,0.00399529565091067,0.05426553059298375,0.0000071268352131,0.00000029248745313,1,3,0.0,0.0
consensus,heterogeneous,34,M31,cons_dist_nospeak,true,false,0,7240713591891685400.0,0,0.05,0.0,0.0,0.0,0.2,0.0,0.0,0.0,50,0.01079937132951816,0.06993508679061593,0.00216437637962164,0.00129694805470687,3,2,0.0,0.0
consensus,homogeneous,17,H7,cons_dist_speak,true,true,0,4342572612484808700.0,0,0.5,0.0,0.0,0.0,0.0,0.0,0.0,0.0,15,0.00399529565091067,0.03828090260023232,0.0000071268352131,0.00000029248745313,1,3,0.0,0.0
consensus,homogeneous,23,H11,cons_dist_speak,true,true,0,4398895106259038200.0,0,0.05,0.0,0.0,0.0,0.0,0.0,0.0,0.0,85,0.01309938700274348,0.05930447685487662,0.00021676976964924,0.00009770824380681,1,4,0.0,0.0
consensus,heterogeneous,34,M31,cons_dist_nospeak,true,false,0,8803618445054126100.0,0,0.05,0.0,0.0,0.0,0.2,0.0,0.0,0.0,50,0.01079937132951816,0.06993508679061593,0.00216437637962164,0.00129694805470687,3,2,0.0,0.0
consensus,homogeneous,36,H17,cons_dist_speak,true,true,0,4692690466958798800.0,0,0.05,0.0,0.0,0.0,0.0,0.0,0.0,0.0,50,0.00843213567863132,0.04732624258664533,0.00063739461092698,0.00036606889689472,1,3,0.0,0.0
consensus,heterogeneous,34,M31,cons_dist_nospeak,true,false,0,1841142524168585220.0,0,0.05,0.0,0.0,0.0,0.2,0.0,0.0,0.0,50,0.01079937132951816,0.06993508679061593,0.00216437637962164,0.00129694805470687,3,2,0.0,0.0
consensus,homogeneous,17,H7,cons_dist_speak,true,true,0,109591146466576384.0,0,0.5,0.0,0.0,0.0,0.0,0.0,0.0,0.0,15,0.00399529565091067,0.04512636875792106,0.0000071268352131,0.00000029248745313,1,3,0.0,0.0
consensus,heterogeneous,34,M31,cons_dist_nospeak,true,false,0,6905470370856337400.0,0,0.05,0.0,0.0,0.0,0.2,0.0,0.0,0.0,50,0.01079937132951816,0.06993508679061593,0.00216437637962164,0.00129694805470687,3,2,0.0,0.0
consensus,heterogeneous,34,M31,cons_dist_nospeak,true,false,0,4398895106259038200.0,0,0.05,0.0,0.0,0.0,0.2,0.0,0.0,0.0,50,0.01079937132951816,0.06993508679061593,0.00216437637962164,0.00129694805470687,3,2,0.0,0.0
consensus,homogeneous,17,H7,cons_dist_speak,true,true,0,4286360386944651300.0,0,0.5,0.0,0.0,0.0,0.0,0.0,0.0,0.0,15,0.00399529565091067,0.04184229536411187,0.0000071268352131,0.00000029248745313,1,3,0.0,0.0
consensus,heterogeneous,34,M31,cons_dist_nospeak,true,false,0,7128893484183252000.0,0,0.05,0.0,0.0,0.0,0.2,0.0,0.0,0.0,50,0.01079937132951816,0.06993508679061593,0.00216437637962164,0.00129694805470687,3,2,0.0,0.0
consensus,homogeneous,17,H7,cons_dist_speak,true,true,0,7128893484183252000.0,0,0.5,0.0,0.0,0.0,0.0,0.0,0.0,0.0,15,0.00399529565091067,0.03760225944580139,0.0000071268352131,0.00000029248745313,1,3,0.0,0.0
consensus,homogeneous,23,H11,cons_dist_speak,true,true,0,6905470370856337400.0,0,0.05,0.0,0.0,0.0,0.0,0.0,0.0,0.0,85,0.01309938700274348,0.0555618961359936,0.00021676976964924,0.00009770824380681,1,4,0.0,0.0
consensus,heterogeneous,34,M31,cons_dist_nospeak,true,false,0,4342572612484808700.0,0,0.05,0.0,0.0,0.0,0.2,0.0,0.0,0.0,50,0.01079937132951816,0.06993508679061593,0.00216437637962164,0.00129694805470687,3,2,0.0,0.0
consensus,heterogeneous,34,M31,cons_dist_nospeak,true,false,0,109591146466576384.0,0,0.05,0.0,0.0,0.0,0.2,0.0,0.0,0.0,50,0.01079937132951816,0.06993508679061593,0.00216437637962164,0.00129694805470687,3,2,0.0,0.0
consensus,homogeneous,36,H17,cons_dist_speak,true,true,0,8803618445054126100.0,0,0.05,0.0,0.0,0.0,0.0,0.0,0.0,0.0,60,0.00843213567863132,0.06177894291946013,0.00038414987944374,0.00022062521426984,1,3,0.0,0.0
consensus,heterogeneous,34,M31,cons_dist_nospeak,true,false,0,7043372089166577700.0,0,0.05,0.0,0.0,0.0,0.2,0.0,0.0,0.0,50,0.01079937132951816,0.06993508679061593,0.00216437637962164,0.00129694805470687,3,2,0.0,0.0
consensus,homogeneous,17,H7,cons_dist_speak,true,true,0,4477927936947039200.0,0,0.5,0.0,0.0,0.0,0.0,0.0,0.0,0.0,15,0.00399529565091067,0.03833128985422299,0.0000071268352131,0.00000029248745313,1,3,0.0,0.0
consensus,heterogeneous,34,M31,cons_dist_nospeak,true,false,0,4286360386944651300.0,0,0.05,0.0,0.0,0.0,0.2,0.0,0.0,0.0,50,0.01079937132951816,0.06993508679061593,0.00216437637962164,0.00129694805470687,3,2,0.0,0.0
consensus,homogeneous,40,H18,cons_dist_speak,true,true,0,7139002048363152400.0,0,0.5,0.0,0.0,0.0,0.2,0.0,0.0,0.0,20,0.00975649903013544,0.15827897421259435,0.00000755003916353,0.00000827487027432,1,2,0.0,0.0
consensus,heterogeneous,34,M31,cons_dist_nospeak,true,false,0,4477927936947039200.0,0,0.05,0.0,0.0,0.0,0.2,0.0,0.0,0.0,50,0.01079937132951816,0.06993508679061593,0.00216437637962164,0.00129694805470687,3,2,0.0,0.0
consensus,homogeneous,36,H17,cons_dist_speak,true,true,0,6905470370856337400.0,0,0.05,0.0,0.0,0.0,0.0,0.0,0.0,0.0,65,0.00843213567863132,0.06205012451599037,0.00038414987944374,0.00017127788894548,1,3,0.0,0.0
consensus,homogeneous,36,H17,cons_dist_speak,true,true,0,7043372089166577700.0,0,0.05,0.0,0.0,0.0,0.0,0.0,0.0,0.0,60,0.00843213567863132,0.05760208448113919,0.00038414987944374,0.00022062521426984,1,3,0.0,0.0
consensus,heterogeneous,39,M35,cons_dist_nospeak,true,false,0,6905470370856337400.0,0,0.05,0.0,0.0,0.0,0.0,0.0,0.0,0.0,45,0.01380628072130774,0.09960018386328788,0.00023225928139191,0.00009686758699186,2,4,0.0,0.0
consensus,heterogeneous,34,M31,cons_dist_speak,true,true,0,8636175130330607600.0,0,0.05,0.0,0.0,0.0,0.2,0.0,0.0,0.0,30,0.01079937132951816,0.03820798998258806,0.00560261816018705,0.00570936217166707,2,2,0.0,0.0
consensus,heterogeneous,4,M5,cons_ndist_speak,false,true,0,8803618445054126100.0,0,0.05,0.0,0.0,0.0,0.05,0.1,0.1,0.05,85,0.03097746746875476,0.15570578952216532,0.00051261776494675,0.00031628326637246,2,4,0.0,0.0
consensus,homogeneous,36,H17,cons_dist_speak,true,true,0,7139002048363152400.0,0,0.05,0.0,0.0,0.0,0.0,0.0,0.0,0.0,65,0.00843213567863132,0.05992445077208258,0.00038414987944374,0.00017127788894548,1,3,0.0,0.0
consensus,heterogeneous,39,M35,cons_dist_nospeak,true,false,0,4398895106259038200.0,0,0.05,0.0,0.0,0.0,0.0,0.0,0.0,0.0,45,0.01380628072130774,0.09960018386328788,0.00023225928139191,0.00009686758699186,2,4,0.0,0.0
consensus,heterogeneous,34,M31,cons_dist_speak,true,true,0,7240713591891685400.0,0,0.05,0.0,0.0,0.0,0.2,0.0,0.0,0.0,50,0.01079937132951816,0.04938471971267076,0.00401890103813926,0.00315316102090556,3,2,0.0,0.0
consensus,heterogeneous,4,M5,cons_ndist_speak,false,true,0,7139002048363152400.0,0,0.05,0.0,0.0,0.0,0.05,0.1,0.1,0.05,85,0.03097746746875476,0.1557057895221654,0.00051261776494675,0.00031628326637246,2,4,0.0,0.0
consensus,homogeneous,36,H17,cons_dist_speak,true,true,0,4286360386944651300.0,0,0.05,0.0,0.0,0.0,0.0,0.0,0.0,0.0,55,0.00843213567863132,0.05580154544595365,0.00063739461092699,0.00028419012793361,1,3,0.0,0.0
consensus,homogeneous,36,H17,cons_dist_speak,true,true,0,109591146466576384.0,0,0.05,0.0,0.0,0.0,0.0,0.0,0.0,0.0,55,0.00843213567863132,0.05711507962087694,0.00063739461092699,0.00028419012793361,1,3,0.0,0.0
consensus,heterogeneous,39,M35,cons_dist_nospeak,true,false,0,7240713591891685400.0,0,0.05,0.0,0.0,0.0,0.0,0.0,0.0,0.0,45,0.01380628072130774,0.09960018386328788,0.00023225928139191,0.00009686758699186,2,4,0.0,0.0
consensus,homogeneous,36,H17,cons_dist_speak,true,true,0,8636175130330607600.0,0,0.05,0.0,0.0,0.0,0.0,0.0,0.0,0.0,55,0.00843213567863132,0.05806176765399285,0.00063739461092699,0.00028419012793361,1,3,0.0,0.0
consensus,heterogeneous,39,M35,cons_dist_nospeak,true,false,0,5702577027890589700.0,0,0.05,0.0,0.0,0.0,0.0,0.0,0.0,0.0,45,0.01380628072130774,0.09960018386328788,0.00023225928139191,0.00009686758699186,2,4,0.0,0.0
consensus,homogeneous,23,H11,cons_ndist_speak,false,true,0,7128893484183252000.0,0,0.05,0.0,0.0,0.0,0.05,0.1,0.1,0.05,60,0.01309938700274348,0.05606807114953997,0.00059677976371315,0.00034649775290406,2,4,0.0,0.0
consensus,homogeneous,36,H17,cons_dist_speak,true,true,0,1841142524168585220.0,0,0.05,0.0,0.0,0.0,0.0,0.0,0.0,0.0,70,0.00843213567863132,0.05604974008739106,0.0002315223996984,0.00013296809858613,1,3,0.0,0.0
consensus,homogeneous,23,H11,cons_ndist_speak,false,true,0,7240713591891685400.0,0,0.05,0.0,0.0,0.0,0.05,0.1,0.1,0.05,75,0.01309938700274348,0.06410755954241487,0.00035967181139398,0.00016212085797289,2,4,0.0,0.0
consensus,heterogeneous,39,M35,cons_dist_nospeak,true,false,0,4477927936947039200.0,0,0.05,0.0,0.0,0.0,0.0,0.0,0.0,0.0,45,0.01380628072130774,0.09960018386328788,0.00023225928139191,0.00009686758699186,2,4,0.0,0.0
consensus,homogeneous,23,H11,cons_ndist_speak,false,true,0,5702577027890589700.0,0,0.05,0.0,0.0,0.0,0.05,0.1,0.1,0.05,70,0.01309938700274348,0.05830092971885997,0.00035967181139398,0.00020882992689888,2,4,0.0,0.0
consensus,heterogeneous,34,M31,cons_dist_speak,true,true,0,7139002048363152400.0,0,0.05,0.0,0.0,0.0,0.2,0.0,0.0,0.0,35,0.01079937132951816,0.03743861639801702,0.00540964427172537,0.0055015567226586,3,2,0.0,0.0
consensus,heterogeneous,39,M35,cons_dist_nospeak,true,false,0,8636175130330607600.0,0,0.05,0.0,0.0,0.0,0.0,0.0,0.0,0.0,45,0.01380628072130774,0.09960018386328788,0.00023225928139191,0.00009686758699186,2,4,0.0,0.0
consensus,heterogeneous,4,M5,cons_ndist_speak,false,true,0,7043372089166577700.0,0,0.05,0.0,0.0,0.0,0.05,0.1,0.1,0.05,95,0.03097746746875476,0.15945180183701388,0.00030894841159486,0.00019062002810214,1,4,0.0,0.0
consensus,heterogeneous,39,M35,cons_dist_nospeak,true,false,0,7139002048363152400.0,0,0.05,0.0,0.0,0.0,0.0,0.0,0.0,0.0,45,0.01380628072130774,0.09960018386328788,0.00023225928139191,0.00009686758699186,2,4,0.0,0.0
consensus,homogeneous,23,H11,cons_ndist_speak,false,true,0,7139002048363152400.0,0,0.05,0.0,0.0,0.0,0.05,0.1,0.1,0.05,65,0.01309938700274348,0.05435679548149045,0.00059677976371315,0.00026899646913962,2,4,0.0,0.0
consensus,heterogeneous,39,M35,cons_dist_nospeak,true,false,0,4692690466958798800.0,0,0.05,0.0,0.0,0.0,0.0,0.0,0.0,0.0,45,0.01380628072130774,0.09960018386328788,0.00023225928139191,0.00009686758699186,2,4,0.0,0.0
consensus,homogeneous,23,H11,cons_ndist_speak,false,true,0,4692690466958798800.0,0,0.05,0.0,0.0,0.0,0.05,0.1,0.1,0.05,60,0.01309938700274348,0.05640961495629102,0.00059677976371315,0.00034649775290407,2,4,0.0,0.0
consensus,homogeneous,23,H11,cons_ndist_speak,false,true,0,1841142524168585220.0,0,0.05,0.0,0.0,0.0,0.05,0.1,0.1,0.05,65,0.01309938700274348,0.05702984286749042,0.00059677976371315,0.00026899646913962,2,4,0.0,0.0
consensus,homogeneous,36,H17,cons_dist_speak,true,true,0,4477927936947039200.0,0,0.05,0.0,0.0,0.0,0.0,0.0,0.0,0.0,55,0.00843213567863132,0.06422180818942205,0.00063739461092698,0.00028419012793361,1,3,0.0,0.0
consensus,heterogeneous,39,M35,cons_dist_nospeak,true,false,0,4342572612484808700.0,0,0.05,0.0,0.0,0.0,0.0,0.0,0.0,0.0,45,0.01380628072130774,0.09960018386328788,0.00023225928139191,0.00009686758699186,2,4,0.0,0.0
consensus,heterogeneous,4,M5,cons_ndist_speak,false,true,0,6905470370856337400.0,0,0.05,0.0,0.0,0.0,0.05,0.1,0.1,0.05,95,0.03097746746875476,0.1594518018370139,0.00030894841159486,0.00019062002810214,1,4,0.0,0.0
consensus,homogeneous,40,H18,cons_dist_speak,true,true,0,4692690466958798800.0,0,0.5,0.0,0.0,0.0,0.2,0.0,0.0,0.0,30,0.00975649903013544,0.1423421127628843,0.00000022453632566,0.0000002042420657,1,2,0.0,0.0
consensus,heterogeneous,4,M5,cons_ndist_speak,false,true,0,109591146466576384.0,0,0.05,0.0,0.0,0.0,0.05,0.1,0.1,0.05,85,0.03097746746875476,0.15570578952216538,0.00051261776494675,0.00031628326637246,2,4,0.0,0.0
consensus,heterogeneous,4,M5,cons_ndist_speak,false,true,0,4286360386944651300.0,0,0.05,0.0,0.0,0.0,0.05,0.1,0.1,0.05,95,0.03097746746875476,0.15945180183701388,0.00030894841159486,0.00019062002810214,1,4,0.0,0.0
consensus,homogeneous,5,H3,cons_dist_nospeak,true,false,0,7240713591891685400.0,0,0.05,0.0,0.0,0.0,0.0,0.0,0.0,0.0,45,0.01398999086696009,0.09672087310336967,0.00023518152678958,0.00008912651614391,1,4,0.0,0.0
consensus,heterogeneous,39,M35,cons_dist_nospeak,true,false,0,8803618445054126100.0,0,0.05,0.0,0.0,0.0,0.0,0.0,0.0,0.0,45,0.01380628072130774,0.09960018386328788,0.00023225928139191,0.00009686758699186,2,4,0.0,0.0
consensus,homogeneous,40,H18,cons_dist_speak,true,true,0,1841142524168585220.0,0,0.5,0.0,0.0,0.0,0.2,0.0,0.0,0.0,20,0.00975649903013544,0.15693108422015384,0.00000492575247282,0.00000436522278368,1,2,0.0,0.0
consensus,homogeneous,23,H11,cons_ndist_speak,false,true,0,4342572612484808700.0,0,0.05,0.0,0.0,0.0,0.05,0.1,0.1,0.05,60,0.01309938700274348,0.04884356614467439,0.00059677976371315,0.00034649775290406,1,4,0.0,0.0
consensus,homogeneous,23,H11,cons_ndist_speak,false,true,0,8636175130330607600.0,0,0.05,0.0,0.0,0.0,0.05,0.1,0.1,0.05,65,0.01309938700274348,0.06002072563840129,0.00059677976371315,0.00026899646913962,2,4,0.0,0.0
consensus,homogeneous,5,H3,cons_dist_nospeak,true,false,0,7139002048363152400.0,0,0.05,0.0,0.0,0.0,0.0,0.0,0.0,0.0,45,0.01398999086696009,0.09672087310336967,0.00023518152678958,0.00008912651614391,1,4,0.0,0.0
consensus,heterogeneous,39,M35,cons_dist_nospeak,true,false,0,4286360386944651300.0,0,0.05,0.0,0.0,0.0,0.0,0.0,0.0,0.0,45,0.01380628072130774,0.09960018386328788,0.00023225928139191,0.00009686758699186,2,4,0.0,0.0
consensus,homogeneous,40,H18,cons_dist_speak,true,true,0,6905470370856337400.0,0,0.5,0.0,0.0,0.0,0.2,0.0,0.0,0.0,25,0.00975649903013544,0.13548273431500318,0.00000967444996007,0.00000196788509033,1,2,0.0,0.0
consensus,heterogeneous,4,M5,cons_ndist_speak,false,true,0,4477927936947039200.0,0,0.05,0.0,0.0,0.0,0.05,0.1,0.1,0.05,85,0.03097746746875476,0.15570578952216538,0.00051261776494675,0.00031628326637246,2,4,0.0,0.0
consensus,homogeneous,40,H18,cons_dist_speak,true,true,0,8636175130330607600.0,0,0.5,0.0,0.0,0.0,0.2,0.0,0.0,0.0,25,0.00975649903013544,0.1570449553378771,0.00000570201834465,0.00000096566203649,1,2,0.0,0.0
consensus,heterogeneous,39,M35,cons_dist_nospeak,true,false,0,7128893484183252000.0,0,0.05,0.0,0.0,0.0,0.0,0.0,0.0,0.0,45,0.01380628072130774,0.09960018386328788,0.00023225928139191,0.00009686758699186,2,4,0.0,0.0
consensus,homogeneous,36,H17,cons_dist_speak,true,true,0,7128893484183252000.0,0,0.05,0.0,0.0,0.0,0.0,0.0,0.0,0.0,60,0.00843213567863132,0.05115725616137292,0.00038414987944374,0.00022062521426984,1,3,0.0,0.0
consensus,heterogeneous,4,M5,cons_ndist_speak,false,true,0,8636175130330607600.0,0,0.05,0.0,0.0,0.0,0.05,0.1,0.1,0.05,90,0.03097746746875476,0.15769718864559787,0.00030894841159486,0.00024554006826617,2,4,0.0,0.0
consensus,homogeneous,5,H3,cons_dist_nospeak,true,false,0,1841142524168585220.0,0,0.05,0.0,0.0,0.0,0.0,0.0,0.0,0.0,45,0.01398999086696009,0.09672087310336967,0.00023518152678958,0.00008912651614391,1,4,0.0,0.0
consensus,homogeneous,40,H18,cons_dist_speak,true,true,0,7240713591891685400.0,0,0.5,0.0,0.0,0.0,0.2,0.0,0.0,0.0,25,0.00975649903013544,0.16408723627222271,0.00000498219242186,0.00000050096801322,1,2,0.0,0.0
consensus,homogeneous,36,H17,cons_dist_speak,true,true,0,4342572612484808700.0,0,0.05,0.0,0.0,0.0,0.0,0.0,0.0,0.0,75,0.00843213567863132,0.05730162300656947,0.0002315223996984,0.00010322707356138,1,3,0.0,0.0
consensus,homogeneous,5,H3,cons_dist_nospeak,true,false,0,8636175130330607600.0,0,0.05,0.0,0.0,0.0,0.0,0.0,0.0,0.0,45,0.01398999086696009,0.09672087310336967,0.00023518152678958,0.00008912651614391,1,4,0.0,0.0
consensus,homogeneous,23,H11,cons_ndist_speak,false,true,0,7043372089166577700.0,0,0.05,0.0,0.0,0.0,0.05,0.1,0.1,0.05,65,0.01309938700274348,0.05747186571735151,0.00059677976371315,0.00026899646913962,2,4,0.0,0.0
consensus,homogeneous,40,H18,cons_dist_speak,true,true,0,5702577027890589700.0,0,0.5,0.0,0.0,0.0,0.2,0.0,0.0,0.0,25,0.00975649903013544,0.1547093592412084,0.00000544028603515,0.00000098231390519,1,2,0.0,0.0
consensus,homogeneous,5,H3,cons_dist_nospeak,true,false,0,4692690466958798800.0,0,0.05,0.0,0.0,0.0,0.0,0.0,0.0,0.0,45,0.01398999086696009,0.09672087310336967,0.00023518152678958,0.00008912651614391,1,4,0.0,0.0
consensus,heterogeneous,4,M5,cons_ndist_speak,false,true,0,1841142524168585220.0,0,0.05,0.0,0.0,0.0,0.05,0.1,0.1,0.05,95,0.03097746746875476,0.15945180183701388,0.00030894841159486,0.00019062002810214,2,4,0.0,0.0
consensus,homogeneous,5,H3,cons_dist_nospeak,true,false,0,5702577027890589700.0,0,0.05,0.0,0.0,0.0,0.0,0.0,0.0,0.0,45,0.01398999086696009,0.09672087310336967,0.00023518152678958,0.00008912651614391,1,4,0.0,0.0
consensus,heterogeneous,39,M35,cons_dist_nospeak,true,false,0,7043372089166577700.0,0,0.05,0.0,0.0,0.0,0.0,0.0,0.0,0.0,45,0.01380628072130774,0.09960018386328788,0.00023225928139191,0.00009686758699186,2,4,0.0,0.0
consensus,homogeneous,36,H17,cons_dist_speak,true,true,0,5702577027890589700.0,0,0.05,0.0,0.0,0.0,0.0,0.0,0.0,0.0,70,0.00843213567863132,0.05964601077133263,0.00023152239969839,0.00013296809858613,1,3,0.0,0.0
consensus,heterogeneous,4,M5,cons_ndist_speak,false,true,0,4342572612484808700.0,0,0.05,0.0,0.0,0.0,0.05,0.1,0.1,0.05,85,0.03097746746875476,0.1557057895221654,0.00051261776494675,0.00031628326637246,2,4,0.0,0.0
consensus,heterogeneous,39,M35,cons_dist_nospeak,true,false,0,1841142524168585220.0,0,0.05,0.0,0.0,0.0,0.0,0.0,0.0,0.0,45,0.01380628072130774,0.09960018386328788,0.00023225928139191,0.00009686758699186,2,4,0.0,0.0
consensus,homogeneous,40,H18,cons_dist_speak,true,true,0,109591146466576384.0,0,0.5,0.0,0.0,0.0,0.2,0.0,0.0,0.0,20,0.00975649903013544,0.1618320554610917,0.00000515204450688,0.00000390101969189,1,2,0.0,0.0
consensus,homogeneous,5,H3,cons_dist_nospeak,true,false,0,4398895106259038200.0,0,0.05,0.0,0.0,0.0,0.0,0.0,0.0,0.0,45,0.01398999086696009,0.09672087310336967,0.00023518152678958,0.00008912651614391,1,4,0.0,0.0
consensus,heterogeneous,4,M5,cons_ndist_speak,false,true,0,7128893484183252000.0,0,0.05,0.0,0.0,0.0,0.05,0.1,0.1,0.05,90,0.03097746746875476,0.15769718864559787,0.00030894841159486,0.00024554006826617,1,4,0.0,0.0
consensus,heterogeneous,34,M31,cons_dist_speak,true,true,0,7128893484183252000.0,0,0.05,0.0,0.0,0.0,0.2,0.0,0.0,0.0,35,0.01079937132951816,0.03965157100507148,0.00555631563985667,0.00501124110805523,3,2,0.0,0.0
consensus,heterogeneous,39,M35,cons_dist_nospeak,true,false,0,109591146466576384.0,0,0.05,0.0,0.0,0.0,0.0,0.0,0.0,0.0,45,0.01380628072130774,0.09960018386328788,0.00023225928139191,0.00009686758699186,2,4,0.0,0.0
consensus,heterogeneous,4,M5,cons_ndist_speak,false,true,0,4692690466958798800.0,0,0.05,0.0,0.0,0.0,0.05,0.1,0.1,0.05,90,0.03097746746875476,0.15769718864559798,0.00030894841159485,0.00024554006826617,1,4,0.0,0.0
consensus,heterogeneous,34,M31,cons_dist_speak,true,true,0,6905470370856337400.0,0,0.05,0.0,0.0,0.0,0.2,0.0,0.0,0.0,45,0.01079937132951816,0.04163800596707666,0.00478746377591982,0.00378680807799154,3,2,0.0,0.0
consensus,heterogeneous,4,M5,cons_ndist_speak,false,true,0,5702577027890589700.0,0,0.05,0.0,0.0,0.0,0.05,0.1,0.1,0.05,100,0.03097746746875476,0.1609977839634822,0.00018619940149148,0.00014798397414418,1,4,0.0,0.0
consensus,homogeneous,5,H3,cons_dist_nospeak,true,false,0,8803618445054126100.0,0,0.05,0.0,0.0,0.0,0.0,0.0,0.0,0.0,45,0.01398999086696009,0.09672087310336967,0.00023518152678958,0.00008912651614391,1,4,0.0,0.0
consensus,homogeneous,36,H17,cons_dist_speak,true,true,0,4398895106259038200.0,0,0.05,0.0,0.0,0.0,0.0,0.0,0.0,0.0,65,0.00843213567863132,0.06729109557683875,0.00038414987944374,0.00017127788894548,1,3,0.0,0.0
consensus,homogeneous,23,H11,cons_ndist_speak,false,true,0,4477927936947039200.0,0,0.05,0.0,0.0,0.0,0.05,0.1,0.1,0.05,65,0.01309938700274348,0.05754081446965771,0.00059677976371315,0.00026899646913962,2,4,0.0,0.0
consensus,homogeneous,5,H3,cons_dist_nospeak,true,false,0,6905470370856337400.0,0,0.05,0.0,0.0,0.0,0.0,0.0,0.0,0.0,45,0.01398999086696009,0.09672087310336967,0.00023518152678958,0.00008912651614391,1,4,0.0,0.0
consensus,homogeneous,40,H18,cons_dist_speak,true,true,0,7043372089166577700.0,0,0.5,0.0,0.0,0.0,0.2,0.0,0.0,0.0,25,0.00975649903013544,0.1368822815223833,0.00001218305662903,0.0000023481983173,1,2,0.0,0.0
consensus,homogeneous,40,H18,cons_dist_speak,true,true,0,4398895106259038200.0,0,0.5,0.0,0.0,0.0,0.2,0.0,0.0,0.0,25,0.00975649903013544,0.18533396920444614,0.00000262298297309,0.00000028682658445,1,2,0.0,0.0
consensus,homogeneous,5,H3,cons_dist_nospeak,true,false,0,7043372089166577700.0,0,0.05,0.0,0.0,0.0,0.0,0.0,0.0,0.0,45,0.01398999086696009,0.09672087310336967,0.00023518152678958,0.00008912651614391,1,4,0.0,0.0
consensus,homogeneous,23,H11,cons_ndist_speak,false,true,0,8803618445054126100.0,0,0.05,0.0,0.0,0.0,0.05,0.1,0.1,0.05,75,0.01309938700274348,0.06602762618172937,0.00035967181139398,0.00016212085797289,2,4,0.0,0.0
consensus,homogeneous,40,H18,cons_dist_speak,true,true,0,4286360386944651300.0,0,0.5,0.0,0.0,0.0,0.2,0.0,0.0,0.0,20,0.00975649903013544,0.12198810922468142,0.00001008986587238,0.00000967738944206,1,2,0.0,0.0
consensus,homogeneous,40,H18,cons_dist_speak,true,true,0,4342572612484808700.0,0,0.5,0.0,0.0,0.0,0.2,0.0,0.0,0.0,25,0.00975649903013544,0.15768061220620702,0.00000708266429904,0.00000079461233147,1,2,0.0,0.0
consensus,heterogeneous,26,M12,cons_ndist_speak,false,true,0,7240713591891685400.0,0,0.5,0.0,0.0,0.0,0.05,0.1,0.1,0.05,15,0.01905125747492284,0.07772201211176903,0.00003398376102535,0.00000123722660963,1,2,0.0,0.0
consensus,homogeneous,5,H3,cons_dist_nospeak,true,false,0,4477927936947039200.0,0,0.05,0.0,0.0,0.0,0.0,0.0,0.0,0.0,45,0.01398999086696009,0.09672087310336967,0.00023518152678958,0.00008912651614391,1,4,0.0,0.0
consensus,homogeneous,40,H18,cons_dist_speak,true,true,0,7128893484183252000.0,0,0.5,0.0,0.0,0.0,0.2,0.0,0.0,0.0,25,0.00975649903013544,0.14093164533131458,0.00000889151409195,0.00000066346235376,1,2,0.0,0.0
consensus,homogeneous,40,H18,cons_dist_speak,true,true,0,8803618445054126100.0,0,0.5,0.0,0.0,0.0,0.2,0.0,0.0,0.0,30,0.00975649903013544,0.15922194596506367,0.00000019450218528,0.00000017542739963,1,2,0.0,0.0
consensus,homogeneous,5,H3,cons_dist_nospeak,true,false,0,4286360386944651300.0,0,0.05,0.0,0.0,0.0,0.0,0.0,0.0,0.0,45,0.01398999086696009,0.09672087310336967,0.00023518152678958,0.00008912651614391,1,4,0.0,0.0
consensus,heterogeneous,15,M20,cons_ndist_speak,false,true,0,7139002048363152400.0,0,0.05,0.0,0.0,0.0,0.05,0.1,0.1,0.05,80,0.01619926630551272,0.14150517311640026,0.00026806683586013,0.00017882483327057,1,3,0.0,0.0
consensus,heterogeneous,34,M31,cons_dist_speak,true,true,0,4398895106259038200.0,0,0.05,0.0,0.0,0.0,0.2,0.0,0.0,0.0,55,0.01079937132951816,0.04478634301999947,0.00403336980750109,0.00407361000646862,3,2,0.0,0.0
consensus,heterogeneous,15,M20,cons_ndist_speak,false,true,0,7240713591891685400.0,0,0.05,0.0,0.0,0.0,0.05,0.1,0.1,0.05,75,0.01619926630551272,0.13932011042884118,0.00044478565707976,0.00023034652867334,1,3,0.0,0.0
consensus,homogeneous,5,H3,cons_dist_nospeak,true,false,0,7128893484183252000.0,0,0.05,0.0,0.0,0.0,0.0,0.0,0.0,0.0,45,0.01398999086696009,0.09672087310336967,0.00023518152678958,0.00008912651614391,1,4,0.0,0.0
consensus,homogeneous,23,H11,cons_ndist_speak,false,true,0,6905470370856337400.0,0,0.05,0.0,0.0,0.0,0.05,0.1,0.1,0.05,85,0.01309938700274348,0.0555618961359936,0.00021676976964924,0.00009770824380681,1,4,0.0,0.0
consensus,heterogeneous,34,M31,cons_dist_speak,true,true,0,4342572612484808700.0,0,0.05,0.0,0.0,0.0,0.2,0.0,0.0,0.0,50,0.01079937132951816,0.047942634578532,0.00402242526909276,0.00326860562470973,3,2,0.0,0.0
consensus,homogeneous,5,H3,cons_dist_nospeak,true,false,0,4342572612484808700.0,0,0.05,0.0,0.0,0.0,0.0,0.0,0.0,0.0,45,0.01398999086696009,0.09672087310336967,0.00023518152678958,0.00008912651614391,1,4,0.0,0.0
consensus,heterogeneous,26,M12,cons_ndist_speak,false,true,0,7139002048363152400.0,0,0.5,0.0,0.0,0.0,0.05,0.1,0.1,0.05,20,0.01905125747492284,0.07722215549264226,0.00000010776970869,0.00000006967257888,1,2,0.0,0.0
consensus,heterogeneous,34,M31,cons_dist_speak,true,true,0,109591146466576384.0,0,0.05,0.0,0.0,0.0,0.2,0.0,0.0,0.0,45,0.01079937132951816,0.05270525724582893,0.00453586857688409,0.00303663764017953,3,2,0.0,0.0
consensus,homogeneous,40,H18,cons_dist_speak,true,true,0,4477927936947039200.0,0,0.5,0.0,0.0,0.0,0.2,0.0,0.0,0.0,25,0.00975649903013544,0.15917087201267782,0.00000454767076055,0.00000165517480012,1,2,0.0,0.0
consensus,homogeneous,5,H3,cons_dist_nospeak,true,false,0,109591146466576384.0,0,0.05,0.0,0.0,0.0,0.0,0.0,0.0,0.0,45,0.01398999086696009,0.09672087310336967,0.00023518152678958,0.00008912651614391,1,4,0.0,0.0
consensus,homogeneous,23,H11,cons_ndist_speak,false,true,0,4398895106259038200.0,0,0.05,0.0,0.0,0.0,0.05,0.1,0.1,0.05,85,0.01309938700274348,0.05930447685487662,0.00021676976964924,0.00009770824380681,1,4,0.0,0.0
consensus,heterogeneous,4,M5,cons_ndist_speak,false,true,0,4398895106259038200.0,0,0.05,0.0,0.0,0.0,0.05,0.1,0.1,0.05,100,0.03097746746875476,0.16283882396007923,0.00018619940149148,0.00014798397414418,2,4,0.0,0.0
consensus,heterogeneous,34,M31,cons_dist_speak,true,true,0,7043372089166577700.0,0,0.05,0.0,0.0,0.0,0.2,0.0,0.0,0.0,60,0.01079937132951816,0.05901621052504484,0.0033830924115934,0.00206404214729383,3,2,0.0,0.0
consensus,heterogeneous,26,M12,cons_ndist_speak,false,true,0,4692690466958798800.0,0,0.5,0.0,0.0,0.0,0.05,0.1,0.1,0.05,15,0.01905125747492284,0.08223706491676057,0.00003398376102535,0.00000123722660963,1,2,0.0,0.0
consensus,heterogeneous,26,M12,cons_ndist_speak,false,true,0,5702577027890589700.0,0,0.5,0.0,0.0,0.0,0.05,0.1,0.1,0.05,15,0.01905125747492284,0.07618036961752365,0.00003398376102535,0.00000123722660963,1,2,0.0,0.0
consensus,heterogeneous,34,M31,cons_dist_speak,true,true,0,5702577027890589700.0,0,0.05,0.0,0.0,0.0,0.2,0.0,0.0,0.0,85,0.01079937132951816,0.05621388074806914,0.00284044799283976,0.00235437124515192,3,2,0.0,0.0
consensus,heterogeneous,26,M12,cons_ndist_speak,false,true,0,6905470370856337400.0,0,0.5,0.0,0.0,0.0,0.05,0.1,0.1,0.05,20,0.01905125747492284,0.08519394235781656,0.00000010776970869,0.00000006967257888,1,2,0.0,0.0
consensus,heterogeneous,26,M12,cons_ndist_speak,false,true,0,8636175130330607600.0,0,0.5,0.0,0.0,0.0,0.05,0.1,0.1,0.05,20,0.01905125747492284,0.07974034875939871,0.00000010776970869,0.00000006967257888,1,2,0.0,0.0
consensus,heterogeneous,34,M31,cons_dist_speak,true,true,0,4286360386944651300.0,0,0.05,0.0,0.0,0.0,0.2,0.0,0.0,0.0,60,0.01079937132951816,0.05172525178958096,0.00351155803037965,0.00260820753989511,3,2,0.0,0.0
consensus,heterogeneous,4,M5,cons_ndist_speak,false,true,0,7240713591891685400.0,0,0.05,0.0,0.0,0.0,0.05,0.1,0.1,0.05,100,0.03097746746875476,0.16099778396348208,0.00018619940149148,0.00014798397414418,1,4,0.0,0.0
consensus,heterogeneous,26,M12,cons_ndist_speak,false,true,0,4398895106259038200.0,0,0.5,0.0,0.0,0.0,0.05,0.1,0.1,0.05,15,0.01905125747492284,0.11315938756032916,0.00003398376102535,0.00000123722660963,2,2,0.0,0.0
consensus,heterogeneous,25,M6,cons_dist_nospeak,true,false,0,7240713591891685400.0,0,0.5,0.0,0.0,0.0,0.2,0.0,0.0,0.0,15,0.02801205751790883,0.1370320954145439,0.00000036711188628,0.00000000054178571,1,3,0.0,0.0
consensus,heterogeneous,25,M6,cons_dist_nospeak,true,false,0,7139002048363152400.0,0,0.5,0.0,0.0,0.0,0.2,0.0,0.0,0.0,15,0.02801205751790883,0.1370320954145439,0.00000036711188628,0.00000000054178571,1,3,0.0,0.0
consensus,heterogeneous,26,M12,cons_ndist_speak,false,true,0,7128893484183252000.0,0,0.5,0.0,0.0,0.0,0.05,0.1,0.1,0.05,15,0.01905125747492284,0.07618036961752365,0.00003398376102535,0.00000123722660963,1,2,0.0,0.0
consensus,heterogeneous,34,M31,cons_dist_speak,true,true,0,8803618445054126100.0,0,0.05,0.0,0.0,0.0,0.2,0.0,0.0,0.0,70,0.01079937132951816,0.06689167105882979,0.00294461609435179,0.00163265344961263,3,2,0.0,0.0
consensus,homogeneous,23,H11,cons_ndist_speak,false,true,0,109591146466576384.0,0,0.05,0.0,0.0,0.0,0.05,0.1,0.1,0.05,85,0.01309938700274348,0.05687362614130624,0.00021676976964924,0.00009770824380681,1,4,0.0,0.0
consensus,heterogeneous,26,M12,cons_ndist_speak,false,true,0,8803618445054126100.0,0,0.5,0.0,0.0,0.0,0.05,0.1,0.1,0.05,20,0.01905125747492284,0.09487464613216905,0.00000010776970869,0.00000006967257888,1,2,0.0,0.0
consensus,heterogeneous,25,M6,cons_dist_nospeak,true,false,0,4692690466958798800.0,0,0.5,0.0,0.0,0.0,0.2,0.0,0.0,0.0,15,0.02801205751790883,0.1370320954145439,0.00000036711188628,0.00000000054178571,1,3,0.0,0.0
consensus,heterogeneous,26,M12,cons_ndist_speak,false,true,0,1841142524168585220.0,0,0.5,0.0,0.0,0.0,0.05,0.1,0.1,0.05,20,0.01905125747492284,0.07722215549264226,0.00000010776970869,0.00000006967257888,1,2,0.0,0.0
consensus,heterogeneous,26,M12,cons_ndist_speak,false,true,0,4342572612484808700.0,0,0.5,0.0,0.0,0.0,0.05,0.1,0.1,0.05,20,0.01905125747492284,0.07722215549264226,0.00000010776970869,0.00000006967257888,1,2,0.0,0.0
consensus,heterogeneous,26,M12,cons_ndist_speak,false,true,0,4286360386944651300.0,0,0.5,0.0,0.0,0.0,0.05,0.1,0.1,0.05,20,0.01905125747492284,0.10699661871343162,0.00000010776970869,0.00000006967257888,1,2,0.0,0.0
consensus,homogeneous,33,H15,cons_ndist_speak,false,true,0,4692690466958798800.0,0,0.5,0.0,0.0,0.0,0.05,0.1,0.1,0.05,15,0.00240269204389574,0.04406979587672857,0.00000428593820354,0.00000013178782961,1,3,0.0,0.0
consensus,heterogeneous,26,M12,cons_ndist_speak,false,true,0,7043372089166577700.0,0,0.5,0.0,0.0,0.0,0.05,0.1,0.1,0.05,15,0.01905125747492284,0.07618036961752365,0.00003398376102535,0.00000123722660963,1,2,0.0,0.0
consensus,heterogeneous,25,M6,cons_dist_nospeak,true,false,0,6905470370856337400.0,0,0.5,0.0,0.0,0.0,0.2,0.0,0.0,0.0,15,0.02801205751790883,0.1370320954145439,0.00000036711188628,0.00000000054178571,1,3,0.0,0.0
consensus,heterogeneous,26,M12,cons_ndist_speak,false,true,0,109591146466576384.0,0,0.5,0.0,0.0,0.0,0.05,0.1,0.1,0.05,20,0.01905125747492284,0.07786136244851492,0.00000010776970869,0.00000006967257888,1,2,0.0,0.0
consensus,heterogeneous,25,M6,cons_dist_nospeak,true,false,0,8636175130330607600.0,0,0.5,0.0,0.0,0.0,0.2,0.0,0.0,0.0,15,0.02801205751790883,0.1370320954145439,0.00000036711188628,0.00000000054178571,1,3,0.0,0.0
consensus,heterogeneous,34,M31,cons_dist_speak,true,true,0,4477927936947039200.0,0,0.05,0.0,0.0,0.0,0.2,0.0,0.0,0.0,90,0.01079937132951816,0.0653558967126083,0.0024377613806679,0.00191553187697385,3,2,0.0,0.0
consensus,homogeneous,23,H11,cons_ndist_speak,false,true,0,4286360386944651300.0,0,0.05,0.0,0.0,0.0,0.05,0.1,0.1,0.05,85,0.01309938700274348,0.06223129466186129,0.00021676976964924,0.00009770824380681,1,4,0.0,0.0
consensus,heterogeneous,6,M7,cons_dist_nospeak,true,false,0,1841142524168585220.0,0,0.05,0.0,0.0,0.0,0.2,0.0,0.0,0.0,70,0.03543339668114619,0.1388805687752796,0.00170310203861513,0.00123165679581573,2,4,0.0,0.0
consensus,homogeneous,33,H15,cons_ndist_speak,false,true,0,6905470370856337400.0,0,0.5,0.0,0.0,0.0,0.05,0.1,0.1,0.05,15,0.00240269204389574,0.04402963409967804,0.00000428593820354,0.00000013178782961,1,3,0.0,0.0
consensus,heterogeneous,6,M7,cons_dist_nospeak,true,false,0,7139002048363152400.0,0,0.05,0.0,0.0,0.0,0.2,0.0,0.0,0.0,70,0.03543339668114619,0.1388805687752796,0.00170310203861513,0.00123165679581573,2,4,0.0,0.0
consensus,heterogeneous,34,M31,cons_dist_speak,true,true,0,1841142524168585220.0,0,0.05,0.0,0.0,0.0,0.2,0.0,0.0,0.0,90,0.01079937132951816,0.07230594681199308,0.00242527299981398,0.00113864444827641,3,2,0.0,0.0
consensus,heterogeneous,6,M7,cons_dist_nospeak,true,false,0,6905470370856337400.0,0,0.05,0.0,0.0,0.0,0.2,0.0,0.0,0.0,70,0.03543339668114619,0.1388805687752796,0.00170310203861513,0.00123165679581573,2,4,0.0,0.0
consensus,homogeneous,33,H15,cons_ndist_speak,false,true,0,7139002048363152400.0,0,0.5,0.0,0.0,0.0,0.05,0.1,0.1,0.05,15,0.00240269204389574,0.04600638388418947,0.00000428593820354,0.00000013178782961,1,3,0.0,0.0
consensus,homogeneous,33,H15,cons_ndist_speak,false,true,0,5702577027890589700.0,0,0.5,0.0,0.0,0.0,0.05,0.1,0.1,0.05,15,0.00240269204389574,0.04678409552941092,0.00000428593820354,0.00000013178782961,1,3,0.0,0.0
consensus,homogeneous,33,H15,cons_ndist_speak,false,true,0,7240713591891685400.0,0,0.5,0.0,0.0,0.0,0.05,0.1,0.1,0.05,15,0.00240269204389574,0.0462849972729736,0.00000428593820354,0.00000013178782961,1,3,0.0,0.0
consensus,homogeneous,33,H15,cons_ndist_speak,false,true,0,4398895106259038200.0,0,0.5,0.0,0.0,0.0,0.05,0.1,0.1,0.05,15,0.00240269204389574,0.04689479743149923,0.00000428593820354,0.00000013178782961,1,3,0.0,0.0
consensus,heterogeneous,6,M7,cons_dist_nospeak,true,false,0,5702577027890589700.0,0,0.05,0.0,0.0,0.0,0.2,0.0,0.0,0.0,70,0.03543339668114619,0.1388805687752796,0.00170310203861513,0.00123165679581573,2,4,0.0,0.0
consensus,heterogeneous,12,M13,cons_dist_nospeak,true,false,0,7043372089166577700.0,0,0.05,0.0,0.0,0.0,0.0,0.0,0.0,0.0,55,0.03278937715525453,0.15769000555034865,0.00019863329688934,0.00007594895248715,1,5,0.0,0.0
consensus,heterogeneous,34,M31,cons_dist_speak,true,true,0,4692690466958798800.0,0,0.05,0.0,0.0,0.0,0.2,0.0,0.0,0.0,115,0.01079937132951816,0.08071002225314254,0.00189810986759625,0.00090609889676916,3,2,0.0,0.0
consensus,heterogeneous,26,M12,cons_ndist_speak,false,true,0,4477927936947039200.0,0,0.5,0.0,0.0,0.0,0.05,0.1,0.1,0.05,20,0.01905125747492284,0.07722215549264226,0.00000010776970869,0.00000006967257888,1,2,0.0,0.0
consensus,heterogeneous,6,M7,cons_dist_nospeak,true,false,0,7240713591891685400.0,0,0.05,0.0,0.0,0.0,0.2,0.0,0.0,0.0,70,0.03543339668114619,0.1388805687752796,0.00170310203861513,0.00123165679581573,2,4,0.0,0.0
consensus,homogeneous,33,H15,cons_ndist_speak,false,true,0,8636175130330607600.0,0,0.5,0.0,0.0,0.0,0.05,0.1,0.1,0.05,15,0.00240269204389574,0.04571211280051146,0.00000428593820354,0.00000013178782961,1,3,0.0,0.0
consensus,heterogeneous,12,M13,cons_dist_nospeak,true,false,0,8636175130330607600.0,0,0.05,0.0,0.0,0.0,0.0,0.0,0.0,0.0,55,0.03278937715525453,0.15769000555034865,0.00019863329688934,0.00007594895248715,1,5,0.0,0.0
consensus,heterogeneous,12,M13,cons_dist_nospeak,true,false,0,5702577027890589700.0,0,0.05,0.0,0.0,0.0,0.0,0.0,0.0,0.0,55,0.03278937715525453,0.15769000555034865,0.00019863329688934,0.00007594895248715,1,5,0.0,0.0
consensus,heterogeneous,39,M35,cons_dist_speak,true,true,0,4692690466958798800.0,0,0.05,0.0,0.0,0.0,0.0,0.0,0.0,0.0,70,0.01380628072130774,0.08992604382693503,0.00037908109704726,0.00026372669919036,2,4,0.0,0.0
consensus,homogeneous,33,H15,cons_ndist_speak,false,true,0,4342572612484808700.0,0,0.5,0.0,0.0,0.0,0.05,0.1,0.1,0.05,15,0.00240269204389574,0.05216356233900634,0.00000428593820354,0.00000013178782961,1,3,0.0,0.0
consensus,heterogeneous,6,M7,cons_dist_nospeak,true,false,0,8636175130330607600.0,0,0.05,0.0,0.0,0.0,0.2,0.0,0.0,0.0,70,0.03543339668114619,0.1388805687752796,0.00170310203861513,0.00123165679581573,2,4,0.0,0.0
consensus,homogeneous,33,H15,cons_ndist_speak,false,true,0,1841142524168585220.0,0,0.5,0.0,0.0,0.0,0.05,0.1,0.1,0.05,15,0.00240269204389574,0.04641007496177716,0.00000428593820354,0.00000013178782961,1,3,0.0,0.0
consensus,heterogeneous,6,M7,cons_dist_nospeak,true,false,0,8803618445054126100.0,0,0.05,0.0,0.0,0.0,0.2,0.0,0.0,0.0,70,0.03543339668114619,0.1388805687752796,0.00170310203861513,0.00123165679581573,2,4,0.0,0.0
consensus,homogeneous,33,H15,cons_ndist_speak,false,true,0,8803618445054126100.0,0,0.5,0.0,0.0,0.0,0.05,0.1,0.1,0.05,15,0.00240269204389574,0.04609149354175864,0.00000428593820354,0.00000013178782961,1,3,0.0,0.0
consensus,heterogeneous,12,M13,cons_dist_nospeak,true,false,0,7240713591891685400.0,0,0.05,0.0,0.0,0.0,0.0,0.0,0.0,0.0,55,0.03278937715525453,0.15769000555034865,0.00019863329688934,0.00007594895248715,1,5,0.0,0.0
consensus,homogeneous,33,H15,cons_ndist_speak,false,true,0,7043372089166577700.0,0,0.5,0.0,0.0,0.0,0.05,0.1,0.1,0.05,15,0.00240269204389574,0.04532216137859342,0.00000428593820354,0.00000013178782961,1,3,0.0,0.0
consensus,heterogeneous,25,M6,cons_dist_nospeak,true,false,0,5702577027890589700.0,0,0.5,0.0,0.0,0.0,0.2,0.0,0.0,0.0,15,0.02801205751790883,0.1370320954145439,0.00000036711188628,0.00000000054178571,1,3,0.0,0.0
consensus,heterogeneous,25,M6,cons_dist_nospeak,true,false,0,4398895106259038200.0,0,0.5,0.0,0.0,0.0,0.2,0.0,0.0,0.0,15,0.02801205751790883,0.1370320954145439,0.00000036711188628,0.00000000054178571,1,3,0.0,0.0
consensus,homogeneous,33,H15,cons_ndist_speak,false,true,0,7128893484183252000.0,0,0.5,0.0,0.0,0.0,0.05,0.1,0.1,0.05,15,0.00240269204389574,0.04746738662296501,0.00000428593820354,0.00000013178782961,1,3,0.0,0.0
consensus,heterogeneous,12,M13,cons_dist_nospeak,true,false,0,4692690466958798800.0,0,0.05,0.0,0.0,0.0,0.0,0.0,0.0,0.0,55,0.03278937715525453,0.15769000555034865,0.00019863329688934,0.00007594895248715,1,5,0.0,0.0
consensus,homogeneous,33,H15,cons_ndist_speak,false,true,0,4286360386944651300.0,0,0.5,0.0,0.0,0.0,0.05,0.1,0.1,0.05,15,0.00240269204389574,0.04669934044079009,0.00000428593820354,0.00000013178782961,1,3,0.0,0.0
consensus,heterogeneous,22,M28,cons_ndist_speak,false,true,0,7139002048363152400.0,0,0.5,0.0,0.0,0.0,0.05,0.1,0.1,0.05,20,0.02593274109975132,0.13717973340530004,0.00000014669708588,0.00000008554731704,1,3,0.0,0.0
consensus,heterogeneous,22,M28,cons_ndist_speak,false,true,0,4692690466958798800.0,0,0.5,0.0,0.0,0.0,0.05,0.1,0.1,0.05,15,0.02593274109975132,0.13018035407023681,0.00004625899772896,0.00000151912587031,2,3,0.0,0.0
consensus,heterogeneous,39,M35,cons_dist_speak,true,true,0,7240713591891685400.0,0,0.05,0.0,0.0,0.0,0.0,0.0,0.0,0.0,70,0.01380628072130774,0.0911340788834869,0.00037908109704725,0.00026372669919036,2,4,0.0,0.0
consensus,heterogeneous,12,M13,cons_dist_nospeak,true,false,0,6905470370856337400.0,0,0.05,0.0,0.0,0.0,0.0,0.0,0.0,0.0,55,0.03278937715525453,0.15769000555034865,0.00019863329688934,0.00007594895248715,1,5,0.0,0.0
consensus,heterogeneous,12,M13,cons_dist_nospeak,true,false,0,4398895106259038200.0,0,0.05,0.0,0.0,0.0,0.0,0.0,0.0,0.0,55,0.03278937715525453,0.15769000555034865,0.00019863329688934,0.00007594895248715,1,5,0.0,0.0
consensus,heterogeneous,12,M13,cons_dist_nospeak,true,false,0,1841142524168585220.0,0,0.05,0.0,0.0,0.0,0.0,0.0,0.0,0.0,55,0.03278937715525453,0.15769000555034865,0.00019863329688934,0.00007594895248715,1,5,0.0,0.0
consensus,heterogeneous,39,M35,cons_dist_speak,true,true,0,7139002048363152400.0,0,0.05,0.0,0.0,0.0,0.0,0.0,0.0,0.0,80,0.01380628072130774,0.09760170852346024,0.00022846750699432,0.00015894483254688,2,4,0.0,0.0
consensus,homogeneous,33,H15,cons_ndist_speak,false,true,0,109591146466576384.0,0,0.5,0.0,0.0,0.0,0.05,0.1,0.1,0.05,15,0.00240269204389574,0.04475217232657434,0.00000428593820354,0.00000013178782961,1,3,0.0,0.0
consensus,heterogeneous,25,M6,cons_dist_nospeak,true,false,0,8803618445054126100.0,0,0.5,0.0,0.0,0.0,0.2,0.0,0.0,0.0,15,0.02801205751790883,0.1370320954145439,0.00000036711188628,0.00000000054178571,1,3,0.0,0.0
consensus,heterogeneous,6,M7,cons_dist_nospeak,true,false,0,4692690466958798800.0,0,0.05,0.0,0.0,0.0,0.2,0.0,0.0,0.0,70,0.03543339668114619,0.1388805687752796,0.00170310203861513,0.00123165679581573,2,4,0.0,0.0
consensus,heterogeneous,12,M13,cons_dist_nospeak,true,false,0,7139002048363152400.0,0,0.05,0.0,0.0,0.0,0.0,0.0,0.0,0.0,55,0.03278937715525453,0.15769000555034865,0.00019863329688934,0.00007594895248715,1,5,0.0,0.0
consensus,heterogeneous,6,M7,cons_dist_nospeak,true,false,0,4398895106259038200.0,0,0.05,0.0,0.0,0.0,0.2,0.0,0.0,0.0,70,0.03543339668114619,0.1388805687752796,0.00170310203861513,0.00123165679581573,2,4,0.0,0.0
consensus,heterogeneous,22,M28,cons_ndist_speak,false,true,0,7240713591891685400.0,0,0.5,0.0,0.0,0.0,0.05,0.1,0.1,0.05,15,0.02593274109975132,0.13111861649634177,0.00004625899772896,0.00000151912587031,1,3,0.0,0.0
consensus,homogeneous,33,H15,cons_ndist_speak,false,true,0,4477927936947039200.0,0,0.5,0.0,0.0,0.0,0.05,0.1,0.1,0.05,15,0.00240269204389574,0.0465385237551313,0.00000428593820354,0.00000013178782961,1,3,0.0,0.0
consensus,heterogeneous,25,M6,cons_dist_nospeak,true,false,0,1841142524168585220.0,0,0.5,0.0,0.0,0.0,0.2,0.0,0.0,0.0,15,0.02801205751790883,0.1370320954145439,0.00000036711188628,0.00000000054178571,1,3,0.0,0.0
consensus,homogeneous,5,H3,cons_dist_speak,true,true,0,5702577027890589700.0,0,0.05,0.0,0.0,0.0,0.0,0.0,0.0,0.0,75,0.01398999086696009,0.0920565995954306,0.00038412525375813,0.00018703736144795,1,4,0.0,0.0
consensus,heterogeneous,22,M28,cons_ndist_speak,false,true,0,8803618445054126100.0,0,0.5,0.0,0.0,0.0,0.05,0.1,0.1,0.05,20,0.02593274109975132,0.15114447866493702,0.00000014669708588,0.00000008554731704,1,3,0.0,0.0
consensus,heterogeneous,25,M6,cons_dist_nospeak,true,false,0,4342572612484808700.0,0,0.5,0.0,0.0,0.0,0.2,0.0,0.0,0.0,15,0.02801205751790883,0.1370320954145439,0.00000036711188628,0.00000000054178571,1,3,0.0,0.0
consensus,heterogeneous,39,M35,cons_dist_speak,true,true,0,1841142524168585220.0,0,0.05,0.0,0.0,0.0,0.0,0.0,0.0,0.0,60,0.01380628072130774,0.08601743843218805,0.00062898431391437,0.00043758435396338,2,4,0.0,0.0
consensus,heterogeneous,39,M35,cons_dist_speak,true,true,0,7128893484183252000.0,0,0.05,0.0,0.0,0.0,0.0,0.0,0.0,0.0,70,0.01380628072130774,0.09000432156885015,0.00037908109704726,0.00026372669919036,2,4,0.0,0.0
consensus,heterogeneous,22,M28,cons_ndist_speak,false,true,0,6905470370856337400.0,0,0.5,0.0,0.0,0.0,0.05,0.1,0.1,0.05,20,0.02593274109975132,0.1377239537086416,0.00000014669708588,0.00000008554731704,1,3,0.0,0.0
consensus,homogeneous,17,H7,cons_dist_nospeak,true,false,0,6905470370856337400.0,0,0.05,0.0,0.0,0.0,0.2,0.0,0.0,0.0,15,0.00399529565091067,0.03979061830428951,0.00311845230533469,0.00268700886298122,3,3,0.0,0.0
consensus,heterogeneous,6,M7,cons_dist_nospeak,true,false,0,7128893484183252000.0,0,0.05,0.0,0.0,0.0,0.2,0.0,0.0,0.0,70,0.03543339668114619,0.1388805687752796,0.00170310203861513,0.00123165679581573,2,4,0.0,0.0
consensus,homogeneous,5,H3,cons_dist_speak,true,true,0,4692690466958798800.0,0,0.05,0.0,0.0,0.0,0.0,0.0,0.0,0.0,65,0.01398999086696009,0.08504640427552146,0.00063735375114767,0.00031033878339765,1,4,0.0,0.0
consensus,heterogeneous,22,M28,cons_ndist_speak,false,true,0,5702577027890589700.0,0,0.5,0.0,0.0,0.0,0.05,0.1,0.1,0.05,15,0.02593274109975132,0.1254424824207862,0.00004625899772896,0.00000151912587031,1,3,0.0,0.0
consensus,heterogeneous,12,M13,cons_dist_nospeak,true,false,0,7128893484183252000.0,0,0.05,0.0,0.0,0.0,0.0,0.0,0.0,0.0,55,0.03278937715525453,0.15769000555034865,0.00019863329688934,0.00007594895248715,1,5,0.0,0.0
consensus,heterogeneous,22,M28,cons_ndist_speak,false,true,0,4398895106259038200.0,0,0.5,0.0,0.0,0.0,0.05,0.1,0.1,0.05,15,0.02593274109975132,0.17104021780370982,0.00004625899772896,0.00000151912587031,1,3,0.0,0.0
consensus,heterogeneous,25,M6,cons_dist_nospeak,true,false,0,109591146466576384.0,0,0.5,0.0,0.0,0.0,0.2,0.0,0.0,0.0,15,0.02801205751790883,0.1370320954145439,0.00000036711188628,0.00000000054178571,1,3,0.0,0.0
consensus,heterogeneous,22,M28,cons_ndist_speak,false,true,0,7128893484183252000.0,0,0.5,0.0,0.0,0.0,0.05,0.1,0.1,0.05,15,0.02593274109975132,0.12320037244966524,0.00004625899772896,0.00000151912587031,1,3,0.0,0.0
consensus,heterogeneous,12,M13,cons_dist_nospeak,true,false,0,4477927936947039200.0,0,0.05,0.0,0.0,0.0,0.0,0.0,0.0,0.0,55,0.03278937715525453,0.15769000555034865,0.00019863329688934,0.00007594895248715,1,5,0.0,0.0
consensus,heterogeneous,39,M35,cons_dist_speak,true,true,0,4286360386944651300.0,0,0.05,0.0,0.0,0.0,0.0,0.0,0.0,0.0,60,0.01380628072130774,0.08595584200186253,0.00062898431391437,0.00043758435396338,2,4,0.0,0.0
consensus,heterogeneous,25,M6,cons_dist_nospeak,true,false,0,7128893484183252000.0,0,0.5,0.0,0.0,0.0,0.2,0.0,0.0,0.0,15,0.02801205751790883,0.1370320954145439,0.00000036711188628,0.00000000054178571,1,3,0.0,0.0
consensus,homogeneous,5,H3,cons_dist_speak,true,true,0,7240713591891685400.0,0,0.05,0.0,0.0,0.0,0.0,0.0,0.0,0.0,65,0.01398999086696009,0.09139181707244064,0.00063735375114767,0.00031033878339765,1,4,0.0,0.0
bipolarization,heterogeneous,30,M23,bipol_dist_nospeak,true,false,0,6905470370856337400.0,0,0.5,0.4,0.8,0.1,0.0,0.0,0.3,0.0,15,0.00534329721793556,0.04562114457225144,0.0000000000497813,0.00000000000000247,1,3,0.4,0.0
consensus,heterogeneous,22,M28,cons_ndist_speak,false,true,0,8636175130330607600.0,0,0.5,0.0,0.0,0.0,0.05,0.1,0.1,0.05,20,0.02593274109975132,0.1404566741234768,0.00000014669708588,0.00000008554731704,1,3,0.0,0.0
consensus,heterogeneous,12,M13,cons_dist_nospeak,true,false,0,109591146466576384.0,0,0.05,0.0,0.0,0.0,0.0,0.0,0.0,0.0,55,0.03278937715525453,0.15769000555034865,0.00019863329688934,0.00007594895248715,1,5,0.0,0.0
consensus,heterogeneous,15,M20,cons_ndist_speak,false,true,0,4692690466958798800.0,0,0.05,0.0,0.0,0.0,0.05,0.1,0.1,0.05,75,0.01619926630551272,0.13932011042884113,0.00044478565707976,0.00023034652867334,1,3,0.0,0.0
consensus,heterogeneous,6,M7,cons_dist_nospeak,true,false,0,7043372089166577700.0,0,0.05,0.0,0.0,0.0,0.2,0.0,0.0,0.0,70,0.03543339668114619,0.1388805687752796,0.00170310203861513,0.00123165679581573,2,4,0.0,0.0
bipolarization,heterogeneous,30,M23,bipol_dist_nospeak,true,false,0,7240713591891685400.0,0,0.5,0.4,0.8,0.1,0.0,0.0,0.3,0.0,15,0.00534329721793556,0.04562114457225144,0.0000000000497813,0.00000000000000247,1,3,0.4,0.0
bipolarization,heterogeneous,30,M23,bipol_dist_nospeak,true,false,0,7139002048363152400.0,0,0.5,0.4,0.8,0.1,0.0,0.0,0.3,0.0,15,0.00534329721793556,0.04562114457225144,0.0000000000497813,0.00000000000000247,1,3,0.4,0.0
consensus,heterogeneous,25,M6,cons_dist_nospeak,true,false,0,4477927936947039200.0,0,0.5,0.0,0.0,0.0,0.2,0.0,0.0,0.0,15,0.02801205751790883,0.1370320954145439,0.00000036711188628,0.00000000054178571,1,3,0.0,0.0
consensus,heterogeneous,15,M20,cons_ndist_speak,false,true,0,6905470370856337400.0,0,0.05,0.0,0.0,0.0,0.05,0.1,0.1,0.05,75,0.01619926630551272,0.13932011042884118,0.00044478565707976,0.00023034652867334,1,3,0.0,0.0
consensus,heterogeneous,12,M13,cons_dist_nospeak,true,false,0,8803618445054126100.0,0,0.05,0.0,0.0,0.0,0.0,0.0,0.0,0.0,55,0.03278937715525453,0.15769000555034865,0.00019863329688934,0.00007594895248715,1,5,0.0,0.0
consensus,heterogeneous,22,M28,cons_ndist_speak,false,true,0,1841142524168585220.0,0,0.5,0.0,0.0,0.0,0.05,0.1,0.1,0.05,20,0.02593274109975132,0.12413156534441032,0.00000014669708588,0.00000008554731704,1,3,0.0,0.0
bipolarization,homogeneous,7,H4,bipol_dist_nospeak,true,false,0,7240713591891685400.0,0,0.5,0.1,0.8,0.3,0.2,0.3,0.0,0.2,15,0.00232084297839506,0.05328656752722939,0.00000000491211398,0.00000000002789573,1,2,0.7000000000000001,0.0
bipolarization,homogeneous,7,H4,bipol_dist_nospeak,true,false,0,7139002048363152400.0,0,0.5,0.1,0.8,0.3,0.2,0.3,0.0,0.2,15,0.00232084297839506,0.05328656752722939,0.00000000491211398,0.00000000002789573,1,2,0.7000000000000001,0.0
consensus,heterogeneous,39,M35,cons_dist_speak,true,true,0,8803618445054126100.0,0,0.05,0.0,0.0,0.0,0.0,0.0,0.0,0.0,75,0.01380628072130774,0.09776648845327651,0.00037908109704726,0.00020473884839217,2,4,0.0,0.0
consensus,heterogeneous,6,M7,cons_dist_nospeak,true,false,0,109591146466576384.0,0,0.05,0.0,0.0,0.0,0.2,0.0,0.0,0.0,70,0.03543339668114619,0.1388805687752796,0.00170310203861513,0.00123165679581573,2,4,0.0,0.0
consensus,heterogeneous,39,M35,cons_dist_speak,true,true,0,6905470370856337400.0,0,0.05,0.0,0.0,0.0,0.0,0.0,0.0,0.0,80,0.01380628072130774,0.09319673849020094,0.00022846750699432,0.00015894483254688,2,4,0.0,0.0
consensus,heterogeneous,6,M7,cons_dist_nospeak,true,false,0,4286360386944651300.0,0,0.05,0.0,0.0,0.0,0.2,0.0,0.0,0.0,70,0.03543339668114619,0.1388805687752796,0.00170310203861513,0.00123165679581573,2,4,0.0,0.0
consensus,heterogeneous,15,M20,cons_ndist_speak,false,true,0,8636175130330607600.0,0,0.05,0.0,0.0,0.0,0.05,0.1,0.1,0.05,80,0.01619926630551272,0.14150517311640037,0.00026806683586012,0.00017882483327057,2,3,0.0,0.0
consensus,heterogeneous,39,M35,cons_dist_speak,true,true,0,4342572612484808700.0,0,0.05,0.0,0.0,0.0,0.0,0.0,0.0,0.0,70,0.01380628072130774,0.09160810679947078,0.00037908109704726,0.00026372669919036,2,4,0.0,0.0
bipolarization,heterogeneous,21,M27,bipol_dist_nospeak,true,false,0,7240713591891685400.0,0,0.5,0.1,0.8,0.1,0.0,0.0,0.3,0.0,15,0.01066925416285628,0.06218621715360523,0.00734064300066725,0.01174433963665927,2,4,0.7000000000000001,0.0
consensus,homogeneous,17,H7,cons_dist_nospeak,true,false,0,4692690466958798800.0,0,0.05,0.0,0.0,0.0,0.2,0.0,0.0,0.0,15,0.00399529565091067,0.03979061830428951,0.00311845230533469,0.00268700886298122,3,3,0.0,0.0
consensus,heterogeneous,25,M6,cons_dist_nospeak,true,false,0,7043372089166577700.0,0,0.5,0.0,0.0,0.0,0.2,0.0,0.0,0.0,15,0.02801205751790883,0.1370320954145439,0.00000036711188628,0.00000000054178571,1,3,0.0,0.0
consensus,heterogeneous,22,M28,cons_ndist_speak,false,true,0,7043372089166577700.0,0,0.5,0.0,0.0,0.0,0.05,0.1,0.1,0.05,15,0.02593274109975132,0.12831593202166997,0.00004625899772896,0.00000151912587031,1,3,0.0,0.0
bipolarization,heterogeneous,30,M23,bipol_dist_nospeak,true,false,0,4692690466958798800.0,0,0.5,0.4,0.8,0.1,0.0,0.0,0.3,0.0,15,0.00534329721793556,0.04562114457225144,0.0000000000497813,0.00000000000000247,1,3,0.4,0.0
bipolarization,heterogeneous,30,M23,bipol_dist_nospeak,true,false,0,8636175130330607600.0,0,0.5,0.4,0.8,0.1,0.0,0.0,0.3,0.0,15,0.00534329721793556,0.04562114457225144,0.0000000000497813,0.00000000000000247,1,3,0.4,0.0
consensus,heterogeneous,22,M28,cons_ndist_speak,false,true,0,4342572612484808700.0,0,0.5,0.0,0.0,0.0,0.05,0.1,0.1,0.05,20,0.02593274109975132,0.12413156534441026,0.00000014669708588,0.00000008554731704,1,3,0.0,0.0
consensus,heterogeneous,39,M35,cons_dist_speak,true,true,0,109591146466576384.0,0,0.05,0.0,0.0,0.0,0.0,0.0,0.0,0.0,70,0.01380628072130774,0.09632697676381663,0.00037908109704725,0.00026372669919036,2,4,0.0,0.0
consensus,homogeneous,17,H7,cons_dist_nospeak,true,false,0,5702577027890589700.0,0,0.05,0.0,0.0,0.0,0.2,0.0,0.0,0.0,15,0.00399529565091067,0.03979061830428951,0.00311845230533469,0.00268700886298122,3,3,0.0,0.0
consensus,heterogeneous,22,M28,cons_ndist_speak,false,true,0,109591146466576384.0,0,0.5,0.0,0.0,0.0,0.05,0.1,0.1,0.05,20,0.02593274109975132,0.12834820800733543,0.00000014669708588,0.00000008554731704,1,3,0.0,0.0
consensus,heterogeneous,39,M35,cons_dist_speak,true,true,0,4398895106259038200.0,0,0.05,0.0,0.0,0.0,0.0,0.0,0.0,0.0,70,0.01380628072130774,0.10240446791864144,0.00037908109704725,0.00026372669919036,1,4,0.0,0.0
bipolarization,heterogeneous,21,M27,bipol_dist_nospeak,true,false,0,6905470370856337400.0,0,0.5,0.1,0.8,0.1,0.0,0.0,0.3,0.0,15,0.01066925416285628,0.06218621715360523,0.00734064300066725,0.01174433963665927,2,4,0.7000000000000001,0.0
consensus,homogeneous,17,H7,cons_dist_nospeak,true,false,0,8636175130330607600.0,0,0.05,0.0,0.0,0.0,0.2,0.0,0.0,0.0,15,0.00399529565091067,0.03979061830428951,0.00311845230533469,0.00268700886298122,3,3,0.0,0.0
bipolarization,heterogeneous,21,M27,bipol_dist_nospeak,true,false,0,8636175130330607600.0,0,0.5,0.1,0.8,0.1,0.0,0.0,0.3,0.0,15,0.01066925416285628,0.06218621715360523,0.00734064300066725,0.01174433963665927,2,4,0.7000000000000001,0.0
bipolarization,heterogeneous,21,M27,bipol_dist_nospeak,true,false,0,7139002048363152400.0,0,0.5,0.1,0.8,0.1,0.0,0.0,0.3,0.0,15,0.01066925416285628,0.06218621715360523,0.00734064300066725,0.01174433963665927,2,4,0.7000000000000001,0.0
consensus,heterogeneous,22,M28,cons_ndist_speak,false,true,0,4477927936947039200.0,0,0.5,0.0,0.0,0.0,0.05,0.1,0.1,0.05,20,0.02593274109975132,0.12413156534441026,0.00000014669708588,0.00000008554731704,1,3,0.0,0.0
consensus,homogeneous,17,H7,cons_dist_nospeak,true,false,0,7240713591891685400.0,0,0.05,0.0,0.0,0.0,0.2,0.0,0.0,0.0,15,0.00399529565091067,0.03979061830428951,0.00311845230533469,0.00268700886298122,3,3,0.0,0.0
consensus,heterogeneous,6,M7,cons_dist_nospeak,true,false,0,4477927936947039200.0,0,0.05,0.0,0.0,0.0,0.2,0.0,0.0,0.0,70,0.03543339668114619,0.1388805687752796,0.00170310203861513,0.00123165679581573,2,4,0.0,0.0
consensus,heterogeneous,39,M35,cons_dist_speak,true,true,0,5702577027890589700.0,0,0.05,0.0,0.0,0.0,0.0,0.0,0.0,0.0,75,0.01380628072130774,0.09404662123662526,0.00037908109704726,0.00020473884839217,2,4,0.0,0.0
consensus,heterogeneous,22,M28,cons_ndist_speak,false,true,0,4286360386944651300.0,0,0.5,0.0,0.0,0.0,0.05,0.1,0.1,0.05,20,0.02593274109975132,0.17440951955627038,0.00000014669708588,0.00000008554731704,1,3,0.0,0.0
bipolarization,heterogeneous,21,M27,bipol_dist_nospeak,true,false,0,4692690466958798800.0,0,0.5,0.1,0.8,0.1,0.0,0.0,0.3,0.0,15,0.01066925416285628,0.06218621715360523,0.00734064300066725,0.01174433963665927,2,4,0.7000000000000001,0.0
consensus,heterogeneous,39,M35,cons_dist_speak,true,true,0,7043372089166577700.0,0,0.05,0.0,0.0,0.0,0.0,0.0,0.0,0.0,70,0.01380628072130774,0.09249289991897369,0.00037908109704726,0.00026372669919036,2,4,0.0,0.0
consensus,heterogeneous,25,M6,cons_dist_nospeak,true,false,0,4286360386944651300.0,0,0.5,0.0,0.0,0.0,0.2,0.0,0.0,0.0,15,0.02801205751790883,0.1370320954145439,0.00000036711188628,0.00000000054178571,1,3,0.0,0.0
bipolarization,homogeneous,7,H4,bipol_dist_nospeak,true,false,0,6905470370856337400.0,0,0.5,0.1,0.8,0.3,0.2,0.3,0.0,0.2,15,0.00232084297839506,0.05328656752722939,0.00000000491211398,0.00000000002789573,1,2,0.7000000000000001,0.0
consensus,homogeneous,17,H7,cons_dist_nospeak,true,false,0,7139002048363152400.0,0,0.05,0.0,0.0,0.0,0.2,0.0,0.0,0.0,15,0.00399529565091067,0.03979061830428951,0.00311845230533469,0.00268700886298122,3,3,0.0,0.0
consensus,heterogeneous,15,M20,cons_ndist_speak,false,true,0,109591146466576384.0,0,0.05,0.0,0.0,0.0,0.05,0.1,0.1,0.05,80,0.01619926630551272,0.14150517311640037,0.00026806683586012,0.00017882483327057,2,3,0.0,0.0
consensus,homogeneous,17,H7,cons_dist_nospeak,true,false,0,7128893484183252000.0,0,0.05,0.0,0.0,0.0,0.2,0.0,0.0,0.0,15,0.00399529565091067,0.03979061830428951,0.00311845230533469,0.00268700886298122,3,3,0.0,0.0
consensus,homogeneous,5,H3,cons_dist_speak,true,true,0,7043372089166577700.0,0,0.05,0.0,0.0,0.0,0.0,0.0,0.0,0.0,75,0.01398999086696009,0.09067282587370917,0.00038412525375813,0.00018703736144795,1,4,0.0,0.0
bipolarization,homogeneous,7,H4,bipol_dist_nospeak,true,false,0,8636175130330607600.0,0,0.5,0.1,0.8,0.3,0.2,0.3,0.0,0.2,15,0.00232084297839506,0.05328656752722939,0.00000000491211398,0.00000000002789573,1,2,0.7000000000000001,0.0
consensus,heterogeneous,15,M20,cons_ndist_speak,false,true,0,1841142524168585220.0,0,0.05,0.0,0.0,0.0,0.05,0.1,0.1,0.05,80,0.01619926630551272,0.1415051731164002,0.00026806683586013,0.00017882483327057,1,3,0.0,0.0
consensus,heterogeneous,15,M20,cons_ndist_speak,false,true,0,7128893484183252000.0,0,0.05,0.0,0.0,0.0,0.05,0.1,0.1,0.05,80,0.01619926630551272,0.14150517311640026,0.00026806683586013,0.00017882483327057,1,3,0.0,0.0
consensus,heterogeneous,18,M24,cons_dist_nospeak,true,false,0,8803618445054126100.0,0,0.5,0.0,0.0,0.0,0.0,0.0,0.0,0.0,15,0.00943876457475996,0.09111904792654706,0.00000004399262657,0.00000000005948043,1,3,0.0,0.0
consensus,homogeneous,5,H3,cons_dist_speak,true,true,0,1841142524168585220.0,0,0.05,0.0,0.0,0.0,0.0,0.0,0.0,0.0,70,0.01398999086696009,0.0931695843799546,0.00038412525375813,0.00024092519005214,1,4,0.0,0.0
consensus,heterogeneous,12,M13,cons_dist_nospeak,true,false,0,4286360386944651300.0,0,0.05,0.0,0.0,0.0,0.0,0.0,0.0,0.0,55,0.03278937715525453,0.15769000555034865,0.00019863329688934,0.00007594895248715,1,5,0.0,0.0
consensus,homogeneous,5,H3,cons_dist_speak,true,true,0,4398895106259038200.0,0,0.05,0.0,0.0,0.0,0.0,0.0,0.0,0.0,65,0.01398999086696009,0.0918725819007164,0.00063735375114767,0.00031033878339765,1,4,0.0,0.0
bipolarization,homogeneous,7,H4,bipol_dist_nospeak,true,false,0,4692690466958798800.0,0,0.5,0.1,0.8,0.3,0.2,0.3,0.0,0.2,15,0.00232084297839506,0.05328656752722939,0.00000000491211398,0.00000000002789573,1,2,0.7000000000000001,0.0
consensus,heterogeneous,15,M20,cons_ndist_speak,false,true,0,4286360386944651300.0,0,0.05,0.0,0.0,0.0,0.05,0.1,0.1,0.05,80,0.01619926630551272,0.14150517311640015,0.00026806683586013,0.00017882483327058,1,3,0.0,0.0
consensus,homogeneous,17,H7,cons_dist_nospeak,true,false,0,8803618445054126100.0,0,0.05,0.0,0.0,0.0,0.2,0.0,0.0,0.0,15,0.00399529565091067,0.03979061830428951,0.00311845230533469,0.00268700886298122,3,3,0.0,0.0
consensus,heterogeneous,39,M35,cons_dist_speak,true,true,0,8636175130330607600.0,0,0.05,0.0,0.0,0.0,0.0,0.0,0.0,0.0,75,0.01380628072130774,0.09856961060547398,0.00037908109704726,0.00020473884839217,2,4,0.0,0.0
consensus,heterogeneous,15,M20,cons_ndist_speak,false,true,0,7043372089166577700.0,0,0.05,0.0,0.0,0.0,0.05,0.1,0.1,0.05,75,0.01619926630551272,0.13932011042884118,0.00044478565707976,0.00023034652867334,2,3,0.0,0.0
bipolarization,heterogeneous,6,M7,bipol_dist_nospeak,true,false,0,7139002048363152400.0,0,0.5,0.4,0.5,0.3,0.0,0.3,0.3,0.0,15,0.03543339668114619,0.1336461473181638,0.00000000267179967,0.00000000000040067,1,4,0.09999999999999998,0.0
consensus,heterogeneous,12,M13,cons_dist_nospeak,true,false,0,4342572612484808700.0,0,0.05,0.0,0.0,0.0,0.0,0.0,0.0,0.0,55,0.03278937715525453,0.15769000555034865,0.00019863329688934,0.00007594895248715,1,5,0.0,0.0
bipolarization,heterogeneous,6,M7,bipol_dist_nospeak,true,false,0,7240713591891685400.0,0,0.5,0.4,0.5,0.3,0.0,0.3,0.3,0.0,15,0.03543339668114619,0.1336461473181638,0.00000000267179967,0.00000000000040067,1,4,0.09999999999999998,0.0
consensus,homogeneous,5,H3,cons_dist_speak,true,true,0,6905470370856337400.0,0,0.05,0.0,0.0,0.0,0.0,0.0,0.0,0.0,65,0.01398999086696009,0.08950839499544373,0.00063735375114767,0.00031033878339764,1,4,0.0,0.0
consensus,heterogeneous,15,M20,cons_ndist_speak,false,true,0,4477927936947039200.0,0,0.05,0.0,0.0,0.0,0.05,0.1,0.1,0.05,75,0.01619926630551272,0.13932011042884127,0.00044478565707975,0.00023034652867334,2,3,0.0,0.0
bipolarization,heterogeneous,6,M7,bipol_dist_nospeak,true,false,0,4692690466958798800.0,0,0.5,0.4,0.5,0.3,0.0,0.3,0.3,0.0,15,0.03543339668114619,0.1336461473181638,0.00000000267179967,0.00000000000040067,1,4,0.09999999999999998,0.0
consensus,heterogeneous,18,M24,cons_dist_nospeak,true,false,0,5702577027890589700.0,0,0.5,0.0,0.0,0.0,0.0,0.0,0.0,0.0,15,0.00943876457475996,0.09111904792654706,0.00000004399262657,0.00000000005948043,1,3,0.0,0.0
bipolarization,heterogeneous,1,M1,bipol_dist_nospeak,true,false,0,6905470370856337400.0,0,0.05,0.1,0.5,0.1,0.0,0.0,0.3,0.2,45,0.0306388856143309,0.2577160493827159,0.20433590888280742,0.16472869989330896,3,3,0.4,2.5
bipolarization,heterogeneous,6,M7,bipol_dist_nospeak,true,false,0,6905470370856337400.0,0,0.5,0.4,0.5,0.3,0.0,0.3,0.3,0.0,15,0.03543339668114619,0.1336461473181638,0.00000000267179967,0.00000000000040067,1,4,0.09999999999999998,0.0
consensus,homogeneous,17,H7,cons_dist_nospeak,true,false,0,4342572612484808700.0,0,0.05,0.0,0.0,0.0,0.2,0.0,0.0,0.0,15,0.00399529565091067,0.03979061830428951,0.00311845230533469,0.00268700886298122,3,3,0.0,0.0
bipolarization,heterogeneous,6,M7,bipol_dist_nospeak,true,false,0,8636175130330607600.0,0,0.5,0.4,0.5,0.3,0.0,0.3,0.3,0.0,15,0.03543339668114619,0.1336461473181638,0.00000000267179967,0.00000000000040067,1,4,0.09999999999999998,0.0
consensus,heterogeneous,6,M7,cons_dist_nospeak,true,false,0,4342572612484808700.0,0,0.05,0.0,0.0,0.0,0.2,0.0,0.0,0.0,70,0.03543339668114619,0.1388805687752796,0.00170310203861513,0.00123165679581573,2,4,0.0,0.0
consensus,heterogeneous,39,M35,cons_dist_speak,true,true,0,4477927936947039200.0,0,0.05,0.0,0.0,0.0,0.0,0.0,0.0,0.0,80,0.01380628072130774,0.09940578496801104,0.00022846750699432,0.00015894483254688,2,4,0.0,0.0
bipolarization,heterogeneous,4,M5,bipol_dist_nospeak,true,false,0,7139002048363152400.0,0,0.5,0.1,0.8,0.1,0.0,0.0,0.0,0.0,15,0.03097746746875476,0.047582304573836,0.03081321049629289,0.02518434363374271,4,4,0.7000000000000001,0.0
consensus,heterogeneous,15,M20,cons_ndist_speak,false,true,0,8803618445054126100.0,0,0.05,0.0,0.0,0.0,0.05,0.1,0.1,0.05,80,0.01619926630551272,0.14150517311640026,0.00026806683586013,0.00017882483327057,2,3,0.0,0.0
bipolarization,heterogeneous,1,M1,bipol_dist_nospeak,true,false,0,8636175130330607600.0,0,0.05,0.1,0.5,0.1,0.0,0.3,0.0,0.0,25,0.0306388856143309,0.02758819080921264,0.02806730279834773,0.02122663195283209,3,3,0.4,0.0
consensus,heterogeneous,18,M24,cons_dist_nospeak,true,false,0,4692690466958798800.0,0,0.5,0.0,0.0,0.0,0.0,0.0,0.0,0.0,15,0.00943876457475996,0.09111904792654706,0.00000004399262657,0.00000000005948043,1,3,0.0,0.0
consensus,heterogeneous,15,M20,cons_ndist_speak,false,true,0,5702577027890589700.0,0,0.05,0.0,0.0,0.0,0.05,0.1,0.1,0.05,80,0.01619926630551272,0.1415051731164002,0.00026806683586013,0.00017882483327058,1,3,0.0,0.0
consensus,homogeneous,5,H3,cons_dist_speak,true,true,0,4477927936947039200.0,0,0.05,0.0,0.0,0.0,0.0,0.0,0.0,0.0,80,0.01398999086696009,0.09595459872770029,0.00023150755810106,0.00014520264389887,1,4,0.0,0.0
consensus,homogeneous,17,H7,cons_dist_nospeak,true,false,0,1841142524168585220.0,0,0.05,0.0,0.0,0.0,0.2,0.0,0.0,0.0,15,0.00399529565091067,0.03979061830428951,0.00311845230533469,0.00268700886298122,3,3,0.0,0.0
bipolarization,heterogeneous,28,M18,bipol_dist_nospeak,true,false,0,8636175130330607600.0,0,0.5,0.1,0.8,0.3,0.2,0.3,0.3,0.2,45,0.00977608125904969,0.05521980520078299,0.00818668595301684,0.00960700727570352,3,3,0.7000000000000001,0.0
consensus,homogeneous,17,H7,cons_ndist_speak,false,true,0,4692690466958798800.0,0,0.5,0.0,0.0,0.0,0.05,0.1,0.1,0.05,15,0.00399529565091067,0.04366034634895848,0.0000071268352131,0.00000029248745313,1,3,0.0,0.0
consensus,homogeneous,17,H7,cons_dist_nospeak,true,false,0,4398895106259038200.0,0,0.05,0.0,0.0,0.0,0.2,0.0,0.0,0.0,15,0.00399529565091067,0.03979061830428951,0.00311845230533469,0.00268700886298122,3,3,0.0,0.0
bipolarization,heterogeneous,1,M1,bipol_dist_nospeak,true,false,0,4692690466958798800.0,0,0.05,0.1,0.5,0.1,0.0,0.3,0.0,0.0,25,0.0306388856143309,0.02758819080921264,0.02806730279834773,0.02122663195283209,3,3,0.4,0.0
consensus,heterogeneous,15,M20,cons_ndist_speak,false,true,0,4342572612484808700.0,0,0.05,0.0,0.0,0.0,0.05,0.1,0.1,0.05,80,0.01619926630551272,0.14150517311640015,0.00026806683586013,0.00017882483327058,1,3,0.0,0.0
consensus,homogeneous,17,H7,cons_dist_nospeak,true,false,0,109591146466576384.0,0,0.05,0.0,0.0,0.0,0.2,0.0,0.0,0.0,15,0.00399529565091067,0.03979061830428951,0.00311845230533469,0.00268700886298122,3,3,0.0,0.0
consensus,heterogeneous,15,M20,cons_ndist_speak,false,true,0,4398895106259038200.0,0,0.05,0.0,0.0,0.0,0.05,0.1,0.1,0.05,80,0.01619926630551272,0.14150517311640032,0.00026806683586013,0.00017882483327057,2,3,0.0,0.0
bipolarization,heterogeneous,9,M9,bipol_ndist_speak,false,true,0,7139002048363152400.0,0,0.05,0.1,0.5,0.1,0.05,0.1,0.1,0.05,30,0.01965549714934841,0.04373731115836801,0.01919913175952842,0.01408337611797123,2,3,0.4,0.0
consensus,heterogeneous,18,M24,cons_dist_nospeak,true,false,0,1841142524168585220.0,0,0.5,0.0,0.0,0.0,0.0,0.0,0.0,0.0,15,0.00943876457475996,0.09111904792654706,0.00000004399262657,0.00000000005948043,1,3,0.0,0.0
bipolarization,heterogeneous,1,M1,bipol_dist_nospeak,true,false,0,7139002048363152400.0,0,0.05,0.1,0.5,0.1,0.0,0.3,0.0,0.0,25,0.0306388856143309,0.02758819080921264,0.02806730279834773,0.02122663195283209,3,3,0.4,0.0
bipolarization,heterogeneous,4,M5,bipol_dist_nospeak,true,false,0,7240713591891685400.0,0,0.5,0.1,0.8,0.1,0.0,0.0,0.0,0.0,15,0.03097746746875476,0.047582304573836,0.03081321049629289,0.02518434363374271,4,4,0.7000000000000001,0.0
consensus,homogeneous,17,H7,cons_dist_nospeak,true,false,0,4286360386944651300.0,0,0.05,0.0,0.0,0.0,0.2,0.0,0.0,0.0,15,0.00399529565091067,0.03979061830428951,0.00311845230533469,0.00268700886298122,3,3,0.0,0.0
bipolarization,heterogeneous,30,M23,bipol_dist_speak,true,true,0,8636175130330607600.0,0,0.5,0.4,0.8,0.1,0.0,0.0,0.3,0.0,15,0.00534329721793556,0.05595231056213384,0.00000000127394133,0.00000000000069675,1,3,0.4,0.0
consensus,homogeneous,17,H7,cons_dist_nospeak,true,false,0,4477927936947039200.0,0,0.05,0.0,0.0,0.0,0.2,0.0,0.0,0.0,15,0.00399529565091067,0.03979061830428951,0.00311845230533469,0.00268700886298122,3,3,0.0,0.0
consensus,heterogeneous,18,M24,cons_dist_nospeak,true,false,0,4398895106259038200.0,0,0.5,0.0,0.0,0.0,0.0,0.0,0.0,0.0,15,0.00943876457475996,0.09111904792654706,0.00000004399262657,0.00000000005948043,1,3,0.0,0.0
consensus,heterogeneous,18,M24,cons_dist_nospeak,true,false,0,7240713591891685400.0,0,0.5,0.0,0.0,0.0,0.0,0.0,0.0,0.0,15,0.00943876457475996,0.09111904792654706,0.00000004399262657,0.00000000005948043,1,3,0.0,0.0
consensus,homogeneous,17,H7,cons_ndist_speak,false,true,0,7240713591891685400.0,0,0.5,0.0,0.0,0.0,0.05,0.1,0.1,0.05,15,0.00399529565091067,0.04069813495749981,0.0000071268352131,0.00000029248745313,1,3,0.0,0.0
bipolarization,heterogeneous,9,M9,bipol_ndist_speak,false,true,0,7240713591891685400.0,0,0.05,0.1,0.5,0.1,0.05,0.1,0.1,0.05,35,0.01965549714934841,0.04380872011827813,0.01866099315333484,0.01405829019101806,2,3,0.4,0.0
bipolarization,heterogeneous,21,M27,bipol_dist_speak,true,true,0,7139002048363152400.0,0,0.5,0.1,0.8,0.1,0.0,0.0,0.3,0.0,15,0.01066925416285628,0.0324089144483025,0.01111878010216801,0.00932222684551496,3,4,0.7000000000000001,0.0
consensus,heterogeneous,18,M24,cons_dist_nospeak,true,false,0,6905470370856337400.0,0,0.5,0.0,0.0,0.0,0.0,0.0,0.0,0.0,15,0.00943876457475996,0.09111904792654706,0.00000004399262657,0.00000000005948043,1,3,0.0,0.0
consensus,heterogeneous,18,M24,cons_dist_nospeak,true,false,0,4342572612484808700.0,0,0.5,0.0,0.0,0.0,0.0,0.0,0.0,0.0,15,0.00943876457475996,0.09111904792654706,0.00000004399262657,0.00000000005948043,1,3,0.0,0.0
bipolarization,heterogeneous,1,M1,bipol_dist_nospeak,true,false,0,7240713591891685400.0,0,0.05,0.1,0.5,0.1,0.0,0.3,0.0,0.0,25,0.0306388856143309,0.02758819080921264,0.02806730279834773,0.02122663195283209,3,3,0.4,0.0
consensus,homogeneous,17,H7,cons_dist_nospeak,true,false,0,7043372089166577700.0,0,0.05,0.0,0.0,0.0,0.2,0.0,0.0,0.0,15,0.00399529565091067,0.03979061830428951,0.00311845230533469,0.00268700886298122,3,3,0.0,0.0
bipolarization,heterogeneous,1,M1,bipol_dist_speak,true,true,0,8636175130330607600.0,0,0.05,0.1,0.5,0.1,0.0,0.0,0.3,0.2,15,0.0306388856143309,0.14407564822892538,0.13319533258704722,0.08344594181783835,4,3,0.4,1.8333333333333333
bipolarization,heterogeneous,21,M27,bipol_dist_speak,true,true,0,4692690466958798800.0,0,0.5,0.1,0.8,0.1,0.0,0.0,0.3,0.0,15,0.01066925416285628,0.04280945106788927,0.01065838127499915,0.01169009780045193,3,4,0.7000000000000001,0.0
bipolarization,heterogeneous,30,M23,bipol_dist_speak,true,true,0,7139002048363152400.0,0,0.5,0.4,0.8,0.1,0.0,0.0,0.3,0.0,15,0.00534329721793556,0.05163467371905317,0.00000000127394133,0.00000000000069675,1,3,0.4,0.0
consensus,homogeneous,5,H3,cons_dist_speak,true,true,0,109591146466576384.0,0,0.05,0.0,0.0,0.0,0.0,0.0,0.0,0.0,65,0.01398999086696009,0.09009938157463075,0.00063735375114767,0.00031033878339765,1,4,0.0,0.0
bipolarization,heterogeneous,1,M1,bipol_dist_nospeak,true,false,0,7240713591891685400.0,0,0.05,0.1,0.5,0.1,0.0,0.0,0.3,0.2,45,0.0306388856143309,0.2577160493827159,0.20433590888280742,0.16472869989330896,3,3,0.4,2.5
consensus,heterogeneous,18,M24,cons_dist_nospeak,true,false,0,7043372089166577700.0,0,0.5,0.0,0.0,0.0,0.0,0.0,0.0,0.0,15,0.00943876457475996,0.09111904792654706,0.00000004399262657,0.00000000005948043,1,3,0.0,0.0
bipolarization,heterogeneous,25,M6,bipol_dist_nospeak,true,false,0,4692690466958798800.0,0,0.05,0.1,0.8,0.3,0.0,0.0,0.3,0.0,15,0.02801205751790883,0.02276234567901236,0.02801205751790883,0.01317176068815727,3,3,0.7000000000000001,0.0
bipolarization,homogeneous,33,H15,bipol_ndist_speak,false,true,0,5702577027890589700.0,0,0.05,0.1,0.5,0.3,0.05,0.1,0.1,0.05,45,0.00240269204389574,0.04005466163102278,0.00006567612777127,0.00002279027131721,1,3,0.4,0.0
bipolarization,homogeneous,33,H15,bipol_ndist_speak,false,true,0,6905470370856337400.0,0,0.05,0.1,0.5,0.3,0.05,0.1,0.1,0.05,35,0.00240269204389574,0.03774868051015258,0.00013012586525093,0.00004365390291985,1,3,0.4,0.0
consensus,heterogeneous,18,M24,cons_dist_nospeak,true,false,0,7139002048363152400.0,0,0.5,0.0,0.0,0.0,0.0,0.0,0.0,0.0,15,0.00943876457475996,0.09111904792654706,0.00000004399262657,0.00000000005948043,1,3,0.0,0.0
consensus,homogeneous,17,H7,cons_ndist_speak,false,true,0,7139002048363152400.0,0,0.5,0.0,0.0,0.0,0.05,0.1,0.1,0.05,15,0.00399529565091067,0.04240389997052443,0.0000071268352131,0.00000029248745313,1,3,0.0,0.0
consensus,heterogeneous,18,M24,cons_dist_nospeak,true,false,0,7128893484183252000.0,0,0.5,0.0,0.0,0.0,0.0,0.0,0.0,0.0,15,0.00943876457475996,0.09111904792654706,0.00000004399262657,0.00000000005948043,1,3,0.0,0.0
consensus,heterogeneous,18,M24,cons_dist_nospeak,true,false,0,4477927936947039200.0,0,0.5,0.0,0.0,0.0,0.0,0.0,0.0,0.0,15,0.00943876457475996,0.09111904792654706,0.00000004399262657,0.00000000005948043,1,3,0.0,0.0
consensus,heterogeneous,18,M24,cons_dist_nospeak,true,false,0,109591146466576384.0,0,0.5,0.0,0.0,0.0,0.0,0.0,0.0,0.0,15,0.00943876457475996,0.09111904792654706,0.00000004399262657,0.00000000005948043,1,3,0.0,0.0
consensus,heterogeneous,18,M24,cons_dist_nospeak,true,false,0,4286360386944651300.0,0,0.5,0.0,0.0,0.0,0.0,0.0,0.0,0.0,15,0.00943876457475996,0.09111904792654706,0.00000004399262657,0.00000000005948043,1,3,0.0,0.0
consensus,homogeneous,17,H7,cons_ndist_speak,false,true,0,8636175130330607600.0,0,0.5,0.0,0.0,0.0,0.05,0.1,0.1,0.05,15,0.00399529565091067,0.04548382859614752,0.0000071268352131,0.00000029248745313,2,3,0.0,0.0
consensus,homogeneous,5,H3,cons_dist_speak,true,true,0,7139002048363152400.0,0,0.05,0.0,0.0,0.0,0.0,0.0,0.0,0.0,80,0.01398999086696009,0.09340452055635227,0.00023150755810106,0.00014520264389887,1,4,0.0,0.0
bipolarization,heterogeneous,28,M18,bipol_dist_nospeak,true,false,0,7240713591891685400.0,0,0.5,0.1,0.8,0.3,0.2,0.3,0.3,0.2,45,0.00977608125904969,0.05521980520078299,0.00818668595301684,0.00960700727570352,3,3,0.7000000000000001,0.0
bipolarization,homogeneous,33,H15,bipol_ndist_speak,false,true,0,109591146466576384.0,0,0.05,0.1,0.5,0.3,0.05,0.1,0.1,0.05,35,0.00240269204389574,0.03586548352761491,0.00018975326290942,0.00006767900788724,1,3,0.4,0.0
bipolarization,homogeneous,33,H15,bipol_ndist_speak,false,true,0,8803618445054126100.0,0,0.05,0.1,0.5,0.3,0.05,0.1,0.1,0.05,35,0.00240269204389574,0.03854102982895032,0.00015932054829071,0.00005326770839068,1,3,0.4,0.0
bipolarization,heterogeneous,25,M6,bipol_dist_nospeak,true,false,0,8636175130330607600.0,0,0.05,0.1,0.8,0.3,0.0,0.0,0.3,0.0,15,0.02801205751790883,0.02276234567901236,0.02801205751790883,0.01317176068815727,3,3,0.7000000000000001,0.0
bipolarization,heterogeneous,25,M6,bipol_dist_nospeak,true,false,0,7139002048363152400.0,0,0.05,0.1,0.8,0.3,0.0,0.0,0.3,0.0,15,0.02801205751790883,0.02276234567901236,0.02801205751790883,0.01317176068815727,3,3,0.7000000000000001,0.0
bipolarization,heterogeneous,30,M23,bipol_dist_speak,true,true,0,4692690466958798800.0,0,0.5,0.4,0.8,0.1,0.0,0.0,0.3,0.0,15,0.00534329721793556,0.05731399854024252,0.00000000127394133,0.00000000000069675,1,3,0.4,0.0
bipolarization,heterogeneous,4,M5,bipol_dist_nospeak,true,false,0,7240713591891685400.0,0,0.05,0.4,0.8,0.1,0.0,0.0,0.3,0.0,50,0.03097746746875476,0.16504271571824136,0.00007716847058932,0.00006021968304193,1,4,0.4,0.0
bipolarization,heterogeneous,21,M27,bipol_dist_speak,true,true,0,6905470370856337400.0,0,0.5,0.1,0.8,0.1,0.0,0.0,0.3,0.0,15,0.01066925416285628,0.04459023181303057,0.01111065065001338,0.01219544899855035,3,4,0.7000000000000001,0.0
bipolarization,heterogeneous,1,M1,bipol_dist_speak,true,true,0,6905470370856337400.0,0,0.05,0.1,0.5,0.1,0.0,0.0,0.3,0.2,15,0.0306388856143309,0.14343213734567886,0.13072553808371226,0.08299802946054004,4,3,0.4,1.8333333333333333
consensus,homogeneous,17,H7,cons_ndist_speak,false,true,0,6905470370856337400.0,0,0.5,0.0,0.0,0.0,0.05,0.1,0.1,0.05,15,0.00399529565091067,0.03663656852240587,0.0000071268352131,0.00000029248745313,1,3,0.0,0.0
bipolarization,heterogeneous,21,M27,bipol_dist_speak,true,true,0,7240713591891685400.0,0,0.5,0.1,0.8,0.1,0.0,0.0,0.3,0.0,15,0.01066925416285628,0.03095838758680565,0.01071224134881548,0.00888087141842692,3,4,0.7000000000000001,0.0
bipolarization,heterogeneous,21,M27,bipol_dist_speak,true,true,0,8636175130330607600.0,0,0.5,0.1,0.8,0.1,0.0,0.0,0.3,0.0,15,0.01066925416285628,0.06498452174810702,0.00631550488324383,0.01008465737891823,2,4,0.7000000000000001,0.0
consensus,heterogeneous,18,M24,cons_dist_nospeak,true,false,0,8636175130330607600.0,0,0.5,0.0,0.0,0.0,0.0,0.0,0.0,0.0,15,0.00943876457475996,0.09111904792654706,0.00000004399262657,0.00000000005948043,1,3,0.0,0.0
consensus,homogeneous,17,H7,cons_ndist_speak,false,true,0,5702577027890589700.0,0,0.5,0.0,0.0,0.0,0.05,0.1,0.1,0.05,15,0.00399529565091067,0.04428824405050242,0.0000071268352131,0.00000029248745313,2,3,0.0,0.0
consensus,homogeneous,5,H3,cons_dist_speak,true,true,0,4342572612484808700.0,0,0.05,0.0,0.0,0.0,0.0,0.0,0.0,0.0,85,0.01398999086696009,0.09402155088757129,0.00023150755810106,0.00011272511348536,1,4,0.0,0.0
bipolarization,homogeneous,33,H15,bipol_ndist_speak,false,true,0,4692690466958798800.0,0,0.05,0.1,0.5,0.3,0.05,0.1,0.1,0.05,40,0.00240269204389574,0.0381669388187198,0.00006643039816537,0.00003994958990743,1,3,0.4,0.0
bipolarization,heterogeneous,25,M6,bipol_dist_nospeak,true,false,0,7240713591891685400.0,0,0.05,0.1,0.8,0.3,0.0,0.0,0.3,0.0,15,0.02801205751790883,0.02276234567901236,0.02801205751790883,0.01317176068815727,3,3,0.7000000000000001,0.0
consensus,homogeneous,17,H7,cons_ndist_speak,false,true,0,7043372089166577700.0,0,0.5,0.0,0.0,0.0,0.05,0.1,0.1,0.05,15,0.00399529565091067,0.04257243094028206,0.0000071268352131,0.00000029248745313,1,3,0.0,0.0
bipolarization,homogeneous,33,H15,bipol_ndist_speak,false,true,0,8636175130330607600.0,0,0.05,0.1,0.5,0.3,0.05,0.1,0.1,0.05,35,0.00240269204389574,0.03832598844136414,0.00012979378803395,0.00004315683567863,1,3,0.4,0.0
bipolarization,heterogeneous,28,M18,bipol_dist_nospeak,true,false,0,4692690466958798800.0,0,0.05,0.1,0.5,0.3,0.2,0.0,0.0,0.2,50,0.00977608125904969,0.06845609610517563,0.00988540097112999,0.01331371163767345,2,3,0.4,0.0
bipolarization,heterogeneous,1,M1,bipol_dist_nospeak,true,false,0,6905470370856337400.0,0,0.05,0.1,0.5,0.1,0.0,0.3,0.0,0.0,25,0.0306388856143309,0.02758819080921264,0.02806730279834773,0.02122663195283209,3,3,0.4,0.0
bipolarization,homogeneous,33,H15,bipol_ndist_speak,false,true,0,7043372089166577700.0,0,0.05,0.1,0.5,0.3,0.05,0.1,0.1,0.05,35,0.00240269204389574,0.03832860473471748,0.00011877147016683,0.00003916574576591,1,3,0.4,0.0
consensus,homogeneous,5,H3,cons_dist_speak,true,true,0,8636175130330607600.0,0,0.05,0.0,0.0,0.0,0.0,0.0,0.0,0.0,75,0.01398999086696009,0.09338468480450701,0.00038412525375813,0.00018703736144794,1,4,0.0,0.0
bipolarization,heterogeneous,4,M5,bipol_dist_nospeak,true,false,0,7139002048363152400.0,0,0.05,0.4,0.8,0.1,0.0,0.0,0.3,0.0,50,0.03097746746875476,0.16504271571824136,0.00007716847058932,0.00006021968304193,1,4,0.4,0.0
bipolarization,heterogeneous,28,M18,bipol_dist_nospeak,true,false,0,6905470370856337400.0,0,0.5,0.1,0.8,0.3,0.2,0.3,0.3,0.2,45,0.00977608125904969,0.05521980520078299,0.00818668595301684,0.00960700727570352,3,3,0.7000000000000001,0.0
bipolarization,heterogeneous,30,M23,bipol_dist_speak,true,true,0,7240713591891685400.0,0,0.5,0.4,0.8,0.1,0.0,0.0,0.3,0.0,15,0.00534329721793556,0.07617780014320669,0.00000000127394133,0.00000000000069675,1,3,0.4,0.0
bipolarization,homogeneous,33,H15,bipol_ndist_speak,false,true,0,4477927936947039200.0,0,0.05,0.1,0.5,0.3,0.05,0.1,0.1,0.05,40,0.00240269204389574,0.03806647309845816,0.0000746766006941,0.00004876197272299,1,3,0.4,0.0
bipolarization,heterogeneous,4,M5,bipol_dist_nospeak,true,false,0,4692690466958798800.0,0,0.5,0.1,0.8,0.1,0.0,0.0,0.0,0.0,15,0.03097746746875476,0.047582304573836,0.03081321049629289,0.02518434363374271,4,4,0.7000000000000001,0.0
bipolarization,heterogeneous,28,M18,bipol_dist_speak,true,true,0,7139002048363152400.0,0,0.05,0.1,0.5,0.3,0.2,0.0,0.0,0.2,15,0.00977608125904969,0.04014814013373177,0.00953174264502192,0.00842410796440993,3,3,0.4,0.0
consensus,homogeneous,17,H7,cons_ndist_speak,false,true,0,109591146466576384.0,0,0.5,0.0,0.0,0.0,0.05,0.1,0.1,0.05,15,0.00399529565091067,0.04512636875792106,0.0000071268352131,0.00000029248745313,1,3,0.0,0.0
bipolarization,homogeneous,33,H15,bipol_ndist_speak,false,true,0,4286360386944651300.0,0,0.05,0.1,0.5,0.3,0.05,0.1,0.1,0.05,35,0.00240269204389574,0.03724022958350557,0.00014765891726729,0.00005100236877864,1,3,0.4,0.0
bipolarization,heterogeneous,28,M18,bipol_dist_nospeak,true,false,0,4692690466958798800.0,0,0.5,0.1,0.8,0.3,0.2,0.3,0.3,0.2,45,0.00977608125904969,0.05521980520078299,0.00818668595301684,0.00960700727570352,3,3,0.7000000000000001,0.0
bipolarization,heterogeneous,1,M1,bipol_dist_nospeak,true,false,0,7139002048363152400.0,0,0.05,0.1,0.5,0.1,0.0,0.0,0.3,0.2,45,0.0306388856143309,0.2577160493827159,0.20433590888280742,0.16472869989330896,3,3,0.4,2.5
bipolarization,homogeneous,7,H4,bipol_dist_speak,true,true,0,7240713591891685400.0,0,0.5,0.1,0.8,0.3,0.2,0.3,0.0,0.2,15,0.00232084297839506,0.05385134738612947,0.000000047068581,0.00000000113855427,1,2,0.7000000000000001,0.0
consensus,homogeneous,17,H7,cons_ndist_speak,false,true,0,7128893484183252000.0,0,0.5,0.0,0.0,0.0,0.05,0.1,0.1,0.05,15,0.00399529565091067,0.03760225944580139,0.0000071268352131,0.00000029248745313,1,3,0.0,0.0
bipolarization,homogeneous,33,H15,bipol_ndist_speak,false,true,0,4342572612484808700.0,0,0.05,0.1,0.5,0.3,0.05,0.1,0.1,0.05,45,0.00240269204389574,0.03862832128211918,0.00008274429169737,0.00003066285651287,1,3,0.4,0.0
bipolarization,heterogeneous,4,M5,bipol_dist_nospeak,true,false,0,6905470370856337400.0,0,0.5,0.1,0.8,0.1,0.0,0.0,0.0,0.0,15,0.03097746746875476,0.047582304573836,0.03081321049629289,0.02518434363374271,4,4,0.7000000000000001,0.0
bipolarization,heterogeneous,28,M18,bipol_dist_nospeak,true,false,0,7240713591891685400.0,0,0.05,0.1,0.5,0.3,0.2,0.0,0.0,0.2,50,0.00977608125904969,0.06845609610517563,0.00988540097112999,0.01331371163767345,2,3,0.4,0.0
bipolarization,heterogeneous,30,M23,bipol_dist_speak,true,true,0,6905470370856337400.0,0,0.5,0.4,0.8,0.1,0.0,0.0,0.3,0.0,15,0.00534329721793556,0.05689265109874581,0.00000000127394133,0.00000000000069675,1,3,0.4,0.0
consensus,homogeneous,17,H7,cons_ndist_speak,false,true,0,1841142524168585220.0,0,0.5,0.0,0.0,0.0,0.05,0.1,0.1,0.05,15,0.00399529565091067,0.03559579014876756,0.0000071268352131,0.00000029248745313,1,3,0.0,0.0
bipolarization,homogeneous,33,H15,bipol_ndist_speak,false,true,0,7128893484183252000.0,0,0.05,0.1,0.5,0.3,0.05,0.1,0.1,0.05,40,0.00240269204389574,0.03896288088752643,0.00005730770291293,0.0000325782250496,1,3,0.4,0.0
bipolarization,homogeneous,7,H4,bipol_dist_speak,true,true,0,7139002048363152400.0,0,0.5,0.1,0.8,0.3,0.2,0.3,0.0,0.2,15,0.00232084297839506,0.04717879540497484,0.00000002912240476,0.00000000073794244,1,2,0.7000000000000001,0.0
bipolarization,heterogeneous,1,M1,bipol_dist_nospeak,true,false,0,4692690466958798800.0,0,0.05,0.1,0.5,0.1,0.0,0.0,0.3,0.2,45,0.0306388856143309,0.2577160493827159,0.20433590888280742,0.16472869989330896,3,3,0.4,2.5
consensus,homogeneous,17,H7,cons_ndist_speak,false,true,0,4398895106259038200.0,0,0.5,0.0,0.0,0.0,0.05,0.1,0.1,0.05,15,0.00399529565091067,0.03945292263615333,0.0000071268352131,0.00000029248745313,1,3,0.0,0.0
bipolarization,heterogeneous,13,M14,bipol_ndist_speak,false,true,0,4342572612484808700.0,0,0.05,0.4,0.5,0.1,0.05,0.1,0.1,0.05,45,0.0108926683241884,0.0797670281540172,0.00016235658712174,0.00006871755157895,1,4,0.09999999999999998,0.0
bipolarization,heterogeneous,28,M18,bipol_dist_speak,true,true,0,7139002048363152400.0,0,0.5,0.1,0.8,0.3,0.2,0.3,0.3,0.2,35,0.00977608125904969,0.08018992469971054,0.01252128132129014,0.01873775622128625,2,3,0.7000000000000001,0.0
consensus,homogeneous,17,H7,cons_ndist_speak,false,true,0,4342572612484808700.0,0,0.5,0.0,0.0,0.0,0.05,0.1,0.1,0.05,15,0.00399529565091067,0.03828090260023232,0.0000071268352131,0.00000029248745313,1,3,0.0,0.0
consensus,homogeneous,5,H3,cons_dist_speak,true,true,0,7128893484183252000.0,0,0.05,0.0,0.0,0.0,0.0,0.0,0.0,0.0,85,0.01398999086696009,0.09100122237775247,0.00023150755810106,0.00011272511348536,1,4,0.0,0.0
bipolarization,heterogeneous,4,M5,bipol_dist_nospeak,true,false,0,8636175130330607600.0,0,0.05,0.4,0.8,0.1,0.0,0.0,0.3,0.0,50,0.03097746746875476,0.16504271571824136,0.00007716847058932,0.00006021968304193,1,4,0.4,0.0
bipolarization,heterogeneous,28,M18,bipol_dist_nospeak,true,false,0,8636175130330607600.0,0,0.05,0.1,0.5,0.3,0.2,0.0,0.0,0.2,50,0.00977608125904969,0.06845609610517563,0.00988540097112999,0.01331371163767345,2,3,0.4,0.0
bipolarization,heterogeneous,1,M1,bipol_dist_speak,true,true,0,4692690466958798800.0,0,0.05,0.1,0.5,0.1,0.0,0.0,0.3,0.2,20,0.0306388856143309,0.15614304619984554,0.13917331153290755,0.08461392674733922,5,3,0.4,2.1666666666666665
bipolarization,heterogeneous,13,M14,bipol_ndist_speak,false,true,0,7240713591891685400.0,0,0.05,0.4,0.5,0.1,0.05,0.1,0.1,0.05,50,0.0108926683241884,0.08149019103349094,0.00005820255089344,0.00004114373650433,1,4,0.09999999999999998,0.0
consensus,homogeneous,17,H7,cons_ndist_speak,false,true,0,8803618445054126100.0,0,0.5,0.0,0.0,0.0,0.05,0.1,0.1,0.05,15,0.00399529565091067,0.05426553059298375,0.0000071268352131,0.00000029248745313,1,3,0.0,0.0
bipolarization,heterogeneous,28,M18,bipol_dist_speak,true,true,0,4692690466958798800.0,0,0.05,0.1,0.5,0.3,0.2,0.0,0.0,0.2,20,0.00977608125904969,0.03837084351661189,0.00952778821234017,0.00777395014906733,3,3,0.4,0.0
consensus,homogeneous,5,H3,cons_dist_speak,true,true,0,8803618445054126100.0,0,0.05,0.0,0.0,0.0,0.0,0.0,0.0,0.0,85,0.01398999086696009,0.1014477682501862,0.00023150755810106,0.00011272511348536,1,4,0.0,0.0
bipolarization,heterogeneous,28,M18,bipol_dist_nospeak,true,false,0,7139002048363152400.0,0,0.5,0.1,0.8,0.3,0.2,0.3,0.3,0.2,45,0.00977608125904969,0.05521980520078299,0.00818668595301684,0.00960700727570352,3,3,0.7000000000000001,0.0
bipolarization,heterogeneous,4,M5,bipol_dist_nospeak,true,false,0,6905470370856337400.0,0,0.05,0.4,0.8,0.1,0.0,0.0,0.3,0.0,50,0.03097746746875476,0.16504271571824136,0.00007716847058932,0.00006021968304193,1,4,0.4,0.0
consensus,homogeneous,7,H4,cons_ndist_speak,false,true,0,8636175130330607600.0,0,0.5,0.0,0.0,0.0,0.05,0.1,0.1,0.05,15,0.00232084297839506,0.042995793073782,0.00000413993529083,0.00000012643153433,1,2,0.0,0.0
bipolarization,homogeneous,7,H4,bipol_dist_speak,true,true,0,4692690466958798800.0,0,0.5,0.1,0.8,0.3,0.2,0.3,0.0,0.2,15,0.00232084297839506,0.05865211823830475,0.00000005368824405,0.00000000021642789,1,2,0.7000000000000001,0.0
bipolarization,homogeneous,33,H15,bipol_ndist_speak,false,true,0,4398895106259038200.0,0,0.05,0.1,0.5,0.3,0.05,0.1,0.1,0.05,45,0.00240269204389574,0.03804132650720676,0.00012233116027069,0.00004403859829063,1,3,0.4,0.0
bipolarization,homogeneous,33,H15,bipol_ndist_speak,false,true,0,7240713591891685400.0,0,0.05,0.1,0.5,0.3,0.05,0.1,0.1,0.05,40,0.00240269204389574,0.03973761384118805,0.00005224438051051,0.00002909725838209,1,3,0.4,0.0
consensus,homogeneous,17,H7,cons_ndist_speak,false,true,0,4286360386944651300.0,0,0.5,0.0,0.0,0.0,0.05,0.1,0.1,0.05,15,0.00399529565091067,0.04184229536411187,0.0000071268352131,0.00000029248745313,1,3,0.0,0.0
bipolarization,heterogeneous,1,M1,bipol_dist_speak,true,true,0,7240713591891685400.0,0,0.05,0.1,0.5,0.1,0.0,0.0,0.3,0.2,20,0.0306388856143309,0.14743383226777995,0.13464838531045664,0.0837371596992297,4,3,0.4,2.0
bipolarization,heterogeneous,28,M18,bipol_dist_speak,true,true,0,7240713591891685400.0,0,0.5,0.1,0.8,0.3,0.2,0.3,0.3,0.2,30,0.00977608125904969,0.07288816654265899,0.01145189612148999,0.01714536867313379,2,3,0.7000000000000001,0.0
consensus,homogeneous,7,H4,cons_ndist_speak,false,true,0,7139002048363152400.0,0,0.5,0.0,0.0,0.0,0.05,0.1,0.1,0.05,15,0.00232084297839506,0.04596690100313722,0.00000413993529083,0.00000012643153433,2,2,0.0,0.0
bipolarization,heterogeneous,25,M6,bipol_dist_nospeak,true,false,0,6905470370856337400.0,0,0.05,0.1,0.8,0.3,0.0,0.0,0.3,0.0,15,0.02801205751790883,0.02276234567901236,0.02801205751790883,0.01317176068815727,3,3,0.7000000000000001,0.0
bipolarization,heterogeneous,1,M1,bipol_dist_nospeak,true,false,0,8636175130330607600.0,0,0.05,0.1,0.5,0.1,0.0,0.0,0.3,0.2,45,0.0306388856143309,0.2577160493827159,0.20433590888280742,0.16472869989330896,3,3,0.4,2.5
consensus,homogeneous,5,H3,cons_dist_speak,true,true,0,4286360386944651300.0,0,0.05,0.0,0.0,0.0,0.0,0.0,0.0,0.0,75,0.01398999086696009,0.09308418939244385,0.00038412525375813,0.00018703736144795,1,4,0.0,0.0
bipolarization,homogeneous,33,H15,bipol_ndist_speak,false,true,0,7139002048363152400.0,0,0.05,0.1,0.5,0.3,0.05,0.1,0.1,0.05,45,0.00240269204389574,0.03916789428011683,0.00006505031161745,0.00002197137189137,1,3,0.4,0.0
bipolarization,heterogeneous,13,M14,bipol_ndist_speak,false,true,0,1841142524168585220.0,0,0.05,0.4,0.5,0.1,0.05,0.1,0.1,0.05,45,0.0108926683241884,0.08067096079315257,0.00016235658712174,0.00006871755157895,1,4,0.09999999999999998,0.0
bipolarization,heterogeneous,4,M5,bipol_dist_nospeak,true,false,0,8636175130330607600.0,0,0.5,0.1,0.8,0.1,0.0,0.0,0.0,0.0,15,0.03097746746875476,0.047582304573836,0.03081321049629289,0.02518434363374271,4,4,0.7000000000000001,0.0
bipolarization,heterogeneous,6,M7,bipol_dist_speak,true,true,0,7139002048363152400.0,0,0.5,0.4,0.5,0.3,0.0,0.3,0.3,0.0,15,0.03543339668114619,0.16407429730450648,0.00000000844798009,0.000000000006306,1,4,0.09999999999999998,0.0
consensus,homogeneous,7,H4,cons_ndist_speak,false,true,0,6905470370856337400.0,0,0.5,0.0,0.0,0.0,0.05,0.1,0.1,0.05,15,0.00232084297839506,0.05028697400067104,0.00000413993529083,0.00000012643153433,1,2,0.0,0.0
bipolarization,heterogeneous,4,M5,bipol_dist_nospeak,true,false,0,4692690466958798800.0,0,0.05,0.4,0.8,0.1,0.0,0.0,0.3,0.0,50,0.03097746746875476,0.16504271571824136,0.00007716847058932,0.00006021968304193,1,4,0.4,0.0
bipolarization,heterogeneous,28,M18,bipol_dist_speak,true,true,0,6905470370856337400.0,0,0.05,0.1,0.5,0.3,0.2,0.0,0.0,0.2,25,0.00977608125904969,0.04197681927559832,0.009490575186363,0.0086341491346113,3,3,0.4,0.0
consensus,homogeneous,7,H4,cons_ndist_speak,false,true,0,4398895106259038200.0,0,0.5,0.0,0.0,0.0,0.05,0.1,0.1,0.05,15,0.00232084297839506,0.05925492436115197,0.00000413993529083,0.00000012643153433,1,2,0.0,0.0
bipolarization,heterogeneous,13,M14,bipol_ndist_speak,false,true,0,4477927936947039200.0,0,0.05,0.4,0.5,0.1,0.05,0.1,0.1,0.05,45,0.0108926683241884,0.07976702815401726,0.00016235658712174,0.00006871755157894,2,4,0.09999999999999998,0.0
bipolarization,heterogeneous,20,M26,bipol_dist_nospeak,true,false,0,7139002048363152400.0,0,0.5,0.1,0.5,0.1,0.0,0.0,0.0,0.0,15,0.04088593575853047,0.03385416666478092,0.04001093183009177,0.0286756020408383,3,3,0.4,0.0
consensus,homogeneous,7,H4,cons_ndist_speak,false,true,0,5702577027890589700.0,0,0.5,0.0,0.0,0.0,0.05,0.1,0.1,0.05,15,0.00232084297839506,0.0463530900904313,0.00000413993529083,0.00000012643153433,2,2,0.0,0.0
bipolarization,heterogeneous,4,M5,bipol_dist_speak,true,true,0,7240713591891685400.0,0,0.5,0.1,0.8,0.1,0.0,0.0,0.0,0.0,15,0.03097746746875476,0.04698199990354959,0.03099169790735696,0.02528814690012409,4,4,0.7000000000000001,0.0
consensus,heterogeneous,34,M31,cons_dist_nospeak,true,false,0,6905470370856337400.0,0,0.05,0.0,0.0,0.0,0.0,0.0,0.0,0.0,45,0.01079937132951816,0.0719015773488296,0.00018313051904659,0.00010948588929453,2,2,0.0,0.0
bipolarization,homogeneous,33,H15,bipol_ndist_speak,false,true,0,1841142524168585220.0,0,0.05,0.1,0.5,0.3,0.05,0.1,0.1,0.05,45,0.00240269204389574,0.03951018668214691,0.00007446059979894,0.00002702747598592,1,3,0.4,0.0
bipolarization,heterogeneous,28,M18,bipol_dist_nospeak,true,false,0,6905470370856337400.0,0,0.05,0.1,0.5,0.3,0.2,0.0,0.0,0.2,50,0.00977608125904969,0.06845609610517563,0.00988540097112999,0.01331371163767345,2,3,0.4,0.0
consensus,homogeneous,7,H4,cons_ndist_speak,false,true,0,7240713591891685400.0,0,0.5,0.0,0.0,0.0,0.05,0.1,0.1,0.05,15,0.00232084297839506,0.05730033739786859,0.00000413993529083,0.00000012643153433,1,2,0.0,0.0
bipolarization,heterogeneous,1,M1,bipol_dist_speak,true,true,0,6905470370856337400.0,0,0.05,0.1,0.5,0.1,0.0,0.3,0.0,0.0,20,0.0306388856143309,0.02266432450259669,0.02853661136164425,0.02118656470533924,3,3,0.4,0.0
bipolarization,heterogeneous,20,M26,bipol_dist_nospeak,true,false,0,7240713591891685400.0,0,0.5,0.1,0.5,0.1,0.0,0.0,0.0,0.0,15,0.04088593575853047,0.03385416666478092,0.04001093183009177,0.0286756020408383,3,3,0.4,0.0
consensus,homogeneous,7,H4,cons_ndist_speak,false,true,0,4692690466958798800.0,0,0.5,0.0,0.0,0.0,0.05,0.1,0.1,0.05,15,0.00232084297839506,0.04690922254613471,0.00000413993529083,0.00000012643153433,2,2,0.0,0.0
bipolarization,homogeneous,7,H4,bipol_dist_speak,true,true,0,6905470370856337400.0,0,0.5,0.1,0.8,0.3,0.2,0.3,0.0,0.2,15,0.00232084297839506,0.057957673748175,0.00000004212105225,0.0000000008704076,1,2,0.7000000000000001,0.0
bipolarization,heterogeneous,28,M18,bipol_dist_nospeak,true,false,0,7139002048363152400.0,0,0.05,0.1,0.5,0.3,0.2,0.0,0.0,0.2,50,0.00977608125904969,0.06845609610517563,0.00988540097112999,0.01331371163767345,2,3,0.4,0.0
consensus,heterogeneous,34,M31,cons_dist_nospeak,true,false,0,4342572612484808700.0,0,0.05,0.0,0.0,0.0,0.0,0.0,0.0,0.0,45,0.01079937132951816,0.0719015773488296,0.00018313051904659,0.00010948588929453,2,2,0.0,0.0
bipolarization,heterogeneous,1,M1,bipol_dist_speak,true,true,0,4692690466958798800.0,0,0.05,0.1,0.5,0.1,0.0,0.3,0.0,0.0,15,0.0306388856143309,0.01946869535469721,0.02964993833591831,0.02232512882236796,3,3,0.4,0.0
bipolarization,heterogeneous,13,M14,bipol_ndist_speak,false,true,0,4286360386944651300.0,0,0.05,0.4,0.5,0.1,0.05,0.1,0.1,0.05,55,0.0108926683241884,0.08496278230863763,0.00005820255089344,0.00002463427486343,1,4,0.09999999999999998,0.0
bipolarization,heterogeneous,20,M26,bipol_dist_nospeak,true,false,0,4692690466958798800.0,0,0.5,0.1,0.5,0.1,0.0,0.0,0.0,0.0,15,0.04088593575853047,0.03385416666478092,0.04001093183009177,0.0286756020408383,3,3,0.4,0.0
bipolarization,heterogeneous,6,M7,bipol_dist_speak,true,true,0,7240713591891685400.0,0,0.5,0.4,0.5,0.3,0.0,0.3,0.3,0.0,15,0.03543339668114619,0.15925302623230717,0.00000000844798009,0.000000000006306,1,4,0.09999999999999998,0.0
bipolarization,heterogeneous,4,M5,bipol_dist_speak,true,true,0,7139002048363152400.0,0,0.5,0.1,0.8,0.1,0.0,0.0,0.0,0.0,15,0.03097746746875476,0.04858247733410511,0.03052363437843874,0.02500583583344556,4,4,0.7000000000000001,0.0
bipolarization,heterogeneous,1,M1,bipol_dist_speak,true,true,0,7240713591891685400.0,0,0.05,0.1,0.5,0.1,0.0,0.3,0.0,0.0,15,0.0306388856143309,0.01962977076911835,0.03017658885101067,0.02229980387191728,3,3,0.4,0.0
bipolarization,heterogeneous,13,M14,bipol_ndist_speak,false,true,0,109591146466576384.0,0,0.05,0.4,0.5,0.1,0.05,0.1,0.1,0.05,45,0.0108926683241884,0.07976702815401725,0.00016235658712174,0.00006871755157895,2,4,0.09999999999999998,0.0
bipolarization,homogeneous,40,H18,bipol_dist_nospeak,true,false,0,7139002048363152400.0,0,0.5,0.1,0.8,0.3,0.0,0.0,0.0,0.2,15,0.00975649903013544,0.05967077656946184,0.00811796785113824,0.01082391780388186,2,2,0.7000000000000001,0.0
consensus,homogeneous,7,H4,cons_ndist_speak,false,true,0,1841142524168585220.0,0,0.5,0.0,0.0,0.0,0.05,0.1,0.1,0.05,15,0.00232084297839506,0.0722898643744647,0.00000413993529083,0.00000012643153433,1,2,0.0,0.0
bipolarization,heterogeneous,19,M25,bipol_dist_nospeak,true,false,0,4692690466958798800.0,0,0.5,0.4,0.5,0.3,0.0,0.0,0.0,0.2,15,0.0138563200606567,0.105034800775688,0.0000000001009714,0.00000000000000694,1,3,0.09999999999999998,0.0
consensus,homogeneous,17,H7,cons_ndist_speak,false,true,0,4477927936947039200.0,0,0.5,0.0,0.0,0.0,0.05,0.1,0.1,0.05,15,0.00399529565091067,0.03833128985422299,0.0000071268352131,0.00000029248745313,1,3,0.0,0.0
bipolarization,heterogeneous,13,M14,bipol_ndist_speak,false,true,0,4692690466958798800.0,0,0.05,0.4,0.5,0.1,0.05,0.1,0.1,0.05,50,0.0108926683241884,0.08149019103349094,0.00005820255089344,0.00004114373650433,1,4,0.09999999999999998,0.0
consensus,heterogeneous,34,M31,cons_dist_nospeak,true,false,0,4692690466958798800.0,0,0.05,0.0,0.0,0.0,0.0,0.0,0.0,0.0,45,0.01079937132951816,0.0719015773488296,0.00018313051904659,0.00010948588929453,2,2,0.0,0.0
consensus,heterogeneous,34,M31,cons_dist_nospeak,true,false,0,5702577027890589700.0,0,0.05,0.0,0.0,0.0,0.0,0.0,0.0,0.0,45,0.01079937132951816,0.0719015773488296,0.00018313051904659,0.00010948588929453,2,2,0.0,0.0
bipolarization,heterogeneous,19,M25,bipol_dist_nospeak,true,false,0,7240713591891685400.0,0,0.5,0.4,0.5,0.3,0.0,0.0,0.0,0.2,15,0.0138563200606567,0.105034800775688,0.0000000001009714,0.00000000000000694,1,3,0.09999999999999998,0.0
consensus,homogeneous,7,H4,cons_ndist_speak,false,true,0,8803618445054126100.0,0,0.5,0.0,0.0,0.0,0.05,0.1,0.1,0.05,15,0.00232084297839506,0.04264831760708525,0.00000413993529083,0.00000012643153433,1,2,0.0,0.0
bipolarization,heterogeneous,13,M14,bipol_ndist_speak,false,true,0,8803618445054126100.0,0,0.05,0.4,0.5,0.1,0.05,0.1,0.1,0.05,50,0.0108926683241884,0.08149019103349088,0.00005820255089344,0.00004114373650433,1,4,0.09999999999999998,0.0
bipolarization,heterogeneous,28,M18,bipol_dist_speak,true,true,0,7240713591891685400.0,0,0.05,0.1,0.5,0.3,0.2,0.0,0.0,0.2,35,0.00977608125904969,0.04619518288744312,0.00949583139601071,0.00971949937798715,3,3,0.4,0.0
consensus,heterogeneous,34,M31,cons_dist_nospeak,true,false,0,7240713591891685400.0,0,0.05,0.0,0.0,0.0,0.0,0.0,0.0,0.0,45,0.01079937132951816,0.0719015773488296,0.00018313051904659,0.00010948588929453,2,2,0.0,0.0
bipolarization,heterogeneous,20,M26,bipol_dist_nospeak,true,false,0,6905470370856337400.0,0,0.5,0.1,0.5,0.1,0.0,0.0,0.0,0.0,15,0.04088593575853047,0.03385416666478092,0.04001093183009177,0.0286756020408383,3,3,0.4,0.0
bipolarization,heterogeneous,20,M26,bipol_dist_nospeak,true,false,0,8636175130330607600.0,0,0.5,0.1,0.5,0.1,0.0,0.0,0.0,0.0,15,0.04088593575853047,0.03385416666478092,0.04001093183009177,0.0286756020408383,3,3,0.4,0.0
bipolarization,heterogeneous,13,M14,bipol_ndist_speak,false,true,0,6905470370856337400.0,0,0.05,0.4,0.5,0.1,0.05,0.1,0.1,0.05,55,0.0108926683241884,0.08798446473876163,0.00005820255089344,0.00002463427486343,1,4,0.09999999999999998,0.0
bipolarization,heterogeneous,1,M1,bipol_dist_speak,true,true,0,7139002048363152400.0,0,0.05,0.1,0.5,0.1,0.0,0.3,0.0,0.0,15,0.0306388856143309,0.01885710250663103,0.02995935755249069,0.02273300535120124,3,3,0.4,0.0
consensus,heterogeneous,25,M6,cons_dist_speak,true,true,0,7240713591891685400.0,0,0.5,0.0,0.0,0.0,0.2,0.0,0.0,0.0,15,0.02801205751790883,0.13992035541084333,0.00007703220957621,0.00000205331801571,1,3,0.0,0.0
consensus,heterogeneous,34,M31,cons_dist_nospeak,true,false,0,7139002048363152400.0,0,0.05,0.0,0.0,0.0,0.0,0.0,0.0,0.0,45,0.01079937132951816,0.0719015773488296,0.00018313051904659,0.00010948588929453,2,2,0.0,0.0
bipolarization,homogeneous,40,H18,bipol_dist_nospeak,true,false,0,4692690466958798800.0,0,0.5,0.1,0.8,0.3,0.0,0.0,0.0,0.2,15,0.00975649903013544,0.05967077656946184,0.00811796785113824,0.01082391780388186,2,2,0.7000000000000001,0.0
bipolarization,homogeneous,41,H20,bipol_ndist_speak,false,true,0,7240713591891685400.0,0,0.5,0.4,0.5,0.3,0.05,0.1,0.1,0.05,15,0.00048024369855967,0.07266925882410129,0.00000000011449902,0.0000000000000708,1,1,0.09999999999999998,0.0
bipolarization,heterogeneous,9,M9,bipol_ndist_speak,false,true,0,8803618445054126100.0,0,0.05,0.1,0.5,0.1,0.05,0.1,0.1,0.05,30,0.01965549714934841,0.04340896987988174,0.01849891060858026,0.01352148129247385,2,3,0.4,0.0
bipolarization,homogeneous,7,H4,bipol_dist_speak,true,true,0,8636175130330607600.0,0,0.5,0.1,0.8,0.3,0.2,0.3,0.0,0.2,15,0.00232084297839506,0.04786339953808315,0.00000002848708648,0.00000000021057487,1,2,0.7000000000000001,0.0
bipolarization,homogeneous,40,H18,bipol_dist_nospeak,true,false,0,8636175130330607600.0,0,0.5,0.1,0.8,0.3,0.0,0.0,0.0,0.2,15,0.00975649903013544,0.05967077656946184,0.00811796785113824,0.01082391780388186,2,2,0.7000000000000001,0.0
consensus,heterogeneous,25,M6,cons_dist_speak,true,true,0,7139002048363152400.0,0,0.5,0.0,0.0,0.0,0.2,0.0,0.0,0.0,20,0.02801205751790883,0.13402670243500953,0.00000042940150246,0.00000018934182546,1,3,0.0,0.0
bipolarization,heterogeneous,1,M1,bipol_dist_speak,true,true,0,7139002048363152400.0,0,0.05,0.1,0.5,0.1,0.0,0.0,0.3,0.2,30,0.0306388856143309,0.15365790346150376,0.1375067959422632,0.08493925819230881,5,3,0.4,1.8333333333333333
bipolarization,homogeneous,40,H18,bipol_dist_nospeak,true,false,0,6905470370856337400.0,0,0.5,0.1,0.8,0.3,0.0,0.0,0.0,0.2,15,0.00975649903013544,0.05967077656946184,0.00811796785113824,0.01082391780388186,2,2,0.7000000000000001,0.0
consensus,heterogeneous,16,M21,cons_ndist_speak,false,true,0,1841142524168585220.0,0,0.05,0.0,0.0,0.0,0.05,0.1,0.1,0.05,60,0.00905649862825791,0.07808562331173514,0.0004125945061634,0.00032490816486205,1,3,0.0,0.0
bipolarization,homogeneous,41,H20,bipol_ndist_speak,false,true,0,8636175130330607600.0,0,0.5,0.4,0.5,0.3,0.05,0.1,0.1,0.05,15,0.00048024369855967,0.06955630690963192,0.00000000011449902,0.0000000000000708,1,1,0.09999999999999998,0.0
bipolarization,homogeneous,41,H20,bipol_ndist_speak,false,true,0,4692690466958798800.0,0,0.5,0.4,0.5,0.3,0.05,0.1,0.1,0.05,15,0.00048024369855967,0.0558263372491908,0.00000000011449902,0.0000000000000708,1,1,0.09999999999999998,0.0
bipolarization,homogeneous,40,H18,bipol_dist_nospeak,true,false,0,7240713591891685400.0,0,0.5,0.1,0.8,0.3,0.0,0.0,0.0,0.2,15,0.00975649903013544,0.05967077656946184,0.00811796785113824,0.01082391780388186,2,2,0.7000000000000001,0.0
bipolarization,heterogeneous,1,M1,bipol_dist_nospeak,true,false,0,7240713591891685400.0,0,0.5,0.1,0.8,0.3,0.0,0.0,0.3,0.2,15,0.0306388856143309,0.01999742749578202,0.03130801052052935,0.02521780482587993,3,3,0.7000000000000001,0.0
bipolarization,heterogeneous,25,M6,bipol_dist_speak,true,true,0,7139002048363152400.0,0,0.05,0.1,0.8,0.3,0.0,0.0,0.3,0.0,15,0.02801205751790883,0.02276234567901236,0.02801205751790883,0.01317176068815727,3,3,0.7000000000000001,0.0
consensus,homogeneous,7,H4,cons_ndist_speak,false,true,0,4286360386944651300.0,0,0.5,0.0,0.0,0.0,0.05,0.1,0.1,0.05,15,0.00232084297839506,0.08036367360370965,0.00000413993529083,0.00000012643153433,1,2,0.0,0.0
consensus,heterogeneous,16,M21,cons_ndist_speak,false,true,0,5702577027890589700.0,0,0.05,0.0,0.0,0.0,0.05,0.1,0.1,0.05,55,0.00905649862825791,0.08172703360604716,0.00068459090787024,0.00041851831507294,2,3,0.0,0.0
consensus,heterogeneous,34,M31,cons_dist_nospeak,true,false,0,4477927936947039200.0,0,0.05,0.0,0.0,0.0,0.0,0.0,0.0,0.0,45,0.01079937132951816,0.0719015773488296,0.00018313051904659,0.00010948588929453,2,2,0.0,0.0
consensus,heterogeneous,34,M31,cons_dist_nospeak,true,false,0,4398895106259038200.0,0,0.05,0.0,0.0,0.0,0.0,0.0,0.0,0.0,45,0.01079937132951816,0.0719015773488296,0.00018313051904659,0.00010948588929453,2,2,0.0,0.0
consensus,heterogeneous,34,M31,cons_dist_nospeak,true,false,0,4286360386944651300.0,0,0.05,0.0,0.0,0.0,0.0,0.0,0.0,0.0,45,0.01079937132951816,0.0719015773488296,0.00018313051904659,0.00010948588929453,2,2,0.0,0.0
bipolarization,heterogeneous,6,M7,bipol_dist_speak,true,true,0,8636175130330607600.0,0,0.5,0.4,0.5,0.3,0.0,0.3,0.3,0.0,15,0.03543339668114619,0.13665248140876668,0.00000000844798009,0.000000000006306,1,4,0.09999999999999998,0.0
consensus,heterogeneous,34,M31,cons_dist_nospeak,true,false,0,8636175130330607600.0,0,0.05,0.0,0.0,0.0,0.0,0.0,0.0,0.0,45,0.01079937132951816,0.0719015773488296,0.00018313051904659,0.00010948588929453,2,2,0.0,0.0
bipolarization,heterogeneous,13,M14,bipol_ndist_speak,false,true,0,7128893484183252000.0,0,0.05,0.4,0.5,0.1,0.05,0.1,0.1,0.05,45,0.0108926683241884,0.07976702815401725,0.00016235658712174,0.00006871755157895,2,4,0.09999999999999998,0.0
bipolarization,heterogeneous,19,M25,bipol_dist_nospeak,true,false,0,7139002048363152400.0,0,0.5,0.4,0.5,0.3,0.0,0.0,0.0,0.2,15,0.0138563200606567,0.105034800775688,0.0000000001009714,0.00000000000000694,1,3,0.09999999999999998,0.0
bipolarization,heterogeneous,28,M18,bipol_dist_speak,true,true,0,8636175130330607600.0,0,0.05,0.1,0.5,0.3,0.2,0.0,0.0,0.2,30,0.00977608125904969,0.04675825982910031,0.00966302176481384,0.01001513776356676,3,3,0.4,0.0
bipolarization,heterogeneous,1,M1,bipol_dist_nospeak,true,false,0,7139002048363152400.0,0,0.5,0.1,0.8,0.3,0.0,0.0,0.3,0.2,15,0.0306388856143309,0.01999742749578202,0.03130801052052935,0.02521780482587993,3,3,0.7000000000000001,0.0
bipolarization,homogeneous,41,H20,bipol_ndist_speak,false,true,0,7139002048363152400.0,0,0.5,0.4,0.5,0.3,0.05,0.1,0.1,0.05,15,0.00048024369855967,0.06896270645989323,0.00000000011449902,0.0000000000000708,1,1,0.09999999999999998,0.0
consensus,heterogeneous,34,M31,cons_dist_nospeak,true,false,0,7128893484183252000.0,0,0.05,0.0,0.0,0.0,0.0,0.0,0.0,0.0,45,0.01079937132951816,0.0719015773488296,0.00018313051904659,0.00010948588929453,2,2,0.0,0.0
bipolarization,heterogeneous,6,M7,bipol_dist_speak,true,true,0,6905470370856337400.0,0,0.5,0.4,0.5,0.3,0.0,0.3,0.3,0.0,15,0.03543339668114619,0.17658000522189687,0.05466006297789625,0.08749109640515099,2,4,0.09999999999999998,1.1666666666666667
consensus,homogeneous,7,H4,cons_ndist_speak,false,true,0,7128893484183252000.0,0,0.5,0.0,0.0,0.0,0.05,0.1,0.1,0.05,15,0.00232084297839506,0.04315747745729619,0.00000413993529083,0.00000012643153433,1,2,0.0,0.0
bipolarization,homogeneous,41,H20,bipol_ndist_speak,false,true,0,5702577027890589700.0,0,0.5,0.4,0.5,0.3,0.05,0.1,0.1,0.05,15,0.00048024369855967,0.06889442161277497,0.00000000011449902,0.0000000000000708,1,1,0.09999999999999998,0.0
bipolarization,heterogeneous,1,M1,bipol_dist_nospeak,true,false,0,4692690466958798800.0,0,0.5,0.1,0.8,0.3,0.0,0.0,0.3,0.2,15,0.0306388856143309,0.01999742749578202,0.03130801052052935,0.02521780482587993,3,3,0.7000000000000001,0.0
bipolarization,heterogeneous,1,M1,bipol_dist_speak,true,true,0,8636175130330607600.0,0,0.05,0.1,0.5,0.1,0.0,0.3,0.0,0.0,15,0.0306388856143309,0.02069772259621633,0.02968186639667069,0.02204687259699059,3,3,0.4,0.0
consensus,homogeneous,7,H4,cons_ndist_speak,false,true,0,7043372089166577700.0,0,0.5,0.0,0.0,0.0,0.05,0.1,0.1,0.05,15,0.00232084297839506,0.03311490453240741,0.00000413993529083,0.00000012643153433,1,2,0.0,0.0
consensus,heterogeneous,34,M31,cons_dist_nospeak,true,false,0,8803618445054126100.0,0,0.05,0.0,0.0,0.0,0.0,0.0,0.0,0.0,45,0.01079937132951816,0.0719015773488296,0.00018313051904659,0.00010948588929453,2,2,0.0,0.0
bipolarization,heterogeneous,13,M14,bipol_ndist_speak,false,true,0,7043372089166577700.0,0,0.05,0.4,0.5,0.1,0.05,0.1,0.1,0.05,50,0.0108926683241884,0.08149019103349092,0.00005820255089344,0.00004114373650433,1,4,0.09999999999999998,0.0
bipolarization,heterogeneous,25,M6,bipol_dist_speak,true,true,0,8636175130330607600.0,0,0.05,0.1,0.8,0.3,0.0,0.0,0.3,0.0,15,0.02801205751790883,0.02276234567901236,0.02801205751790883,0.01317176068815727,3,3,0.7000000000000001,0.0
bipolarization,heterogeneous,1,M1,bipol_dist_nospeak,true,false,0,6905470370856337400.0,0,0.5,0.1,0.8,0.3,0.0,0.0,0.3,0.2,15,0.0306388856143309,0.01999742749578202,0.03130801052052935,0.02521780482587993,3,3,0.7000000000000001,0.0
consensus,homogeneous,7,H4,cons_ndist_speak,false,true,0,4342572612484808700.0,0,0.5,0.0,0.0,0.0,0.05,0.1,0.1,0.05,15,0.00232084297839506,0.0637985822131331,0.00000413993529083,0.00000012643153433,1,2,0.0,0.0
bipolarization,heterogeneous,25,M6,bipol_dist_speak,true,true,0,4692690466958798800.0,0,0.05,0.1,0.8,0.3,0.0,0.0,0.3,0.0,15,0.02801205751790883,0.02276234567901236,0.02801205751790883,0.01317176068815727,3,3,0.7000000000000001,0.0
bipolarization,homogeneous,41,H20,bipol_ndist_speak,false,true,0,6905470370856337400.0,0,0.5,0.4,0.5,0.3,0.05,0.1,0.1,0.05,15,0.00048024369855967,0.05595916288870358,0.00000000011449902,0.0000000000000708,1,1,0.09999999999999998,0.0
consensus,heterogeneous,6,M7,cons_dist_speak,true,true,0,4477927936947039200.0,0,0.05,0.0,0.0,0.0,0.2,0.0,0.0,0.0,85,0.03543339668114619,0.12221701832660763,0.00376132639847937,0.002661834112883,3,4,0.0,0.0
bipolarization,heterogeneous,19,M25,bipol_dist_nospeak,true,false,0,6905470370856337400.0,0,0.5,0.4,0.5,0.3,0.0,0.0,0.0,0.2,15,0.0138563200606567,0.105034800775688,0.0000000001009714,0.00000000000000694,1,3,0.09999999999999998,0.0
consensus,heterogeneous,18,M24,cons_ndist_speak,false,true,0,7139002048363152400.0,0,0.5,0.0,0.0,0.0,0.05,0.1,0.1,0.05,15,0.00943876457475996,0.09036916024261797,0.0000168369316359,0.00000059065176589,1,3,0.0,0.0
consensus,homogeneous,7,H4,cons_ndist_speak,false,true,0,4477927936947039200.0,0,0.5,0.0,0.0,0.0,0.05,0.1,0.1,0.05,15,0.00232084297839506,0.05592843810585756,0.00000413993529083,0.00000012643153433,1,2,0.0,0.0
bipolarization,heterogeneous,25,M6,bipol_dist_speak,true,true,0,7240713591891685400.0,0,0.05,0.1,0.8,0.3,0.0,0.0,0.3,0.0,15,0.02801205751790883,0.02276234567901236,0.02801205751790883,0.01317176068815727,3,3,0.7000000000000001,0.0
consensus,heterogeneous,34,M31,cons_dist_nospeak,true,false,0,1841142524168585220.0,0,0.05,0.0,0.0,0.0,0.0,0.0,0.0,0.0,45,0.01079937132951816,0.0719015773488296,0.00018313051904659,0.00010948588929453,2,2,0.0,0.0
bipolarization,heterogeneous,9,M9,bipol_ndist_speak,false,true,0,5702577027890589700.0,0,0.05,0.1,0.5,0.1,0.05,0.1,0.1,0.05,35,0.01965549714934841,0.04611205371850716,0.01856740493930271,0.01412077335975092,2,3,0.4,0.0
bipolarization,heterogeneous,19,M25,bipol_dist_nospeak,true,false,0,8636175130330607600.0,0,0.5,0.4,0.5,0.3,0.0,0.0,0.0,0.2,15,0.0138563200606567,0.105034800775688,0.0000000001009714,0.00000000000000694,1,3,0.09999999999999998,0.0
bipolarization,heterogeneous,6,M7,bipol_dist_speak,true,true,0,4692690466958798800.0,0,0.5,0.4,0.5,0.3,0.0,0.3,0.3,0.0,20,0.03543339668114619,0.38753858024691373,0.1388888888888889,0.22222222222222224,2,4,0.09999999999999998,1.6666666666666667
consensus,heterogeneous,18,M24,cons_ndist_speak,false,true,0,5702577027890589700.0,0,0.5,0.0,0.0,0.0,0.05,0.1,0.1,0.05,15,0.00943876457475996,0.08426922871553365,0.0000168369316359,0.00000059065176589,1,3,0.0,0.0
bipolarization,heterogeneous,13,M14,bipol_ndist_speak,false,true,0,7139002048363152400.0,0,0.05,0.4,0.5,0.1,0.05,0.1,0.1,0.05,55,0.0108926683241884,0.0828235416218353,0.00005820255089344,0.00002463427486343,1,4,0.09999999999999998,0.0
bipolarization,heterogeneous,1,M1,bipol_dist_nospeak,true,false,0,8636175130330607600.0,0,0.5,0.1,0.8,0.3,0.0,0.0,0.3,0.2,15,0.0306388856143309,0.01999742749578202,0.03130801052052935,0.02521780482587993,3,3,0.7000000000000001,0.0
consensus,homogeneous,7,H4,cons_ndist_speak,false,true,0,109591146466576384.0,0,0.5,0.0,0.0,0.0,0.05,0.1,0.1,0.05,15,0.00232084297839506,0.06156786333465585,0.00000413993529083,0.00000012643153433,1,2,0.0,0.0
bipolarization,heterogeneous,13,M14,bipol_ndist_speak,false,true,0,8636175130330607600.0,0,0.05,0.4,0.5,0.1,0.05,0.1,0.1,0.05,50,0.0108926683241884,0.08149019103349094,0.00005820255089344,0.00004114373650433,1,4,0.09999999999999998,0.0
bipolarization,heterogeneous,13,M14,bipol_ndist_speak,false,true,0,5702577027890589700.0,0,0.05,0.4,0.5,0.1,0.05,0.1,0.1,0.05,50,0.0108926683241884,0.08149019103349094,0.00005820255089344,0.00004114373650433,1,4,0.09999999999999998,0.0
bipolarization,heterogeneous,4,M5,bipol_dist_speak,true,true,0,6905470370856337400.0,0,0.5,0.1,0.8,0.1,0.0,0.0,0.0,0.0,15,0.03097746746875476,0.04611846547067929,0.03124914026136822,0.02544485767668764,4,4,0.7000000000000001,0.0
consensus,heterogeneous,34,M31,cons_dist_nospeak,true,false,0,109591146466576384.0,0,0.05,0.0,0.0,0.0,0.0,0.0,0.0,0.0,45,0.01079937132951816,0.0719015773488296,0.00018313051904659,0.00010948588929453,2,2,0.0,0.0
bipolarization,heterogeneous,4,M5,bipol_dist_speak,true,true,0,8636175130330607600.0,0,0.5,0.1,0.8,0.1,0.0,0.0,0.0,0.0,15,0.03097746746875476,0.04598283179012369,0.0312921938382349,0.02546420121334652,4,4,0.7000000000000001,0.0
consensus,heterogeneous,18,M24,cons_ndist_speak,false,true,0,7240713591891685400.0,0,0.5,0.0,0.0,0.0,0.05,0.1,0.1,0.05,15,0.00943876457475996,0.09311653029564891,0.0000168369316359,0.00000059065176589,1,3,0.0,0.0
bipolarization,heterogeneous,3,M4,bipol_dist_nospeak,true,false,0,7240713591891685400.0,0,0.5,0.1,0.5,0.1,0.0,0.3,0.3,0.2,15,0.0361340032483615,0.1678238724777954,0.08352812712261636,0.08935588007049729,3,4,0.4,1.6666666666666667
consensus,heterogeneous,18,M24,cons_ndist_speak,false,true,0,8636175130330607600.0,0,0.5,0.0,0.0,0.0,0.05,0.1,0.1,0.05,15,0.00943876457475996,0.09095151269058176,0.0000168369316359,0.00000059065176589,1,3,0.0,0.0
bipolarization,homogeneous,41,H20,bipol_ndist_speak,false,true,0,4398895106259038200.0,0,0.5,0.4,0.5,0.3,0.05,0.1,0.1,0.05,15,0.00048024369855967,0.07225798677515101,0.00000000011449902,0.0000000000000708,1,1,0.09999999999999998,0.0
bipolarization,heterogeneous,3,M4,bipol_dist_nospeak,true,false,0,7139002048363152400.0,0,0.5,0.1,0.5,0.1,0.0,0.3,0.3,0.2,15,0.0361340032483615,0.1678238724777954,0.08352812712261636,0.08935588007049729,3,4,0.4,1.6666666666666667
bipolarization,heterogeneous,20,M26,bipol_dist_speak,true,true,0,8636175130330607600.0,0,0.5,0.1,0.5,0.1,0.0,0.0,0.0,0.0,15,0.04088593575853047,0.02975576895254625,0.04183784014812379,0.03008856104607075,3,3,0.4,0.0
bipolarization,homogeneous,40,H18,bipol_dist_speak,true,true,0,4692690466958798800.0,0,0.5,0.1,0.8,0.3,0.0,0.0,0.0,0.2,15,0.00975649903013544,0.06194065235279225,0.01066002548533005,0.01422078259198734,2,2,0.7000000000000001,0.0
consensus,heterogeneous,34,M31,cons_dist_nospeak,true,false,0,7043372089166577700.0,0,0.05,0.0,0.0,0.0,0.0,0.0,0.0,0.0,45,0.01079937132951816,0.0719015773488296,0.00018313051904659,0.00010948588929453,2,2,0.0,0.0
consensus,heterogeneous,25,M6,cons_dist_speak,true,true,0,8636175130330607600.0,0,0.5,0.0,0.0,0.0,0.2,0.0,0.0,0.0,20,0.02801205751790883,0.14043524930169055,0.00000041516179571,0.00000015506495414,1,3,0.0,0.0
bipolarization,homogeneous,41,H20,bipol_ndist_speak,false,true,0,1841142524168585220.0,0,0.5,0.4,0.5,0.3,0.05,0.1,0.1,0.05,15,0.00048024369855967,0.06886125493932661,0.00000000011449902,0.0000000000000708,1,1,0.09999999999999998,0.0
consensus,heterogeneous,18,M24,cons_ndist_speak,false,true,0,4692690466958798800.0,0,0.5,0.0,0.0,0.0,0.05,0.1,0.1,0.05,15,0.00943876457475996,0.07202344922067509,0.0000168369316359,0.00000059065176589,1,3,0.0,0.0
bipolarization,heterogeneous,14,M15,bipol_dist_nospeak,true,false,0,7240713591891685400.0,0,0.5,0.4,0.8,0.3,0.0,0.3,0.0,0.2,15,0.02458731638660266,0.12499972847082887,0.00000000314478565,0.00000000000057154,1,5,0.4,0.0
consensus,heterogeneous,25,M6,cons_dist_speak,true,true,0,4692690466958798800.0,0,0.5,0.0,0.0,0.0,0.2,0.0,0.0,0.0,20,0.02801205751790883,0.18290466278174647,0.00000052548414037,0.00000019692629144,1,3,0.0,0.0
bipolarization,heterogeneous,13,M14,bipol_ndist_speak,false,true,0,4398895106259038200.0,0,0.05,0.4,0.5,0.1,0.05,0.1,0.1,0.05,55,0.0108926683241884,0.08384685396271856,0.00005820255089344,0.00002463427486343,2,4,0.09999999999999998,0.0
consensus,heterogeneous,18,M24,cons_ndist_speak,false,true,0,6905470370856337400.0,0,0.5,0.0,0.0,0.0,0.05,0.1,0.1,0.05,15,0.00943876457475996,0.07202344922067509,0.0000168369316359,0.00000059065176589,1,3,0.0,0.0
bipolarization,heterogeneous,25,M6,bipol_dist_speak,true,true,0,6905470370856337400.0,0,0.05,0.1,0.8,0.3,0.0,0.0,0.3,0.0,15,0.02801205751790883,0.02276234567901236,0.02801205751790883,0.01317176068815727,3,3,0.7000000000000001,0.0
consensus,heterogeneous,6,M7,cons_dist_speak,true,true,0,4692690466958798800.0,0,0.05,0.0,0.0,0.0,0.2,0.0,0.0,0.0,105,0.03543339668114619,0.11404494023671093,0.00300829630688047,0.00179178498408094,2,4,0.0,0.0
bipolarization,homogeneous,23,H11,bipol_dist_nospeak,true,false,0,7240713591891685400.0,0,0.05,0.1,0.8,0.1,0.0,0.3,0.0,0.2,25,0.01309938700274348,0.03998040378907951,0.01135980984297087,0.00708698885472172,4,4,0.7000000000000001,0.0
consensus,heterogeneous,18,M24,cons_ndist_speak,false,true,0,4398895106259038200.0,0,0.5,0.0,0.0,0.0,0.05,0.1,0.1,0.05,15,0.00943876457475996,0.1278699100603936,0.0000168369316359,0.00000059065176589,1,3,0.0,0.0
bipolarization,homogeneous,41,H20,bipol_ndist_speak,false,true,0,8803618445054126100.0,0,0.5,0.4,0.5,0.3,0.05,0.1,0.1,0.05,15,0.00048024369855967,0.07395981859277806,0.00000000011449902,0.0000000000000708,1,1,0.09999999999999998,0.0
bipolarization,homogeneous,40,H18,bipol_dist_speak,true,true,0,7139002048363152400.0,0,0.5,0.1,0.8,0.3,0.0,0.0,0.0,0.2,15,0.00975649903013544,0.06347649185745818,0.00739802832399662,0.00985364635520482,2,2,0.7000000000000001,0.0
bipolarization,heterogeneous,20,M26,bipol_dist_speak,true,true,0,6905470370856337400.0,0,0.5,0.1,0.5,0.1,0.0,0.0,0.0,0.0,15,0.04088593575853047,0.03016422413013625,0.04145640721455191,0.0298102666609642,3,3,0.4,0.0
bipolarization,heterogeneous,4,M5,bipol_dist_speak,true,true,0,4692690466958798800.0,0,0.5,0.1,0.8,0.1,0.0,0.0,0.0,0.0,15,0.03097746746875476,0.04563357506269313,0.03138921515568418,0.02553183285846813,4,4,0.7000000000000001,0.0
consensus,heterogeneous,6,M7,cons_dist_speak,true,true,0,7240713591891685400.0,0,0.05,0.0,0.0,0.0,0.2,0.0,0.0,0.0,105,0.03543339668114619,0.13459307448015123,0.00277633784585913,0.00170608864140818,2,4,0.0,0.0
consensus,heterogeneous,18,M24,cons_ndist_speak,false,true,0,4342572612484808700.0,0,0.5,0.0,0.0,0.0,0.05,0.1,0.1,0.05,15,0.00943876457475996,0.0797387297527705,0.0000168369316359,0.00000059065176589,1,3,0.0,0.0
bipolarization,heterogeneous,9,M9,bipol_ndist_speak,false,true,0,4398895106259038200.0,0,0.05,0.1,0.5,0.1,0.05,0.1,0.1,0.05,30,0.01965549714934841,0.04449467778142874,0.01918239854698877,0.01388294924746546,2,3,0.4,0.0
bipolarization,homogeneous,41,H20,bipol_ndist_speak,false,true,0,4342572612484808700.0,0,0.5,0.4,0.5,0.3,0.05,0.1,0.1,0.05,15,0.00048024369855967,0.06393170356750492,0.00000000011449902,0.0000000000000708,1,1,0.09999999999999998,0.0
bipolarization,heterogeneous,3,M4,bipol_dist_nospeak,true,false,0,6905470370856337400.0,0,0.5,0.1,0.5,0.1,0.0,0.3,0.3,0.2,15,0.0361340032483615,0.1678238724777954,0.08352812712261636,0.08935588007049729,3,4,0.4,1.6666666666666667
consensus,heterogeneous,18,M24,cons_ndist_speak,false,true,0,1841142524168585220.0,0,0.5,0.0,0.0,0.0,0.05,0.1,0.1,0.05,15,0.00943876457475996,0.08447596515934151,0.0000168369316359,0.00000059065176589,1,3,0.0,0.0
bipolarization,heterogeneous,3,M4,bipol_dist_nospeak,true,false,0,8636175130330607600.0,0,0.5,0.1,0.5,0.1,0.0,0.3,0.3,0.2,15,0.0361340032483615,0.1678238724777954,0.08352812712261636,0.08935588007049729,3,4,0.4,1.6666666666666667
bipolarization,homogeneous,23,H11,bipol_dist_nospeak,true,false,0,7139002048363152400.0,0,0.05,0.1,0.8,0.1,0.0,0.3,0.0,0.2,25,0.01309938700274348,0.03998040378907951,0.01135980984297087,0.00708698885472172,4,4,0.7000000000000001,0.0
bipolarization,homogeneous,24,H12,bipol_ndist_speak,false,true,0,8636175130330607600.0,0,0.5,0.4,0.8,0.3,0.05,0.1,0.1,0.05,15,0.00771504468878602,0.0465847033041496,0.00000000183940999,0.00000000000162942,1,3,0.4,0.0
bipolarization,heterogeneous,20,M26,bipol_dist_speak,true,true,0,7240713591891685400.0,0,0.5,0.1,0.5,0.1,0.0,0.0,0.0,0.0,15,0.04088593575853047,0.03360889576099566,0.04013564352799504,0.02874149956096415,3,3,0.4,0.0
consensus,heterogeneous,18,M24,cons_ndist_speak,false,true,0,8803618445054126100.0,0,0.5,0.0,0.0,0.0,0.05,0.1,0.1,0.05,15,0.00943876457475996,0.09931382025711676,0.0000168369316359,0.00000059065176589,1,3,0.0,0.0
bipolarization,heterogeneous,9,M9,bipol_ndist_speak,false,true,0,109591146466576384.0,0,0.05,0.1,0.5,0.1,0.05,0.1,0.1,0.05,30,0.01965549714934841,0.04284821206752992,0.01897380844534105,0.01393635193954488,2,3,0.4,0.0
bipolarization,heterogeneous,14,M15,bipol_dist_nospeak,true,false,0,7139002048363152400.0,0,0.5,0.4,0.8,0.3,0.0,0.3,0.0,0.2,15,0.02458731638660266,0.12499972847082887,0.00000000314478565,0.00000000000057154,1,5,0.4,0.0
bipolarization,homogeneous,40,H18,bipol_dist_speak,true,true,0,7240713591891685400.0,0,0.5,0.1,0.8,0.3,0.0,0.0,0.0,0.2,15,0.00975649903013544,0.06331309565791393,0.00740173326700475,0.00987528436916947,2,2,0.7000000000000001,0.0
consensus,heterogeneous,18,M24,cons_ndist_speak,false,true,0,7043372089166577700.0,0,0.5,0.0,0.0,0.0,0.05,0.1,0.1,0.05,15,0.00943876457475996,0.07221640800142058,0.0000168369316359,0.00000059065176589,1,3,0.0,0.0
bipolarization,heterogeneous,9,M9,bipol_ndist_speak,false,true,0,6905470370856337400.0,0,0.05,0.1,0.5,0.1,0.05,0.1,0.1,0.05,45,0.01965549714934841,0.04231088192900397,0.0193863417788599,0.01525612663886844,2,3,0.4,0.0
bipolarization,homogeneous,41,H20,bipol_ndist_speak,false,true,0,109591146466576384.0,0,0.5,0.4,0.5,0.3,0.05,0.1,0.1,0.05,15,0.00048024369855967,0.07234616632814768,0.00000000011449902,0.0000000000000708,1,1,0.09999999999999998,0.0
bipolarization,heterogeneous,3,M4,bipol_dist_nospeak,true,false,0,4692690466958798800.0,0,0.5,0.1,0.5,0.1,0.0,0.3,0.3,0.2,15,0.0361340032483615,0.1678238724777954,0.08352812712261636,0.08935588007049729,3,4,0.4,1.6666666666666667
bipolarization,homogeneous,40,H18,bipol_dist_speak,true,true,0,6905470370856337400.0,0,0.5,0.1,0.8,0.3,0.0,0.0,0.0,0.2,15,0.00975649903013544,0.06180427692554615,0.01060915016153997,0.01415593960116525,2,2,0.7000000000000001,0.0
consensus,heterogeneous,16,M21,cons_ndist_speak,false,true,0,7240713591891685400.0,0,0.05,0.0,0.0,0.0,0.05,0.1,0.1,0.05,70,0.00905649862825791,0.07924842860830013,0.00024866562579076,0.00019581814816495,1,3,0.0,0.0
bipolarization,heterogeneous,20,M26,bipol_dist_speak,true,true,0,7139002048363152400.0,0,0.5,0.1,0.5,0.1,0.0,0.0,0.0,0.0,15,0.04088593575853047,0.02977950484664349,0.04183784014812379,0.03006048657532649,3,3,0.4,0.0
consensus,heterogeneous,18,M24,cons_ndist_speak,false,true,0,109591146466576384.0,0,0.5,0.0,0.0,0.0,0.05,0.1,0.1,0.05,15,0.00943876457475996,0.09274277860095025,0.0000168369316359,0.00000059065176589,1,3,0.0,0.0
bipolarization,heterogeneous,9,M9,bipol_ndist_speak,false,true,0,4692690466958798800.0,0,0.05,0.1,0.5,0.1,0.05,0.1,0.1,0.05,50,0.01965549714934841,0.0476482050882024,0.01845150843143204,0.01464467813458555,2,3,0.4,0.0
bipolarization,homogeneous,23,H11,bipol_dist_nospeak,true,false,0,8636175130330607600.0,0,0.05,0.1,0.8,0.1,0.0,0.3,0.0,0.2,25,0.01309938700274348,0.03998040378907951,0.01135980984297087,0.00708698885472172,4,4,0.7000000000000001,0.0
consensus,heterogeneous,16,M21,cons_ndist_speak,false,true,0,4692690466958798800.0,0,0.05,0.0,0.0,0.0,0.05,0.1,0.1,0.05,70,0.00905649862825791,0.08102696651674077,0.00024866562579076,0.00019581814816495,1,3,0.0,0.0
bipolarization,homogeneous,40,H18,bipol_dist_speak,true,true,0,8636175130330607600.0,0,0.5,0.1,0.8,0.3,0.0,0.0,0.0,0.2,15,0.00975649903013544,0.06793311790183751,0.0069590143649232,0.00927262120881109,2,2,0.7000000000000001,0.0
bipolarization,heterogeneous,9,M9,bipol_ndist_speak,false,true,0,4342572612484808700.0,0,0.05,0.1,0.5,0.1,0.05,0.1,0.1,0.05,40,0.01965549714934841,0.04033802831950829,0.02004306495933077,0.01547852290674822,2,3,0.4,0.0
bipolarization,heterogeneous,9,M9,bipol_ndist_speak,false,true,0,1841142524168585220.0,0,0.05,0.1,0.5,0.1,0.05,0.1,0.1,0.05,40,0.01965549714934841,0.04256438756095794,0.01999604455034837,0.01546789253701993,2,3,0.4,0.0
consensus,heterogeneous,16,M21,cons_ndist_speak,false,true,0,6905470370856337400.0,0,0.05,0.0,0.0,0.0,0.05,0.1,0.1,0.05,65,0.00905649862825791,0.0821385994095724,0.0004125945061634,0.00025223583244052,1,3,0.0,0.0
consensus,heterogeneous,25,M6,cons_dist_speak,true,true,0,6905470370856337400.0,0,0.5,0.0,0.0,0.0,0.2,0.0,0.0,0.0,20,0.02801205751790883,0.169991690431934,0.00000052730052044,0.00000019251677079,1,3,0.0,0.0
bipolarization,homogeneous,23,H11,bipol_dist_nospeak,true,false,0,4692690466958798800.0,0,0.05,0.1,0.8,0.1,0.0,0.3,0.0,0.2,25,0.01309938700274348,0.03998040378907951,0.01135980984297087,0.00708698885472172,4,4,0.7000000000000001,0.0
consensus,homogeneous,40,H18,cons_ndist_speak,false,true,0,7139002048363152400.0,0,0.5,0.0,0.0,0.0,0.05,0.1,0.1,0.05,15,0.00975649903013544,0.13615614084894212,0.00001740370849119,0.00000080799334477,1,2,0.0,0.0
consensus,heterogeneous,18,M24,cons_ndist_speak,false,true,0,7128893484183252000.0,0,0.5,0.0,0.0,0.0,0.05,0.1,0.1,0.05,15,0.00943876457475996,0.07443707493318162,0.0000168369316359,0.00000059065176589,1,3,0.0,0.0
consensus,heterogeneous,18,M24,cons_ndist_speak,false,true,0,4477927936947039200.0,0,0.5,0.0,0.0,0.0,0.05,0.1,0.1,0.05,15,0.00943876457475996,0.08010967469777418,0.0000168369316359,0.00000059065176589,1,3,0.0,0.0
bipolarization,heterogeneous,20,M26,bipol_dist_speak,true,true,0,4692690466958798800.0,0,0.5,0.1,0.5,0.1,0.0,0.0,0.0,0.0,15,0.04088593575853047,0.02984675654658595,0.04160876404519594,0.02990573676562222,3,3,0.4,0.0
bipolarization,heterogeneous,9,M9,bipol_ndist_speak,false,true,0,7043372089166577700.0,0,0.05,0.1,0.5,0.1,0.05,0.1,0.1,0.05,35,0.01965549714934841,0.04715421142821911,0.01746100338701406,0.01284857133929004,2,3,0.4,0.0
bipolarization,homogeneous,41,H20,bipol_ndist_speak,false,true,0,7043372089166577700.0,0,0.5,0.4,0.5,0.3,0.05,0.1,0.1,0.05,15,0.00048024369855967,0.06541017249778476,0.00000000011449902,0.0000000000000708,1,1,0.09999999999999998,0.0
bipolarization,homogeneous,41,H20,bipol_ndist_speak,false,true,0,7128893484183252000.0,0,0.5,0.4,0.5,0.3,0.05,0.1,0.1,0.05,15,0.00048024369855967,0.06104705951831969,0.00000000011449902,0.0000000000000708,1,1,0.09999999999999998,0.0
bipolarization,homogeneous,23,H11,bipol_dist_nospeak,true,false,0,6905470370856337400.0,0,0.05,0.1,0.8,0.1,0.0,0.3,0.0,0.2,25,0.01309938700274348,0.03998040378907951,0.01135980984297087,0.00708698885472172,4,4,0.7000000000000001,0.0
consensus,heterogeneous,16,M21,cons_ndist_speak,false,true,0,4477927936947039200.0,0,0.05,0.0,0.0,0.0,0.05,0.1,0.1,0.05,60,0.00905649862825791,0.0833394933783211,0.0004125945061634,0.00032490816486205,1,3,0.0,0.0
consensus,heterogeneous,18,M24,cons_ndist_speak,false,true,0,4286360386944651300.0,0,0.5,0.0,0.0,0.0,0.05,0.1,0.1,0.05,15,0.00943876457475996,0.07202344922067509,0.0000168369316359,0.00000059065176589,1,3,0.0,0.0
bipolarization,heterogeneous,14,M15,bipol_dist_nospeak,true,false,0,4692690466958798800.0,0,0.5,0.4,0.8,0.3,0.0,0.3,0.0,0.2,15,0.02458731638660266,0.12499972847082887,0.00000000314478565,0.00000000000057154,1,5,0.4,0.0
consensus,heterogeneous,16,M21,cons_ndist_speak,false,true,0,4398895106259038200.0,0,0.05,0.0,0.0,0.0,0.05,0.1,0.1,0.05,65,0.00905649862825791,0.09259335914939629,0.0004125945061634,0.00025223583244052,2,3,0.0,0.0
bipolarization,heterogeneous,32,M29,bipol_dist_nospeak,true,false,0,7240713591891685400.0,0,0.05,0.4,0.8,0.1,0.0,0.0,0.3,0.2,45,0.03735544128836595,0.1451082379551301,0.00019325490588979,0.00006096655612457,2,4,0.4,0.0
bipolarization,heterogeneous,14,M15,bipol_dist_nospeak,true,false,0,8636175130330607600.0,0,0.5,0.4,0.8,0.3,0.0,0.3,0.0,0.2,15,0.02458731638660266,0.12499972847082887,0.00000000314478565,0.00000000000057154,1,5,0.4,0.0
bipolarization,heterogeneous,1,M1,bipol_dist_speak,true,true,0,8636175130330607600.0,0,0.5,0.1,0.8,0.3,0.0,0.0,0.3,0.2,15,0.0306388856143309,0.02312177493248461,0.0290878156648324,0.02339019828318024,3,3,0.7000000000000001,0.0
bipolarization,heterogeneous,4,M5,bipol_dist_speak,true,true,0,7139002048363152400.0,0,0.05,0.4,0.8,0.1,0.0,0.0,0.3,0.0,60,0.03097746746875476,0.16442066529467758,0.00008777595484088,0.00006823375675777,1,4,0.4,0.0
consensus,heterogeneous,25,M6,cons_dist_speak,true,true,0,1841142524168585220.0,0,0.5,0.0,0.0,0.0,0.2,0.0,0.0,0.0,20,0.02801205751790883,0.1440569876202268,0.00000043731731421,0.00000021181303606,1,3,0.0,0.0
consensus,homogeneous,40,H18,cons_ndist_speak,false,true,0,8803618445054126100.0,0,0.5,0.0,0.0,0.0,0.05,0.1,0.1,0.05,15,0.00975649903013544,0.14060488384435582,0.00001740370849119,0.00000080799334477,1,2,0.0,0.0
consensus,heterogeneous,16,M21,cons_ndist_speak,false,true,0,7139002048363152400.0,0,0.05,0.0,0.0,0.0,0.05,0.1,0.1,0.05,65,0.00905649862825791,0.08639075605840033,0.0004125945061634,0.00025223583244051,2,3,0.0,0.0
bipolarization,homogeneous,41,H20,bipol_ndist_speak,false,true,0,4477927936947039200.0,0,0.5,0.4,0.5,0.3,0.05,0.1,0.1,0.05,15,0.00048024369855967,0.05941833390129937,0.00000000011449902,0.0000000000000708,1,1,0.09999999999999998,0.0
bipolarization,homogeneous,24,H12,bipol_ndist_speak,false,true,0,7240713591891685400.0,0,0.5,0.4,0.8,0.3,0.05,0.1,0.1,0.05,15,0.00771504468878602,0.0587145399164271,0.00000000183940999,0.00000000000162942,1,3,0.4,0.0
bipolarization,homogeneous,24,H12,bipol_ndist_speak,false,true,0,7139002048363152400.0,0,0.5,0.4,0.8,0.3,0.05,0.1,0.1,0.05,15,0.00771504468878602,0.04658470330414961,0.00000000183940999,0.00000000000162942,1,3,0.4,0.0
consensus,homogeneous,40,H18,cons_ndist_speak,false,true,0,4692690466958798800.0,0,0.5,0.0,0.0,0.0,0.05,0.1,0.1,0.05,15,0.00975649903013544,0.11155837180012919,0.00001740370849119,0.00000080799334477,1,2,0.0,0.0
consensus,heterogeneous,16,M21,cons_ndist_speak,false,true,0,4286360386944651300.0,0,0.05,0.0,0.0,0.0,0.05,0.1,0.1,0.05,65,0.00905649862825791,0.07697991309582775,0.0004125945061634,0.00025223583244052,1,3,0.0,0.0
consensus,homogeneous,40,H18,cons_ndist_speak,false,true,0,6905470370856337400.0,0,0.5,0.0,0.0,0.0,0.05,0.1,0.1,0.05,15,0.00975649903013544,0.11128090682817597,0.00001740370849119,0.00000080799334477,1,2,0.0,0.0
consensus,heterogeneous,6,M7,cons_dist_speak,true,true,0,8636175130330607600.0,0,0.05,0.0,0.0,0.0,0.2,0.0,0.0,0.0,110,0.03543339668114619,0.1422382985705842,0.00236718177211727,0.00156606155653823,2,4,0.0,0.0
consensus,homogeneous,40,H18,cons_ndist_speak,false,true,0,7240713591891685400.0,0,0.5,0.0,0.0,0.0,0.05,0.1,0.1,0.05,15,0.00975649903013544,0.1388387338043956,0.00001740370849119,0.00000080799334477,1,2,0.0,0.0
consensus,homogeneous,40,H18,cons_ndist_speak,false,true,0,5702577027890589700.0,0,0.5,0.0,0.0,0.0,0.05,0.1,0.1,0.05,15,0.00975649903013544,0.12865864995230247,0.00001740370849119,0.00000080799334477,2,2,0.0,0.0
bipolarization,heterogeneous,32,M29,bipol_dist_nospeak,true,false,0,7139002048363152400.0,0,0.05,0.4,0.8,0.1,0.0,0.0,0.3,0.2,45,0.03735544128836595,0.1451082379551301,0.00019325490588979,0.00006096655612457,2,4,0.4,0.0
consensus,homogeneous,40,H18,cons_ndist_speak,false,true,0,8636175130330607600.0,0,0.5,0.0,0.0,0.0,0.05,0.1,0.1,0.05,15,0.00975649903013544,0.1344981521547367,0.00001740370849119,0.00000080799334477,1,2,0.0,0.0
consensus,homogeneous,40,H18,cons_ndist_speak,false,true,0,1841142524168585220.0,0,0.5,0.0,0.0,0.0,0.05,0.1,0.1,0.05,15,0.00975649903013544,0.13288951401443277,0.00001740370849119,0.00000080799334477,1,2,0.0,0.0
bipolarization,heterogeneous,32,M29,bipol_dist_nospeak,true,false,0,8636175130330607600.0,0,0.05,0.4,0.8,0.1,0.0,0.0,0.3,0.2,45,0.03735544128836595,0.1451082379551301,0.00019325490588979,0.00006096655612457,2,4,0.4,0.0
consensus,heterogeneous,25,M6,cons_dist_speak,true,true,0,5702577027890589700.0,0,0.5,0.0,0.0,0.0,0.2,0.0,0.0,0.0,20,0.02801205751790883,0.14124301404377235,0.00000043172066992,0.00000016129586534,1,3,0.0,0.0
consensus,heterogeneous,16,M21,cons_ndist_speak,false,true,0,8636175130330607600.0,0,0.05,0.0,0.0,0.0,0.05,0.1,0.1,0.05,75,0.00905649862825791,0.08307586619004792,0.00024866562579077,0.00015201942872171,1,3,0.0,0.0
bipolarization,heterogeneous,4,M5,bipol_dist_speak,true,true,0,7240713591891685400.0,0,0.05,0.4,0.8,0.1,0.0,0.0,0.3,0.0,65,0.03097746746875476,0.16701366547036925,0.00007302486335353,0.00003397437180502,1,4,0.4,0.0
consensus,heterogeneous,16,M21,cons_ndist_speak,false,true,0,7128893484183252000.0,0,0.05,0.0,0.0,0.0,0.05,0.1,0.1,0.05,65,0.00905649862825791,0.08163261779790301,0.0004125945061634,0.00025223583244052,1,3,0.0,0.0
bipolarization,homogeneous,41,H20,bipol_ndist_speak,false,true,0,4286360386944651300.0,0,0.5,0.4,0.5,0.3,0.05,0.1,0.1,0.05,15,0.00048024369855967,0.06424385529977313,0.00000000011449902,0.0000000000000708,1,1,0.09999999999999998,0.0
consensus,heterogeneous,16,M21,cons_ndist_speak,false,true,0,7043372089166577700.0,0,0.05,0.0,0.0,0.0,0.05,0.1,0.1,0.05,65,0.00905649862825791,0.0809184422236398,0.0004125945061634,0.00025223583244052,1,3,0.0,0.0
consensus,homogeneous,40,H18,cons_ndist_speak,false,true,0,4398895106259038200.0,0,0.5,0.0,0.0,0.0,0.05,0.1,0.1,0.05,15,0.00975649903013544,0.16703876660412126,0.00001740370849119,0.00000080799334477,1,2,0.0,0.0
bipolarization,heterogeneous,32,M29,bipol_dist_nospeak,true,false,0,6905470370856337400.0,0,0.05,0.4,0.8,0.1,0.0,0.0,0.3,0.2,45,0.03735544128836595,0.1451082379551301,0.00019325490588979,0.00006096655612457,2,4,0.4,0.0
consensus,heterogeneous,25,M6,cons_dist_speak,true,true,0,4398895106259038200.0,0,0.5,0.0,0.0,0.0,0.2,0.0,0.0,0.0,20,0.02801205751790883,0.1712324345515662,0.00000024581301569,0.00000009909856501,1,3,0.0,0.0
bipolarization,homogeneous,24,H12,bipol_ndist_speak,false,true,0,4692690466958798800.0,0,0.5,0.4,0.8,0.3,0.05,0.1,0.1,0.05,15,0.00771504468878602,0.06256673071119534,0.00000000183940999,0.00000000000162942,1,3,0.4,0.0
consensus,heterogeneous,16,M21,cons_ndist_speak,false,true,0,8803618445054126100.0,0,0.05,0.0,0.0,0.0,0.05,0.1,0.1,0.05,75,0.00905649862825791,0.0840988543954104,0.00024866562579077,0.00015201942872171,1,3,0.0,0.0
consensus,homogeneous,40,H18,cons_ndist_speak,false,true,0,109591146466576384.0,0,0.5,0.0,0.0,0.0,0.05,0.1,0.1,0.05,15,0.00975649903013544,0.1385303299269221,0.00001740370849119,0.00000080799334477,1,2,0.0,0.0
bipolarization,heterogeneous,32,M29,bipol_dist_nospeak,true,false,0,4692690466958798800.0,0,0.05,0.4,0.8,0.1,0.0,0.0,0.3,0.2,45,0.03735544128836595,0.1451082379551301,0.00019325490588979,0.00006096655612457,2,4,0.4,0.0
bipolarization,heterogeneous,1,M1,bipol_dist_speak,true,true,0,7139002048363152400.0,0,0.5,0.1,0.8,0.3,0.0,0.0,0.3,0.2,15,0.0306388856143309,0.02113775559413581,0.0300998482793556,0.02420953334458916,3,3,0.7000000000000001,0.0
consensus,homogeneous,40,H18,cons_ndist_speak,false,true,0,4342572612484808700.0,0,0.5,0.0,0.0,0.0,0.05,0.1,0.1,0.05,15,0.00975649903013544,0.13300638019744082,0.00001740370849119,0.00000080799334477,1,2,0.0,0.0
bipolarization,heterogeneous,26,M12,bipol_dist_nospeak,true,false,0,7139002048363152400.0,0,0.5,0.4,0.8,0.1,0.0,0.0,0.0,0.2,15,0.01905125747492284,0.07754624325282268,0.00000000032226429,0.00000000000002022,1,2,0.4,0.0
bipolarization,heterogeneous,14,M15,bipol_dist_nospeak,true,false,0,6905470370856337400.0,0,0.5,0.4,0.8,0.3,0.0,0.3,0.0,0.2,15,0.02458731638660266,0.12499972847082887,0.00000000314478565,0.00000000000057154,1,5,0.4,0.0
bipolarization,homogeneous,24,H12,bipol_ndist_speak,false,true,0,6905470370856337400.0,0,0.5,0.4,0.8,0.3,0.05,0.1,0.1,0.05,15,0.00771504468878602,0.06286620210718241,0.00000000183940999,0.00000000000162942,1,3,0.4,0.0
consensus,homogeneous,40,H18,cons_ndist_speak,false,true,0,7043372089166577700.0,0,0.5,0.0,0.0,0.0,0.05,0.1,0.1,0.05,15,0.00975649903013544,0.11644046215149988,0.00001740370849119,0.00000080799334477,1,2,0.0,0.0
consensus,heterogeneous,25,M6,cons_dist_speak,true,true,0,8803618445054126100.0,0,0.5,0.0,0.0,0.0,0.2,0.0,0.0,0.0,20,0.02801205751790883,0.13999974158627854,0.00000034654135651,0.00000012129097545,1,3,0.0,0.0
bipolarization,heterogeneous,26,M12,bipol_dist_nospeak,true,false,0,7240713591891685400.0,0,0.5,0.4,0.8,0.1,0.0,0.0,0.0,0.2,15,0.01905125747492284,0.07754624325282268,0.00000000032226429,0.00000000000002022,1,2,0.4,0.0
bipolarization,heterogeneous,19,M25,bipol_dist_speak,true,true,0,4692690466958798800.0,0,0.5,0.4,0.5,0.3,0.0,0.0,0.0,0.2,15,0.0138563200606567,0.11055341031816288,0.00000000330360414,0.0000000000028484,1,3,0.09999999999999998,0.0
bipolarization,homogeneous,24,H12,bipol_ndist_speak,false,true,0,5702577027890589700.0,0,0.5,0.4,0.8,0.3,0.05,0.1,0.1,0.05,15,0.00771504468878602,0.04679847646642626,0.00000000183940999,0.00000000000162942,1,3,0.4,0.0
consensus,heterogeneous,16,M21,cons_ndist_speak,false,true,0,109591146466576384.0,0,0.05,0.0,0.0,0.0,0.05,0.1,0.1,0.05,65,0.00905649862825791,0.08853134129537381,0.0004125945061634,0.00025223583244051,2,3,0.0,0.0
bipolarization,heterogeneous,26,M12,bipol_dist_nospeak,true,false,0,4692690466958798800.0,0,0.5,0.4,0.8,0.1,0.0,0.0,0.0,0.2,15,0.01905125747492284,0.07754624325282268,0.00000000032226429,0.00000000000002022,1,2,0.4,0.0
bipolarization,homogeneous,24,H12,bipol_ndist_speak,false,true,0,1841142524168585220.0,0,0.5,0.4,0.8,0.3,0.05,0.1,0.1,0.05,15,0.00771504468878602,0.05466714611759899,0.00000000183940999,0.00000000000162942,1,3,0.4,0.0
consensus,homogeneous,40,H18,cons_ndist_speak,false,true,0,7128893484183252000.0,0,0.5,0.0,0.0,0.0,0.05,0.1,0.1,0.05,15,0.00975649903013544,0.11967006951433902,0.00001740370849119,0.00000080799334477,1,2,0.0,0.0
bipolarization,heterogeneous,19,M25,bipol_dist_speak,true,true,0,7240713591891685400.0,0,0.5,0.4,0.5,0.3,0.0,0.0,0.0,0.2,15,0.0138563200606567,0.13070425722334125,0.00000000330360414,0.0000000000028484,1,3,0.09999999999999998,0.0
consensus,homogeneous,40,H18,cons_ndist_speak,false,true,0,4477927936947039200.0,0,0.5,0.0,0.0,0.0,0.05,0.1,0.1,0.05,15,0.00975649903013544,0.12985100173379294,0.00001740370849119,0.00000080799334477,2,2,0.0,0.0
consensus,heterogeneous,6,M7,cons_dist_speak,true,true,0,6905470370856337400.0,0,0.05,0.0,0.0,0.0,0.2,0.0,0.0,0.0,105,0.03543339668114619,0.12713664786075182,0.0030991588180311,0.00167719141309569,2,4,0.0,0.0
bipolarization,homogeneous,24,H12,bipol_ndist_speak,false,true,0,7043372089166577700.0,0,0.5,0.4,0.8,0.3,0.05,0.1,0.1,0.05,15,0.00771504468878602,0.05374562298810058,0.00000000183940999,0.00000000000162942,1,3,0.4,0.0
bipolarization,homogeneous,24,H12,bipol_dist_nospeak,true,false,0,7240713591891685400.0,0,0.5,0.1,0.5,0.1,0.2,0.0,0.0,0.0,15,0.00771504468878602,0.04088773259928512,0.00678099680510808,0.0090412777650515,2,3,0.4,0.0
bipolarization,homogeneous,24,H12,bipol_dist_nospeak,true,false,0,7139002048363152400.0,0,0.5,0.1,0.5,0.1,0.2,0.0,0.0,0.0,15,0.00771504468878602,0.04088773259928512,0.00678099680510808,0.0090412777650515,2,3,0.4,0.0
bipolarization,heterogeneous,1,M1,bipol_dist_speak,true,true,0,7240713591891685400.0,0,0.5,0.1,0.8,0.3,0.0,0.0,0.3,0.2,15,0.0306388856143309,0.02161548755787039,0.02968634463105147,0.02383885530632566,3,3,0.7000000000000001,0.0
bipolarization,heterogeneous,26,M12,bipol_dist_nospeak,true,false,0,8636175130330607600.0,0,0.5,0.4,0.8,0.1,0.0,0.0,0.0,0.2,15,0.01905125747492284,0.07754624325282268,0.00000000032226429,0.00000000000002022,1,2,0.4,0.0
bipolarization,heterogeneous,26,M12,bipol_dist_nospeak,true,false,0,6905470370856337400.0,0,0.5,0.4,0.8,0.1,0.0,0.0,0.0,0.2,15,0.01905125747492284,0.07754624325282268,0.00000000032226429,0.00000000000002022,1,2,0.4,0.0
consensus,heterogeneous,12,M13,cons_dist_speak,true,true,0,4692690466958798800.0,0,0.05,0.0,0.0,0.0,0.0,0.0,0.0,0.0,95,0.03278937715525453,0.15327596405668154,0.00032701917932827,0.00016028122403765,2,5,0.0,0.0
bipolarization,homogeneous,24,H12,bipol_ndist_speak,false,true,0,4398895106259038200.0,0,0.5,0.4,0.8,0.3,0.05,0.1,0.1,0.05,15,0.00771504468878602,0.09245541360643177,0.00000000183940999,0.00000000000162942,1,3,0.4,0.0
bipolarization,heterogeneous,19,M25,bipol_dist_speak,true,true,0,8636175130330607600.0,0,0.5,0.4,0.5,0.3,0.0,0.0,0.0,0.2,15,0.0138563200606567,0.12858680884043386,0.00000000330360414,0.0000000000028484,1,3,0.09999999999999998,0.0
bipolarization,homogeneous,24,H12,bipol_ndist_speak,false,true,0,8803618445054126100.0,0,0.5,0.4,0.8,0.3,0.05,0.1,0.1,0.05,15,0.00771504468878602,0.05844566557142473,0.00000000183940999,0.00000000000162942,1,3,0.4,0.0
consensus,homogeneous,40,H18,cons_ndist_speak,false,true,0,4286360386944651300.0,0,0.5,0.0,0.0,0.0,0.05,0.1,0.1,0.05,15,0.00975649903013544,0.1130779072380526,0.00001740370849119,0.00000080799334477,1,2,0.0,0.0
bipolarization,heterogeneous,8,M8,bipol_dist_nospeak,true,false,0,7240713591891685400.0,0,0.05,0.4,0.5,0.1,0.2,0.3,0.0,0.2,55,0.01257559672531565,0.09137840055675937,0.00089619201034163,0.00084743870142003,2,4,0.09999999999999998,0.0
bipolarization,homogeneous,24,H12,bipol_dist_nospeak,true,false,0,8636175130330607600.0,0,0.5,0.1,0.5,0.1,0.2,0.0,0.0,0.0,15,0.00771504468878602,0.04088773259928512,0.00678099680510808,0.0090412777650515,2,3,0.4,0.0
bipolarization,homogeneous,24,H12,bipol_ndist_speak,false,true,0,4342572612484808700.0,0,0.5,0.4,0.8,0.3,0.05,0.1,0.1,0.05,15,0.00771504468878602,0.07474938145390266,0.00000000183940999,0.00000000000162942,1,3,0.4,0.0
bipolarization,heterogeneous,19,M25,bipol_dist_speak,true,true,0,6905470370856337400.0,0,0.5,0.4,0.5,0.3,0.0,0.0,0.0,0.2,15,0.0138563200606567,0.10975663308744091,0.00000000330360414,0.0000000000028484,1,3,0.09999999999999998,0.0
bipolarization,homogeneous,40,H18,bipol_dist_nospeak,true,false,0,8636175130330607600.0,0,0.05,0.4,0.8,0.1,0.2,0.3,0.0,0.0,40,0.00975649903013544,0.13366626294169526,0.00123885937776101,0.00074727871000999,2,2,0.4,0.0
bipolarization,homogeneous,24,H12,bipol_dist_nospeak,true,false,0,4692690466958798800.0,0,0.5,0.1,0.5,0.1,0.2,0.0,0.0,0.0,15,0.00771504468878602,0.04088773259928512,0.00678099680510808,0.0090412777650515,2,3,0.4,0.0
consensus,heterogeneous,25,M6,cons_dist_speak,true,true,0,4342572612484808700.0,0,0.5,0.0,0.0,0.0,0.2,0.0,0.0,0.0,20,0.02801205751790883,0.14666975237708288,0.00000045543229168,0.00000018662156651,1,3,0.0,0.0
bipolarization,heterogeneous,8,M8,bipol_dist_nospeak,true,false,0,7139002048363152400.0,0,0.05,0.4,0.5,0.1,0.2,0.3,0.0,0.2,55,0.01257559672531565,0.09137840055675937,0.00089619201034163,0.00084743870142003,2,4,0.09999999999999998,0.0
bipolarization,heterogeneous,21,M27,bipol_dist_nospeak,true,false,0,7240713591891685400.0,0,0.05,0.4,0.5,0.3,0.0,0.3,0.0,0.0,45,0.01066925416285628,0.07724539639199432,0.0000775775027813,0.00003113271911103,2,4,0.09999999999999998,0.0
bipolarization,homogeneous,24,H12,bipol_ndist_speak,false,true,0,7128893484183252000.0,0,0.5,0.4,0.8,0.3,0.05,0.1,0.1,0.05,15,0.00771504468878602,0.05430371673018862,0.00000000183940999,0.00000000000162942,1,3,0.4,0.0
bipolarization,homogeneous,24,H12,bipol_dist_nospeak,true,false,0,6905470370856337400.0,0,0.5,0.1,0.5,0.1,0.2,0.0,0.0,0.0,15,0.00771504468878602,0.04088773259928512,0.00678099680510808,0.0090412777650515,2,3,0.4,0.0
bipolarization,heterogeneous,21,M27,bipol_dist_nospeak,true,false,0,7139002048363152400.0,0,0.05,0.4,0.5,0.3,0.0,0.3,0.0,0.0,45,0.01066925416285628,0.07724539639199432,0.0000775775027813,0.00003113271911103,2,4,0.09999999999999998,0.0
bipolarization,heterogeneous,1,M1,bipol_dist_speak,true,true,0,4692690466958798800.0,0,0.5,0.1,0.8,0.3,0.0,0.0,0.3,0.2,15,0.0306388856143309,0.02064043209876548,0.03129564671050556,0.02529571279703963,3,3,0.7000000000000001,0.0
bipolarization,heterogeneous,8,M8,bipol_dist_nospeak,true,false,0,4692690466958798800.0,0,0.05,0.4,0.5,0.1,0.2,0.3,0.0,0.2,55,0.01257559672531565,0.09137840055675937,0.00089619201034163,0.00084743870142003,2,4,0.09999999999999998,0.0
bipolarization,homogeneous,24,H12,bipol_ndist_speak,false,true,0,109591146466576384.0,0,0.5,0.4,0.8,0.3,0.05,0.1,0.1,0.05,15,0.00771504468878602,0.04837394643712928,0.00000000183940999,0.00000000000162942,1,3,0.4,0.0
consensus,heterogeneous,12,M13,cons_dist_speak,true,true,0,5702577027890589700.0,0,0.05,0.0,0.0,0.0,0.0,0.0,0.0,0.0,85,0.03278937715525453,0.14925120147819537,0.00054260140046232,0.00026594408563218,2,5,0.0,0.0
bipolarization,heterogeneous,28,M18,bipol_dist_speak,true,true,0,8636175130330607600.0,0,0.5,0.1,0.8,0.3,0.2,0.3,0.3,0.2,65,0.00977608125904969,0.08171593943663603,0.01203537070595282,0.01898718351432895,2,3,0.7000000000000001,0.0
bipolarization,homogeneous,40,H18,bipol_dist_nospeak,true,false,0,7139002048363152400.0,0,0.05,0.4,0.8,0.1,0.2,0.3,0.0,0.0,40,0.00975649903013544,0.13366626294169526,0.00123885937776101,0.00074727871000999,2,2,0.4,0.0
bipolarization,heterogeneous,8,M8,bipol_dist_nospeak,true,false,0,6905470370856337400.0,0,0.05,0.4,0.5,0.1,0.2,0.3,0.0,0.2,55,0.01257559672531565,0.09137840055675937,0.00089619201034163,0.00084743870142003,2,4,0.09999999999999998,0.0
bipolarization,homogeneous,24,H12,bipol_ndist_speak,false,true,0,4477927936947039200.0,0,0.5,0.4,0.8,0.3,0.05,0.1,0.1,0.05,15,0.00771504468878602,0.05309201169897021,0.00000000183940999,0.00000000000162942,1,3,0.4,0.0
bipolarization,heterogeneous,9,M9,bipol_ndist_speak,false,true,0,4477927936947039200.0,0,0.05,0.1,0.5,0.1,0.05,0.1,0.1,0.05,40,0.01965549714934841,0.04147345044225441,0.01922347282132914,0.01469068315441401,2,3,0.4,0.0
consensus,heterogeneous,12,M13,cons_dist_speak,true,true,0,8636175130330607600.0,0,0.05,0.0,0.0,0.0,0.0,0.0,0.0,0.0,95,0.03278937715525453,0.15327596405668156,0.00032701917932827,0.00016028122403765,1,5,0.0,0.0
bipolarization,heterogeneous,21,M27,bipol_dist_nospeak,true,false,0,4692690466958798800.0,0,0.05,0.4,0.5,0.3,0.0,0.3,0.0,0.0,45,0.01066925416285628,0.07724539639199432,0.0000775775027813,0.00003113271911103,2,4,0.09999999999999998,0.0
bipolarization,homogeneous,40,H18,bipol_dist_nospeak,true,false,0,7240713591891685400.0,0,0.05,0.4,0.8,0.1,0.2,0.3,0.0,0.0,40,0.00975649903013544,0.13366626294169526,0.00123885937776101,0.00074727871000999,2,2,0.4,0.0
bipolarization,heterogeneous,4,M5,bipol_dist_speak,true,true,0,6905470370856337400.0,0,0.05,0.4,0.8,0.1,0.0,0.0,0.3,0.0,55,0.03097746746875476,0.1631090426508536,0.00023200211518264,0.00012060332942508,1,4,0.4,0.0
bipolarization,homogeneous,40,H18,bipol_dist_nospeak,true,false,0,4692690466958798800.0,0,0.05,0.4,0.8,0.1,0.2,0.3,0.0,0.0,40,0.00975649903013544,0.13366626294169526,0.00123885937776101,0.00074727871000999,2,2,0.4,0.0
bipolarization,heterogeneous,1,M1,bipol_dist_speak,true,true,0,6905470370856337400.0,0,0.5,0.1,0.8,0.3,0.0,0.0,0.3,0.2,15,0.0306388856143309,0.02199074074074079,0.0294930654734196,0.02367605061960592,3,3,0.7000000000000001,0.0
bipolarization,heterogeneous,8,M8,bipol_dist_nospeak,true,false,0,8636175130330607600.0,0,0.05,0.4,0.5,0.1,0.2,0.3,0.0,0.2,55,0.01257559672531565,0.09137840055675937,0.00089619201034163,0.00084743870142003,2,4,0.09999999999999998,0.0
bipolarization,homogeneous,24,H12,bipol_ndist_speak,false,true,0,4286360386944651300.0,0,0.5,0.4,0.8,0.3,0.05,0.1,0.1,0.05,15,0.00771504468878602,0.05721647651107237,0.00000000183940999,0.00000000000162942,1,3,0.4,0.0
bipolarization,heterogeneous,9,M9,bipol_ndist_speak,false,true,0,8636175130330607600.0,0,0.05,0.1,0.5,0.1,0.05,0.1,0.1,0.05,60,0.01965549714934841,0.0441875937845338,0.0185996946137474,0.01505116606490781,2,3,0.4,0.0
consensus,heterogeneous,16,M21,cons_ndist_speak,false,true,0,4342572612484808700.0,0,0.05,0.0,0.0,0.0,0.05,0.1,0.1,0.05,75,0.00905649862825791,0.08060085457731483,0.00024866562579077,0.00015201942872171,1,3,0.0,0.0
consensus,heterogeneous,12,M13,cons_dist_speak,true,true,0,4398895106259038200.0,0,0.05,0.0,0.0,0.0,0.0,0.0,0.0,0.0,85,0.03278937715525453,0.14925120147819534,0.00054260140046232,0.00026594408563218,2,5,0.0,0.0
bipolarization,heterogeneous,21,M27,bipol_dist_nospeak,true,false,0,6905470370856337400.0,0,0.05,0.4,0.5,0.3,0.0,0.3,0.0,0.0,45,0.01066925416285628,0.07724539639199432,0.0000775775027813,0.00003113271911103,2,4,0.09999999999999998,0.0
bipolarization,heterogeneous,21,M27,bipol_dist_nospeak,true,false,0,8636175130330607600.0,0,0.05,0.4,0.5,0.3,0.0,0.3,0.0,0.0,45,0.01066925416285628,0.07724539639199432,0.0000775775027813,0.00003113271911103,2,4,0.09999999999999998,0.0
bipolarization,heterogeneous,19,M25,bipol_dist_speak,true,true,0,7139002048363152400.0,0,0.5,0.4,0.5,0.3,0.0,0.0,0.0,0.2,15,0.0138563200606567,0.12236668886961774,0.00000000330360414,0.0000000000028484,1,3,0.09999999999999998,0.0
bipolarization,homogeneous,40,H18,bipol_dist_nospeak,true,false,0,6905470370856337400.0,0,0.05,0.4,0.8,0.1,0.2,0.3,0.0,0.0,40,0.00975649903013544,0.13366626294169526,0.00123885937776101,0.00074727871000999,2,2,0.4,0.0
bipolarization,heterogeneous,9,M9,bipol_ndist_speak,false,true,0,7128893484183252000.0,0,0.05,0.1,0.5,0.1,0.05,0.1,0.1,0.05,50,0.01965549714934841,0.04631165283353023,0.0179637089000635,0.01423562194087309,2,3,0.4,0.0
consensus,heterogeneous,6,M7,cons_dist_speak,true,true,0,7043372089166577700.0,0,0.05,0.0,0.0,0.0,0.2,0.0,0.0,0.0,110,0.03543339668114619,0.1234293484387735,0.00254980391265585,0.00178363760632435,2,4,0.0,0.0
bipolarization,heterogeneous,4,M5,bipol_dist_speak,true,true,0,8636175130330607600.0,0,0.05,0.4,0.8,0.1,0.0,0.0,0.3,0.0,70,0.03097746746875476,0.1675360365792844,0.00003408367590295,0.00002719508803194,1,4,0.4,0.0
consensus,heterogeneous,12,M13,cons_dist_speak,true,true,0,7139002048363152400.0,0,0.05,0.0,0.0,0.0,0.0,0.0,0.0,0.0,105,0.03278937715525453,0.15640050646327483,0.00019709043057651,0.00009659951909793,1,5,0.0,0.0
bipolarization,homogeneous,23,H11,bipol_ndist_speak,false,true,0,7139002048363152400.0,0,0.05,0.1,0.8,0.1,0.05,0.1,0.1,0.05,15,0.01309938700274348,0.03841898758626292,0.01276967658449289,0.00779842708354419,4,4,0.7000000000000001,0.0
consensus,heterogeneous,12,M13,cons_dist_speak,true,true,0,6905470370856337400.0,0,0.05,0.0,0.0,0.0,0.0,0.0,0.0,0.0,90,0.03278937715525453,0.15139078565389377,0.00032701917932827,0.00020646027116784,2,5,0.0,0.0
bipolarization,heterogeneous,4,M5,bipol_dist_speak,true,true,0,4692690466958798800.0,0,0.05,0.4,0.8,0.1,0.0,0.0,0.3,0.0,70,0.03097746746875476,0.1668249465394984,0.0000488502081206,0.00004209429815845,1,4,0.4,0.0
consensus,heterogeneous,12,M13,cons_dist_speak,true,true,0,4342572612484808700.0,0,0.05,0.0,0.0,0.0,0.0,0.0,0.0,0.0,80,0.03278937715525453,0.1468228793426725,0.00054260140046233,0.00034256593911591,2,5,0.0,0.0
bipolarization,homogeneous,36,H17,bipol_dist_nospeak,true,false,0,7139002048363152400.0,0,0.05,0.4,0.5,0.3,0.0,0.3,0.0,0.0,40,0.00843213567863132,0.06450604109730305,0.00006130041351638,0.00003528703051427,1,3,0.09999999999999998,0.0
bipolarization,heterogeneous,9,M9,bipol_ndist_speak,false,true,0,4286360386944651300.0,0,0.05,0.1,0.5,0.1,0.05,0.1,0.1,0.05,50,0.01965549714934841,0.04255310453835623,0.01900333426156831,0.0151306756453127,2,3,0.4,0.0
bipolarization,homogeneous,23,H11,bipol_ndist_speak,false,true,0,7240713591891685400.0,0,0.05,0.1,0.8,0.1,0.05,0.1,0.1,0.05,20,0.01309938700274348,0.03883760188738637,0.01285966246831507,0.00790738566032822,4,4,0.7000000000000001,0.0
consensus,heterogeneous,6,M7,cons_dist_speak,true,true,0,7128893484183252000.0,0,0.05,0.0,0.0,0.0,0.2,0.0,0.0,0.0,100,0.03543339668114619,0.10934407253885292,0.00313689636039077,0.00211604384649897,2,4,0.0,0.0
bipolarization,heterogeneous,3,M4,bipol_dist_speak,true,true,0,7240713591891685400.0,0,0.5,0.1,0.5,0.1,0.0,0.3,0.3,0.2,15,0.0361340032483615,0.16773518315067992,0.08336603461495444,0.08883774276060047,3,4,0.4,1.6666666666666667
consensus,heterogeneous,12,M13,cons_dist_speak,true,true,0,1841142524168585220.0,0,0.05,0.0,0.0,0.0,0.0,0.0,0.0,0.0,90,0.03278937715525453,0.15139078565389377,0.00032701917932827,0.00020646027116784,2,5,0.0,0.0
bipolarization,homogeneous,23,H11,bipol_ndist_speak,false,true,0,4692690466958798800.0,0,0.05,0.1,0.8,0.1,0.05,0.1,0.1,0.05,15,0.01309938700274348,0.03922626441682026,0.01301547962926599,0.00784478152633858,4,4,0.7000000000000001,0.0
bipolarization,homogeneous,36,H17,bipol_dist_nospeak,true,false,0,7240713591891685400.0,0,0.05,0.4,0.5,0.3,0.0,0.3,0.0,0.0,40,0.00843213567863132,0.06450604109730305,0.00006130041351638,0.00003528703051427,1,3,0.09999999999999998,0.0
bipolarization,heterogeneous,8,M8,bipol_dist_speak,true,true,0,4692690466958798800.0,0,0.05,0.4,0.5,0.1,0.2,0.3,0.0,0.2,50,0.01257559672531565,0.08825597818153509,0.00120249506648022,0.00175573525171807,2,4,0.09999999999999998,0.0
bipolarization,homogeneous,36,H17,bipol_dist_nospeak,true,false,0,8636175130330607600.0,0,0.05,0.4,0.5,0.3,0.0,0.3,0.0,0.0,40,0.00843213567863132,0.06450604109730305,0.00006130041351638,0.00003528703051427,1,3,0.09999999999999998,0.0
consensus,heterogeneous,25,M6,cons_dist_speak,true,true,0,109591146466576384.0,0,0.5,0.0,0.0,0.0,0.2,0.0,0.0,0.0,15,0.02801205751790883,0.15452981609020747,0.00006451250613101,0.00000149377427535,1,3,0.0,0.0
bipolarization,homogeneous,23,H11,bipol_ndist_speak,false,true,0,8636175130330607600.0,0,0.05,0.1,0.8,0.1,0.05,0.1,0.1,0.05,15,0.01309938700274348,0.03955401849012578,0.01307902186806329,0.00792243224195881,4,4,0.7000000000000001,0.0
bipolarization,homogeneous,36,H17,bipol_dist_nospeak,true,false,0,4692690466958798800.0,0,0.05,0.4,0.5,0.3,0.0,0.3,0.0,0.0,40,0.00843213567863132,0.06450604109730305,0.00006130041351638,0.00003528703051427,1,3,0.09999999999999998,0.0
bipolarization,heterogeneous,3,M4,bipol_dist_speak,true,true,0,7139002048363152400.0,0,0.5,0.1,0.5,0.1,0.0,0.3,0.3,0.2,20,0.0361340032483615,0.16766122841540668,0.08334514374455602,0.08881594707440937,3,4,0.4,1.6666666666666667
bipolarization,homogeneous,36,H17,bipol_dist_nospeak,true,false,0,6905470370856337400.0,0,0.05,0.4,0.5,0.3,0.0,0.3,0.0,0.0,40,0.00843213567863132,0.06450604109730305,0.00006130041351638,0.00003528703051427,1,3,0.09999999999999998,0.0
consensus,heterogeneous,12,M13,cons_dist_speak,true,true,0,7128893484183252000.0,0,0.05,0.0,0.0,0.0,0.0,0.0,0.0,0.0,80,0.03278937715525453,0.1468228793426725,0.00054260140046233,0.00034256593911591,2,5,0.0,0.0
bipolarization,homogeneous,23,H11,bipol_ndist_speak,false,true,0,1841142524168585220.0,0,0.05,0.1,0.8,0.1,0.05,0.1,0.1,0.05,15,0.01309938700274348,0.03941819681622527,0.01302029980825761,0.00791951799497555,4,4,0.7000000000000001,0.0
consensus,heterogeneous,12,M13,cons_dist_speak,true,true,0,7240713591891685400.0,0,0.05,0.0,0.0,0.0,0.0,0.0,0.0,0.0,95,0.03278937715525453,0.15327596405668145,0.00032701917932827,0.00016028122403765,2,5,0.0,0.0
bipolarization,heterogeneous,14,M15,bipol_dist_speak,true,true,0,7240713591891685400.0,0,0.5,0.4,0.8,0.3,0.0,0.3,0.0,0.2,15,0.02458731638660266,0.12866927370613,0.00000000586207304,0.00000000000370845,1,5,0.4,0.0
bipolarization,heterogeneous,14,M15,bipol_dist_speak,true,true,0,7139002048363152400.0,0,0.5,0.4,0.8,0.3,0.0,0.3,0.0,0.2,15,0.02458731638660266,0.12499776887304985,0.00000000586207304,0.00000000000370845,1,5,0.4,0.0
bipolarization,homogeneous,23,H11,bipol_ndist_speak,false,true,0,6905470370856337400.0,0,0.05,0.1,0.8,0.1,0.05,0.1,0.1,0.05,15,0.01309938700274348,0.0404377576893897,0.01325548212298153,0.00808072705831108,4,4,0.7000000000000001,0.0
consensus,heterogeneous,12,M13,cons_dist_speak,true,true,0,7043372089166577700.0,0,0.05,0.0,0.0,0.0,0.0,0.0,0.0,0.0,85,0.03278937715525453,0.14925120147819526,0.00054260140046233,0.00026594408563218,2,5,0.0,0.0
bipolarization,homogeneous,23,H11,bipol_ndist_speak,false,true,0,4398895106259038200.0,0,0.05,0.1,0.8,0.1,0.05,0.1,0.1,0.05,15,0.01309938700274348,0.03876209316044552,0.01279668682270952,0.00779686712632779,4,4,0.7000000000000001,0.0
consensus,heterogeneous,6,M7,cons_dist_speak,true,true,0,4398895106259038200.0,0,0.05,0.0,0.0,0.0,0.2,0.0,0.0,0.0,115,0.03543339668114619,0.15144770928249424,0.00237073277909311,0.00155276420116245,3,4,0.0,0.0
bipolarization,heterogeneous,14,M15,bipol_dist_speak,true,true,0,4692690466958798800.0,0,0.5,0.4,0.8,0.3,0.0,0.3,0.0,0.2,15,0.02458731638660266,0.13884569686136142,0.00000000586207304,0.00000000000370845,1,5,0.4,0.0
bipolarization,homogeneous,23,H11,bipol_ndist_speak,false,true,0,8803618445054126100.0,0,0.05,0.1,0.8,0.1,0.05,0.1,0.1,0.05,15,0.01309938700274348,0.03845428546696859,0.01292492881408597,0.00776710826082273,4,4,0.7000000000000001,0.0
consensus,heterogeneous,25,M6,cons_dist_speak,true,true,0,7043372089166577700.0,0,0.5,0.0,0.0,0.0,0.2,0.0,0.0,0.0,20,0.02801205751790883,0.16852091682113537,0.00000050867429648,0.00000017337531063,1,3,0.0,0.0
bipolarization,homogeneous,23,H11,bipol_ndist_speak,false,true,0,4342572612484808700.0,0,0.05,0.1,0.8,0.1,0.05,0.1,0.1,0.05,15,0.01309938700274348,0.0391340682362647,0.01303198522830644,0.00785268191178043,4,4,0.7000000000000001,0.0
bipolarization,heterogeneous,14,M15,bipol_dist_speak,true,true,0,8636175130330607600.0,0,0.5,0.4,0.8,0.3,0.0,0.3,0.0,0.2,15,0.02458731638660266,0.12499776887304985,0.00000000586207304,0.00000000000370845,1,5,0.4,0.0
consensus,heterogeneous,12,M13,cons_dist_speak,true,true,0,8803618445054126100.0,0,0.05,0.0,0.0,0.0,0.0,0.0,0.0,0.0,95,0.03278937715525453,0.15327596405668142,0.00032701917932827,0.00016028122403765,1,5,0.0,0.0
consensus,heterogeneous,6,M7,cons_dist_speak,true,true,0,8803618445054126100.0,0,0.05,0.0,0.0,0.0,0.2,0.0,0.0,0.0,115,0.03543339668114619,0.1476164562981557,0.00239315936835521,0.00154102783348247,3,4,0.0,0.0
bipolarization,homogeneous,23,H11,bipol_ndist_speak,false,true,0,5702577027890589700.0,0,0.05,0.1,0.8,0.1,0.05,0.1,0.1,0.05,20,0.01309938700274348,0.03856926678917764,0.01274750072074647,0.00782696067306521,4,4,0.7000000000000001,0.0
consensus,heterogeneous,12,M13,cons_dist_speak,true,true,0,109591146466576384.0,0,0.05,0.0,0.0,0.0,0.0,0.0,0.0,0.0,100,0.03278937715525453,0.1549369866285919,0.00019709043057651,0.00012443106188755,1,5,0.0,0.0
bipolarization,heterogeneous,3,M4,bipol_dist_speak,true,true,0,4692690466958798800.0,0,0.5,0.1,0.5,0.1,0.0,0.3,0.3,0.2,25,0.0361340032483615,0.16765491497369453,0.08433996074889004,0.09061383940120013,3,4,0.4,1.6666666666666667
bipolarization,heterogeneous,14,M15,bipol_dist_speak,true,true,0,6905470370856337400.0,0,0.5,0.4,0.8,0.3,0.0,0.3,0.0,0.2,15,0.02458731638660266,0.1297717212158957,0.00000000586207304,0.00000000000370845,1,5,0.4,0.0
bipolarization,homogeneous,23,H11,bipol_ndist_speak,false,true,0,109591146466576384.0,0,0.05,0.1,0.8,0.1,0.05,0.1,0.1,0.05,15,0.01309938700274348,0.03893031618200223,0.01299480042093685,0.00784913589439423,4,4,0.7000000000000001,0.0
consensus,heterogeneous,6,M7,cons_dist_speak,true,true,0,7139002048363152400.0,0,0.05,0.0,0.0,0.0,0.2,0.0,0.0,0.0,140,0.03543339668114619,0.13234495307687408,0.00173275537717351,0.00122846574631432,2,4,0.0,0.0
bipolarization,heterogeneous,8,M8,bipol_dist_speak,true,true,0,7240713591891685400.0,0,0.05,0.4,0.5,0.1,0.2,0.3,0.0,0.2,55,0.01257559672531565,0.08806480823374581,0.00109444574878164,0.00137911848637047,2,4,0.09999999999999998,0.0
bipolarization,heterogeneous,30,M23,bipol_ndist_speak,false,true,0,7139002048363152400.0,0,0.5,0.4,0.8,0.1,0.05,0.1,0.1,0.05,15,0.00534329721793556,0.05163467371905317,0.00000000127394133,0.00000000000069675,1,3,0.4,0.0
consensus,heterogeneous,25,M6,cons_dist_speak,true,true,0,7128893484183252000.0,0,0.5,0.0,0.0,0.0,0.2,0.0,0.0,0.0,20,0.02801205751790883,0.14550102010297686,0.00000041924257202,0.00000014008648577,1,3,0.0,0.0
bipolarization,homogeneous,23,H11,bipol_ndist_speak,false,true,0,7128893484183252000.0,0,0.05,0.1,0.8,0.1,0.05,0.1,0.1,0.05,20,0.01309938700274348,0.03841370297787271,0.01270225842625741,0.00784468712718356,4,4,0.7000000000000001,0.0
consensus,heterogeneous,25,M6,cons_dist_speak,true,true,0,4477927936947039200.0,0,0.5,0.0,0.0,0.0,0.2,0.0,0.0,0.0,20,0.02801205751790883,0.1475560768514969,0.00000034032303967,0.00000011957829938,1,3,0.0,0.0
bipolarization,homogeneous,23,H11,bipol_ndist_speak,false,true,0,4477927936947039200.0,0,0.05,0.1,0.8,0.1,0.05,0.1,0.1,0.05,20,0.01309938700274348,0.03961285501519083,0.01311833355933923,0.00798667096637868,4,4,0.7000000000000001,0.0
bipolarization,homogeneous,23,H11,bipol_ndist_speak,false,true,0,4286360386944651300.0,0,0.05,0.1,0.8,0.1,0.05,0.1,0.1,0.05,20,0.01309938700274348,0.04037769016348504,0.01325392790013565,0.00815357052713771,4,4,0.7000000000000001,0.0
bipolarization,heterogeneous,8,M8,bipol_dist_speak,true,true,0,7139002048363152400.0,0,0.05,0.4,0.5,0.1,0.2,0.3,0.0,0.2,55,0.01257559672531565,0.08825415758613056,0.0010553185844535,0.00137335728880449,2,4,0.09999999999999998,0.0
consensus,homogeneous,17,H7,cons_dist_speak,true,true,0,6905470370856337400.0,0,0.05,0.0,0.0,0.0,0.2,0.0,0.0,0.0,15,0.00399529565091067,0.05018253617676779,0.00347572058036023,0.00307989042554199,3,3,0.0,0.0
consensus,heterogeneous,25,M6,cons_dist_speak,true,true,0,4286360386944651300.0,0,0.5,0.0,0.0,0.0,0.2,0.0,0.0,0.0,20,0.02801205751790883,0.16350662524762574,0.00000046204752844,0.00000016023654406,1,3,0.0,0.0
bipolarization,heterogeneous,30,M23,bipol_ndist_speak,false,true,0,7240713591891685400.0,0,0.5,0.4,0.8,0.1,0.05,0.1,0.1,0.05,15,0.00534329721793556,0.07617780014320669,0.00000000127394133,0.00000000000069675,1,3,0.4,0.0
bipolarization,heterogeneous,26,M12,bipol_dist_speak,true,true,0,7139002048363152400.0,0,0.5,0.4,0.8,0.1,0.0,0.0,0.0,0.2,15,0.01905125747492284,0.08300807299437356,0.00000000454217374,0.00000000000286767,1,2,0.4,0.0
consensus,heterogeneous,6,M7,cons_dist_speak,true,true,0,4342572612484808700.0,0,0.05,0.0,0.0,0.0,0.2,0.0,0.0,0.0,130,0.03543339668114619,0.13465587470039167,0.00193676385472263,0.0012862838836143,2,4,0.0,0.0
bipolarization,homogeneous,23,H11,bipol_ndist_speak,false,true,0,7043372089166577700.0,0,0.05,0.1,0.8,0.1,0.05,0.1,0.1,0.05,25,0.01309938700274348,0.04021155689655609,0.01291549778848984,0.00812343396006883,4,4,0.7000000000000001,0.0
consensus,homogeneous,17,H7,cons_dist_speak,true,true,0,4692690466958798800.0,0,0.05,0.0,0.0,0.0,0.2,0.0,0.0,0.0,15,0.00399529565091067,0.04797113364847716,0.00354035096420992,0.0032198562001285,3,3,0.0,0.0
bipolarization,heterogeneous,30,M23,bipol_ndist_speak,false,true,0,5702577027890589700.0,0,0.5,0.4,0.8,0.1,0.05,0.1,0.1,0.05,15,0.00534329721793556,0.05017032446684686,0.00000000127394133,0.00000000000069675,1,3,0.4,0.0
bipolarization,heterogeneous,26,M12,bipol_dist_speak,true,true,0,7240713591891685400.0,0,0.5,0.4,0.8,0.1,0.0,0.0,0.0,0.2,15,0.01905125747492284,0.09814635471061427,0.00000000454217374,0.00000000000286767,1,2,0.4,0.0
consensus,homogeneous,17,H7,cons_dist_speak,true,true,0,8636175130330607600.0,0,0.05,0.0,0.0,0.0,0.2,0.0,0.0,0.0,15,0.00399529565091067,0.04552927841540347,0.00342604365427378,0.0027629107178271,3,3,0.0,0.0
bipolarization,heterogeneous,8,M8,bipol_dist_speak,true,true,0,6905470370856337400.0,0,0.05,0.4,0.5,0.1,0.2,0.3,0.0,0.2,60,0.01257559672531565,0.08879373068469874,0.00088799995392516,0.00118934431120527,2,4,0.09999999999999998,0.0
bipolarization,heterogeneous,30,M23,bipol_ndist_speak,false,true,0,4692690466958798800.0,0,0.5,0.4,0.8,0.1,0.05,0.1,0.1,0.05,15,0.00534329721793556,0.05731399854024252,0.00000000127394133,0.00000000000069675,1,3,0.4,0.0
bipolarization,heterogeneous,32,M29,bipol_dist_speak,true,true,0,7139002048363152400.0,0,0.05,0.4,0.8,0.1,0.0,0.0,0.3,0.2,60,0.03735544128836595,0.14408087621798174,0.00010069155753878,0.00005717348033411,2,4,0.4,0.0
bipolarization,heterogeneous,30,M23,bipol_ndist_speak,false,true,0,8636175130330607600.0,0,0.5,0.4,0.8,0.1,0.05,0.1,0.1,0.05,15,0.00534329721793556,0.05595231056213384,0.00000000127394133,0.00000000000069675,1,3,0.4,0.0
consensus,homogeneous,17,H7,cons_dist_speak,true,true,0,7240713591891685400.0,0,0.05,0.0,0.0,0.0,0.2,0.0,0.0,0.0,20,0.00399529565091067,0.04532167991969524,0.00311658568240177,0.00256229760214038,3,3,0.0,0.0
bipolarization,heterogeneous,26,M12,bipol_dist_speak,true,true,0,4692690466958798800.0,0,0.5,0.4,0.8,0.1,0.0,0.0,0.0,0.2,15,0.01905125747492284,0.11972326261025883,0.00000000454217374,0.00000000000286767,1,2,0.4,0.0
bipolarization,heterogeneous,26,M12,bipol_dist_speak,true,true,0,8636175130330607600.0,0,0.5,0.4,0.8,0.1,0.0,0.0,0.0,0.2,15,0.01905125747492284,0.08865008972309267,0.00000000454217374,0.00000000000286767,1,2,0.4,0.0
bipolarization,heterogeneous,8,M8,bipol_dist_speak,true,true,0,8636175130330607600.0,0,0.05,0.4,0.5,0.1,0.2,0.3,0.0,0.2,60,0.01257559672531565,0.08917226592316312,0.00085613589628643,0.00105950809048955,2,4,0.09999999999999998,0.0
bipolarization,heterogeneous,30,M23,bipol_ndist_speak,false,true,0,6905470370856337400.0,0,0.5,0.4,0.8,0.1,0.05,0.1,0.1,0.05,15,0.00534329721793556,0.05689265109874581,0.00000000127394133,0.00000000000069675,1,3,0.4,0.0
consensus,heterogeneous,6,M7,cons_dist_speak,true,true,0,4286360386944651300.0,0,0.05,0.0,0.0,0.0,0.2,0.0,0.0,0.0,120,0.03543339668114619,0.13376096021397063,0.0021748959781647,0.00143909195755477,2,4,0.0,0.0
bipolarization,heterogeneous,30,M23,bipol_ndist_speak,false,true,0,1841142524168585220.0,0,0.5,0.4,0.8,0.1,0.05,0.1,0.1,0.05,15,0.00534329721793556,0.04810616705152729,0.00000000127394133,0.00000000000069675,1,3,0.4,0.0
bipolarization,heterogeneous,3,M4,bipol_dist_speak,true,true,0,6905470370856337400.0,0,0.5,0.1,0.5,0.1,0.0,0.3,0.3,0.2,40,0.0361340032483615,0.16766386124500884,0.08367992348233937,0.08959251710928223,3,4,0.4,1.6666666666666667
bipolarization,heterogeneous,30,M23,bipol_ndist_speak,false,true,0,4398895106259038200.0,0,0.5,0.4,0.8,0.1,0.05,0.1,0.1,0.05,15,0.00534329721793556,0.07627161343892455,0.00000000127394133,0.00000000000069675,1,3,0.4,0.0
consensus,homogeneous,17,H7,cons_dist_speak,true,true,0,1841142524168585220.0,0,0.05,0.0,0.0,0.0,0.2,0.0,0.0,0.0,15,0.00399529565091067,0.04142769988806703,0.00347503140537908,0.00297412411520828,3,3,0.0,0.0
bipolarization,heterogeneous,26,M12,bipol_dist_speak,true,true,0,6905470370856337400.0,0,0.5,0.4,0.8,0.1,0.0,0.0,0.0,0.2,15,0.01905125747492284,0.11964363080483888,0.00000000454217374,0.00000000000286767,1,2,0.4,0.0
bipolarization,heterogeneous,30,M23,bipol_ndist_speak,false,true,0,8803618445054126100.0,0,0.5,0.4,0.8,0.1,0.05,0.1,0.1,0.05,15,0.00534329721793556,0.08584876413698583,0.00000000127394133,0.00000000000069675,1,3,0.4,0.0
bipolarization,heterogeneous,30,M23,bipol_ndist_speak,false,true,0,4342572612484808700.0,0,0.5,0.4,0.8,0.1,0.05,0.1,0.1,0.05,15,0.00534329721793556,0.03385348673220034,0.00000000127394133,0.00000000000069675,1,3,0.4,0.0
bipolarization,heterogeneous,32,M29,bipol_dist_speak,true,true,0,4692690466958798800.0,0,0.05,0.4,0.8,0.1,0.0,0.0,0.3,0.2,65,0.03735544128836595,0.13908670664316772,0.00011278461367916,0.00004189031975084,1,4,0.4,0.0
bipolarization,heterogeneous,32,M29,bipol_dist_speak,true,true,0,6905470370856337400.0,0,0.05,0.4,0.8,0.1,0.0,0.0,0.3,0.2,60,0.03735544128836595,0.13283573326521284,0.00015160104682708,0.000095961383593,1,4,0.4,0.0
bipolarization,heterogeneous,32,M29,bipol_dist_speak,true,true,0,8636175130330607600.0,0,0.05,0.4,0.8,0.1,0.0,0.0,0.3,0.2,60,0.03735544128836595,0.15230114318737437,0.00010563255126273,0.00006494723899789,2,4,0.4,0.0
bipolarization,heterogeneous,30,M23,bipol_ndist_speak,false,true,0,7043372089166577700.0,0,0.5,0.4,0.8,0.1,0.05,0.1,0.1,0.05,15,0.00534329721793556,0.03839619071395306,0.00000000127394133,0.00000000000069675,1,3,0.4,0.0
consensus,homogeneous,17,H7,cons_dist_speak,true,true,0,5702577027890589700.0,0,0.05,0.0,0.0,0.0,0.2,0.0,0.0,0.0,20,0.00399529565091067,0.04033621369537543,0.00309668574289861,0.00291004845669765,3,3,0.0,0.0
bipolarization,heterogeneous,21,M27,bipol_dist_speak,true,true,0,7139002048363152400.0,0,0.05,0.4,0.5,0.3,0.0,0.3,0.0,0.0,45,0.01066925416285628,0.07440847688752225,0.00015902657103486,0.00006949541394488,2,4,0.09999999999999998,0.0
bipolarization,heterogeneous,32,M29,bipol_dist_speak,true,true,0,7240713591891685400.0,0,0.05,0.4,0.8,0.1,0.0,0.0,0.3,0.2,70,0.03735544128836595,0.14935925711044143,0.00004135166477502,0.00002545007086056,2,4,0.4,0.0
bipolarization,heterogeneous,30,M23,bipol_ndist_speak,false,true,0,7128893484183252000.0,0,0.5,0.4,0.8,0.1,0.05,0.1,0.1,0.05,15,0.00534329721793556,0.03906003634134916,0.00000000127394133,0.00000000000069675,1,3,0.4,0.0
consensus,homogeneous,17,H7,cons_dist_speak,true,true,0,4342572612484808700.0,0,0.05,0.0,0.0,0.0,0.2,0.0,0.0,0.0,15,0.00399529565091067,0.04254296399352966,0.0034653188181892,0.00297764632840654,3,3,0.0,0.0
consensus,homogeneous,17,H7,cons_dist_speak,true,true,0,8803618445054126100.0,0,0.05,0.0,0.0,0.0,0.2,0.0,0.0,0.0,15,0.00399529565091067,0.04743596020736332,0.00342289304507157,0.00262015691561248,3,3,0.0,0.0
bipolarization,homogeneous,40,H18,bipol_dist_speak,true,true,0,6905470370856337400.0,0,0.05,0.4,0.8,0.1,0.2,0.3,0.0,0.0,35,0.00975649903013544,0.11545218678478715,0.00244966386348661,0.00187558230081482,2,2,0.4,0.0
bipolarization,heterogeneous,30,M23,bipol_ndist_speak,false,true,0,109591146466576384.0,0,0.5,0.4,0.8,0.1,0.05,0.1,0.1,0.05,15,0.00534329721793556,0.07243056650514978,0.00000000127394133,0.00000000000069675,1,3,0.4,0.0
bipolarization,heterogeneous,21,M27,bipol_dist_speak,true,true,0,8636175130330607600.0,0,0.05,0.4,0.5,0.3,0.0,0.3,0.0,0.0,50,0.01066925416285628,0.07629653573632357,0.0000570087870049,0.00004160947143646,2,4,0.09999999999999998,0.0
bipolarization,homogeneous,40,H18,bipol_dist_speak,true,true,0,7139002048363152400.0,0,0.05,0.4,0.8,0.1,0.2,0.3,0.0,0.0,40,0.00975649903013544,0.12277455262969374,0.00175653812091933,0.00160372202001825,2,2,0.4,0.0
consensus,heterogeneous,12,M13,cons_dist_speak,true,true,0,4286360386944651300.0,0,0.05,0.0,0.0,0.0,0.0,0.0,0.0,0.0,90,0.03278937715525453,0.15139078565389372,0.00032701917932828,0.00020646027116784,2,5,0.0,0.0
bipolarization,heterogeneous,21,M27,bipol_dist_speak,true,true,0,6905470370856337400.0,0,0.05,0.4,0.5,0.3,0.0,0.3,0.0,0.0,50,0.01066925416285628,0.07629653573632354,0.0000570087870049,0.00004160947143646,1,4,0.09999999999999998,0.0
bipolarization,homogeneous,24,H12,bipol_dist_speak,true,true,0,7240713591891685400.0,0,0.5,0.1,0.5,0.1,0.2,0.0,0.0,0.0,15,0.00771504468878602,0.03906936245396579,0.00627038606945875,0.0083606164604175,2,3,0.4,0.0
bipolarization,homogeneous,24,H12,bipol_dist_speak,true,true,0,4692690466958798800.0,0,0.5,0.1,0.5,0.1,0.2,0.0,0.0,0.0,15,0.00771504468878602,0.04796454664291297,0.00894796964533591,0.01193250676192523,2,3,0.4,0.0
bipolarization,homogeneous,24,H12,bipol_dist_speak,true,true,0,7139002048363152400.0,0,0.5,0.1,0.5,0.1,0.2,0.0,0.0,0.0,15,0.00771504468878602,0.04155199591587867,0.00698861383733693,0.00929254347362967,2,3,0.4,0.0
bipolarization,homogeneous,24,H12,bipol_dist_speak,true,true,0,8636175130330607600.0,0,0.5,0.1,0.5,0.1,0.2,0.0,0.0,0.0,15,0.00771504468878602,0.04033573783344199,0.0066292296508095,0.00883000308311172,2,3,0.4,0.0
bipolarization,heterogeneous,30,M23,bipol_ndist_speak,false,true,0,4477927936947039200.0,0,0.5,0.4,0.8,0.1,0.05,0.1,0.1,0.05,15,0.00534329721793556,0.04507443639967176,0.00000000127394133,0.00000000000069675,1,3,0.4,0.0
bipolarization,heterogeneous,21,M27,bipol_dist_speak,true,true,0,7240713591891685400.0,0,0.05,0.4,0.5,0.3,0.0,0.3,0.0,0.0,55,0.01066925416285628,0.07775747968240414,0.0000570087870049,0.0000249131275712,2,4,0.09999999999999998,0.0
bipolarization,homogeneous,24,H12,bipol_dist_speak,true,true,0,6905470370856337400.0,0,0.5,0.1,0.5,0.1,0.2,0.0,0.0,0.0,15,0.00771504468878602,0.0477081875145465,0.00885096055219743,0.01182127820441331,2,3,0.4,0.0
bipolarization,heterogeneous,21,M27,bipol_dist_speak,true,true,0,4692690466958798800.0,0,0.05,0.4,0.5,0.3,0.0,0.3,0.0,0.0,55,0.01066925416285628,0.07775747968240422,0.0000570087870049,0.0000249131275712,1,4,0.09999999999999998,0.0
bipolarization,heterogeneous,30,M23,bipol_ndist_speak,false,true,0,4286360386944651300.0,0,0.5,0.4,0.8,0.1,0.05,0.1,0.1,0.05,15,0.00534329721793556,0.03385348673220032,0.00000000127394133,0.00000000000069675,1,3,0.4,0.0
bipolarization,homogeneous,40,H18,bipol_dist_speak,true,true,0,8636175130330607600.0,0,0.05,0.4,0.8,0.1,0.2,0.3,0.0,0.0,40,0.00975649903013544,0.11934767302345972,0.00186883874317728,0.00181089556527878,2,2,0.4,0.0
consensus,heterogeneous,12,M13,cons_dist_speak,true,true,0,4477927936947039200.0,0,0.05,0.0,0.0,0.0,0.0,0.0,0.0,0.0,90,0.03278937715525453,0.15139078565389366,0.00032701917932827,0.00020646027116784,1,5,0.0,0.0
bipolarization,heterogeneous,16,M21,bipol_ndist_speak,false,true,0,8636175130330607600.0,0,0.05,0.1,0.5,0.3,0.05,0.1,0.1,0.05,15,0.00905649862825791,0.08674523329688216,0.00838474667726732,0.00836220532850214,3,3,0.4,0.0
bipolarization,homogeneous,40,H18,bipol_dist_speak,true,true,0,4692690466958798800.0,0,0.05,0.4,0.8,0.1,0.2,0.3,0.0,0.0,50,0.00975649903013544,0.13003896907991616,0.00132504710431487,0.00095152783989971,2,2,0.4,0.0
consensus,heterogeneous,18,M24,cons_dist_speak,true,true,0,7139002048363152400.0,0,0.5,0.0,0.0,0.0,0.0,0.0,0.0,0.0,15,0.00943876457475996,0.09036916024261797,0.0000168369316359,0.00000059065176589,1,3,0.0,0.0
bipolarization,homogeneous,29,H14,bipol_ndist_speak,false,true,0,109591146466576384.0,0,0.05,0.1,0.5,0.3,0.05,0.1,0.1,0.05,50,0.00370154361175412,0.05480273764052158,0.00012515578252434,0.00009560403802604,1,2,0.4,0.0
bipolarization,heterogeneous,3,M4,bipol_dist_speak,true,true,0,8636175130330607600.0,0,0.5,0.1,0.5,0.1,0.0,0.3,0.3,0.2,65,0.0361340032483615,0.16784692332542647,0.08351234211477322,0.08926311452000704,3,4,0.4,1.6666666666666667
consensus,heterogeneous,18,M24,cons_dist_speak,true,true,0,4692690466958798800.0,0,0.5,0.0,0.0,0.0,0.0,0.0,0.0,0.0,15,0.00943876457475996,0.07202344922067509,0.0000168369316359,0.00000059065176589,1,3,0.0,0.0
bipolarization,heterogeneous,16,M21,bipol_ndist_speak,false,true,0,1841142524168585220.0,0,0.05,0.1,0.5,0.3,0.05,0.1,0.1,0.05,15,0.00905649862825791,0.0845510486475623,0.00838733470992326,0.00876126352692418,3,3,0.4,0.0
bipolarization,homogeneous,40,H18,bipol_dist_speak,true,true,0,7240713591891685400.0,0,0.05,0.4,0.8,0.1,0.2,0.3,0.0,0.0,55,0.00975649903013544,0.13049686054905846,0.00132478173428981,0.00100759032704316,2,2,0.4,0.0
consensus,heterogeneous,18,M24,cons_dist_speak,true,true,0,7240713591891685400.0,0,0.5,0.0,0.0,0.0,0.0,0.0,0.0,0.0,15,0.00943876457475996,0.09311653029564891,0.0000168369316359,0.00000059065176589,1,3,0.0,0.0
bipolarization,homogeneous,29,H14,bipol_ndist_speak,false,true,0,4477927936947039200.0,0,0.05,0.1,0.5,0.3,0.05,0.1,0.1,0.05,50,0.00370154361175412,0.05611431747435917,0.00010179406891313,0.00008463446406046,1,2,0.4,0.0
bipolarization,heterogeneous,16,M21,bipol_ndist_speak,false,true,0,7240713591891685400.0,0,0.05,0.1,0.5,0.3,0.05,0.1,0.1,0.05,20,0.00905649862825791,0.08945901663888703,0.00782643033418109,0.0085131561905846,3,3,0.4,0.0
consensus,heterogeneous,6,M7,cons_dist_speak,true,true,0,1841142524168585220.0,0,0.05,0.0,0.0,0.0,0.2,0.0,0.0,0.0,130,0.03543339668114619,0.14854931788973388,0.00190710490779845,0.00148983339867633,2,4,0.0,0.0
consensus,heterogeneous,18,M24,cons_dist_speak,true,true,0,5702577027890589700.0,0,0.5,0.0,0.0,0.0,0.0,0.0,0.0,0.0,15,0.00943876457475996,0.08426922871553365,0.0000168369316359,0.00000059065176589,1,3,0.0,0.0
bipolarization,heterogeneous,28,M18,bipol_dist_speak,true,true,0,4692690466958798800.0,0,0.5,0.1,0.8,0.3,0.2,0.3,0.3,0.2,130,0.00977608125904969,0.06694225728577584,0.00855383436144554,0.01301403469512413,2,3,0.7000000000000001,0.0
bipolarization,heterogeneous,16,M21,bipol_ndist_speak,false,true,0,4692690466958798800.0,0,0.05,0.1,0.5,0.3,0.05,0.1,0.1,0.05,20,0.00905649862825791,0.09047525850603585,0.00783712745279222,0.00890191779511016,3,3,0.4,0.0
consensus,heterogeneous,6,M7,cons_dist_speak,true,true,0,109591146466576384.0,0,0.05,0.0,0.0,0.0,0.2,0.0,0.0,0.0,120,0.03543339668114619,0.13512929987454392,0.00217533243846234,0.00154656713157047,2,4,0.0,0.0
bipolarization,homogeneous,29,H14,bipol_ndist_speak,false,true,0,8803618445054126100.0,0,0.05,0.1,0.5,0.3,0.05,0.1,0.1,0.05,55,0.00370154361175412,0.05834206544580936,0.00009195691344993,0.00004688188917884,1,2,0.4,0.0
bipolarization,homogeneous,36,H17,bipol_dist_speak,true,true,0,8636175130330607600.0,0,0.05,0.4,0.5,0.3,0.0,0.3,0.0,0.0,40,0.00843213567863132,0.06284580834085501,0.00012568203953204,0.00007218179253832,1,3,0.09999999999999998,0.0
bipolarization,homogeneous,29,H14,bipol_ndist_speak,false,true,0,7139002048363152400.0,0,0.05,0.1,0.5,0.3,0.05,0.1,0.1,0.05,60,0.00370154361175412,0.0586960603083397,0.00004480003254969,0.00003539988692464,1,2,0.4,0.0
consensus,homogeneous,17,H7,cons_dist_speak,true,true,0,7139002048363152400.0,0,0.05,0.0,0.0,0.0,0.2,0.0,0.0,0.0,30,0.00399529565091067,0.04255606304875598,0.00278823084835059,0.00246150454378425,3,3,0.0,0.0
bipolarization,homogeneous,36,H17,bipol_dist_speak,true,true,0,7240713591891685400.0,0,0.05,0.4,0.5,0.3,0.0,0.3,0.0,0.0,45,0.00843213567863132,0.06676670872303171,0.00012568203953204,0.00004321790553313,1,3,0.09999999999999998,0.0
bipolarization,homogeneous,29,H14,bipol_ndist_speak,false,true,0,7240713591891685400.0,0,0.05,0.1,0.5,0.3,0.05,0.1,0.1,0.05,60,0.00370154361175412,0.05800531996502722,0.000055083957873,0.00004242744254426,1,2,0.4,0.0
consensus,heterogeneous,18,M24,cons_dist_speak,true,true,0,6905470370856337400.0,0,0.5,0.0,0.0,0.0,0.0,0.0,0.0,0.0,15,0.00943876457475996,0.07202344922067509,0.0000168369316359,0.00000059065176589,1,3,0.0,0.0
bipolarization,homogeneous,36,H17,bipol_dist_speak,true,true,0,7139002048363152400.0,0,0.05,0.4,0.5,0.3,0.0,0.3,0.0,0.0,50,0.00843213567863132,0.06697750059918771,0.00004505524187183,0.0000258761564792,1,3,0.09999999999999998,0.0
bipolarization,homogeneous,29,H14,bipol_ndist_speak,false,true,0,7043372089166577700.0,0,0.05,0.1,0.5,0.3,0.05,0.1,0.1,0.05,60,0.00370154361175412,0.05878292565303055,0.00003728869556534,0.00002582601624132,1,2,0.4,0.0
consensus,heterogeneous,18,M24,cons_dist_speak,true,true,0,8636175130330607600.0,0,0.5,0.0,0.0,0.0,0.0,0.0,0.0,0.0,15,0.00943876457475996,0.09095151269058176,0.0000168369316359,0.00000059065176589,1,3,0.0,0.0
bipolarization,homogeneous,36,H17,bipol_dist_speak,true,true,0,4692690466958798800.0,0,0.05,0.4,0.5,0.3,0.0,0.3,0.0,0.0,45,0.00843213567863132,0.04881265660823236,0.00012568203953204,0.00004321790553313,1,3,0.09999999999999998,0.0
consensus,homogeneous,17,H7,cons_dist_speak,true,true,0,4477927936947039200.0,0,0.05,0.0,0.0,0.0,0.2,0.0,0.0,0.0,20,0.00399529565091067,0.04058034416707793,0.00309895193001599,0.00291208045619715,3,3,0.0,0.0
bipolarization,homogeneous,29,H14,bipol_ndist_speak,false,true,0,8636175130330607600.0,0,0.05,0.1,0.5,0.3,0.05,0.1,0.1,0.05,60,0.00370154361175412,0.05914315947958597,0.00004045068128108,0.0000339547462144,1,2,0.4,0.0
consensus,homogeneous,17,H7,cons_dist_speak,true,true,0,7128893484183252000.0,0,0.05,0.0,0.0,0.0,0.2,0.0,0.0,0.0,20,0.00399529565091067,0.04389108104565744,0.00309856550547105,0.00268302403270128,3,3,0.0,0.0
consensus,heterogeneous,18,M24,cons_dist_speak,true,true,0,1841142524168585220.0,0,0.5,0.0,0.0,0.0,0.0,0.0,0.0,0.0,15,0.00943876457475996,0.08447596515934151,0.0000168369316359,0.00000059065176589,1,3,0.0,0.0
bipolarization,heterogeneous,16,M21,bipol_ndist_speak,false,true,0,6905470370856337400.0,0,0.05,0.1,0.5,0.3,0.05,0.1,0.1,0.05,20,0.00905649862825791,0.08650805459179386,0.00850729811292951,0.00980456852344206,3,3,0.4,0.0
consensus,heterogeneous,18,M24,cons_dist_speak,true,true,0,4398895106259038200.0,0,0.5,0.0,0.0,0.0,0.0,0.0,0.0,0.0,15,0.00943876457475996,0.1278699100603936,0.0000168369316359,0.00000059065176589,1,3,0.0,0.0
consensus,heterogeneous,18,M24,cons_dist_speak,true,true,0,8803618445054126100.0,0,0.5,0.0,0.0,0.0,0.0,0.0,0.0,0.0,15,0.00943876457475996,0.09931382025711676,0.0000168369316359,0.00000059065176589,1,3,0.0,0.0
consensus,heterogeneous,18,M24,cons_dist_speak,true,true,0,4342572612484808700.0,0,0.5,0.0,0.0,0.0,0.0,0.0,0.0,0.0,15,0.00943876457475996,0.0797387297527705,0.0000168369316359,0.00000059065176589,1,3,0.0,0.0
bipolarization,heterogeneous,16,M21,bipol_ndist_speak,false,true,0,5702577027890589700.0,0,0.05,0.1,0.5,0.3,0.05,0.1,0.1,0.05,20,0.00905649862825791,0.09151954524474401,0.00748253860071895,0.00807199993865518,3,3,0.4,0.0
consensus,heterogeneous,18,M24,cons_dist_speak,true,true,0,7043372089166577700.0,0,0.5,0.0,0.0,0.0,0.0,0.0,0.0,0.0,15,0.00943876457475996,0.07221640800142058,0.0000168369316359,0.00000059065176589,1,3,0.0,0.0
bipolarization,homogeneous,36,H17,bipol_dist_speak,true,true,0,6905470370856337400.0,0,0.05,0.4,0.5,0.3,0.0,0.3,0.0,0.0,50,0.00843213567863132,0.0682642731535638,0.00004505524187183,0.0000258761564792,1,3,0.09999999999999998,0.0
consensus,heterogeneous,18,M24,cons_dist_speak,true,true,0,4477927936947039200.0,0,0.5,0.0,0.0,0.0,0.0,0.0,0.0,0.0,15,0.00943876457475996,0.08010967469777418,0.0000168369316359,0.00000059065176589,1,3,0.0,0.0
consensus,heterogeneous,18,M24,cons_dist_speak,true,true,0,7128893484183252000.0,0,0.5,0.0,0.0,0.0,0.0,0.0,0.0,0.0,15,0.00943876457475996,0.07443707493318162,0.0000168369316359,0.00000059065176589,1,3,0.0,0.0
consensus,heterogeneous,18,M24,cons_dist_speak,true,true,0,109591146466576384.0,0,0.5,0.0,0.0,0.0,0.0,0.0,0.0,0.0,15,0.00943876457475996,0.09274277860095025,0.0000168369316359,0.00000059065176589,1,3,0.0,0.0
bipolarization,heterogeneous,16,M21,bipol_ndist_speak,false,true,0,4398895106259038200.0,0,0.05,0.1,0.5,0.3,0.05,0.1,0.1,0.05,20,0.00905649862825791,0.08952483055418427,0.00773459847971814,0.00819944361537515,3,3,0.4,0.0
bipolarization,heterogeneous,16,M21,bipol_ndist_speak,false,true,0,8803618445054126100.0,0,0.05,0.1,0.5,0.3,0.05,0.1,0.1,0.05,20,0.00905649862825791,0.09186009800455966,0.00752331207386624,0.0082550079828383,3,3,0.4,0.0
consensus,heterogeneous,18,M24,cons_dist_speak,true,true,0,4286360386944651300.0,0,0.5,0.0,0.0,0.0,0.0,0.0,0.0,0.0,15,0.00943876457475996,0.07202344922067509,0.0000168369316359,0.00000059065176589,1,3,0.0,0.0
bipolarization,homogeneous,29,H14,bipol_ndist_speak,false,true,0,4398895106259038200.0,0,0.05,0.1,0.5,0.3,0.05,0.1,0.1,0.05,60,0.00370154361175412,0.05928862771288601,0.00004064863917071,0.00003611004943744,1,2,0.4,0.0
consensus,homogeneous,17,H7,cons_dist_speak,true,true,0,4286360386944651300.0,0,0.05,0.0,0.0,0.0,0.2,0.0,0.0,0.0,25,0.00399529565091067,0.04473261369845611,0.00314129803574376,0.00245821970623839,3,3,0.0,0.0
bipolarization,heterogeneous,16,M21,bipol_ndist_speak,false,true,0,7128893484183252000.0,0,0.05,0.1,0.5,0.3,0.05,0.1,0.1,0.05,20,0.00905649862825791,0.09267628410135044,0.0073671716433799,0.00820382124012024,3,3,0.4,0.0
consensus,homogeneous,17,H7,cons_dist_speak,true,true,0,4398895106259038200.0,0,0.05,0.0,0.0,0.0,0.2,0.0,0.0,0.0,30,0.00399529565091067,0.04061471597847371,0.00276212335752691,0.0026804313859427,3,3,0.0,0.0
bipolarization,heterogeneous,16,M21,bipol_ndist_speak,false,true,0,4477927936947039200.0,0,0.05,0.1,0.5,0.3,0.05,0.1,0.1,0.05,20,0.00905649862825791,0.08766659756621896,0.00819440672098341,0.00907040776269507,3,3,0.4,0.0
consensus,homogeneous,17,H7,cons_dist_speak,true,true,0,7043372089166577700.0,0,0.05,0.0,0.0,0.0,0.2,0.0,0.0,0.0,30,0.00399529565091067,0.04329420376153222,0.00277273919267171,0.00249427890079585,3,3,0.0,0.0
bipolarization,heterogeneous,16,M21,bipol_ndist_speak,false,true,0,7139002048363152400.0,0,0.05,0.1,0.5,0.3,0.05,0.1,0.1,0.05,30,0.00905649862825791,0.09375085713920571,0.00753703232469719,0.00894895789447104,3,3,0.4,0.0
consensus,homogeneous,17,H7,cons_dist_speak,true,true,0,109591146466576384.0,0,0.05,0.0,0.0,0.0,0.2,0.0,0.0,0.0,30,0.00399529565091067,0.04480311547320062,0.00282662118191056,0.00228383595139392,3,3,0.0,0.0
bipolarization,homogeneous,29,H14,bipol_ndist_speak,false,true,0,6905470370856337400.0,0,0.05,0.1,0.5,0.3,0.05,0.1,0.1,0.05,65,0.00370154361175412,0.05577695893573215,0.00018818767049526,0.00009561733275296,1,2,0.4,0.0
bipolarization,homogeneous,29,H14,bipol_ndist_speak,false,true,0,4342572612484808700.0,0,0.05,0.1,0.5,0.3,0.05,0.1,0.1,0.05,65,0.00370154361175412,0.05842532083306527,0.00009199067936598,0.00004821329888135,1,2,0.4,0.0
consensus,heterogeneous,6,M7,cons_dist_speak,true,true,0,5702577027890589700.0,0,0.05,0.0,0.0,0.0,0.2,0.0,0.0,0.0,145,0.03543339668114619,0.13585220404082768,0.00168611910965561,0.00123886729638552,2,4,0.0,0.0
bipolarization,homogeneous,29,H14,bipol_ndist_speak,false,true,0,4692690466958798800.0,0,0.05,0.1,0.5,0.3,0.05,0.1,0.1,0.05,70,0.00370154361175412,0.05812119426877409,0.00005002194443936,0.00003660866882149,1,2,0.4,0.0
bipolarization,heterogeneous,16,M21,bipol_ndist_speak,false,true,0,4286360386944651300.0,0,0.05,0.1,0.5,0.3,0.05,0.1,0.1,0.05,25,0.00905649862825791,0.08979431873966431,0.00829545633684935,0.01011020107325556,3,3,0.4,0.0
bipolarization,homogeneous,29,H14,bipol_ndist_speak,false,true,0,7128893484183252000.0,0,0.05,0.1,0.5,0.3,0.05,0.1,0.1,0.05,65,0.00370154361175412,0.05839548418230003,0.00007548733434027,0.00003276952299571,1,2,0.4,0.0
bipolarization,homogeneous,29,H14,bipol_ndist_speak,false,true,0,4286360386944651300.0,0,0.05,0.1,0.5,0.3,0.05,0.1,0.1,0.05,65,0.00370154361175412,0.05787199465062809,0.00010160379284215,0.00004941986562575,1,2,0.4,0.0
bipolarization,homogeneous,29,H14,bipol_ndist_speak,false,true,0,5702577027890589700.0,0,0.05,0.1,0.5,0.3,0.05,0.1,0.1,0.05,70,0.00370154361175412,0.05850205993536042,0.00004963756454483,0.00004052134895395,1,2,0.4,0.0
bipolarization,heterogeneous,16,M21,bipol_ndist_speak,false,true,0,109591146466576384.0,0,0.05,0.1,0.5,0.3,0.05,0.1,0.1,0.05,30,0.00905649862825791,0.0936393776709745,0.00759621119554763,0.00923014726553933,3,3,0.4,0.0
bipolarization,heterogeneous,16,M21,bipol_ndist_speak,false,true,0,7043372089166577700.0,0,0.05,0.1,0.5,0.3,0.05,0.1,0.1,0.05,30,0.00905649862825791,0.09499022727289136,0.00749122912434699,0.00937777314510353,2,3,0.4,0.0
bipolarization,homogeneous,29,H14,bipol_ndist_speak,false,true,0,1841142524168585220.0,0,0.05,0.1,0.5,0.3,0.05,0.1,0.1,0.05,70,0.00370154361175412,0.05678546675554449,0.00008277651805001,0.00006687629797695,1,2,0.4,0.0
bipolarization,heterogeneous,32,M29,bipol_ndist_speak,false,true,0,7139002048363152400.0,0,0.5,0.1,0.5,0.1,0.05,0.1,0.1,0.05,15,0.03735544128836595,0.03876636646412042,0.03628542679981606,0.02441645724447087,3,4,0.4,0.0
bipolarization,heterogeneous,32,M29,bipol_ndist_speak,false,true,0,7240713591891685400.0,0,0.5,0.1,0.5,0.1,0.05,0.1,0.1,0.05,15,0.03735544128836595,0.04324227792245379,0.03794181461360396,0.02558752744277067,3,4,0.4,0.0
bipolarization,heterogeneous,32,M29,bipol_ndist_speak,false,true,0,4692690466958798800.0,0,0.5,0.1,0.5,0.1,0.05,0.1,0.1,0.05,15,0.03735544128836595,0.03930098922164353,0.03650395557877133,0.02455893243911282,3,4,0.4,0.0
bipolarization,heterogeneous,32,M29,bipol_ndist_speak,false,true,0,8636175130330607600.0,0,0.5,0.1,0.5,0.1,0.05,0.1,0.1,0.05,15,0.03735544128836595,0.03864203559027783,0.03628542679981606,0.02437552889206302,3,4,0.4,0.0
bipolarization,heterogeneous,32,M29,bipol_ndist_speak,false,true,0,6905470370856337400.0,0,0.5,0.1,0.5,0.1,0.05,0.1,0.1,0.05,15,0.03735544128836595,0.03963357430917248,0.03665003716046266,0.02464840728228164,3,4,0.4,0.0
bipolarization,heterogeneous,32,M29,bipol_ndist_speak,false,true,0,1841142524168585220.0,0,0.5,0.1,0.5,0.1,0.05,0.1,0.1,0.05,15,0.03735544128836595,0.04513210720486112,0.03865312409826105,0.02609267278272484,3,4,0.4,0.0
bipolarization,heterogeneous,32,M29,bipol_ndist_speak,false,true,0,5702577027890589700.0,0,0.5,0.1,0.5,0.1,0.05,0.1,0.1,0.05,15,0.03735544128836595,0.03913935908564818,0.03654074309130594,0.02450375709750272,3,4,0.4,0.0
bipolarization,heterogeneous,32,M29,bipol_ndist_speak,false,true,0,4398895106259038200.0,0,0.5,0.1,0.5,0.1,0.05,0.1,0.1,0.05,15,0.03735544128836595,0.0439633969907408,0.03816687292195808,0.02571566223716651,3,4,0.4,0.0
bipolarization,heterogeneous,32,M29,bipol_ndist_speak,false,true,0,8803618445054126100.0,0,0.5,0.1,0.5,0.1,0.05,0.1,0.1,0.05,15,0.03735544128836595,0.0408619068287036,0.0353828542680571,0.02371083289234949,3,4,0.4,0.0
bipolarization,heterogeneous,32,M29,bipol_ndist_speak,false,true,0,7043372089166577700.0,0,0.5,0.1,0.5,0.1,0.05,0.1,0.1,0.05,15,0.03735544128836595,0.04149599428530078,0.03511409330678746,0.02358156301886316,3,4,0.4,0.0
bipolarization,heterogeneous,32,M29,bipol_ndist_speak,false,true,0,4342572612484808700.0,0,0.5,0.1,0.5,0.1,0.05,0.1,0.1,0.05,15,0.03735544128836595,0.04291280110677086,0.03783008681076219,0.02550693513943922,3,4,0.4,0.0
bipolarization,heterogeneous,16,M21,bipol_ndist_speak,false,true,0,4342572612484808700.0,0,0.05,0.1,0.5,0.3,0.05,0.1,0.1,0.05,45,0.00905649862825791,0.09647718447625019,0.00778534859354482,0.01064732886344955,2,3,0.4,0.0
bipolarization,heterogeneous,32,M29,bipol_ndist_speak,false,true,0,109591146466576384.0,0,0.5,0.1,0.5,0.1,0.05,0.1,0.1,0.05,15,0.03735544128836595,0.04351580584490748,0.03801659661228932,0.025651125124071,3,4,0.4,0.0
bipolarization,heterogeneous,32,M29,bipol_ndist_speak,false,true,0,7128893484183252000.0,0,0.5,0.1,0.5,0.1,0.05,0.1,0.1,0.05,15,0.03735544128836595,0.03869176793981487,0.03632185815620163,0.02437053161357131,3,4,0.4,0.0
bipolarization,heterogeneous,32,M29,bipol_ndist_speak,false,true,0,4477927936947039200.0,0,0.5,0.1,0.5,0.1,0.05,0.1,0.1,0.05,15,0.03735544128836595,0.04033293547453713,0.03683338112955398,0.02481329876227165,3,4,0.4,0.0
bipolarization,heterogeneous,32,M29,bipol_ndist_speak,false,true,0,4286360386944651300.0,0,0.5,0.1,0.5,0.1,0.05,0.1,0.1,0.05,15,0.03735544128836595,0.04567294650607635,0.0388886697324624,0.02624532328403304,3,4,0.4,0.0
bipolarization,heterogeneous,21,M27,bipol_ndist_speak,false,true,0,7240713591891685400.0,0,0.05,0.1,0.8,0.1,0.05,0.1,0.1,0.05,15,0.01066925416285628,0.02863880271404514,0.01046179651817127,0.00774851287327972,4,4,0.7000000000000001,0.0
bipolarization,heterogeneous,21,M27,bipol_ndist_speak,false,true,0,6905470370856337400.0,0,0.05,0.1,0.8,0.1,0.05,0.1,0.1,0.05,15,0.01066925416285628,0.02834996343028984,0.01074044184045236,0.00816565894527823,4,4,0.7000000000000001,0.0
bipolarization,heterogeneous,21,M27,bipol_ndist_speak,false,true,0,5702577027890589700.0,0,0.05,0.1,0.8,0.1,0.05,0.1,0.1,0.05,15,0.01066925416285628,0.02796684376885422,0.01025383596788289,0.00769755100091569,4,4,0.7000000000000001,0.0
bipolarization,heterogeneous,21,M27,bipol_ndist_speak,false,true,0,8636175130330607600.0,0,0.05,0.1,0.8,0.1,0.05,0.1,0.1,0.05,20,0.01066925416285628,0.02988958790561103,0.00948968528120298,0.00767220369148452,3,4,0.7000000000000001,0.0
bipolarization,heterogeneous,34,M31,bipol_ndist_speak,false,true,0,7139002048363152400.0,0,0.05,0.4,0.8,0.3,0.05,0.1,0.1,0.05,50,0.01079937132951816,0.0737909568605501,0.00005770403914968,0.00005672983118618,2,2,0.4,0.0
bipolarization,heterogeneous,21,M27,bipol_ndist_speak,false,true,0,7043372089166577700.0,0,0.05,0.1,0.8,0.1,0.05,0.1,0.1,0.05,15,0.01066925416285628,0.03215406616987312,0.01033273815686494,0.00827750041388216,3,4,0.7000000000000001,0.0
bipolarization,heterogeneous,34,M31,bipol_ndist_speak,false,true,0,7240713591891685400.0,0,0.05,0.4,0.8,0.3,0.05,0.1,0.1,0.05,50,0.01079937132951816,0.0762675042384153,0.00005770403914968,0.00005672983118618,2,2,0.4,0.0
bipolarization,heterogeneous,21,M27,bipol_ndist_speak,false,true,0,7128893484183252000.0,0,0.05,0.1,0.8,0.1,0.05,0.1,0.1,0.05,15,0.01066925416285628,0.02976583079760479,0.00952121588990003,0.00760399773438544,3,4,0.7000000000000001,0.0
bipolarization,heterogeneous,34,M31,bipol_ndist_speak,false,true,0,4692690466958798800.0,0,0.05,0.4,0.8,0.3,0.05,0.1,0.1,0.05,50,0.01079937132951816,0.06582874803034253,0.00005770403914968,0.00005672983118618,1,2,0.4,0.0
bipolarization,heterogeneous,21,M27,bipol_ndist_speak,false,true,0,4477927936947039200.0,0,0.05,0.1,0.8,0.1,0.05,0.1,0.1,0.05,15,0.01066925416285628,0.02681157043492453,0.01040547602651824,0.00781556139730087,4,4,0.7000000000000001,0.0
bipolarization,heterogeneous,12,M13,bipol_ndist_speak,false,true,0,7139002048363152400.0,0,0.05,0.1,0.8,0.3,0.05,0.1,0.1,0.05,15,0.03278937715525453,0.04407263898345554,0.03258521659205848,0.02162012993728492,5,5,0.7000000000000001,0.0
bipolarization,heterogeneous,34,M31,bipol_ndist_speak,false,true,0,6905470370856337400.0,0,0.05,0.4,0.8,0.3,0.05,0.1,0.1,0.05,50,0.01079937132951816,0.06662224000515954,0.00005770403914968,0.00005672983118618,1,2,0.4,0.0
bipolarization,heterogeneous,34,M31,bipol_ndist_speak,false,true,0,8803618445054126100.0,0,0.05,0.4,0.8,0.3,0.05,0.1,0.1,0.05,50,0.01079937132951816,0.0846423864393182,0.00005770403914968,0.00005672983118617,1,2,0.4,0.0
bipolarization,heterogeneous,28,M18,bipol_dist_speak,true,true,0,6905470370856337400.0,0,0.5,0.1,0.8,0.3,0.2,0.3,0.3,0.2,275,0.00977608125904969,0.06651476617870818,0.00747565410665255,0.01193418414583805,3,3,0.7000000000000001,0.0
bipolarization,heterogeneous,34,M31,bipol_ndist_speak,false,true,0,1841142524168585220.0,0,0.05,0.4,0.8,0.3,0.05,0.1,0.1,0.05,50,0.01079937132951816,0.06768208205960116,0.00005770403914968,0.00005672983118618,1,2,0.4,0.0
bipolarization,heterogeneous,21,M27,bipol_ndist_speak,false,true,0,4342572612484808700.0,0,0.05,0.1,0.8,0.1,0.05,0.1,0.1,0.05,20,0.01066925416285628,0.02817121612952452,0.00990114384327884,0.00751772401008414,4,4,0.7000000000000001,0.0
bipolarization,heterogeneous,34,M31,bipol_ndist_speak,false,true,0,4398895106259038200.0,0,0.05,0.4,0.8,0.3,0.05,0.1,0.1,0.05,50,0.01079937132951816,0.0833069414728207,0.00005770403914968,0.00005672983118618,1,2,0.4,0.0
bipolarization,heterogeneous,34,M31,bipol_ndist_speak,false,true,0,4342572612484808700.0,0,0.05,0.4,0.8,0.3,0.05,0.1,0.1,0.05,50,0.01079937132951816,0.06845300962618303,0.00005770403914968,0.00005672983118618,1,2,0.4,0.0
consensus,heterogeneous,34,M31,cons_dist_speak,true,true,0,7139002048363152400.0,0,0.05,0.0,0.0,0.0,0.0,0.0,0.0,0.0,70,0.01079937132951816,0.06439275656023022,0.00029651993999342,0.0002915138417872,2,2,0.0,0.0
bipolarization,heterogeneous,21,M27,bipol_ndist_speak,false,true,0,4692690466958798800.0,0,0.05,0.1,0.8,0.1,0.05,0.1,0.1,0.05,30,0.01066925416285628,0.03436529020744339,0.00841870454442291,0.00815993990345903,3,4,0.7000000000000001,0.0
bipolarization,heterogeneous,12,M13,bipol_ndist_speak,false,true,0,4692690466958798800.0,0,0.05,0.1,0.8,0.3,0.05,0.1,0.1,0.05,15,0.03278937715525453,0.04514161407093927,0.03281666798412981,0.02161340783111372,5,5,0.7000000000000001,0.0
consensus,heterogeneous,34,M31,cons_dist_speak,true,true,0,4692690466958798800.0,0,0.05,0.0,0.0,0.0,0.0,0.0,0.0,0.0,70,0.01079937132951816,0.06076775351885721,0.00029651993999342,0.0002915138417872,2,2,0.0,0.0
bipolarization,heterogeneous,34,M31,bipol_ndist_speak,false,true,0,7043372089166577700.0,0,0.05,0.4,0.8,0.3,0.05,0.1,0.1,0.05,50,0.01079937132951816,0.07632643319017074,0.00005770403914968,0.00005672983118618,2,2,0.4,0.0
consensus,heterogeneous,34,M31,cons_dist_speak,true,true,0,8636175130330607600.0,0,0.05,0.0,0.0,0.0,0.0,0.0,0.0,0.0,70,0.01079937132951816,0.06901152747979591,0.00029651993999342,0.0002915138417872,2,2,0.0,0.0
consensus,heterogeneous,34,M31,cons_dist_speak,true,true,0,6905470370856337400.0,0,0.05,0.0,0.0,0.0,0.0,0.0,0.0,0.0,70,0.01079937132951816,0.05941813991243999,0.00029651993999342,0.0002915138417872,2,2,0.0,0.0
bipolarization,heterogeneous,34,M31,bipol_ndist_speak,false,true,0,8636175130330607600.0,0,0.05,0.4,0.8,0.3,0.05,0.1,0.1,0.05,55,0.01079937132951816,0.08029359118051105,0.00005770403914968,0.00003396624548792,2,2,0.4,0.0
bipolarization,heterogeneous,34,M31,bipol_ndist_speak,false,true,0,5702577027890589700.0,0,0.05,0.4,0.8,0.3,0.05,0.1,0.1,0.05,55,0.01079937132951816,0.07509740301416173,0.00005770403914968,0.00003396624548792,2,2,0.4,0.0
consensus,heterogeneous,34,M31,cons_dist_speak,true,true,0,7240713591891685400.0,0,0.05,0.0,0.0,0.0,0.0,0.0,0.0,0.0,75,0.01079937132951816,0.06904459910237898,0.00029651993999342,0.00022631083026906,2,2,0.0,0.0
bipolarization,heterogeneous,34,M31,bipol_ndist_speak,false,true,0,4286360386944651300.0,0,0.05,0.4,0.8,0.3,0.05,0.1,0.1,0.05,50,0.01079937132951816,0.06927232992718779,0.00005770403914968,0.00005672983118617,1,2,0.4,0.0
consensus,heterogeneous,34,M31,cons_dist_speak,true,true,0,8803618445054126100.0,0,0.05,0.0,0.0,0.0,0.0,0.0,0.0,0.0,70,0.01079937132951816,0.0732333444082566,0.00029651993999342,0.00029151384178719,2,2,0.0,0.0
bipolarization,heterogeneous,12,M13,bipol_ndist_speak,false,true,0,6905470370856337400.0,0,0.05,0.1,0.8,0.3,0.05,0.1,0.1,0.05,15,0.03278937715525453,0.04630874162085249,0.03330502072255199,0.0217324953415018,5,5,0.7000000000000001,0.0
bipolarization,heterogeneous,21,M27,bipol_ndist_speak,false,true,0,109591146466576384.0,0,0.05,0.1,0.8,0.1,0.05,0.1,0.1,0.05,25,0.01066925416285628,0.03148338273165202,0.00927144389348028,0.00785509421652446,3,4,0.7000000000000001,0.0
consensus,heterogeneous,34,M31,cons_dist_speak,true,true,0,5702577027890589700.0,0,0.05,0.0,0.0,0.0,0.0,0.0,0.0,0.0,75,0.01079937132951816,0.06678579425764808,0.00029651993999342,0.00022631083026906,2,2,0.0,0.0
consensus,heterogeneous,34,M31,cons_dist_speak,true,true,0,7043372089166577700.0,0,0.05,0.0,0.0,0.0,0.0,0.0,0.0,0.0,70,0.01079937132951816,0.06965856447029806,0.00029651993999342,0.0002915138417872,2,2,0.0,0.0
bipolarization,heterogeneous,34,M31,bipol_ndist_speak,false,true,0,7128893484183252000.0,0,0.05,0.4,0.8,0.3,0.05,0.1,0.1,0.05,55,0.01079937132951816,0.07800563285145817,0.00005770403914968,0.00003396624548792,2,2,0.4,0.0
bipolarization,heterogeneous,34,M31,bipol_ndist_speak,false,true,0,109591146466576384.0,0,0.05,0.4,0.8,0.3,0.05,0.1,0.1,0.05,55,0.01079937132951816,0.08099015643453869,0.00005770403914968,0.00003396624548792,2,2,0.4,0.0
consensus,heterogeneous,34,M31,cons_dist_speak,true,true,0,1841142524168585220.0,0,0.05,0.0,0.0,0.0,0.0,0.0,0.0,0.0,75,0.01079937132951816,0.06407100173826988,0.00029651993999342,0.00022631083026906,2,2,0.0,0.0
bipolarization,heterogeneous,34,M31,bipol_ndist_speak,false,true,0,4477927936947039200.0,0,0.05,0.4,0.8,0.3,0.05,0.1,0.1,0.05,55,0.01079937132951816,0.08102814454664925,0.00005770403914968,0.00003396624548792,2,2,0.4,0.0
consensus,heterogeneous,34,M31,cons_dist_speak,true,true,0,4398895106259038200.0,0,0.05,0.0,0.0,0.0,0.0,0.0,0.0,0.0,75,0.01079937132951816,0.07297750601766034,0.00029651993999342,0.00022631083026906,2,2,0.0,0.0
consensus,heterogeneous,34,M31,cons_dist_speak,true,true,0,4342572612484808700.0,0,0.05,0.0,0.0,0.0,0.0,0.0,0.0,0.0,75,0.01079937132951816,0.06349768718611268,0.00029651993999342,0.00022631083026906,2,2,0.0,0.0
bipolarization,heterogeneous,21,M27,bipol_ndist_speak,false,true,0,7139002048363152400.0,0,0.05,0.1,0.8,0.1,0.05,0.1,0.1,0.05,40,0.01066925416285628,0.0311402365529682,0.00854579068601341,0.00767970188911122,3,4,0.7000000000000001,0.0
consensus,heterogeneous,34,M31,cons_dist_speak,true,true,0,4477927936947039200.0,0,0.05,0.0,0.0,0.0,0.0,0.0,0.0,0.0,75,0.01079937132951816,0.07288919651995449,0.00029651993999342,0.00022631083026906,2,2,0.0,0.0
bipolarization,heterogeneous,12,M13,bipol_ndist_speak,false,true,0,4398895106259038200.0,0,0.05,0.1,0.8,0.3,0.05,0.1,0.1,0.05,15,0.03278937715525453,0.04499157750720446,0.03250322916274197,0.02198279777314685,5,5,0.7000000000000001,0.0
consensus,heterogeneous,34,M31,cons_dist_speak,true,true,0,109591146466576384.0,0,0.05,0.0,0.0,0.0,0.0,0.0,0.0,0.0,75,0.01079937132951816,0.07157178001901557,0.00029651993999342,0.00022631083026906,2,2,0.0,0.0
consensus,heterogeneous,34,M31,cons_dist_speak,true,true,0,7128893484183252000.0,0,0.05,0.0,0.0,0.0,0.0,0.0,0.0,0.0,75,0.01079937132951816,0.0665853463275658,0.00029651993999342,0.00022631083026905,2,2,0.0,0.0
bipolarization,heterogeneous,12,M13,bipol_ndist_speak,false,true,0,8803618445054126100.0,0,0.05,0.1,0.8,0.3,0.05,0.1,0.1,0.05,15,0.03278937715525453,0.04235253908657536,0.03147699459599893,0.02094927670775561,5,5,0.7000000000000001,0.0
bipolarization,heterogeneous,21,M27,bipol_ndist_speak,false,true,0,8803618445054126100.0,0,0.05,0.1,0.8,0.1,0.05,0.1,0.1,0.05,35,0.01066925416285628,0.03429785424929244,0.00908670312354901,0.00823424601241935,3,4,0.7000000000000001,0.0
consensus,heterogeneous,34,M31,cons_dist_speak,true,true,0,4286360386944651300.0,0,0.05,0.0,0.0,0.0,0.0,0.0,0.0,0.0,75,0.01079937132951816,0.06574339599555709,0.00029651993999342,0.00022631083026906,2,2,0.0,0.0
bipolarization,heterogeneous,12,M13,bipol_ndist_speak,false,true,0,7240713591891685400.0,0,0.05,0.1,0.8,0.3,0.05,0.1,0.1,0.05,30,0.03278937715525453,0.04748413016694644,0.03184421450293073,0.02226973084787049,5,5,0.7000000000000001,0.0
bipolarization,heterogeneous,12,M13,bipol_ndist_speak,false,true,0,4342572612484808700.0,0,0.05,0.1,0.8,0.3,0.05,0.1,0.1,0.05,15,0.03278937715525453,0.04321039929907512,0.03240433887211784,0.02134673703591129,5,5,0.7000000000000001,0.0
bipolarization,heterogeneous,12,M13,bipol_ndist_speak,false,true,0,109591146466576384.0,0,0.05,0.1,0.8,0.3,0.05,0.1,0.1,0.05,15,0.03278937715525453,0.04447684210418307,0.03294425385267351,0.02169914164710924,5,5,0.7000000000000001,0.0
bipolarization,heterogeneous,12,M13,bipol_ndist_speak,false,true,0,8636175130330607600.0,0,0.05,0.1,0.8,0.3,0.05,0.1,0.1,0.05,25,0.03278937715525453,0.04661635623427871,0.03186953571104807,0.02192288024695145,5,5,0.7000000000000001,0.0
bipolarization,heterogeneous,12,M13,bipol_ndist_speak,false,true,0,4286360386944651300.0,0,0.05,0.1,0.8,0.3,0.05,0.1,0.1,0.05,15,0.03278937715525453,0.04280335611873657,0.0323351569257884,0.02126858740869654,5,5,0.7000000000000001,0.0
bipolarization,heterogeneous,12,M13,bipol_ndist_speak,false,true,0,1841142524168585220.0,0,0.05,0.1,0.8,0.3,0.05,0.1,0.1,0.05,20,0.03278937715525453,0.04339114625834185,0.03211668127851078,0.02154537838659565,5,5,0.7000000000000001,0.0
bipolarization,heterogeneous,39,M35,bipol_ndist_speak,false,true,0,4692690466958798800.0,0,0.05,0.1,0.5,0.3,0.05,0.1,0.1,0.05,15,0.01380628072130774,0.03740456598854675,0.01405712794673018,0.01058896687567634,4,4,0.4,0.0
bipolarization,heterogeneous,21,M27,bipol_ndist_speak,false,true,0,1841142524168585220.0,0,0.05,0.1,0.8,0.1,0.05,0.1,0.1,0.05,40,0.01066925416285628,0.03756143158693129,0.00921638352683966,0.00883731600355271,3,4,0.7000000000000001,0.0
bipolarization,heterogeneous,12,M13,bipol_ndist_speak,false,true,0,5702577027890589700.0,0,0.05,0.1,0.8,0.3,0.05,0.1,0.1,0.05,25,0.03278937715525453,0.04567724527776863,0.03240480364656519,0.02215955604380342,5,5,0.7000000000000001,0.0
bipolarization,heterogeneous,39,M35,bipol_ndist_speak,false,true,0,6905470370856337400.0,0,0.05,0.1,0.5,0.3,0.05,0.1,0.1,0.05,15,0.01380628072130774,0.03229110504258225,0.0134910573365619,0.00975304510654713,4,4,0.4,0.0
bipolarization,heterogeneous,39,M35,bipol_ndist_speak,false,true,0,4398895106259038200.0,0,0.05,0.1,0.5,0.3,0.05,0.1,0.1,0.05,15,0.01380628072130774,0.037685205929908,0.0135994342151641,0.00999967195264741,4,4,0.4,0.0
bipolarization,heterogeneous,39,M35,bipol_ndist_speak,false,true,0,7139002048363152400.0,0,0.05,0.1,0.5,0.3,0.05,0.1,0.1,0.05,20,0.01380628072130774,0.03802567233324711,0.01329549960877306,0.01009789346934366,4,4,0.4,0.0
bipolarization,homogeneous,23,H11,bipol_dist_speak,true,true,0,7139002048363152400.0,0,0.05,0.1,0.8,0.1,0.0,0.3,0.0,0.2,300,0.01309938700274348,0.04577164182171466,0.0107578904879839,0.00868767267405277,4,4,0.7000000000000001,0.0
bipolarization,heterogeneous,12,M13,bipol_ndist_speak,false,true,0,7043372089166577700.0,0,0.05,0.1,0.8,0.3,0.05,0.1,0.1,0.05,25,0.03278937715525453,0.04541650831622332,0.0320486660065241,0.0217871161440947,5,5,0.7000000000000001,0.0
bipolarization,homogeneous,23,H11,bipol_dist_speak,true,true,0,7240713591891685400.0,0,0.05,0.1,0.8,0.1,0.0,0.3,0.0,0.2,300,0.01309938700274348,0.05796704862626466,0.01142885542607574,0.00859671069282468,4,4,0.7000000000000001,0.0
bipolarization,heterogeneous,39,M35,bipol_ndist_speak,false,true,0,1841142524168585220.0,0,0.05,0.1,0.5,0.3,0.05,0.1,0.1,0.05,20,0.01380628072130774,0.03824620546530202,0.01319685048356834,0.01004088938952085,4,4,0.4,0.0
bipolarization,homogeneous,23,H11,bipol_dist_speak,true,true,0,4692690466958798800.0,0,0.05,0.1,0.8,0.1,0.0,0.3,0.0,0.2,300,0.01309938700274348,0.05866375268045594,0.01134171469038248,0.00896694975065916,4,4,0.7000000000000001,0.0
bipolarization,heterogeneous,12,M13,bipol_ndist_speak,false,true,0,4477927936947039200.0,0,0.05,0.1,0.8,0.3,0.05,0.1,0.1,0.05,25,0.03278937715525453,0.0476353367407036,0.03328739682059145,0.02272045545432651,5,5,0.7000000000000001,0.0
bipolarization,homogeneous,23,H11,bipol_dist_speak,true,true,0,8636175130330607600.0,0,0.05,0.1,0.8,0.1,0.0,0.3,0.0,0.2,300,0.01309938700274348,0.0484132901307676,0.01100455543594152,0.00799748619096169,4,4,0.7000000000000001,0.0
bipolarization,heterogeneous,39,M35,bipol_ndist_speak,false,true,0,109591146466576384.0,0,0.05,0.1,0.5,0.3,0.05,0.1,0.1,0.05,20,0.01380628072130774,0.03828211830596934,0.01334814553686745,0.01014133906285695,4,4,0.4,0.0
bipolarization,heterogeneous,39,M35,bipol_ndist_speak,false,true,0,8636175130330607600.0,0,0.05,0.1,0.5,0.3,0.05,0.1,0.1,0.05,25,0.01380628072130774,0.04001209837878387,0.012961222428523,0.01004354502984792,4,4,0.4,0.0
bipolarization,homogeneous,23,H11,bipol_dist_speak,true,true,0,6905470370856337400.0,0,0.05,0.1,0.8,0.1,0.0,0.3,0.0,0.2,300,0.01309938700274348,0.05720888937431844,0.01129243912409368,0.00881461868483725,4,4,0.7000000000000001,0.0
bipolarization,heterogeneous,39,M35,bipol_ndist_speak,false,true,0,5702577027890589700.0,0,0.05,0.1,0.5,0.3,0.05,0.1,0.1,0.05,25,0.01380628072130774,0.03869422851002279,0.01356843385389053,0.0102494965648317,4,4,0.4,0.0
bipolarization,heterogeneous,12,M13,bipol_ndist_speak,false,true,0,7128893484183252000.0,0,0.05,0.1,0.8,0.3,0.05,0.1,0.1,0.05,30,0.03278937715525453,0.04587189264484915,0.03217074472523918,0.02205698730763338,5,5,0.7000000000000001,0.0
bipolarization,heterogeneous,39,M35,bipol_ndist_speak,false,true,0,4286360386944651300.0,0,0.05,0.1,0.5,0.3,0.05,0.1,0.1,0.05,20,0.01380628072130774,0.03711724550498158,0.0131120680089931,0.00989376898097291,4,4,0.4,0.0
bipolarization,heterogeneous,39,M35,bipol_ndist_speak,false,true,0,4342572612484808700.0,0,0.05,0.1,0.5,0.3,0.05,0.1,0.1,0.05,25,0.01380628072130774,0.0394538736541775,0.01265686781279392,0.01012018500789645,4,4,0.4,0.0
bipolarization,heterogeneous,39,M35,bipol_ndist_speak,false,true,0,7240713591891685400.0,0,0.05,0.1,0.5,0.3,0.05,0.1,0.1,0.05,30,0.01380628072130774,0.03904361730205957,0.01246574225102418,0.00980509068752483,3,4,0.4,0.0
bipolarization,heterogeneous,39,M35,bipol_ndist_speak,false,true,0,7043372089166577700.0,0,0.05,0.1,0.5,0.3,0.05,0.1,0.1,0.05,25,0.01380628072130774,0.03356318306044333,0.01274543948452249,0.00913513312040385,4,4,0.4,0.0
bipolarization,heterogeneous,39,M35,bipol_ndist_speak,false,true,0,4477927936947039200.0,0,0.05,0.1,0.5,0.3,0.05,0.1,0.1,0.05,25,0.01380628072130774,0.03623494346215611,0.01362622681977202,0.00980815154217715,4,4,0.4,0.0
bipolarization,heterogeneous,39,M35,bipol_ndist_speak,false,true,0,8803618445054126100.0,0,0.05,0.1,0.5,0.3,0.05,0.1,0.1,0.05,30,0.01380628072130774,0.04022862071316025,0.01262049340690855,0.01002173106834043,4,4,0.4,0.0
bipolarization,heterogeneous,39,M35,bipol_ndist_speak,false,true,0,7128893484183252000.0,0,0.05,0.1,0.5,0.3,0.05,0.1,0.1,0.05,30,0.01380628072130774,0.04047849050830138,0.01357974440599529,0.01073409251573052,3,4,0.4,0.0
bipolarization,heterogeneous,39,M35,bipol_ndist_speak,false,true,0,4692690466958798800.0,0,0.05,0.1,0.5,0.1,0.05,0.1,0.1,0.05,15,0.01380628072130774,0.03740456598854675,0.01405712794673018,0.01058896687567634,4,4,0.4,0.0
bipolarization,heterogeneous,21,M27,bipol_ndist_speak,false,true,0,4286360386944651300.0,0,0.05,0.1,0.8,0.1,0.05,0.1,0.1,0.05,60,0.01066925416285628,0.03710060758971528,0.00818464807730867,0.00842825788022058,3,4,0.7000000000000001,0.0
bipolarization,heterogeneous,39,M35,bipol_ndist_speak,false,true,0,7139002048363152400.0,0,0.05,0.1,0.5,0.1,0.05,0.1,0.1,0.05,20,0.01380628072130774,0.03802567233324711,0.01329549960877306,0.01009789346934366,4,4,0.4,0.0
bipolarization,heterogeneous,39,M35,bipol_ndist_speak,false,true,0,6905470370856337400.0,0,0.05,0.1,0.5,0.1,0.05,0.1,0.1,0.05,15,0.01380628072130774,0.03229110504258225,0.0134910573365619,0.00975304510654713,4,4,0.4,0.0
bipolarization,heterogeneous,39,M35,bipol_ndist_speak,false,true,0,4398895106259038200.0,0,0.05,0.1,0.5,0.1,0.05,0.1,0.1,0.05,15,0.01380628072130774,0.037685205929908,0.0135994342151641,0.00999967195264741,4,4,0.4,0.0
bipolarization,heterogeneous,21,M27,bipol_ndist_speak,false,true,0,4398895106259038200.0,0,0.05,0.1,0.8,0.1,0.05,0.1,0.1,0.05,70,0.01066925416285628,0.04086314859847234,0.0076385983129656,0.00818767470736269,3,4,0.7000000000000001,0.0
bipolarization,heterogeneous,39,M35,bipol_ndist_speak,false,true,0,1841142524168585220.0,0,0.05,0.1,0.5,0.1,0.05,0.1,0.1,0.05,20,0.01380628072130774,0.03824620546530202,0.01319685048356834,0.01004088938952085,4,4,0.4,0.0
bipolarization,heterogeneous,39,M35,bipol_ndist_speak,false,true,0,8636175130330607600.0,0,0.05,0.1,0.5,0.1,0.05,0.1,0.1,0.05,25,0.01380628072130774,0.04001209837878387,0.012961222428523,0.01004354502984792,4,4,0.4,0.0
bipolarization,heterogeneous,39,M35,bipol_ndist_speak,false,true,0,109591146466576384.0,0,0.05,0.1,0.5,0.1,0.05,0.1,0.1,0.05,20,0.01380628072130774,0.03828211830596934,0.01334814553686745,0.01014133906285695,4,4,0.4,0.0
bipolarization,heterogeneous,39,M35,bipol_ndist_speak,false,true,0,5702577027890589700.0,0,0.05,0.1,0.5,0.1,0.05,0.1,0.1,0.05,25,0.01380628072130774,0.03869422851002279,0.01356843385389053,0.0102494965648317,4,4,0.4,0.0
bipolarization,heterogeneous,39,M35,bipol_ndist_speak,false,true,0,7240713591891685400.0,0,0.05,0.1,0.5,0.1,0.05,0.1,0.1,0.05,30,0.01380628072130774,0.03904361730205957,0.01246574225102418,0.00980509068752483,3,4,0.4,0.0
bipolarization,heterogeneous,25,M6,bipol_ndist_speak,false,true,0,7139002048363152400.0,0,0.05,0.1,0.8,0.3,0.05,0.1,0.1,0.05,15,0.02801205751790883,0.02276234567901236,0.02801205751790883,0.01317176068815727,3,3,0.7000000000000001,0.0
bipolarization,heterogeneous,39,M35,bipol_ndist_speak,false,true,0,4342572612484808700.0,0,0.05,0.1,0.5,0.1,0.05,0.1,0.1,0.05,25,0.01380628072130774,0.0394538736541775,0.01265686781279392,0.01012018500789645,4,4,0.4,0.0
bipolarization,heterogeneous,39,M35,bipol_ndist_speak,false,true,0,7043372089166577700.0,0,0.05,0.1,0.5,0.1,0.05,0.1,0.1,0.05,25,0.01380628072130774,0.03356318306044333,0.01274543948452249,0.00913513312040385,4,4,0.4,0.0
bipolarization,homogeneous,23,H11,bipol_ndist_speak,false,true,0,7240713591891685400.0,0,0.05,0.4,0.5,0.1,0.05,0.1,0.1,0.05,45,0.01309938700274348,0.06841549647239241,0.00019524800570945,0.00006787486734918,2,4,0.09999999999999998,0.0
bipolarization,heterogeneous,25,M6,bipol_ndist_speak,false,true,0,4692690466958798800.0,0,0.05,0.1,0.8,0.3,0.05,0.1,0.1,0.05,15,0.02801205751790883,0.02276234567901236,0.02801205751790883,0.01317176068815727,3,3,0.7000000000000001,0.0
bipolarization,heterogeneous,25,M6,bipol_ndist_speak,false,true,0,7240713591891685400.0,0,0.05,0.1,0.8,0.3,0.05,0.1,0.1,0.05,15,0.02801205751790883,0.02276234567901236,0.02801205751790883,0.01317176068815727,3,3,0.7000000000000001,0.0
bipolarization,heterogeneous,25,M6,bipol_ndist_speak,false,true,0,8636175130330607600.0,0,0.05,0.1,0.8,0.3,0.05,0.1,0.1,0.05,15,0.02801205751790883,0.02276234567901236,0.02801205751790883,0.01317176068815727,3,3,0.7000000000000001,0.0
bipolarization,homogeneous,23,H11,bipol_ndist_speak,false,true,0,6905470370856337400.0,0,0.05,0.4,0.5,0.1,0.05,0.1,0.1,0.05,45,0.01309938700274348,0.05757342027459965,0.00019524800570945,0.00006787486734918,1,4,0.09999999999999998,0.0
bipolarization,homogeneous,23,H11,bipol_ndist_speak,false,true,0,8636175130330607600.0,0,0.05,0.4,0.5,0.1,0.05,0.1,0.1,0.05,45,0.01309938700274348,0.0684712957080624,0.00019524800570945,0.00006787486734918,2,4,0.09999999999999998,0.0
bipolarization,heterogeneous,39,M35,bipol_ndist_speak,false,true,0,4286360386944651300.0,0,0.05,0.1,0.5,0.1,0.05,0.1,0.1,0.05,20,0.01380628072130774,0.03711724550498158,0.0131120680089931,0.00989376898097291,4,4,0.4,0.0
bipolarization,heterogeneous,25,M6,bipol_ndist_speak,false,true,0,6905470370856337400.0,0,0.05,0.1,0.8,0.3,0.05,0.1,0.1,0.05,15,0.02801205751790883,0.02276234567901236,0.02801205751790883,0.01317176068815727,3,3,0.7000000000000001,0.0
bipolarization,homogeneous,23,H11,bipol_ndist_speak,false,true,0,4398895106259038200.0,0,0.05,0.4,0.5,0.1,0.05,0.1,0.1,0.05,45,0.01309938700274348,0.05765485001055402,0.00019524800570945,0.00006787486734918,1,4,0.09999999999999998,0.0
bipolarization,heterogeneous,39,M35,bipol_ndist_speak,false,true,0,8803618445054126100.0,0,0.05,0.1,0.5,0.1,0.05,0.1,0.1,0.05,30,0.01380628072130774,0.04022862071316025,0.01262049340690855,0.01002173106834043,4,4,0.4,0.0
bipolarization,homogeneous,23,H11,bipol_ndist_speak,false,true,0,7139002048363152400.0,0,0.05,0.4,0.5,0.1,0.05,0.1,0.1,0.05,50,0.01309938700274348,0.06387615913371733,0.00006999366142518,0.00004063919032786,1,4,0.09999999999999998,0.0
bipolarization,heterogeneous,39,M35,bipol_ndist_speak,false,true,0,4477927936947039200.0,0,0.05,0.1,0.5,0.1,0.05,0.1,0.1,0.05,25,0.01380628072130774,0.03623494346215611,0.01362622681977202,0.00980815154217715,4,4,0.4,0.0
bipolarization,homogeneous,23,H11,bipol_ndist_speak,false,true,0,7043372089166577700.0,0,0.05,0.4,0.5,0.1,0.05,0.1,0.1,0.05,45,0.01309938700274348,0.06173790334341996,0.00019524800570945,0.00006787486734918,1,4,0.09999999999999998,0.0
bipolarization,homogeneous,23,H11,bipol_ndist_speak,false,true,0,109591146466576384.0,0,0.05,0.4,0.5,0.1,0.05,0.1,0.1,0.05,45,0.01309938700274348,0.05718826245641188,0.00019524800570945,0.00006787486734918,1,4,0.09999999999999998,0.0
bipolarization,homogeneous,23,H11,bipol_ndist_speak,false,true,0,4692690466958798800.0,0,0.05,0.4,0.5,0.1,0.05,0.1,0.1,0.05,50,0.01309938700274348,0.06035352762583802,0.00006999366142518,0.00004063919032786,1,4,0.09999999999999998,0.0
bipolarization,heterogeneous,25,M6,bipol_ndist_speak,false,true,0,5702577027890589700.0,0,0.05,0.1,0.8,0.3,0.05,0.1,0.1,0.05,15,0.02801205751790883,0.02276234567901236,0.02801205751790883,0.01317176068815727,3,3,0.7000000000000001,0.0
bipolarization,heterogeneous,39,M35,bipol_ndist_speak,false,true,0,7128893484183252000.0,0,0.05,0.1,0.5,0.1,0.05,0.1,0.1,0.05,30,0.01380628072130774,0.04047849050830138,0.01357974440599529,0.01073409251573052,3,4,0.4,0.0
bipolarization,homogeneous,23,H11,bipol_ndist_speak,false,true,0,4286360386944651300.0,0,0.05,0.4,0.5,0.1,0.05,0.1,0.1,0.05,45,0.01309938700274348,0.06520828029325397,0.00019524800570945,0.00006787486734918,2,4,0.09999999999999998,0.0
bipolarization,heterogeneous,25,M6,bipol_ndist_speak,false,true,0,1841142524168585220.0,0,0.05,0.1,0.8,0.3,0.05,0.1,0.1,0.05,15,0.02801205751790883,0.02276234567901236,0.02801205751790883,0.01317176068815727,3,3,0.7000000000000001,0.0
bipolarization,heterogeneous,25,M6,bipol_ndist_speak,false,true,0,4398895106259038200.0,0,0.05,0.1,0.8,0.3,0.05,0.1,0.1,0.05,15,0.02801205751790883,0.02276234567901236,0.02801205751790883,0.01317176068815727,3,3,0.7000000000000001,0.0
bipolarization,homogeneous,23,H11,bipol_ndist_speak,false,true,0,8803618445054126100.0,0,0.05,0.4,0.5,0.1,0.05,0.1,0.1,0.05,50,0.01309938700274348,0.07226686501701166,0.00006999366142518,0.00004063919032786,2,4,0.09999999999999998,0.0
bipolarization,homogeneous,23,H11,bipol_ndist_speak,false,true,0,4342572612484808700.0,0,0.05,0.4,0.5,0.1,0.05,0.1,0.1,0.05,50,0.01309938700274348,0.05807336694741497,0.00006999366142518,0.00004063919032786,1,4,0.09999999999999998,0.0
bipolarization,heterogeneous,25,M6,bipol_ndist_speak,false,true,0,8803618445054126100.0,0,0.05,0.1,0.8,0.3,0.05,0.1,0.1,0.05,15,0.02801205751790883,0.02276234567901236,0.02801205751790883,0.01317176068815727,3,3,0.7000000000000001,0.0
bipolarization,homogeneous,23,H11,bipol_ndist_speak,false,true,0,7128893484183252000.0,0,0.05,0.4,0.5,0.1,0.05,0.1,0.1,0.05,50,0.01309938700274348,0.06857947396391566,0.00006999366142518,0.00004063919032786,1,4,0.09999999999999998,0.0
bipolarization,heterogeneous,25,M6,bipol_ndist_speak,false,true,0,4342572612484808700.0,0,0.05,0.1,0.8,0.3,0.05,0.1,0.1,0.05,15,0.02801205751790883,0.02276234567901236,0.02801205751790883,0.01317176068815727,3,3,0.7000000000000001,0.0
bipolarization,homogeneous,23,H11,bipol_ndist_speak,false,true,0,1841142524168585220.0,0,0.05,0.4,0.5,0.1,0.05,0.1,0.1,0.05,55,0.01309938700274348,0.06288948686201372,0.00006999366142518,0.00002433218443003,1,4,0.09999999999999998,0.0
bipolarization,homogeneous,23,H11,bipol_ndist_speak,false,true,0,5702577027890589700.0,0,0.05,0.4,0.5,0.1,0.05,0.1,0.1,0.05,55,0.01309938700274348,0.06914854224304137,0.00006999366142518,0.00002433218443003,1,4,0.09999999999999998,0.0
bipolarization,heterogeneous,25,M6,bipol_ndist_speak,false,true,0,109591146466576384.0,0,0.05,0.1,0.8,0.3,0.05,0.1,0.1,0.05,15,0.02801205751790883,0.02276234567901236,0.02801205751790883,0.01317176068815727,3,3,0.7000000000000001,0.0
bipolarization,heterogeneous,25,M6,bipol_ndist_speak,false,true,0,7043372089166577700.0,0,0.05,0.1,0.8,0.3,0.05,0.1,0.1,0.05,15,0.02801205751790883,0.02276234567901236,0.02801205751790883,0.01317176068815727,3,3,0.7000000000000001,0.0
bipolarization,heterogeneous,25,M6,bipol_ndist_speak,false,true,0,7128893484183252000.0,0,0.05,0.1,0.8,0.3,0.05,0.1,0.1,0.05,15,0.02801205751790883,0.02276234567901236,0.02801205751790883,0.01317176068815727,3,3,0.7000000000000001,0.0
bipolarization,heterogeneous,25,M6,bipol_ndist_speak,false,true,0,4477927936947039200.0,0,0.05,0.1,0.8,0.3,0.05,0.1,0.1,0.05,15,0.02801205751790883,0.02276234567901236,0.02801205751790883,0.01317176068815727,3,3,0.7000000000000001,0.0
bipolarization,heterogeneous,18,M24,bipol_ndist_speak,false,true,0,7139002048363152400.0,0,0.05,0.1,0.5,0.3,0.05,0.1,0.1,0.05,15,0.00943876457475996,0.05884426958539048,0.00938551214494425,0.00602966659000456,3,3,0.4,0.0
bipolarization,heterogeneous,18,M24,bipol_ndist_speak,false,true,0,4692690466958798800.0,0,0.05,0.1,0.5,0.3,0.05,0.1,0.1,0.05,15,0.00943876457475996,0.05894025055056541,0.00942756514561947,0.00603884085122845,3,3,0.4,0.0
bipolarization,heterogeneous,25,M6,bipol_ndist_speak,false,true,0,4286360386944651300.0,0,0.05,0.1,0.8,0.3,0.05,0.1,0.1,0.05,15,0.02801205751790883,0.02276234567901236,0.02801205751790883,0.01317176068815727,3,3,0.7000000000000001,0.0
bipolarization,heterogeneous,18,M24,bipol_ndist_speak,false,true,0,7240713591891685400.0,0,0.05,0.1,0.5,0.3,0.05,0.1,0.1,0.05,15,0.00943876457475996,0.05884426958539048,0.00941350550942282,0.00603511782396891,3,3,0.4,0.0
bipolarization,homogeneous,23,H11,bipol_ndist_speak,false,true,0,4477927936947039200.0,0,0.05,0.4,0.5,0.1,0.05,0.1,0.1,0.05,55,0.01309938700274348,0.06164834154125408,0.00006999366142518,0.00002433218443003,1,4,0.09999999999999998,0.0
bipolarization,heterogeneous,18,M24,bipol_ndist_speak,false,true,0,1841142524168585220.0,0,0.05,0.1,0.5,0.3,0.05,0.1,0.1,0.05,15,0.00943876457475996,0.05884426958539048,0.00943702203668451,0.00606058108704387,3,3,0.4,0.0
bipolarization,heterogeneous,18,M24,bipol_ndist_speak,false,true,0,8636175130330607600.0,0,0.05,0.1,0.5,0.3,0.05,0.1,0.1,0.05,15,0.00943876457475996,0.0587432369904695,0.00938551214494425,0.00597987684371933,3,3,0.4,0.0
bipolarization,heterogeneous,18,M24,bipol_ndist_speak,false,true,0,6905470370856337400.0,0,0.05,0.1,0.5,0.3,0.05,0.1,0.1,0.05,15,0.00943876457475996,0.05911805528855195,0.00946961900621472,0.00611040482223832,3,3,0.4,0.0
bipolarization,heterogeneous,18,M24,bipol_ndist_speak,false,true,0,5702577027890589700.0,0,0.05,0.1,0.5,0.3,0.05,0.1,0.1,0.05,15,0.00943876457475996,0.0587432369904695,0.00943067577124069,0.00600374826708028,3,3,0.4,0.0
bipolarization,heterogeneous,18,M24,bipol_ndist_speak,false,true,0,4342572612484808700.0,0,0.05,0.1,0.5,0.3,0.05,0.1,0.1,0.05,15,0.00943876457475996,0.05903143246748159,0.00947220418065884,0.00611110030303702,3,3,0.4,0.0
bipolarization,heterogeneous,18,M24,bipol_ndist_speak,false,true,0,8803618445054126100.0,0,0.05,0.1,0.5,0.3,0.05,0.1,0.1,0.05,15,0.00943876457475996,0.0586368868905527,0.00938176332468622,0.00596984483358683,3,3,0.4,0.0
bipolarization,heterogeneous,18,M24,bipol_ndist_speak,false,true,0,4398895106259038200.0,0,0.05,0.1,0.5,0.3,0.05,0.1,0.1,0.05,15,0.00943876457475996,0.05852493941695606,0.0094589099600155,0.00599832158726481,3,3,0.4,0.0
bipolarization,heterogeneous,18,M24,bipol_ndist_speak,false,true,0,7043372089166577700.0,0,0.05,0.1,0.5,0.3,0.05,0.1,0.1,0.05,15,0.00943876457475996,0.05894025055056541,0.00931701893963015,0.00598343400889579,3,3,0.4,0.0
bipolarization,heterogeneous,18,M24,bipol_ndist_speak,false,true,0,109591146466576384.0,0,0.05,0.1,0.5,0.3,0.05,0.1,0.1,0.05,15,0.00943876457475996,0.0587432369904695,0.00943558177542557,0.00603177419634645,3,3,0.4,0.0
bipolarization,heterogeneous,18,M24,bipol_ndist_speak,false,true,0,4477927936947039200.0,0,0.05,0.1,0.5,0.3,0.05,0.1,0.1,0.05,15,0.00943876457475996,0.0587432369904695,0.00943300287210174,0.00603023048711365,3,3,0.4,0.0
bipolarization,heterogeneous,18,M24,bipol_ndist_speak,false,true,0,7128893484183252000.0,0,0.05,0.1,0.5,0.3,0.05,0.1,0.1,0.05,15,0.00943876457475996,0.0586368868905527,0.00940639848560683,0.00597392759269023,3,3,0.4,0.0
bipolarization,heterogeneous,18,M24,bipol_ndist_speak,false,true,0,4286360386944651300.0,0,0.05,0.1,0.5,0.3,0.05,0.1,0.1,0.05,15,0.00943876457475996,0.05903143246748159,0.00947848407860428,0.00609466086328648,3,3,0.4,0.0
bipolarization,homogeneous,42,H21,bipol_ndist_speak,false,true,0,7139002048363152400.0,0,0.05,0.1,0.5,0.1,0.05,0.1,0.1,0.05,20,0.00128224062821502,0.03551239674325608,0.00014871711630149,0.00008428328259881,1,1,0.4,0.0
bipolarization,homogeneous,42,H21,bipol_ndist_speak,false,true,0,1841142524168585220.0,0,0.05,0.1,0.5,0.1,0.05,0.1,0.1,0.05,20,0.00128224062821502,0.03966453589615537,0.00014871711630149,0.00008428328259881,1,1,0.4,0.0
bipolarization,homogeneous,42,H21,bipol_ndist_speak,false,true,0,8636175130330607600.0,0,0.05,0.1,0.5,0.1,0.05,0.1,0.1,0.05,25,0.00128224062821502,0.03563113877863976,0.00014871711630149,0.00005046351465218,1,1,0.4,0.0
bipolarization,homogeneous,42,H21,bipol_ndist_speak,false,true,0,4286360386944651300.0,0,0.05,0.1,0.5,0.1,0.05,0.1,0.1,0.05,20,0.00128224062821502,0.04101272314914521,0.00014871711630149,0.00008428328259881,1,1,0.4,0.0
bipolarization,homogeneous,42,H21,bipol_ndist_speak,false,true,0,4398895106259038200.0,0,0.05,0.1,0.5,0.1,0.05,0.1,0.1,0.05,25,0.00128224062821502,0.03397337894628367,0.00014871711630149,0.00005046351465218,1,1,0.4,0.0
bipolarization,homogeneous,41,H20,bipol_ndist_speak,false,true,0,7139002048363152400.0,0,0.05,0.1,0.8,0.3,0.05,0.1,0.1,0.05,15,0.00048024369855967,0.06460256660915566,0.0001553749462463,0.00005890521445805,1,1,0.7000000000000001,0.0
bipolarization,homogeneous,42,H21,bipol_ndist_speak,false,true,0,4692690466958798800.0,0,0.05,0.1,0.5,0.1,0.05,0.1,0.1,0.05,30,0.00128224062821502,0.03518989650690996,0.00005331299261528,0.00003021437030606,1,1,0.4,0.0
bipolarization,homogeneous,42,H21,bipol_ndist_speak,false,true,0,7043372089166577700.0,0,0.05,0.1,0.5,0.1,0.05,0.1,0.1,0.05,25,0.00128224062821502,0.03596651553563623,0.00014871711630149,0.00005046351465218,1,1,0.4,0.0
bipolarization,homogeneous,42,H21,bipol_ndist_speak,false,true,0,7240713591891685400.0,0,0.05,0.1,0.5,0.1,0.05,0.1,0.1,0.05,30,0.00128224062821502,0.03625771440311716,0.00005331299261528,0.00003021437030606,1,1,0.4,0.0
bipolarization,homogeneous,42,H21,bipol_ndist_speak,false,true,0,4477927936947039200.0,0,0.05,0.1,0.5,0.1,0.05,0.1,0.1,0.05,25,0.00128224062821502,0.03516228194439111,0.00014871711630149,0.00005046351465218,1,1,0.4,0.0
bipolarization,homogeneous,41,H20,bipol_ndist_speak,false,true,0,7240713591891685400.0,0,0.05,0.1,0.8,0.3,0.05,0.1,0.1,0.05,20,0.00048024369855967,0.06510459392802934,0.00005569973092428,0.0000352687278098,1,1,0.7000000000000001,0.0
bipolarization,homogeneous,42,H21,bipol_ndist_speak,false,true,0,8803618445054126100.0,0,0.05,0.1,0.5,0.1,0.05,0.1,0.1,0.05,30,0.00128224062821502,0.03616847454009524,0.00005331299261528,0.00003021437030606,1,1,0.4,0.0
bipolarization,homogeneous,42,H21,bipol_ndist_speak,false,true,0,4342572612484808700.0,0,0.05,0.1,0.5,0.1,0.05,0.1,0.1,0.05,30,0.00128224062821502,0.03873803049125964,0.00005331299261528,0.00003021437030606,1,1,0.4,0.0
bipolarization,homogeneous,42,H21,bipol_ndist_speak,false,true,0,7128893484183252000.0,0,0.05,0.1,0.5,0.1,0.05,0.1,0.1,0.05,30,0.00128224062821502,0.03720693294162972,0.00005331299261528,0.00003021437030605,1,1,0.4,0.0
bipolarization,homogeneous,42,H21,bipol_ndist_speak,false,true,0,6905470370856337400.0,0,0.05,0.1,0.5,0.1,0.05,0.1,0.1,0.05,35,0.00128224062821502,0.04155961610263387,0.00005331299261528,0.00001809045959806,1,1,0.4,0.0
bipolarization,homogeneous,42,H21,bipol_ndist_speak,false,true,0,5702577027890589700.0,0,0.05,0.1,0.5,0.1,0.05,0.1,0.1,0.05,35,0.00128224062821502,0.03554548215481888,0.00005331299261528,0.00001809045959806,1,1,0.4,0.0
bipolarization,heterogeneous,9,M9,bipol_ndist_speak,false,true,0,7139002048363152400.0,0,0.05,0.1,0.5,0.1,0.05,0.1,0.1,0.05,30,0.01965549714934841,0.04373731115836801,0.01919913175952842,0.01408337611797123,2,3,0.4,0.0
bipolarization,homogeneous,41,H20,bipol_ndist_speak,false,true,0,8636175130330607600.0,0,0.05,0.1,0.8,0.3,0.05,0.1,0.1,0.05,15,0.00048024369855967,0.06462418619668713,0.0001553749462463,0.00005890521445805,1,1,0.7000000000000001,0.0
bipolarization,heterogeneous,9,M9,bipol_ndist_speak,false,true,0,4398895106259038200.0,0,0.05,0.1,0.5,0.1,0.05,0.1,0.1,0.05,30,0.01965549714934841,0.04449467778142874,0.01918239854698877,0.01388294924746546,2,3,0.4,0.0
bipolarization,heterogeneous,9,M9,bipol_ndist_speak,false,true,0,8803618445054126100.0,0,0.05,0.1,0.5,0.1,0.05,0.1,0.1,0.05,30,0.01965549714934841,0.04340896987988174,0.01849891060858026,0.01352148129247385,2,3,0.4,0.0
bipolarization,homogeneous,42,H21,bipol_ndist_speak,false,true,0,109591146466576384.0,0,0.05,0.1,0.5,0.1,0.05,0.1,0.1,0.05,35,0.00128224062821502,0.03691110042189441,0.00005331299261528,0.00001809045959806,1,1,0.4,0.0
bipolarization,homogeneous,41,H20,bipol_ndist_speak,false,true,0,4692690466958798800.0,0,0.05,0.1,0.8,0.3,0.05,0.1,0.1,0.05,20,0.00048024369855967,0.06281736556378863,0.00005569973092428,0.0000352687278098,1,1,0.7000000000000001,0.0
bipolarization,heterogeneous,9,M9,bipol_ndist_speak,false,true,0,109591146466576384.0,0,0.05,0.1,0.5,0.1,0.05,0.1,0.1,0.05,30,0.01965549714934841,0.04284821206752992,0.01897380844534105,0.01393635193954488,2,3,0.4,0.0
bipolarization,homogeneous,41,H20,bipol_ndist_speak,false,true,0,6905470370856337400.0,0,0.05,0.1,0.8,0.3,0.05,0.1,0.1,0.05,15,0.00048024369855967,0.06358480470166449,0.0001553749462463,0.00005890521445805,1,1,0.7000000000000001,0.0
bipolarization,heterogeneous,9,M9,bipol_ndist_speak,false,true,0,7240713591891685400.0,0,0.05,0.1,0.5,0.1,0.05,0.1,0.1,0.05,35,0.01965549714934841,0.04380872011827813,0.01866099315333484,0.01405829019101806,2,3,0.4,0.0
bipolarization,homogeneous,41,H20,bipol_ndist_speak,false,true,0,1841142524168585220.0,0,0.05,0.1,0.8,0.3,0.05,0.1,0.1,0.05,15,0.00048024369855967,0.06497719381911835,0.0001553749462463,0.00005890521445806,1,1,0.7000000000000001,0.0
bipolarization,heterogeneous,9,M9,bipol_ndist_speak,false,true,0,5702577027890589700.0,0,0.05,0.1,0.5,0.1,0.05,0.1,0.1,0.05,35,0.01965549714934841,0.04611205371850716,0.01856740493930271,0.01412077335975092,2,3,0.4,0.0
bipolarization,homogeneous,41,H20,bipol_ndist_speak,false,true,0,8803618445054126100.0,0,0.05,0.1,0.8,0.3,0.05,0.1,0.1,0.05,15,0.00048024369855967,0.06561215925195635,0.0001553749462463,0.00005890521445806,1,1,0.7000000000000001,0.0
bipolarization,homogeneous,41,H20,bipol_ndist_speak,false,true,0,4342572612484808700.0,0,0.05,0.1,0.8,0.3,0.05,0.1,0.1,0.05,15,0.00048024369855967,0.06410807293571344,0.0001553749462463,0.00005890521445805,1,1,0.7000000000000001,0.0
bipolarization,heterogeneous,9,M9,bipol_ndist_speak,false,true,0,7043372089166577700.0,0,0.05,0.1,0.5,0.1,0.05,0.1,0.1,0.05,35,0.01965549714934841,0.04715421142821911,0.01746100338701406,0.01284857133929004,2,3,0.4,0.0
bipolarization,homogeneous,41,H20,bipol_ndist_speak,false,true,0,5702577027890589700.0,0,0.05,0.1,0.8,0.3,0.05,0.1,0.1,0.05,20,0.00048024369855967,0.06440673693585715,0.00005569973092428,0.0000352687278098,1,1,0.7000000000000001,0.0
bipolarization,homogeneous,41,H20,bipol_ndist_speak,false,true,0,109591146466576384.0,0,0.05,0.1,0.8,0.3,0.05,0.1,0.1,0.05,15,0.00048024369855967,0.06587110281349831,0.0001553749462463,0.00005890521445806,1,1,0.7000000000000001,0.0
bipolarization,homogeneous,41,H20,bipol_ndist_speak,false,true,0,4398895106259038200.0,0,0.05,0.1,0.8,0.3,0.05,0.1,0.1,0.05,20,0.00048024369855967,0.06725090635248787,0.00005569973092428,0.0000352687278098,1,1,0.7000000000000001,0.0
bipolarization,heterogeneous,9,M9,bipol_ndist_speak,false,true,0,1841142524168585220.0,0,0.05,0.1,0.5,0.1,0.05,0.1,0.1,0.05,40,0.01965549714934841,0.04256438756095794,0.01999604455034837,0.01546789253701993,2,3,0.4,0.0
bipolarization,homogeneous,41,H20,bipol_ndist_speak,false,true,0,4286360386944651300.0,0,0.05,0.1,0.8,0.3,0.05,0.1,0.1,0.05,15,0.00048024369855967,0.06395760466316006,0.0001553749462463,0.00005890521445806,1,1,0.7000000000000001,0.0
bipolarization,homogeneous,41,H20,bipol_ndist_speak,false,true,0,4477927936947039200.0,0,0.05,0.1,0.8,0.3,0.05,0.1,0.1,0.05,15,0.00048024369855967,0.06486318421929309,0.0001553749462463,0.00005890521445806,1,1,0.7000000000000001,0.0
bipolarization,heterogeneous,9,M9,bipol_ndist_speak,false,true,0,4342572612484808700.0,0,0.05,0.1,0.5,0.1,0.05,0.1,0.1,0.05,40,0.01965549714934841,0.04033802831950829,0.02004306495933077,0.01547852290674822,2,3,0.4,0.0
bipolarization,heterogeneous,9,M9,bipol_ndist_speak,false,true,0,4477927936947039200.0,0,0.05,0.1,0.5,0.1,0.05,0.1,0.1,0.05,40,0.01965549714934841,0.04147345044225441,0.01922347282132914,0.01469068315441401,2,3,0.4,0.0
bipolarization,homogeneous,41,H20,bipol_ndist_speak,false,true,0,7128893484183252000.0,0,0.05,0.1,0.8,0.3,0.05,0.1,0.1,0.05,20,0.00048024369855967,0.06512194374632765,0.00005569973092428,0.0000352687278098,1,1,0.7000000000000001,0.0
bipolarization,heterogeneous,9,M9,bipol_ndist_speak,false,true,0,6905470370856337400.0,0,0.05,0.1,0.5,0.1,0.05,0.1,0.1,0.05,45,0.01965549714934841,0.04231088192900397,0.0193863417788599,0.01525612663886844,2,3,0.4,0.0
bipolarization,homogeneous,41,H20,bipol_ndist_speak,false,true,0,7043372089166577700.0,0,0.05,0.1,0.8,0.3,0.05,0.1,0.1,0.05,25,0.00048024369855967,0.06319175808464725,0.00005569973092428,0.00002111669013967,1,1,0.7000000000000001,0.0
bipolarization,homogeneous,42,H21,bipol_ndist_speak,false,true,0,7139002048363152400.0,0,0.05,0.4,0.5,0.3,0.05,0.1,0.1,0.05,20,0.00128224062821502,0.03551239674325608,0.00014871711630149,0.00008428328259881,1,1,0.09999999999999998,0.0
bipolarization,heterogeneous,9,M9,bipol_ndist_speak,false,true,0,4692690466958798800.0,0,0.05,0.1,0.5,0.1,0.05,0.1,0.1,0.05,50,0.01965549714934841,0.0476482050882024,0.01845150843143204,0.01464467813458555,2,3,0.4,0.0
bipolarization,homogeneous,42,H21,bipol_ndist_speak,false,true,0,1841142524168585220.0,0,0.05,0.4,0.5,0.3,0.05,0.1,0.1,0.05,20,0.00128224062821502,0.03966453589615537,0.00014871711630149,0.00008428328259881,1,1,0.09999999999999998,0.0
bipolarization,heterogeneous,25,M6,bipol_ndist_speak,false,true,0,7240713591891685400.0,0,0.5,0.1,0.8,0.1,0.05,0.1,0.1,0.05,15,0.02801205751790883,0.02276234567901236,0.02801205751790883,0.01317176068815727,3,3,0.7000000000000001,0.0
bipolarization,heterogeneous,9,M9,bipol_ndist_speak,false,true,0,7128893484183252000.0,0,0.05,0.1,0.5,0.1,0.05,0.1,0.1,0.05,50,0.01965549714934841,0.04631165283353023,0.0179637089000635,0.01423562194087309,2,3,0.4,0.0
bipolarization,heterogeneous,25,M6,bipol_ndist_speak,false,true,0,7139002048363152400.0,0,0.5,0.1,0.8,0.1,0.05,0.1,0.1,0.05,15,0.02801205751790883,0.02276234567901236,0.02801205751790883,0.01317176068815727,3,3,0.7000000000000001,0.0
bipolarization,heterogeneous,25,M6,bipol_ndist_speak,false,true,0,8636175130330607600.0,0,0.5,0.1,0.8,0.1,0.05,0.1,0.1,0.05,15,0.02801205751790883,0.02276234567901236,0.02801205751790883,0.01317176068815727,3,3,0.7000000000000001,0.0
bipolarization,heterogeneous,25,M6,bipol_ndist_speak,false,true,0,4692690466958798800.0,0,0.5,0.1,0.8,0.1,0.05,0.1,0.1,0.05,15,0.02801205751790883,0.02276234567901236,0.02801205751790883,0.01317176068815727,3,3,0.7000000000000001,0.0
bipolarization,heterogeneous,9,M9,bipol_ndist_speak,false,true,0,4286360386944651300.0,0,0.05,0.1,0.5,0.1,0.05,0.1,0.1,0.05,50,0.01965549714934841,0.04255310453835623,0.01900333426156831,0.0151306756453127,2,3,0.4,0.0
bipolarization,homogeneous,42,H21,bipol_ndist_speak,false,true,0,8636175130330607600.0,0,0.05,0.4,0.5,0.3,0.05,0.1,0.1,0.05,25,0.00128224062821502,0.03563113877863976,0.00014871711630149,0.00005046351465218,1,1,0.09999999999999998,0.0
bipolarization,heterogeneous,25,M6,bipol_ndist_speak,false,true,0,6905470370856337400.0,0,0.5,0.1,0.8,0.1,0.05,0.1,0.1,0.05,15,0.02801205751790883,0.02276234567901236,0.02801205751790883,0.01317176068815727,3,3,0.7000000000000001,0.0
bipolarization,heterogeneous,25,M6,bipol_ndist_speak,false,true,0,1841142524168585220.0,0,0.5,0.1,0.8,0.1,0.05,0.1,0.1,0.05,15,0.02801205751790883,0.02276234567901236,0.02801205751790883,0.01317176068815727,3,3,0.7000000000000001,0.0
bipolarization,heterogeneous,25,M6,bipol_ndist_speak,false,true,0,5702577027890589700.0,0,0.5,0.1,0.8,0.1,0.05,0.1,0.1,0.05,15,0.02801205751790883,0.02276234567901236,0.02801205751790883,0.01317176068815727,3,3,0.7000000000000001,0.0
bipolarization,homogeneous,42,H21,bipol_ndist_speak,false,true,0,4286360386944651300.0,0,0.05,0.4,0.5,0.3,0.05,0.1,0.1,0.05,20,0.00128224062821502,0.04101272314914521,0.00014871711630149,0.00008428328259881,1,1,0.09999999999999998,0.0
bipolarization,homogeneous,42,H21,bipol_ndist_speak,false,true,0,4398895106259038200.0,0,0.05,0.4,0.5,0.3,0.05,0.1,0.1,0.05,25,0.00128224062821502,0.03397337894628367,0.00014871711630149,0.00005046351465218,1,1,0.09999999999999998,0.0
bipolarization,heterogeneous,25,M6,bipol_ndist_speak,false,true,0,4398895106259038200.0,0,0.5,0.1,0.8,0.1,0.05,0.1,0.1,0.05,15,0.02801205751790883,0.02276234567901236,0.02801205751790883,0.01317176068815727,3,3,0.7000000000000001,0.0
bipolarization,homogeneous,42,H21,bipol_ndist_speak,false,true,0,7240713591891685400.0,0,0.05,0.4,0.5,0.3,0.05,0.1,0.1,0.05,30,0.00128224062821502,0.03625771440311716,0.00005331299261528,0.00003021437030606,1,1,0.09999999999999998,0.0
bipolarization,homogeneous,42,H21,bipol_ndist_speak,false,true,0,4692690466958798800.0,0,0.05,0.4,0.5,0.3,0.05,0.1,0.1,0.05,30,0.00128224062821502,0.03518989650690996,0.00005331299261528,0.00003021437030606,1,1,0.09999999999999998,0.0
bipolarization,heterogeneous,25,M6,bipol_ndist_speak,false,true,0,8803618445054126100.0,0,0.5,0.1,0.8,0.1,0.05,0.1,0.1,0.05,15,0.02801205751790883,0.02276234567901236,0.02801205751790883,0.01317176068815727,3,3,0.7000000000000001,0.0
bipolarization,homogeneous,42,H21,bipol_ndist_speak,false,true,0,7043372089166577700.0,0,0.05,0.4,0.5,0.3,0.05,0.1,0.1,0.05,25,0.00128224062821502,0.03596651553563623,0.00014871711630149,0.00005046351465218,1,1,0.09999999999999998,0.0
bipolarization,heterogeneous,9,M9,bipol_ndist_speak,false,true,0,8636175130330607600.0,0,0.05,0.1,0.5,0.1,0.05,0.1,0.1,0.05,60,0.01965549714934841,0.0441875937845338,0.0185996946137474,0.01505116606490781,2,3,0.4,0.0
bipolarization,heterogeneous,25,M6,bipol_ndist_speak,false,true,0,4342572612484808700.0,0,0.5,0.1,0.8,0.1,0.05,0.1,0.1,0.05,15,0.02801205751790883,0.02276234567901236,0.02801205751790883,0.01317176068815727,3,3,0.7000000000000001,0.0
bipolarization,heterogeneous,25,M6,bipol_ndist_speak,false,true,0,7043372089166577700.0,0,0.5,0.1,0.8,0.1,0.05,0.1,0.1,0.05,15,0.02801205751790883,0.02276234567901236,0.02801205751790883,0.01317176068815727,3,3,0.7000000000000001,0.0
bipolarization,homogeneous,42,H21,bipol_ndist_speak,false,true,0,8803618445054126100.0,0,0.05,0.4,0.5,0.3,0.05,0.1,0.1,0.05,30,0.00128224062821502,0.03616847454009524,0.00005331299261528,0.00003021437030606,1,1,0.09999999999999998,0.0
bipolarization,heterogeneous,25,M6,bipol_ndist_speak,false,true,0,109591146466576384.0,0,0.5,0.1,0.8,0.1,0.05,0.1,0.1,0.05,15,0.02801205751790883,0.02276234567901236,0.02801205751790883,0.01317176068815727,3,3,0.7000000000000001,0.0
bipolarization,homogeneous,42,H21,bipol_ndist_speak,false,true,0,4477927936947039200.0,0,0.05,0.4,0.5,0.3,0.05,0.1,0.1,0.05,25,0.00128224062821502,0.03516228194439111,0.00014871711630149,0.00005046351465218,1,1,0.09999999999999998,0.0
bipolarization,heterogeneous,25,M6,bipol_ndist_speak,false,true,0,4477927936947039200.0,0,0.5,0.1,0.8,0.1,0.05,0.1,0.1,0.05,15,0.02801205751790883,0.02276234567901236,0.02801205751790883,0.01317176068815727,3,3,0.7000000000000001,0.0
bipolarization,homogeneous,42,H21,bipol_ndist_speak,false,true,0,4342572612484808700.0,0,0.05,0.4,0.5,0.3,0.05,0.1,0.1,0.05,30,0.00128224062821502,0.03873803049125964,0.00005331299261528,0.00003021437030606,1,1,0.09999999999999998,0.0
bipolarization,heterogeneous,25,M6,bipol_ndist_speak,false,true,0,7128893484183252000.0,0,0.5,0.1,0.8,0.1,0.05,0.1,0.1,0.05,15,0.02801205751790883,0.02276234567901236,0.02801205751790883,0.01317176068815727,3,3,0.7000000000000001,0.0
bipolarization,heterogeneous,25,M6,bipol_ndist_speak,false,true,0,4286360386944651300.0,0,0.5,0.1,0.8,0.1,0.05,0.1,0.1,0.05,15,0.02801205751790883,0.02276234567901236,0.02801205751790883,0.01317176068815727,3,3,0.7000000000000001,0.0
bipolarization,homogeneous,42,H21,bipol_ndist_speak,false,true,0,7128893484183252000.0,0,0.05,0.4,0.5,0.3,0.05,0.1,0.1,0.05,30,0.00128224062821502,0.03720693294162972,0.00005331299261528,0.00003021437030605,1,1,0.09999999999999998,0.0
bipolarization,homogeneous,42,H21,bipol_ndist_speak,false,true,0,6905470370856337400.0,0,0.05,0.4,0.5,0.3,0.05,0.1,0.1,0.05,35,0.00128224062821502,0.04155961610263387,0.00005331299261528,0.00001809045959806,1,1,0.09999999999999998,0.0
bipolarization,homogeneous,42,H21,bipol_ndist_speak,false,true,0,5702577027890589700.0,0,0.05,0.4,0.5,0.3,0.05,0.1,0.1,0.05,35,0.00128224062821502,0.03554548215481888,0.00005331299261528,0.00001809045959806,1,1,0.09999999999999998,0.0
bipolarization,heterogeneous,21,M27,bipol_ndist_speak,false,true,0,7139002048363152400.0,0,0.5,0.1,0.5,0.3,0.05,0.1,0.1,0.05,15,0.01066925416285628,0.0324089144483025,0.01111878010216801,0.00932222684551496,3,4,0.4,0.0
bipolarization,heterogeneous,21,M27,bipol_ndist_speak,false,true,0,7240713591891685400.0,0,0.5,0.1,0.5,0.3,0.05,0.1,0.1,0.05,15,0.01066925416285628,0.03095838758680565,0.01071224134881548,0.00888087141842692,3,4,0.4,0.0
bipolarization,heterogeneous,21,M27,bipol_ndist_speak,false,true,0,4692690466958798800.0,0,0.5,0.1,0.5,0.3,0.05,0.1,0.1,0.05,15,0.01066925416285628,0.04280945106788927,0.01065838127499915,0.01169009780045193,3,4,0.4,0.0
bipolarization,heterogeneous,21,M27,bipol_ndist_speak,false,true,0,8636175130330607600.0,0,0.5,0.1,0.5,0.3,0.05,0.1,0.1,0.05,15,0.01066925416285628,0.06498452174810702,0.00631550488324383,0.01008465737891823,2,4,0.4,0.0
bipolarization,heterogeneous,21,M27,bipol_ndist_speak,false,true,0,6905470370856337400.0,0,0.5,0.1,0.5,0.3,0.05,0.1,0.1,0.05,15,0.01066925416285628,0.04459023181303057,0.01111065065001338,0.01219544899855035,3,4,0.4,0.0
bipolarization,heterogeneous,21,M27,bipol_ndist_speak,false,true,0,5702577027890589700.0,0,0.5,0.1,0.5,0.3,0.05,0.1,0.1,0.05,15,0.01066925416285628,0.03363715277777787,0.01057416657597677,0.00927672773504237,4,4,0.4,0.0
bipolarization,heterogeneous,21,M27,bipol_ndist_speak,false,true,0,1841142524168585220.0,0,0.5,0.1,0.5,0.3,0.05,0.1,0.1,0.05,15,0.01066925416285628,0.06389044537956319,0.00659043275599433,0.01061511316374262,2,4,0.4,0.0
bipolarization,homogeneous,42,H21,bipol_ndist_speak,false,true,0,109591146466576384.0,0,0.05,0.4,0.5,0.3,0.05,0.1,0.1,0.05,35,0.00128224062821502,0.03691110042189441,0.00005331299261528,0.00001809045959806,1,1,0.09999999999999998,0.0
bipolarization,heterogeneous,21,M27,bipol_ndist_speak,false,true,0,4398895106259038200.0,0,0.5,0.1,0.5,0.3,0.05,0.1,0.1,0.05,15,0.01066925416285628,0.03140145760995374,0.01057129364300022,0.0089021228186842,3,4,0.4,0.0
bipolarization,heterogeneous,21,M27,bipol_ndist_speak,false,true,0,4342572612484808700.0,0,0.5,0.1,0.5,0.3,0.05,0.1,0.1,0.05,15,0.01066925416285628,0.03202424225983802,0.01105927894108545,0.00921563376565113,3,4,0.4,0.0
bipolarization,heterogeneous,21,M27,bipol_ndist_speak,false,true,0,8803618445054126100.0,0,0.5,0.1,0.5,0.3,0.05,0.1,0.1,0.05,15,0.01066925416285628,0.06591391857759438,0.0059436897746793,0.00954215985311334,2,4,0.4,0.0
bipolarization,heterogeneous,21,M27,bipol_ndist_speak,false,true,0,7043372089166577700.0,0,0.5,0.1,0.5,0.3,0.05,0.1,0.1,0.05,15,0.01066925416285628,0.04045406388647771,0.01003879585102227,0.01104027819310298,3,4,0.4,0.0
bipolarization,heterogeneous,21,M27,bipol_ndist_speak,false,true,0,7128893484183252000.0,0,0.5,0.1,0.5,0.3,0.05,0.1,0.1,0.05,15,0.01066925416285628,0.06291723840030611,0.00705862536276495,0.0112932183312158,2,4,0.4,0.0
bipolarization,heterogeneous,25,M6,bipol_ndist_speak,false,true,0,7139002048363152400.0,0,0.05,0.1,0.8,0.3,0.05,0.1,0.1,0.05,15,0.02801205751790883,0.02276234567901236,0.02801205751790883,0.01317176068815727,3,3,0.7000000000000001,0.0
bipolarization,heterogeneous,25,M6,bipol_ndist_speak,false,true,0,7240713591891685400.0,0,0.05,0.1,0.8,0.3,0.05,0.1,0.1,0.05,15,0.02801205751790883,0.02276234567901236,0.02801205751790883,0.01317176068815727,3,3,0.7000000000000001,0.0
bipolarization,heterogeneous,21,M27,bipol_ndist_speak,false,true,0,4477927936947039200.0,0,0.5,0.1,0.5,0.3,0.05,0.1,0.1,0.05,15,0.01066925416285628,0.04205925081983038,0.01037731778965076,0.01147196324546426,3,4,0.4,0.0
bipolarization,heterogeneous,21,M27,bipol_ndist_speak,false,true,0,4286360386944651300.0,0,0.5,0.1,0.5,0.3,0.05,0.1,0.1,0.05,15,0.01066925416285628,0.03221149209104942,0.01116461296022312,0.00928392497482252,3,4,0.4,0.0
bipolarization,heterogeneous,25,M6,bipol_ndist_speak,false,true,0,4692690466958798800.0,0,0.05,0.1,0.8,0.3,0.05,0.1,0.1,0.05,15,0.02801205751790883,0.02276234567901236,0.02801205751790883,0.01317176068815727,3,3,0.7000000000000001,0.0
bipolarization,heterogeneous,25,M6,bipol_ndist_speak,false,true,0,6905470370856337400.0,0,0.05,0.1,0.8,0.3,0.05,0.1,0.1,0.05,15,0.02801205751790883,0.02276234567901236,0.02801205751790883,0.01317176068815727,3,3,0.7000000000000001,0.0
bipolarization,heterogeneous,25,M6,bipol_ndist_speak,false,true,0,8636175130330607600.0,0,0.05,0.1,0.8,0.3,0.05,0.1,0.1,0.05,15,0.02801205751790883,0.02276234567901236,0.02801205751790883,0.01317176068815727,3,3,0.7000000000000001,0.0
bipolarization,heterogeneous,25,M6,bipol_ndist_speak,false,true,0,1841142524168585220.0,0,0.05,0.1,0.8,0.3,0.05,0.1,0.1,0.05,15,0.02801205751790883,0.02276234567901236,0.02801205751790883,0.01317176068815727,3,3,0.7000000000000001,0.0
bipolarization,heterogeneous,25,M6,bipol_ndist_speak,false,true,0,5702577027890589700.0,0,0.05,0.1,0.8,0.3,0.05,0.1,0.1,0.05,15,0.02801205751790883,0.02276234567901236,0.02801205751790883,0.01317176068815727,3,3,0.7000000000000001,0.0
bipolarization,heterogeneous,25,M6,bipol_ndist_speak,false,true,0,8803618445054126100.0,0,0.05,0.1,0.8,0.3,0.05,0.1,0.1,0.05,15,0.02801205751790883,0.02276234567901236,0.02801205751790883,0.01317176068815727,3,3,0.7000000000000001,0.0
bipolarization,heterogeneous,21,M27,bipol_ndist_speak,false,true,0,109591146466576384.0,0,0.5,0.1,0.5,0.3,0.05,0.1,0.1,0.05,20,0.01066925416285628,0.06087554310574925,0.00784506189290627,0.01254924085159849,2,4,0.4,0.0
bipolarization,heterogeneous,25,M6,bipol_ndist_speak,false,true,0,4342572612484808700.0,0,0.05,0.1,0.8,0.3,0.05,0.1,0.1,0.05,15,0.02801205751790883,0.02276234567901236,0.02801205751790883,0.01317176068815727,3,3,0.7000000000000001,0.0
bipolarization,heterogeneous,25,M6,bipol_ndist_speak,false,true,0,7043372089166577700.0,0,0.05,0.1,0.8,0.3,0.05,0.1,0.1,0.05,15,0.02801205751790883,0.02276234567901236,0.02801205751790883,0.01317176068815727,3,3,0.7000000000000001,0.0
bipolarization,heterogeneous,25,M6,bipol_ndist_speak,false,true,0,4398895106259038200.0,0,0.05,0.1,0.8,0.3,0.05,0.1,0.1,0.05,15,0.02801205751790883,0.02276234567901236,0.02801205751790883,0.01317176068815727,3,3,0.7000000000000001,0.0
bipolarization,heterogeneous,25,M6,bipol_ndist_speak,false,true,0,109591146466576384.0,0,0.05,0.1,0.8,0.3,0.05,0.1,0.1,0.05,15,0.02801205751790883,0.02276234567901236,0.02801205751790883,0.01317176068815727,3,3,0.7000000000000001,0.0
bipolarization,heterogeneous,25,M6,bipol_ndist_speak,false,true,0,7128893484183252000.0,0,0.05,0.1,0.8,0.3,0.05,0.1,0.1,0.05,15,0.02801205751790883,0.02276234567901236,0.02801205751790883,0.01317176068815727,3,3,0.7000000000000001,0.0
bipolarization,heterogeneous,25,M6,bipol_ndist_speak,false,true,0,4477927936947039200.0,0,0.05,0.1,0.8,0.3,0.05,0.1,0.1,0.05,15,0.02801205751790883,0.02276234567901236,0.02801205751790883,0.01317176068815727,3,3,0.7000000000000001,0.0
bipolarization,heterogeneous,25,M6,bipol_ndist_speak,false,true,0,4286360386944651300.0,0,0.05,0.1,0.8,0.3,0.05,0.1,0.1,0.05,15,0.02801205751790883,0.02276234567901236,0.02801205751790883,0.01317176068815727,3,3,0.7000000000000001,0.0
