model_type,current_condition,selected_debate_id,pro_count,anti_count,convergence_rate,confidence_threshold,repulsion_threshold,repulsion_strength,seed,convergence_cycle,mae,opinion_variance,polarization_index,num_clusters,initial_num_clusters,neutral_zone_width,mean_net_repulsion_abs
consensus,heterogeneous,36,2,2,0.1,0.2,0.8,0.2,7139002048363152400.0,15,0.10854535416117253,0.00183765622070386,0.00148604829219181,2,3,0.6000000000000001,0.0
consensus,heterogeneous,36,2,2,0.1,0.2,0.8,0.2,7240713591891685400.0,15,0.11779859351118241,0.00125197518209376,0.00069382348550052,2,3,0.6000000000000001,0.0
consensus,heterogeneous,51,3,3,0.5,0.6,0.5,0.1,7924300342041792500.0,15,0.13217244478032963,0.00037586104349932,0.00032190335199433,2,4,-0.09999999999999998,0.0
consensus,heterogeneous,51,3,3,0.5,0.6,0.5,0.1,7128893484183252000.0,15,0.12105267180767083,0.00085578731738827,0.00130563072425528,2,4,-0.09999999999999998,0.0
consensus,heterogeneous,51,3,3,0.5,0.6,0.5,0.1,2595646474777646100.0,15,0.13579864285098742,0.00055162558554923,0.00048847410154567,2,4,-0.09999999999999998,0.0
consensus,heterogeneous,51,3,3,0.5,0.6,0.5,0.1,7139002048363152400.0,15,0.12872743324544908,0.00069406113868518,0.00060505988680694,2,4,-0.09999999999999998,0.0
consensus,heterogeneous,51,3,3,0.5,0.6,0.5,0.1,4342572612484808700.0,15,0.12288290205118431,0.00076074831825997,0.00115923959625477,2,4,-0.09999999999999998,0.0
consensus,heterogeneous,51,3,3,0.5,0.6,0.5,0.1,4200730711560847400.0,15,0.1107620969466346,0.00103694278793383,0.00104439811614373,2,4,-0.09999999999999998,0.0
consensus,heterogeneous,51,3,3,0.5,0.6,0.5,0.1,8803618445054126100.0,15,0.14273393127487966,0.00024189579339199,0.00016684435671986,2,4,-0.09999999999999998,0.0
consensus,heterogeneous,51,3,3,0.5,0.6,0.5,0.1,4910962305337055200.0,15,0.13169310628401354,0.00047967977423806,0.00064127474600402,2,4,-0.09999999999999998,0.0
consensus,heterogeneous,51,3,3,0.5,0.6,0.5,0.1,7043372089166577700.0,15,0.13399678339463628,0.00045160545875442,0.00051422509760019,2,4,-0.09999999999999998,0.0
consensus,heterogeneous,51,3,3,0.5,0.6,0.5,0.1,1831297316135118850.0,15,0.12519278394243924,0.00058880623820976,0.00064601972648526,2,4,-0.09999999999999998,0.0
consensus,heterogeneous,51,3,3,0.5,0.6,0.5,0.1,3407647030800275500.0,15,0.13469596025666078,0.0005013255354757,0.00044410594864883,2,4,-0.09999999999999998,0.0
consensus,heterogeneous,51,3,3,0.5,0.6,0.5,0.1,997606725876738050.0,15,0.13205177554252565,0.00055568481205482,0.00063236119663459,2,4,-0.09999999999999998,0.0
consensus,heterogeneous,51,3,3,0.5,0.6,0.5,0.1,115109577693645824.0,15,0.12477465862922739,0.00058004770341271,0.00067711216372106,2,4,-0.09999999999999998,0.0
consensus,heterogeneous,51,3,3,0.5,0.6,0.5,0.1,4490502852978390000.0,15,0.13627202714487216,0.00046151031727623,0.00033755036602684,2,4,-0.09999999999999998,0.0
consensus,heterogeneous,51,3,3,0.5,0.6,0.5,0.1,4398895106259038200.0,15,0.14319080540222298,0.00028990997340152,0.00036085216313331,2,4,-0.09999999999999998,0.0
consensus,heterogeneous,51,3,3,0.5,0.6,0.5,0.1,4692690466958798800.0,15,0.11900113667028367,0.00077612729248487,0.0008593644212726,2,4,-0.09999999999999998,0.0
consensus,heterogeneous,51,3,3,0.5,0.6,0.5,0.1,1841142524168585220.0,15,0.12812387643911582,0.00069670856740787,0.00078455246848056,2,4,-0.09999999999999998,0.0
consensus,heterogeneous,51,3,3,0.5,0.6,0.5,0.1,256029315321952256.0,15,0.13803585211302952,0.00040310108494418,0.00043580799222958,2,4,-0.09999999999999998,0.0
consensus,heterogeneous,51,3,3,0.5,0.6,0.5,0.1,2787618399357031400.0,15,0.12189609911555159,0.0007111964599047,0.00076113060708915,2,4,-0.09999999999999998,0.0
consensus,heterogeneous,51,3,3,0.5,0.6,0.5,0.1,360045816003429380.0,15,0.12584750701627903,0.00074277455024319,0.00058189993079096,2,4,-0.09999999999999998,0.0
consensus,heterogeneous,51,3,3,0.5,0.6,0.5,0.1,6872698498072871900.0,15,0.14185739231355443,0.00035623872234126,0.00037371278590192,2,4,-0.09999999999999998,0.0
consensus,heterogeneous,51,3,3,0.5,0.6,0.5,0.1,4477927936947039200.0,15,0.14201667553190733,0.00027103829224113,0.00029288373241619,2,4,-0.09999999999999998,0.0
consensus,heterogeneous,51,3,3,0.5,0.6,0.5,0.1,22746047218290688.0,15,0.1317302636638595,0.00052088000099173,0.00059917497828265,2,4,-0.09999999999999998,0.0
consensus,heterogeneous,51,3,3,0.5,0.6,0.5,0.1,109591146466576384.0,15,0.12246650583888381,0.00089939518130368,0.00104533601899606,2,4,-0.09999999999999998,0.0
consensus,heterogeneous,51,3,3,0.5,0.6,0.5,0.1,1285926408638267390.0,15,0.1253914253014929,0.0006737483408922,0.00047727697078284,2,4,-0.09999999999999998,0.0
consensus,heterogeneous,51,3,3,0.5,0.6,0.5,0.1,5702577027890589700.0,15,0.1261406557996614,0.00052521940983897,0.00052152034751169,2,4,-0.09999999999999998,0.0
consensus,heterogeneous,51,3,3,0.5,0.6,0.5,0.1,6905470370856337400.0,15,0.12733409174016827,0.00060358873526738,0.00076865411177099,2,4,-0.09999999999999998,0.0
consensus,heterogeneous,51,3,3,0.5,0.6,0.5,0.1,4286360386944651300.0,15,0.11871481045596173,0.00092878420740551,0.00140933207077687,2,4,-0.09999999999999998,0.0
consensus,heterogeneous,51,3,3,0.5,0.6,0.5,0.1,8636175130330607600.0,15,0.1318705318489285,0.00058993794575702,0.00078622058606543,2,4,-0.09999999999999998,0.0
consensus,heterogeneous,51,3,3,0.5,0.6,0.5,0.1,7240713591891685400.0,15,0.13303426408504135,0.00044317505986411,0.00042233462240773,2,4,-0.09999999999999998,0.0
consensus,heterogeneous,36,2,2,0.1,0.2,0.8,0.2,4692690466958798800.0,15,0.11189121903008847,0.00156598116647096,0.00119157380367616,2,3,0.6000000000000001,0.0
consensus,heterogeneous,36,2,2,0.1,0.2,0.8,0.2,8636175130330607600.0,15,0.10786209856470858,0.00191135635070823,0.00136781191132786,2,3,0.6000000000000001,0.0
consensus,heterogeneous,36,2,2,0.1,0.2,0.8,0.2,4398895106259038200.0,15,0.1094964505092691,0.0017790894720912,0.00124563320308342,2,3,0.6000000000000001,0.0
consensus,heterogeneous,36,2,2,0.1,0.2,0.8,0.2,8803618445054126100.0,15,0.1164125439937372,0.00129403359550945,0.0007140832961446,2,3,0.6000000000000001,0.0
consensus,heterogeneous,36,2,2,0.1,0.2,0.8,0.2,1285926408638267390.0,15,0.1077368389603223,0.00190931181055198,0.00147900393844325,2,3,0.6000000000000001,0.0
consensus,heterogeneous,36,2,2,0.1,0.2,0.8,0.2,6905470370856337400.0,15,0.11018348435539911,0.00186003693464266,0.00095660286005575,2,3,0.6000000000000001,0.0
consensus,heterogeneous,36,2,2,0.1,0.2,0.8,0.2,2787618399357031400.0,15,0.10956722389857118,0.00186425566984945,0.00102873110157466,2,3,0.6000000000000001,0.0
consensus,heterogeneous,36,2,2,0.1,0.2,0.8,0.2,1841142524168585220.0,15,0.11039688249905291,0.00173015146687396,0.00114064366292126,2,3,0.6000000000000001,0.0
consensus,heterogeneous,36,2,2,0.1,0.2,0.8,0.2,109591146466576384.0,15,0.11209626068051992,0.00154366658344412,0.00126750698984015,2,3,0.6000000000000001,0.0
consensus,heterogeneous,36,2,2,0.1,0.2,0.8,0.2,7128893484183252000.0,15,0.11297621476632824,0.00157523075244383,0.00085500717060541,2,3,0.6000000000000001,0.0
consensus,heterogeneous,36,2,2,0.1,0.2,0.8,0.2,4342572612484808700.0,15,0.111537309742424,0.00160869678435684,0.00119534401044778,2,3,0.6000000000000001,0.0
consensus,heterogeneous,36,2,2,0.1,0.2,0.8,0.2,4477927936947039200.0,15,0.11357017538046599,0.00152384105119904,0.00097524619742899,2,3,0.6000000000000001,0.0
consensus,heterogeneous,36,2,2,0.1,0.2,0.8,0.2,997606725876738050.0,15,0.10970521043351693,0.00182429726318823,0.00122342197286915,2,3,0.6000000000000001,0.0
consensus,heterogeneous,36,2,2,0.1,0.2,0.8,0.2,4286360386944651300.0,15,0.10819069994340276,0.00192348553155601,0.00129809560933986,2,3,0.6000000000000001,0.0
consensus,heterogeneous,36,2,2,0.1,0.2,0.8,0.2,5702577027890589700.0,15,0.11540403177194136,0.00136735994227506,0.0007587513713225,2,3,0.6000000000000001,0.0
consensus,heterogeneous,36,2,2,0.1,0.2,0.8,0.2,4910962305337055200.0,15,0.1089658363076005,0.00183579345679613,0.00128208486484155,2,3,0.6000000000000001,0.0
consensus,heterogeneous,36,2,2,0.1,0.2,0.8,0.2,7043372089166577700.0,15,0.11464035976675939,0.00152748394765557,0.00073278925248857,2,3,0.6000000000000001,0.0
consensus,heterogeneous,36,2,2,0.1,0.2,0.8,0.2,4490502852978390000.0,15,0.10743963970345118,0.00200963965303807,0.0011856068112521,2,3,0.6000000000000001,0.0
consensus,heterogeneous,36,2,2,0.1,0.2,0.8,0.2,115109577693645824.0,15,0.10698145938904645,0.00198575217066117,0.00145220020544306,2,3,0.6000000000000001,0.0
consensus,heterogeneous,36,2,2,0.1,0.2,0.8,0.2,360045816003429380.0,15,0.1142552843236228,0.00140103506206523,0.00096249095302955,2,3,0.6000000000000001,0.0
consensus,heterogeneous,36,2,2,0.1,0.2,0.8,0.2,3407647030800275500.0,15,0.1099052875187298,0.00180259260846134,0.00106253535623413,2,3,0.6000000000000001,0.0
consensus,heterogeneous,36,2,2,0.1,0.2,0.8,0.2,7924300342041792500.0,15,0.10886415227088825,0.00186318998420065,0.00115248667117821,2,3,0.6000000000000001,0.0
consensus,heterogeneous,36,2,2,0.1,0.2,0.8,0.2,4200730711560847400.0,15,0.10464304822362297,0.00218051788740005,0.00186987123121396,2,3,0.6000000000000001,0.0
consensus,heterogeneous,36,2,2,0.1,0.2,0.8,0.2,2595646474777646100.0,15,0.11686669437676367,0.00121105223109312,0.00081588864125842,2,3,0.6000000000000001,0.0
consensus,heterogeneous,36,2,2,0.1,0.2,0.8,0.2,22746047218290688.0,15,0.11139558699644612,0.00179034670752593,0.00089188527605854,2,3,0.6000000000000001,0.0
consensus,heterogeneous,36,2,2,0.1,0.2,0.8,0.2,1831297316135118850.0,15,0.11012372121559483,0.00185793566953797,0.00101709961379259,2,3,0.6000000000000001,0.0
consensus,heterogeneous,36,2,2,0.1,0.2,0.8,0.2,6872698498072871900.0,15,0.11753107404813862,0.001223508364848,0.00065738848108908,2,3,0.6000000000000001,0.0
consensus,heterogeneous,37,3,3,0.3,0.8,0.5,0.3,7240713591891685400.0,15,0.09777814459440949,0.00001451763404267,0.00001169922922097,1,3,-0.30000000000000004,0.0
consensus,heterogeneous,36,2,2,0.1,0.2,0.8,0.2,256029315321952256.0,15,0.10787309608730268,0.00198677121884963,0.00129838190317084,2,3,0.6000000000000001,0.0
consensus,heterogeneous,37,3,3,0.3,0.8,0.5,0.3,4692690466958798800.0,15,0.09648020244044926,0.00002309370773615,0.0000147281440485,1,3,-0.30000000000000004,0.0
consensus,heterogeneous,37,3,3,0.3,0.8,0.5,0.3,8636175130330607600.0,15,0.09587090774472473,0.00003365866580316,0.00002176245935861,1,3,-0.30000000000000004,0.0
consensus,heterogeneous,37,3,3,0.3,0.8,0.5,0.3,7139002048363152400.0,15,0.09616329879260148,0.00008151731878349,0.00004689792140911,1,3,-0.30000000000000004,0.0
consensus,heterogeneous,37,3,3,0.3,0.8,0.5,0.3,6905470370856337400.0,15,0.09521376020973961,0.00003346274422479,0.00002133239472951,1,3,-0.30000000000000004,0.0
consensus,heterogeneous,37,3,3,0.3,0.8,0.5,0.3,4398895106259038200.0,15,0.09726363484346416,0.00002486455213637,0.00001741488573291,1,3,-0.30000000000000004,0.0
consensus,heterogeneous,37,3,3,0.3,0.8,0.5,0.3,1841142524168585220.0,15,0.09803202591862277,0.00002023659857514,0.00001614220748072,1,3,-0.30000000000000004,0.0
consensus,heterogeneous,37,3,3,0.3,0.8,0.5,0.3,5702577027890589700.0,15,0.0953050514725089,0.00005562361152594,0.000033848399054,1,3,-0.30000000000000004,0.0
consensus,heterogeneous,37,3,3,0.3,0.8,0.5,0.3,8803618445054126100.0,15,0.09751673312599825,0.0000326097658724,0.00003071356259431,1,3,-0.30000000000000004,0.0
consensus,heterogeneous,37,3,3,0.3,0.8,0.5,0.3,6872698498072871900.0,15,0.09824590544058175,0.00001807452137777,0.00001723214597357,1,3,-0.30000000000000004,0.0
consensus,heterogeneous,37,3,3,0.3,0.8,0.5,0.3,7043372089166577700.0,15,0.09629578272743095,0.00005493534933044,0.00004497915098184,1,3,-0.30000000000000004,0.0
consensus,heterogeneous,37,3,3,0.3,0.8,0.5,0.3,4342572612484808700.0,15,0.09598153844963829,0.00002997406198792,0.0000205712353412,1,3,-0.30000000000000004,0.0
consensus,heterogeneous,37,3,3,0.3,0.8,0.5,0.3,109591146466576384.0,15,0.09787605691987222,0.00002769950190362,0.00001837416111817,1,3,-0.30000000000000004,0.0
consensus,heterogeneous,37,3,3,0.3,0.8,0.5,0.3,4477927936947039200.0,15,0.09708383870618138,0.00002608559150825,0.00001749737812824,1,3,-0.30000000000000004,0.0
consensus,heterogeneous,37,3,3,0.3,0.8,0.5,0.3,4286360386944651300.0,15,0.09595573591251531,0.00004613616604573,0.00003359402961845,1,3,-0.30000000000000004,0.0
consensus,heterogeneous,37,3,3,0.3,0.8,0.5,0.3,4490502852978390000.0,15,0.09896136423869499,0.00003137845308672,0.0000205714244197,1,3,-0.30000000000000004,0.0
consensus,heterogeneous,42,2,2,0.2,0.6,0.8,0.3,8636175130330607600.0,15,0.1803837550357224,0.00114632301626265,0.00081455198505892,2,4,0.20000000000000007,0.0
consensus,heterogeneous,37,3,3,0.3,0.8,0.5,0.3,7128893484183252000.0,15,0.09672364980137244,0.00003294098611949,0.00001975642684834,1,3,-0.30000000000000004,0.0
consensus,heterogeneous,37,3,3,0.3,0.8,0.5,0.3,1831297316135118850.0,15,0.0950419780987549,0.00004455348190884,0.00003113724109586,1,3,-0.30000000000000004,0.0
consensus,heterogeneous,42,2,2,0.2,0.6,0.8,0.3,7240713591891685400.0,15,0.1875762576785719,0.00051562363421368,0.00035469668180054,2,4,0.20000000000000007,0.0
consensus,heterogeneous,37,3,3,0.3,0.8,0.5,0.3,7924300342041792500.0,15,0.09398792785083664,0.00006105031066919,0.00003533160754554,1,3,-0.30000000000000004,0.0
consensus,heterogeneous,37,3,3,0.3,0.8,0.5,0.3,3407647030800275500.0,15,0.09777909178149745,0.00002005471828391,0.00001659822893474,1,3,-0.30000000000000004,0.0
consensus,heterogeneous,37,3,3,0.3,0.8,0.5,0.3,4910962305337055200.0,15,0.09326943715497865,0.00007169530209762,0.00003934154461785,1,3,-0.30000000000000004,0.0
consensus,heterogeneous,37,3,3,0.3,0.8,0.5,0.3,997606725876738050.0,15,0.09689232685667691,0.00004783551254051,0.00002995981098812,1,3,-0.30000000000000004,0.0
consensus,heterogeneous,37,3,3,0.3,0.8,0.5,0.3,115109577693645824.0,15,0.09679809591514078,0.00002228656338248,0.00001500699144151,1,3,-0.30000000000000004,0.0
consensus,heterogeneous,42,2,2,0.2,0.6,0.8,0.3,7139002048363152400.0,15,0.17283936346379747,0.00122520127874097,0.00058643191201635,2,4,0.20000000000000007,0.0
consensus,heterogeneous,37,3,3,0.3,0.8,0.5,0.3,360045816003429380.0,15,0.0933573127108107,0.0000638642851114,0.0000440428641883,1,3,-0.30000000000000004,0.0
consensus,heterogeneous,37,3,3,0.3,0.8,0.5,0.3,1285926408638267390.0,15,0.09688490805215838,0.00005857467248873,0.00003763088947867,1,3,-0.30000000000000004,0.0
consensus,heterogeneous,37,3,3,0.3,0.8,0.5,0.3,22746047218290688.0,15,0.09660269796343107,0.00002946454679924,0.00002648947251199,1,3,-0.30000000000000004,0.0
consensus,heterogeneous,42,2,2,0.2,0.6,0.8,0.3,4692690466958798800.0,15,0.1824244252521982,0.00095567504596147,0.00097212241897893,1,4,0.20000000000000007,0.0
consensus,heterogeneous,42,2,2,0.2,0.6,0.8,0.3,5702577027890589700.0,15,0.17845875043720988,0.00072330005174094,0.00038106529630879,2,4,0.20000000000000007,0.0
consensus,heterogeneous,37,3,3,0.3,0.8,0.5,0.3,2595646474777646100.0,15,0.09625963344696183,0.00003179694572569,0.00002229635174966,1,3,-0.30000000000000004,0.0
consensus,heterogeneous,37,3,3,0.3,0.8,0.5,0.3,2787618399357031400.0,15,0.09529430727182303,0.00003351181543038,0.00001997689084876,1,3,-0.30000000000000004,0.0
consensus,heterogeneous,37,3,3,0.3,0.8,0.5,0.3,4200730711560847400.0,15,0.09743525004930527,0.00004149830743044,0.00002959801085998,1,3,-0.30000000000000004,0.0
consensus,heterogeneous,42,2,2,0.2,0.6,0.8,0.3,6905470370856337400.0,15,0.17009170014150124,0.0011099960055882,0.00078546958931684,1,4,0.20000000000000007,0.0
consensus,heterogeneous,37,3,3,0.3,0.8,0.5,0.3,256029315321952256.0,15,0.09727500516959366,0.00003140068035219,0.00002270473684213,1,3,-0.30000000000000004,0.0
consensus,heterogeneous,42,2,2,0.2,0.6,0.8,0.3,1841142524168585220.0,15,0.18843674816444012,0.00088850308774683,0.00058773442117657,2,4,0.20000000000000007,0.0
consensus,heterogeneous,42,2,2,0.2,0.6,0.8,0.3,8803618445054126100.0,15,0.17937334307709527,0.00079900160203518,0.00043368952698588,2,4,0.20000000000000007,0.0
consensus,heterogeneous,42,2,2,0.2,0.6,0.8,0.3,4398895106259038200.0,15,0.17240671399638952,0.00142267104625178,0.00067655648464752,2,4,0.20000000000000007,0.0
consensus,heterogeneous,42,2,2,0.2,0.6,0.8,0.3,7043372089166577700.0,15,0.18078265615821865,0.00067464085735331,0.00038729402583238,2,4,0.20000000000000007,0.0
consensus,heterogeneous,42,2,2,0.2,0.6,0.8,0.3,109591146466576384.0,15,0.1846732718854298,0.00096163377026839,0.00058463786896274,2,4,0.20000000000000007,0.0
consensus,heterogeneous,42,2,2,0.2,0.6,0.8,0.3,4490502852978390000.0,15,0.17475310035204927,0.00096578420112675,0.00047055540065913,2,4,0.20000000000000007,0.0
consensus,heterogeneous,42,2,2,0.2,0.6,0.8,0.3,4342572612484808700.0,15,0.17714345142883411,0.00106429722741601,0.0007493866738894,2,4,0.20000000000000007,0.0
consensus,heterogeneous,42,2,2,0.2,0.6,0.8,0.3,7128893484183252000.0,15,0.17909081223172302,0.00070445715310083,0.00034694447146441,2,4,0.20000000000000007,0.0
consensus,heterogeneous,42,2,2,0.2,0.6,0.8,0.3,7924300342041792500.0,15,0.17678745914574567,0.00090701453723611,0.00043613809160283,2,4,0.20000000000000007,0.0
consensus,heterogeneous,42,2,2,0.2,0.6,0.8,0.3,4477927936947039200.0,15,0.17827056569592653,0.00108062938441216,0.00068786326369449,2,4,0.20000000000000007,0.0
consensus,heterogeneous,42,2,2,0.2,0.6,0.8,0.3,4910962305337055200.0,15,0.16853448200083399,0.0014067277278715,0.00071959709942252,2,4,0.20000000000000007,0.0
consensus,heterogeneous,42,2,2,0.2,0.6,0.8,0.3,6872698498072871900.0,15,0.17990459569137845,0.00069763877367641,0.00037183365438919,2,4,0.20000000000000007,0.0
consensus,heterogeneous,42,2,2,0.2,0.6,0.8,0.3,3407647030800275500.0,15,0.17149232487272473,0.00117900456867627,0.00055645919533737,2,4,0.20000000000000007,0.0
consensus,heterogeneous,42,2,2,0.2,0.6,0.8,0.3,22746047218290688.0,15,0.18044988110967777,0.00062216584433071,0.00037136164258545,2,4,0.20000000000000007,0.0
consensus,heterogeneous,42,2,2,0.2,0.6,0.8,0.3,4286360386944651300.0,15,0.17503333262273565,0.00103763890906876,0.00047240400642938,2,4,0.20000000000000007,0.0
consensus,heterogeneous,42,2,2,0.2,0.6,0.8,0.3,997606725876738050.0,15,0.1764361101768054,0.00125497714973153,0.00106194365699754,1,4,0.20000000000000007,0.0
consensus,heterogeneous,42,2,2,0.2,0.6,0.8,0.3,256029315321952256.0,15,0.17804410810115004,0.00099545238713833,0.00053416443511807,2,4,0.20000000000000007,0.0
consensus,heterogeneous,42,2,2,0.2,0.6,0.8,0.3,2595646474777646100.0,15,0.18063600295125778,0.00067910815260971,0.00031916295791109,2,4,0.20000000000000007,0.0
consensus,heterogeneous,42,2,2,0.2,0.6,0.8,0.3,1285926408638267390.0,15,0.18029777988540718,0.00092124387061003,0.00049824314849165,2,4,0.20000000000000007,0.0
consensus,heterogeneous,42,2,2,0.2,0.6,0.8,0.3,115109577693645824.0,15,0.16331412859320255,0.00159053609678732,0.00088280538700821,2,4,0.20000000000000007,0.0
consensus,heterogeneous,42,2,2,0.2,0.6,0.8,0.3,1831297316135118850.0,15,0.1834345145986174,0.00097350009431163,0.00104933744213045,2,4,0.20000000000000007,0.0
consensus,heterogeneous,42,2,2,0.2,0.6,0.8,0.3,4200730711560847400.0,15,0.17126979957055938,0.00170239552794004,0.00138626836740358,3,4,0.20000000000000007,0.0
consensus,homogeneous,26,0,5,0.2,0.2,0.0,0.3,8636175130330607600.0,15,0.06052925418497912,0.00026217155177353,0.0002338831582521,1,3,-0.2,0.2
consensus,heterogeneous,42,2,2,0.2,0.6,0.8,0.3,360045816003429380.0,15,0.18483833899545624,0.00072974247859687,0.00063049190727166,2,4,0.20000000000000007,0.0
consensus,homogeneous,26,0,5,0.2,0.2,0.0,0.3,4692690466958798800.0,15,0.06673274015371147,0.00011583112299432,0.00006103598242974,1,3,-0.2,0.2
consensus,homogeneous,26,0,5,0.2,0.2,0.0,0.3,5702577027890589700.0,15,0.06501800702241926,0.00011294198793411,0.00007009182088456,1,3,-0.2,0.2
consensus,homogeneous,26,0,5,0.2,0.2,0.0,0.3,4398895106259038200.0,15,0.05510248442212681,0.00012055408405304,0.00006932432035031,1,3,-0.2,0.4
consensus,heterogeneous,42,2,2,0.2,0.6,0.8,0.3,2787618399357031400.0,15,0.16790554262230514,0.00131615385302724,0.0009058754294302,2,4,0.20000000000000007,0.0
consensus,homogeneous,26,0,5,0.2,0.2,0.0,0.3,7139002048363152400.0,15,0.06731202028491043,0.00020098231779435,0.00010112414315988,2,3,-0.2,0.4
consensus,homogeneous,26,0,5,0.2,0.2,0.0,0.3,7240713591891685400.0,15,0.06484868096665948,0.00016246043508177,0.00009750478681944,1,3,-0.2,0.2
consensus,homogeneous,26,0,5,0.2,0.2,0.0,0.3,6905470370856337400.0,15,0.06404614281843832,0.00015748532542066,0.00009910528987711,2,3,-0.2,0.4
consensus,homogeneous,26,0,5,0.2,0.2,0.0,0.3,1841142524168585220.0,15,0.06722528900793182,0.00009833159081505,0.00006610084569903,1,3,-0.2,0.2
consensus,homogeneous,26,0,5,0.2,0.2,0.0,0.3,8803618445054126100.0,15,0.06238643236559062,0.00009432784962681,0.00004983803494999,1,3,-0.2,0.2
consensus,homogeneous,26,0,5,0.2,0.2,0.0,0.3,4342572612484808700.0,15,0.06895079523510801,0.00030038303242979,0.00016557202948091,2,3,-0.2,0.4
consensus,homogeneous,26,0,5,0.2,0.2,0.0,0.3,109591146466576384.0,15,0.06338015728670057,0.00016975608856115,0.00009866126704666,1,3,-0.2,0.4
consensus,homogeneous,26,0,5,0.2,0.2,0.0,0.3,7043372089166577700.0,15,0.06467794252860622,0.00013576285579112,0.00007251771815002,1,3,-0.2,0.4
consensus,homogeneous,26,0,5,0.2,0.2,0.0,0.3,7128893484183252000.0,15,0.06532015484469608,0.00022894344690764,0.00015639382712242,2,3,-0.2,0.4
consensus,homogeneous,26,0,5,0.2,0.2,0.0,0.3,4477927936947039200.0,15,0.06388590606236828,0.00017645672203371,0.00012383365406487,1,3,-0.2,0.4
consensus,homogeneous,26,0,5,0.2,0.2,0.0,0.3,3407647030800275500.0,15,0.06480952443479035,0.00014765675772366,0.00009992829495509,1,3,-0.2,0.4
consensus,homogeneous,26,0,5,0.2,0.2,0.0,0.3,1831297316135118850.0,15,0.05767942315766272,0.00026451808377994,0.00020245848512937,1,3,-0.2,0.4
consensus,homogeneous,26,0,5,0.2,0.2,0.0,0.3,2595646474777646100.0,15,0.06909422364467427,0.0000664371401931,0.000041758747568,1,3,-0.2,0.2
consensus,homogeneous,26,0,5,0.2,0.2,0.0,0.3,1285926408638267390.0,15,0.06846275932175885,0.00016322698813627,0.00008534601524879,2,3,-0.2,0.4
consensus,homogeneous,26,0,5,0.2,0.2,0.0,0.3,7924300342041792500.0,15,0.0646841851519803,0.00016438465392774,0.00011729552011282,1,3,-0.2,0.4
consensus,homogeneous,26,0,5,0.2,0.2,0.0,0.3,997606725876738050.0,15,0.07092510715240091,0.00011360823770989,0.00005929082634259,2,3,-0.2,0.2
consensus,homogeneous,26,0,5,0.2,0.2,0.0,0.3,22746047218290688.0,15,0.07055845462140725,0.00013279922354276,0.00008522684683267,2,3,-0.2,0.4
consensus,homogeneous,26,0,5,0.2,0.2,0.0,0.3,4286360386944651300.0,15,0.07531252358265553,0.00014350376074744,0.00009412878910837,2,3,-0.2,0.2
consensus,homogeneous,26,0,5,0.2,0.2,0.0,0.3,115109577693645824.0,15,0.08044255302776418,0.00017079544864131,0.00010323424529721,2,3,-0.2,0.4
consensus,homogeneous,26,0,5,0.2,0.2,0.0,0.3,2787618399357031400.0,15,0.06527929261640945,0.00016866619281329,0.00011888083767441,1,3,-0.2,0.4
consensus,homogeneous,26,0,5,0.2,0.2,0.0,0.3,6872698498072871900.0,15,0.05609133999677298,0.00019879747403557,0.00012709662063879,1,3,-0.2,0.4
consensus,homogeneous,26,0,5,0.2,0.2,0.0,0.3,4910962305337055200.0,15,0.0635617751561883,0.00014867336765432,0.00009519057827065,1,3,-0.2,0.2
consensus,homogeneous,26,0,5,0.2,0.2,0.0,0.3,4200730711560847400.0,15,0.06725469758215027,0.0001396188966746,0.00009686206772911,1,3,-0.2,0.4
consensus,homogeneous,26,0,5,0.2,0.2,0.0,0.3,360045816003429380.0,15,0.06360288344110321,0.00024728294665166,0.00016565773794517,1,3,-0.2,0.4
consensus,homogeneous,26,0,5,0.2,0.2,0.0,0.3,4490502852978390000.0,15,0.06561523115409666,0.00011059717121867,0.00006679196942275,1,3,-0.2,0.4
consensus,homogeneous,26,0,5,0.2,0.2,0.0,0.3,256029315321952256.0,15,0.05772244692434013,0.00008582641057714,0.00004440118842586,1,3,-0.2,0.4
consensus,heterogeneous,49,3,3,0.2,0.4,0.6,0.2,8636175130330607600.0,15,0.1213950278954971,0.00077351689329049,0.00044733025864985,2,4,0.19999999999999996,0.0
consensus,heterogeneous,49,3,3,0.2,0.4,0.6,0.2,7240713591891685400.0,15,0.11714530270144415,0.00085735695615149,0.00050812274209525,2,4,0.19999999999999996,0.0
consensus,heterogeneous,49,3,3,0.2,0.4,0.6,0.2,6905470370856337400.0,15,0.12203707106965406,0.00072183206577498,0.00054534828124278,1,4,0.19999999999999996,0.0
consensus,heterogeneous,49,3,3,0.2,0.4,0.6,0.2,7139002048363152400.0,15,0.12311520259543245,0.00062760649785382,0.00039306701098041,2,4,0.19999999999999996,0.0
consensus,heterogeneous,49,3,3,0.2,0.4,0.6,0.2,4692690466958798800.0,15,0.11754115764226948,0.00085178484837648,0.0005977076810343,2,4,0.19999999999999996,0.0
consensus,heterogeneous,49,3,3,0.2,0.4,0.6,0.2,5702577027890589700.0,15,0.12005469338917067,0.00070731406861714,0.00054840680377094,2,4,0.19999999999999996,0.0
consensus,heterogeneous,49,3,3,0.2,0.4,0.6,0.2,4398895106259038200.0,15,0.1302278224020391,0.00065813989712196,0.00038412423750056,2,4,0.19999999999999996,0.0
consensus,heterogeneous,49,3,3,0.2,0.4,0.6,0.2,1841142524168585220.0,15,0.11988911842941659,0.00065625243372631,0.00041139080621216,2,4,0.19999999999999996,0.0
consensus,heterogeneous,49,3,3,0.2,0.4,0.6,0.2,8803618445054126100.0,15,0.1321268362252959,0.00038352099936821,0.00023207365396619,2,4,0.19999999999999996,0.0
consensus,heterogeneous,49,3,3,0.2,0.4,0.6,0.2,4342572612484808700.0,15,0.11266979250107556,0.00136003113653231,0.00090941000773969,2,4,0.19999999999999996,0.0
consensus,heterogeneous,49,3,3,0.2,0.4,0.6,0.2,7043372089166577700.0,15,0.11477653281286238,0.0019346207344722,0.001119311706779,2,4,0.19999999999999996,0.0
consensus,heterogeneous,49,3,3,0.2,0.4,0.6,0.2,4286360386944651300.0,15,0.12551173909928096,0.00075060384608652,0.00060675140526743,2,4,0.19999999999999996,0.0
consensus,heterogeneous,49,3,3,0.2,0.4,0.6,0.2,4490502852978390000.0,15,0.11130185389665499,0.00118696818059553,0.00073480500265077,2,4,0.19999999999999996,0.0
consensus,heterogeneous,49,3,3,0.2,0.4,0.6,0.2,7128893484183252000.0,15,0.11252017133535556,0.00117793094690196,0.00089541271022654,2,4,0.19999999999999996,0.0
consensus,heterogeneous,49,3,3,0.2,0.4,0.6,0.2,6872698498072871900.0,15,0.12661597100336927,0.0007012152648325,0.0004203847080325,2,4,0.19999999999999996,0.0
consensus,heterogeneous,49,3,3,0.2,0.4,0.6,0.2,1831297316135118850.0,15,0.11125493580863287,0.00117048949751036,0.00074116180568521,2,4,0.19999999999999996,0.0
consensus,heterogeneous,49,3,3,0.2,0.4,0.6,0.2,109591146466576384.0,15,0.12342574970595517,0.00108808979136471,0.00069539762774672,2,4,0.19999999999999996,0.0
consensus,heterogeneous,49,3,3,0.2,0.4,0.6,0.2,4477927936947039200.0,15,0.1131755832050771,0.00158082090906245,0.00101421388139588,2,4,0.19999999999999996,0.0
consensus,heterogeneous,49,3,3,0.2,0.4,0.6,0.2,3407647030800275500.0,15,0.12229107379569785,0.00070243468138572,0.00049565917607901,2,4,0.19999999999999996,0.0
consensus,heterogeneous,49,3,3,0.2,0.4,0.6,0.2,2787618399357031400.0,15,0.11902664872206144,0.00096253727877332,0.00058841959915546,2,4,0.19999999999999996,0.0
consensus,heterogeneous,49,3,3,0.2,0.4,0.6,0.2,997606725876738050.0,15,0.11812896147383946,0.00090762853941225,0.00063591766083041,2,4,0.19999999999999996,0.0
consensus,heterogeneous,49,3,3,0.2,0.4,0.6,0.2,4910962305337055200.0,15,0.11802177389705215,0.00104110810681749,0.00071315758398099,2,4,0.19999999999999996,0.0
consensus,heterogeneous,49,3,3,0.2,0.4,0.6,0.2,22746047218290688.0,15,0.11789773582894414,0.00096485215962503,0.00057103402481705,2,4,0.19999999999999996,0.0
consensus,heterogeneous,49,3,3,0.2,0.4,0.2,0.1,7139002048363152400.0,15,0.12311520259543245,0.00062760649785382,0.00039306701098041,2,4,-0.2,0.16666666666666666
consensus,heterogeneous,49,3,3,0.2,0.4,0.6,0.2,115109577693645824.0,15,0.11637625770339516,0.00096896444930338,0.00075492621033642,2,4,0.19999999999999996,0.0
consensus,heterogeneous,49,3,3,0.2,0.4,0.6,0.2,360045816003429380.0,15,0.11310229257402382,0.00148980264181791,0.00134200453631806,2,4,0.19999999999999996,0.0
consensus,heterogeneous,49,3,3,0.2,0.4,0.6,0.2,4200730711560847400.0,15,0.12033989681547153,0.00072084083273655,0.0004749616270896,2,4,0.19999999999999996,0.0
consensus,heterogeneous,49,3,3,0.2,0.4,0.6,0.2,7924300342041792500.0,15,0.12601119120233908,0.00092658408401811,0.00055475997732793,2,4,0.19999999999999996,0.0
consensus,heterogeneous,49,3,3,0.2,0.4,0.6,0.2,2595646474777646100.0,15,0.12383860193077108,0.00063830321549838,0.00044440729616866,2,4,0.19999999999999996,0.0
consensus,heterogeneous,49,3,3,0.2,0.4,0.6,0.2,1285926408638267390.0,15,0.12597353269294684,0.00052467826649072,0.0003225511391347,2,4,0.19999999999999996,0.0
consensus,heterogeneous,49,3,3,0.2,0.4,0.2,0.1,5702577027890589700.0,15,0.12005469338917067,0.00070731406861714,0.00054840680377094,2,4,-0.2,0.3333333333333333
consensus,heterogeneous,49,3,3,0.2,0.4,0.2,0.1,7240713591891685400.0,15,0.11714530270144415,0.00085735695615149,0.00050812274209525,2,4,-0.2,0.3333333333333333
consensus,heterogeneous,49,3,3,0.2,0.4,0.2,0.1,4692690466958798800.0,15,0.11754115764226948,0.00085178484837648,0.0005977076810343,2,4,-0.2,0.16666666666666666
consensus,heterogeneous,49,3,3,0.2,0.4,0.6,0.2,256029315321952256.0,15,0.11688264097296226,0.00109876121581091,0.00093029613222164,2,4,0.19999999999999996,0.0
consensus,heterogeneous,49,3,3,0.2,0.4,0.2,0.1,8636175130330607600.0,15,0.1213950278954971,0.00077351689329049,0.00044733025864985,2,4,-0.2,0.3333333333333333
consensus,heterogeneous,49,3,3,0.2,0.4,0.2,0.1,6905470370856337400.0,15,0.12203707106965406,0.00072183206577498,0.00054534828124278,1,4,-0.2,0.16666666666666666
consensus,heterogeneous,49,3,3,0.2,0.4,0.2,0.1,8803618445054126100.0,15,0.1321268362252959,0.00038352099936821,0.00023207365396619,2,4,-0.2,0.3333333333333333
consensus,heterogeneous,49,3,3,0.2,0.4,0.2,0.1,1841142524168585220.0,15,0.11988911842941659,0.00065625243372631,0.00041139080621216,2,4,-0.2,0.16666666666666666
consensus,heterogeneous,49,3,3,0.2,0.4,0.2,0.1,7043372089166577700.0,15,0.11477653281286238,0.0019346207344722,0.001119311706779,2,4,-0.2,0.0
consensus,heterogeneous,49,3,3,0.2,0.4,0.2,0.1,4398895106259038200.0,15,0.1302278224020391,0.00065813989712196,0.00038412423750056,2,4,-0.2,0.3333333333333333
consensus,heterogeneous,49,3,3,0.2,0.4,0.2,0.1,4342572612484808700.0,15,0.11266979250107556,0.00136003113653231,0.00090941000773969,2,4,-0.2,0.3333333333333333
consensus,heterogeneous,49,3,3,0.2,0.4,0.2,0.1,109591146466576384.0,15,0.12342574970595517,0.00108808979136471,0.00069539762774672,2,4,-0.2,0.16666666666666666
consensus,heterogeneous,49,3,3,0.2,0.4,0.2,0.1,4477927936947039200.0,15,0.1131755832050771,0.00158082090906245,0.00101421388139588,2,4,-0.2,0.3333333333333333
consensus,heterogeneous,49,3,3,0.2,0.4,0.2,0.1,7128893484183252000.0,15,0.11252017133535556,0.00117793094690196,0.00089541271022654,2,4,-0.2,0.16666666666666666
consensus,heterogeneous,49,3,3,0.2,0.4,0.2,0.1,2595646474777646100.0,15,0.12383860193077108,0.00063830321549838,0.00044440729616866,2,4,-0.2,0.16666666666666666
consensus,heterogeneous,49,3,3,0.2,0.4,0.2,0.1,4286360386944651300.0,15,0.12551173909928096,0.00075060384608652,0.00060675140526743,2,4,-0.2,0.16666666666666666
consensus,heterogeneous,49,3,3,0.2,0.4,0.2,0.1,6872698498072871900.0,15,0.12661597100336927,0.0007012152648325,0.0004203847080325,2,4,-0.2,0.3333333333333333
consensus,heterogeneous,49,3,3,0.2,0.4,0.2,0.1,4200730711560847400.0,15,0.12033989681547153,0.00072084083273655,0.0004749616270896,2,4,-0.2,0.5
consensus,heterogeneous,49,3,3,0.2,0.4,0.2,0.1,997606725876738050.0,15,0.11812896147383946,0.00090762853941225,0.00063591766083041,2,4,-0.2,0.16666666666666666
consensus,heterogeneous,49,3,3,0.2,0.4,0.2,0.1,4490502852978390000.0,15,0.11130185389665499,0.00118696818059553,0.00073480500265077,2,4,-0.2,0.5
consensus,heterogeneous,49,3,3,0.2,0.4,0.2,0.1,4910962305337055200.0,15,0.11802177389705215,0.00104110810681749,0.00071315758398099,2,4,-0.2,0.5
consensus,heterogeneous,49,3,3,0.2,0.4,0.2,0.1,3407647030800275500.0,15,0.12229107379569785,0.00070243468138572,0.00049565917607901,2,4,-0.2,0.16666666666666666
consensus,heterogeneous,49,3,3,0.2,0.4,0.2,0.1,256029315321952256.0,15,0.11688264097296226,0.00109876121581091,0.00093029613222164,2,4,-0.2,0.16666666666666666
consensus,heterogeneous,49,3,3,0.2,0.4,0.2,0.1,360045816003429380.0,15,0.11310229257402382,0.00148980264181791,0.00134200453631806,2,4,-0.2,0.16666666666666666
consensus,heterogeneous,49,3,3,0.2,0.4,0.2,0.1,115109577693645824.0,15,0.11637625770339516,0.00096896444930338,0.00075492621033642,2,4,-0.2,0.3333333333333333
consensus,heterogeneous,49,3,3,0.2,0.4,0.2,0.1,1285926408638267390.0,15,0.12597353269294684,0.00052467826649072,0.0003225511391347,2,4,-0.2,0.16666666666666666
consensus,homogeneous,22,0,6,0.1,0.4,0.8,0.2,8636175130330607600.0,15,0.04519972814940375,0.00158409864938338,0.00147160534406905,2,3,0.4,0.0
consensus,heterogeneous,49,3,3,0.2,0.4,0.2,0.1,2787618399357031400.0,15,0.11902664872206144,0.00096253727877332,0.00058841959915546,2,4,-0.2,0.16666666666666666
consensus,homogeneous,22,0,6,0.1,0.4,0.8,0.2,7240713591891685400.0,15,0.04390886671364914,0.00151557690589727,0.0014658927481647,2,3,0.4,0.0
consensus,heterogeneous,49,3,3,0.2,0.4,0.2,0.1,22746047218290688.0,15,0.11789773582894414,0.00096485215962503,0.00057103402481705,2,4,-0.2,0.0
consensus,heterogeneous,49,3,3,0.2,0.4,0.2,0.1,7924300342041792500.0,15,0.12601119120233908,0.00092658408401811,0.00055475997732793,2,4,-0.2,0.16666666666666666
consensus,homogeneous,22,0,6,0.1,0.4,0.8,0.2,7139002048363152400.0,15,0.04385958170964438,0.00148686375092015,0.00141130989859157,2,3,0.4,0.0
consensus,heterogeneous,49,3,3,0.2,0.4,0.2,0.1,1831297316135118850.0,15,0.11125493580863287,0.00117048949751036,0.00074116180568521,2,4,-0.2,0.5
consensus,homogeneous,22,0,6,0.1,0.4,0.8,0.2,4692690466958798800.0,15,0.04447005972436126,0.00147983933992769,0.0015460263011693,2,3,0.4,0.0
consensus,homogeneous,22,0,6,0.1,0.4,0.8,0.2,4342572612484808700.0,15,0.04504033976360603,0.00159714488341155,0.00148696173654151,2,3,0.4,0.0
consensus,homogeneous,22,0,6,0.1,0.4,0.8,0.2,6905470370856337400.0,15,0.04397753636984758,0.00161906427037644,0.00164035337566448,2,3,0.4,0.0
consensus,homogeneous,22,0,6,0.1,0.4,0.8,0.2,5702577027890589700.0,15,0.04717854017312995,0.00164648273887345,0.00128215760251283,2,3,0.4,0.0
consensus,homogeneous,22,0,6,0.1,0.4,0.8,0.2,8803618445054126100.0,15,0.04406244308096408,0.00146853352621597,0.00142220071215968,2,3,0.4,0.0
consensus,homogeneous,22,0,6,0.1,0.4,0.8,0.2,1841142524168585220.0,15,0.04328173923460146,0.00151027723143853,0.00157768797251035,2,3,0.4,0.0
consensus,homogeneous,22,0,6,0.1,0.4,0.8,0.2,4398895106259038200.0,15,0.04234735359633798,0.00151270524373653,0.00140703205639642,2,3,0.4,0.0
consensus,homogeneous,22,0,6,0.1,0.4,0.8,0.2,4477927936947039200.0,15,0.04328709142509322,0.00141298797474423,0.00135100786087749,2,3,0.4,0.0
consensus,homogeneous,22,0,6,0.1,0.4,0.8,0.2,7128893484183252000.0,15,0.04335642831517014,0.00162842764685294,0.00166514974448994,2,3,0.4,0.0
consensus,homogeneous,22,0,6,0.1,0.4,0.8,0.2,109591146466576384.0,15,0.04644974710257,0.00159502079447875,0.00131686961522684,2,3,0.4,0.0
consensus,homogeneous,22,0,6,0.1,0.4,0.8,0.2,7043372089166577700.0,15,0.04341934126450725,0.00136854678508582,0.00123611104117738,2,3,0.4,0.0
consensus,homogeneous,22,0,6,0.1,0.4,0.8,0.2,4286360386944651300.0,15,0.04899392005326994,0.00148004629486447,0.00119530852034053,2,3,0.4,0.0
consensus,homogeneous,22,0,6,0.1,0.4,0.8,0.2,4490502852978390000.0,15,0.04154645534707569,0.00161176820821537,0.00167149141178908,2,3,0.4,0.0
consensus,homogeneous,22,0,6,0.1,0.4,0.8,0.2,6872698498072871900.0,15,0.04624849940916511,0.00135698361964506,0.00151435744073888,2,3,0.4,0.0
consensus,homogeneous,22,0,6,0.1,0.4,0.8,0.2,4910962305337055200.0,15,0.04373901725484073,0.00170767692004027,0.00158551854928368,2,3,0.4,0.0
consensus,homogeneous,22,0,6,0.1,0.4,0.8,0.2,3407647030800275500.0,15,0.04521884051058716,0.00156257897108787,0.00137449558066091,2,3,0.4,0.0
consensus,homogeneous,22,0,6,0.1,0.4,0.8,0.2,7924300342041792500.0,15,0.04761793637736011,0.00146440752223377,0.00137798991911871,2,3,0.4,0.0
consensus,homogeneous,22,0,6,0.1,0.4,0.8,0.2,1831297316135118850.0,15,0.04232838759934842,0.00166381181315767,0.00158679043813515,2,3,0.4,0.0
consensus,homogeneous,22,0,6,0.1,0.4,0.8,0.2,997606725876738050.0,15,0.04405949220725929,0.00158864658772683,0.00144161553459991,2,3,0.4,0.0
consensus,homogeneous,22,0,6,0.1,0.4,0.8,0.2,22746047218290688.0,15,0.04718237513913289,0.00166675857404945,0.00135108403524851,2,3,0.4,0.0
consensus,homogeneous,22,0,6,0.1,0.4,0.8,0.2,256029315321952256.0,15,0.04562786601710498,0.00163770111101862,0.00152603666570799,2,3,0.4,0.0
consensus,homogeneous,11,0,5,0.2,0.4,0.0,0.1,4692690466958798800.0,15,0.07427340806049977,0.00021333364604713,0.00017289469056226,1,3,-0.4,0.2
consensus,homogeneous,22,0,6,0.1,0.4,0.8,0.2,1285926408638267390.0,15,0.04513866160340325,0.0013538058804989,0.00128171015010908,2,3,0.4,0.0
consensus,homogeneous,22,0,6,0.1,0.4,0.8,0.2,2787618399357031400.0,15,0.04534417314761032,0.00142472219807916,0.00151989900281073,2,3,0.4,0.0
consensus,homogeneous,22,0,6,0.1,0.4,0.8,0.2,2595646474777646100.0,15,0.04156563453197067,0.00150938774379492,0.00155351959388025,2,3,0.4,0.0
consensus,homogeneous,22,0,6,0.1,0.4,0.8,0.2,115109577693645824.0,15,0.0483387795951432,0.00144738014944911,0.00138933327703008,2,3,0.4,0.0
consensus,homogeneous,11,0,5,0.2,0.4,0.0,0.1,7240713591891685400.0,15,0.06714939764486343,0.00019514012646542,0.00015006558998056,1,3,-0.4,0.4
consensus,homogeneous,22,0,6,0.1,0.4,0.8,0.2,360045816003429380.0,15,0.04554802453011927,0.0017291392913546,0.00143202271638974,2,3,0.4,0.0
consensus,homogeneous,11,0,5,0.2,0.4,0.0,0.1,8636175130330607600.0,15,0.06833219319516581,0.00018080072000763,0.0001481256477722,1,3,-0.4,0.0
consensus,homogeneous,11,0,5,0.2,0.4,0.0,0.1,7139002048363152400.0,15,0.07241162111344893,0.00021967227520307,0.00027061152108492,1,3,-0.4,0.0
consensus,homogeneous,22,0,6,0.1,0.4,0.8,0.2,4200730711560847400.0,15,0.0409140528875828,0.00154136803039573,0.00162081946933933,2,3,0.4,0.0
consensus,homogeneous,11,0,5,0.2,0.4,0.0,0.1,4398895106259038200.0,15,0.06787670343360383,0.00017402770193616,0.00018414607406304,1,3,-0.4,0.0
consensus,homogeneous,11,0,5,0.2,0.4,0.0,0.1,1841142524168585220.0,15,0.06721237405833315,0.00025534525329973,0.00015662731866384,1,3,-0.4,0.4
consensus,homogeneous,11,0,5,0.2,0.4,0.0,0.1,5702577027890589700.0,15,0.06601328273403882,0.00018399418122814,0.00012482084756838,1,3,-0.4,0.4
consensus,homogeneous,11,0,5,0.2,0.4,0.0,0.1,6905470370856337400.0,15,0.06889026993453091,0.00015709508088233,0.00011759960017282,1,3,-0.4,0.4
consensus,homogeneous,11,0,5,0.2,0.4,0.0,0.1,8803618445054126100.0,15,0.06226963689188698,0.00024241268290983,0.00013533650870091,1,3,-0.4,0.4
consensus,homogeneous,11,0,5,0.2,0.4,0.0,0.1,4342572612484808700.0,15,0.06543432098055832,0.00022367236607039,0.00019674576707377,1,3,-0.4,0.0
consensus,homogeneous,11,0,5,0.2,0.4,0.0,0.1,7043372089166577700.0,15,0.06532906863014003,0.00017532157609899,0.00012009976897683,1,3,-0.4,0.0
consensus,homogeneous,11,0,5,0.2,0.4,0.0,0.1,4286360386944651300.0,15,0.06961269434173697,0.0001875118644617,0.00014800398685389,1,3,-0.4,0.2
consensus,homogeneous,11,0,5,0.2,0.4,0.0,0.1,7128893484183252000.0,15,0.06721115806478202,0.00019283429077892,0.00013256768501337,1,3,-0.4,0.2
consensus,homogeneous,11,0,5,0.2,0.4,0.0,0.1,109591146466576384.0,15,0.06552547204856318,0.00016126764417656,0.00015681835991162,1,3,-0.4,0.4
consensus,homogeneous,11,0,5,0.2,0.4,0.0,0.1,4477927936947039200.0,15,0.06680955067758242,0.00018613280451487,0.00015399530766876,1,3,-0.4,0.4
consensus,homogeneous,11,0,5,0.2,0.4,0.0,0.1,6872698498072871900.0,15,0.06621315821781984,0.00014620287709661,0.00012440698409883,1,3,-0.4,0.2
consensus,homogeneous,11,0,5,0.2,0.4,0.0,0.1,3407647030800275500.0,15,0.0718627892714923,0.00018157933506249,0.00015199639780108,1,3,-0.4,0.2
consensus,homogeneous,11,0,5,0.2,0.4,0.0,0.1,4490502852978390000.0,15,0.0638702813267705,0.00021219378850113,0.00017007535924586,1,3,-0.4,0.4
consensus,homogeneous,11,0,5,0.2,0.4,0.0,0.1,997606725876738050.0,15,0.06870432519616412,0.00021206975052695,0.00017635009226112,1,3,-0.4,0.0
consensus,homogeneous,11,0,5,0.2,0.4,0.0,0.1,4910962305337055200.0,15,0.07092596647384024,0.00015286222084591,0.00017572345627576,1,3,-0.4,0.2
consensus,homogeneous,11,0,5,0.2,0.4,0.0,0.1,2595646474777646100.0,15,0.07283934289101193,0.00015624868102159,0.00012835368091856,1,3,-0.4,0.2
consensus,homogeneous,11,0,5,0.2,0.4,0.0,0.1,1831297316135118850.0,15,0.0683875436048231,0.00014743284595143,0.00013676724871981,1,3,-0.4,0.4
consensus,homogeneous,11,0,5,0.2,0.4,0.0,0.1,7924300342041792500.0,15,0.06655506407260703,0.00014760906786182,0.00010716920464626,1,3,-0.4,0.4
consensus,homogeneous,11,0,5,0.2,0.4,0.0,0.1,2787618399357031400.0,15,0.0697376888996808,0.00020599456398032,0.00018847178962618,1,3,-0.4,0.2
consensus,homogeneous,11,0,5,0.2,0.4,0.0,0.1,22746047218290688.0,15,0.07188949331476077,0.00021650533793494,0.00021407484174533,1,3,-0.4,0.0
consensus,homogeneous,53,0,4,0.1,0.8,0.5,0.1,7240713591891685400.0,15,0.07021970633788704,0.00011784233993863,0.00006478592982911,1,1,-0.30000000000000004,0.0
consensus,homogeneous,53,0,4,0.1,0.8,0.5,0.1,8803618445054126100.0,15,0.06787209708374374,0.00013878016487145,0.00008710785885246,1,1,-0.30000000000000004,0.0
consensus,homogeneous,11,0,5,0.2,0.4,0.0,0.1,1285926408638267390.0,15,0.06545381599110235,0.00016204912310647,0.00011642955634511,1,3,-0.4,0.0
consensus,homogeneous,53,0,4,0.1,0.8,0.5,0.1,4398895106259038200.0,15,0.06773735883982698,0.00016062640054988,0.00009590352999344,1,1,-0.30000000000000004,0.0
consensus,homogeneous,11,0,5,0.2,0.4,0.0,0.1,256029315321952256.0,15,0.06552091614266828,0.00018372586588565,0.00013825787218807,1,3,-0.4,0.2
consensus,homogeneous,53,0,4,0.1,0.8,0.5,0.1,4342572612484808700.0,15,0.06900926890155468,0.00014702772196145,0.00008098072342482,1,1,-0.30000000000000004,0.0
consensus,homogeneous,11,0,5,0.2,0.4,0.0,0.1,115109577693645824.0,15,0.0665816522048914,0.00014862098957416,0.00012352337685998,1,3,-0.4,0.4
consensus,homogeneous,11,0,5,0.2,0.4,0.0,0.1,4200730711560847400.0,15,0.07127589037731029,0.00017278838673303,0.00016220446490653,1,3,-0.4,0.0
consensus,homogeneous,53,0,4,0.1,0.8,0.5,0.1,1841142524168585220.0,15,0.07104520914922599,0.00011959660137328,0.00005885476574124,1,1,-0.30000000000000004,0.0
consensus,homogeneous,53,0,4,0.1,0.8,0.5,0.1,4692690466958798800.0,15,0.070594979172787,0.00013261239591157,0.00006319762126004,1,1,-0.30000000000000004,0.0
consensus,homogeneous,53,0,4,0.1,0.8,0.5,0.1,8636175130330607600.0,15,0.06950861846960597,0.00013893031329552,0.00007743565469352,1,1,-0.30000000000000004,0.0
consensus,homogeneous,11,0,5,0.2,0.4,0.0,0.1,360045816003429380.0,15,0.0636735329933024,0.00016464032800875,0.00013066580162582,1,3,-0.4,0.2
consensus,homogeneous,53,0,4,0.1,0.8,0.5,0.1,5702577027890589700.0,15,0.06783187864142295,0.00013035887830289,0.00007802517272429,1,1,-0.30000000000000004,0.0
consensus,homogeneous,53,0,4,0.1,0.8,0.5,0.1,109591146466576384.0,15,0.07086073562815041,0.0001363904905925,0.0000646833945963,1,1,-0.30000000000000004,0.0
consensus,homogeneous,53,0,4,0.1,0.8,0.5,0.1,6905470370856337400.0,15,0.06793087016532871,0.00012183825360396,0.00007657980144082,1,1,-0.30000000000000004,0.0
consensus,homogeneous,53,0,4,0.1,0.8,0.5,0.1,4490502852978390000.0,15,0.06719753453302525,0.00014212410521825,0.00008257591557,1,1,-0.30000000000000004,0.0
consensus,homogeneous,53,0,4,0.1,0.8,0.5,0.1,7139002048363152400.0,15,0.06919008997895437,0.0001352587102776,0.00008842491455566,1,1,-0.30000000000000004,0.0
consensus,homogeneous,53,0,4,0.1,0.8,0.5,0.1,4477927936947039200.0,15,0.07044811134964928,0.00012953987922036,0.00006731853503119,1,1,-0.30000000000000004,0.0
consensus,homogeneous,53,0,4,0.1,0.8,0.5,0.1,3407647030800275500.0,15,0.06704970734010549,0.00015534581911861,0.00008646885631809,1,1,-0.30000000000000004,0.0
consensus,homogeneous,53,0,4,0.1,0.8,0.5,0.1,7128893484183252000.0,15,0.06860160521712619,0.00011879434261092,0.00007770909013677,1,1,-0.30000000000000004,0.0
consensus,homogeneous,53,0,4,0.1,0.8,0.5,0.1,4910962305337055200.0,15,0.06701174408490834,0.00015049783820948,0.00008169771386414,1,1,-0.30000000000000004,0.0
consensus,homogeneous,53,0,4,0.1,0.8,0.5,0.1,7043372089166577700.0,15,0.06780749083449654,0.00013273187492646,0.00008017915221515,1,1,-0.30000000000000004,0.0
consensus,homogeneous,53,0,4,0.1,0.8,0.5,0.1,997606725876738050.0,15,0.06855688087102296,0.00013501993326929,0.00008754042270798,1,1,-0.30000000000000004,0.0
consensus,homogeneous,53,0,4,0.1,0.8,0.5,0.1,6872698498072871900.0,15,0.06787038883275891,0.00013506707395143,0.00008652069882188,1,1,-0.30000000000000004,0.0
consensus,homogeneous,53,0,4,0.1,0.8,0.5,0.1,4286360386944651300.0,15,0.06798114802786381,0.00013173782435164,0.00007856968275002,1,1,-0.30000000000000004,0.0
consensus,homogeneous,53,0,4,0.1,0.8,0.5,0.1,7924300342041792500.0,15,0.06769331351469751,0.00013369171907829,0.0000835321081311,1,1,-0.30000000000000004,0.0
consensus,homogeneous,53,0,4,0.1,0.8,0.5,0.1,115109577693645824.0,15,0.06807155510520249,0.00013666448902731,0.0000825741857544,1,1,-0.30000000000000004,0.0
consensus,homogeneous,53,0,4,0.1,0.8,0.5,0.1,2595646474777646100.0,15,0.07004445954246608,0.00012144830190262,0.00006892840358939,1,1,-0.30000000000000004,0.0
consensus,homogeneous,53,0,4,0.1,0.8,0.5,0.1,4200730711560847400.0,15,0.06963056800413928,0.00013689746563885,0.00007231811294697,1,1,-0.30000000000000004,0.0
consensus,homogeneous,53,0,4,0.1,0.8,0.5,0.1,2787618399357031400.0,15,0.06645486289520111,0.00015240178229211,0.00009944461530044,1,1,-0.30000000000000004,0.0
consensus,homogeneous,53,0,4,0.1,0.8,0.5,0.1,1831297316135118850.0,15,0.07022705510354109,0.00012457444651098,0.00006205828401991,1,1,-0.30000000000000004,0.0
consensus,homogeneous,53,0,4,0.1,0.8,0.5,0.1,22746047218290688.0,15,0.06708288107931058,0.00013127892734236,0.00008113905676922,1,1,-0.30000000000000004,0.0
consensus,homogeneous,53,0,4,0.1,0.8,0.5,0.1,1285926408638267390.0,15,0.06977346006755292,0.00012638377561288,0.00007875091029078,1,1,-0.30000000000000004,0.0
consensus,homogeneous,26,0,5,0.3,0.5,0.8,0.2,4910962305337055200.0,15,0.06747171008694425,0.00002021312749259,0.00001101604122257,1,3,0.30000000000000004,0.0
consensus,homogeneous,53,0,4,0.1,0.8,0.5,0.1,256029315321952256.0,15,0.06938674407045324,0.00012668900871262,0.00007657774536859,1,1,-0.30000000000000004,0.0
consensus,homogeneous,26,0,5,0.3,0.5,0.8,0.2,4398895106259038200.0,15,0.05571225230192584,0.00001517280826845,0.00001035966741207,1,3,0.30000000000000004,0.0
consensus,homogeneous,26,0,5,0.3,0.5,0.8,0.2,7240713591891685400.0,15,0.06609043200525071,0.0000212630179226,0.00001254279109596,1,3,0.30000000000000004,0.0
consensus,homogeneous,26,0,5,0.3,0.5,0.8,0.2,4692690466958798800.0,15,0.06885565459444937,0.0000126147022328,0.00000641362602724,1,3,0.30000000000000004,0.0
consensus,homogeneous,26,0,5,0.3,0.5,0.8,0.2,6905470370856337400.0,15,0.06994096742021907,0.00002066078788224,0.00001346214337151,1,3,0.30000000000000004,0.0
consensus,homogeneous,26,0,5,0.3,0.5,0.8,0.2,8636175130330607600.0,15,0.06209549470697863,0.00005710130736858,0.00004400259635994,1,3,0.30000000000000004,0.0
consensus,homogeneous,53,0,4,0.1,0.8,0.5,0.1,360045816003429380.0,15,0.07010707182318592,0.00011733593999691,0.00006078416199294,1,1,-0.30000000000000004,0.0
consensus,homogeneous,26,0,5,0.3,0.5,0.8,0.2,4286360386944651300.0,15,0.07874229149619835,0.00001898235405617,0.00001515755233718,2,3,0.30000000000000004,0.0
consensus,homogeneous,26,0,5,0.3,0.5,0.8,0.2,1841142524168585220.0,15,0.07039663985306831,0.00001040071821698,0.00000638084847527,1,3,0.30000000000000004,0.0
consensus,homogeneous,26,0,5,0.3,0.5,0.8,0.2,7139002048363152400.0,15,0.06930427887584598,0.00003173913411164,0.00001757068182941,1,3,0.30000000000000004,0.0
consensus,homogeneous,26,0,5,0.3,0.5,0.8,0.2,109591146466576384.0,15,0.06641386239491419,0.00002271928377589,0.00001224741505951,1,3,0.30000000000000004,0.0
consensus,homogeneous,26,0,5,0.3,0.5,0.8,0.2,8803618445054126100.0,15,0.06520454255116523,0.0000098972609561,0.00000628001762222,1,3,0.30000000000000004,0.0
consensus,homogeneous,26,0,5,0.3,0.5,0.8,0.2,5702577027890589700.0,15,0.0692696028561591,0.00001239429487187,0.00000786185266331,1,3,0.30000000000000004,0.0
consensus,homogeneous,26,0,5,0.3,0.5,0.8,0.2,4477927936947039200.0,15,0.06426243606576813,0.00002862110269036,0.00002178900302926,1,3,0.30000000000000004,0.0
consensus,homogeneous,26,0,5,0.3,0.5,0.8,0.2,6872698498072871900.0,15,0.05799662460867024,0.00003176780378447,0.00002550861322636,1,3,0.30000000000000004,0.0
consensus,homogeneous,26,0,5,0.3,0.5,0.8,0.2,3407647030800275500.0,15,0.06440996237624443,0.00002184071610417,0.00001252200337749,1,3,0.30000000000000004,0.0
consensus,homogeneous,26,0,5,0.3,0.5,0.8,0.2,4342572612484808700.0,15,0.0699709652258266,0.00005464449774977,0.00003264298969791,1,3,0.30000000000000004,0.0
consensus,homogeneous,26,0,5,0.3,0.5,0.8,0.2,4490502852978390000.0,15,0.06649866791097168,0.00001112493352855,0.00000700902649298,1,3,0.30000000000000004,0.0
consensus,homogeneous,26,0,5,0.3,0.5,0.8,0.2,7043372089166577700.0,15,0.0651496658406853,0.00001597276476056,0.00000881785186947,1,3,0.30000000000000004,0.0
consensus,homogeneous,26,0,5,0.3,0.5,0.8,0.2,7128893484183252000.0,15,0.06867062342236373,0.00003588228925675,0.00002389005769612,1,3,0.30000000000000004,0.0
consensus,homogeneous,26,0,5,0.3,0.5,0.8,0.2,997606725876738050.0,15,0.07521552803589657,0.00001220581120727,0.00000620241643146,1,3,0.30000000000000004,0.0
consensus,homogeneous,26,0,5,0.3,0.5,0.8,0.2,2595646474777646100.0,15,0.07374444009785683,0.00000596790879697,0.0000039898532666,1,3,0.30000000000000004,0.0
consensus,homogeneous,26,0,5,0.3,0.5,0.8,0.2,22746047218290688.0,15,0.0739594174301484,0.00001675674153605,0.00001182188311281,1,3,0.30000000000000004,0.0
consensus,homogeneous,26,0,5,0.3,0.5,0.8,0.2,1831297316135118850.0,15,0.06258866216520205,0.00004721668387088,0.00003553275578085,1,3,0.30000000000000004,0.0
consensus,homogeneous,26,0,5,0.3,0.5,0.8,0.2,7924300342041792500.0,15,0.06727911197723943,0.00002020246929054,0.00001105776690206,1,3,0.30000000000000004,0.0
consensus,homogeneous,26,0,5,0.3,0.5,0.8,0.2,2787618399357031400.0,15,0.06673567459371163,0.00002622232374301,0.00001797075380884,1,3,0.30000000000000004,0.0
consensus,homogeneous,26,0,5,0.3,0.5,0.8,0.2,115109577693645824.0,15,0.08478544861296965,0.0000225433444349,0.00001622975012758,2,3,0.30000000000000004,0.0
consensus,homogeneous,26,0,5,0.3,0.5,0.8,0.2,1285926408638267390.0,15,0.07244091096117253,0.00002293400800953,0.00001208770561022,1,3,0.30000000000000004,0.0
consensus,heterogeneous,1,3,3,0.3,0.2,0.8,0.3,8636175130330607600.0,15,0.16103068744327018,0.00028727731604092,0.00016580726708797,2,3,0.6000000000000001,0.0
consensus,homogeneous,26,0,5,0.3,0.5,0.8,0.2,4200730711560847400.0,15,0.07128102507928448,0.00001783722083889,0.00001428064700268,1,3,0.30000000000000004,0.0
consensus,heterogeneous,1,3,3,0.3,0.2,0.8,0.3,7240713591891685400.0,15,0.16624980605638692,0.00013169115158351,0.00007887362992019,2,3,0.6000000000000001,0.0
consensus,homogeneous,26,0,5,0.3,0.5,0.8,0.2,360045816003429380.0,15,0.06272714134750845,0.00004429616560833,0.00003270133877954,1,3,0.30000000000000004,0.0
consensus,homogeneous,26,0,5,0.3,0.5,0.8,0.2,256029315321952256.0,15,0.05739850984594201,0.00000884144903824,0.00000516065649958,1,3,0.30000000000000004,0.0
consensus,heterogeneous,1,3,3,0.3,0.2,0.8,0.3,7139002048363152400.0,15,0.1622798210533922,0.00046773345488832,0.00045276440497955,2,3,0.6000000000000001,0.0
consensus,heterogeneous,1,3,3,0.3,0.2,0.8,0.3,1841142524168585220.0,15,0.16704204069362494,0.00014290437847652,0.00010796685144989,2,3,0.6000000000000001,0.0
consensus,heterogeneous,1,3,3,0.3,0.2,0.8,0.3,7043372089166577700.0,15,0.16024134055596906,0.00036227721138022,0.0002469026762685,2,3,0.6000000000000001,0.0
consensus,heterogeneous,1,3,3,0.3,0.2,0.8,0.3,5702577027890589700.0,15,0.15850905190150708,0.00045842682745776,0.00027740316002468,2,3,0.6000000000000001,0.0
consensus,heterogeneous,1,3,3,0.3,0.2,0.8,0.3,6905470370856337400.0,15,0.16053847382414266,0.00033826256636968,0.00021962904396455,2,3,0.6000000000000001,0.0
consensus,heterogeneous,1,3,3,0.3,0.2,0.8,0.3,4398895106259038200.0,15,0.1641703734975819,0.00020062429561676,0.00013076777807384,1,3,0.6000000000000001,0.0
consensus,heterogeneous,1,3,3,0.3,0.2,0.8,0.3,8803618445054126100.0,15,0.16608169045795332,0.00016584359812077,0.00011860338011843,1,3,0.6000000000000001,0.0
consensus,heterogeneous,1,3,3,0.3,0.2,0.8,0.3,4692690466958798800.0,15,0.16303685078892136,0.00022569893984367,0.00015577755891667,2,3,0.6000000000000001,0.0
consensus,heterogeneous,1,3,3,0.3,0.2,0.8,0.3,109591146466576384.0,15,0.16275590381041746,0.0002817027777686,0.00019699006375167,2,3,0.6000000000000001,0.0
consensus,heterogeneous,1,3,3,0.3,0.2,0.8,0.3,7128893484183252000.0,15,0.16193029853204968,0.00036114773767773,0.00032615691513309,2,3,0.6000000000000001,0.0
consensus,heterogeneous,1,3,3,0.3,0.2,0.8,0.3,4342572612484808700.0,15,0.15877980037351366,0.00040936783951691,0.00028909451948775,2,3,0.6000000000000001,0.0
consensus,heterogeneous,1,3,3,0.3,0.2,0.8,0.3,22746047218290688.0,15,0.1632067469705727,0.00021880295329227,0.00012629005213002,2,3,0.6000000000000001,0.0
consensus,heterogeneous,1,3,3,0.3,0.2,0.8,0.3,4477927936947039200.0,15,0.16537605267978697,0.00014064182733176,0.00008501743152631,1,3,0.6000000000000001,0.0
consensus,heterogeneous,1,3,3,0.3,0.2,0.8,0.3,4286360386944651300.0,15,0.16199577666723045,0.00034367756465574,0.00020601937182886,2,3,0.6000000000000001,0.0
consensus,heterogeneous,1,3,3,0.3,0.2,0.8,0.3,4910962305337055200.0,15,0.15496850103344886,0.00054874066939823,0.00039063025538031,2,3,0.6000000000000001,0.0
consensus,heterogeneous,1,3,3,0.3,0.2,0.8,0.3,6872698498072871900.0,15,0.16722893673188846,0.00011833757157871,0.00009233066101454,1,3,0.6000000000000001,0.0
consensus,heterogeneous,1,3,3,0.3,0.2,0.8,0.3,997606725876738050.0,15,0.16389849449931604,0.00036892546687779,0.00025811206674043,2,3,0.6000000000000001,0.0
consensus,heterogeneous,1,3,3,0.3,0.2,0.8,0.3,4490502852978390000.0,15,0.16870273247768178,0.00008580621967923,0.0000567691394012,2,3,0.6000000000000001,0.0
consensus,heterogeneous,1,3,3,0.3,0.2,0.8,0.3,2595646474777646100.0,15,0.16227231759190716,0.00031066240608431,0.00024856157926029,2,3,0.6000000000000001,0.0
consensus,heterogeneous,1,3,3,0.3,0.2,0.8,0.3,3407647030800275500.0,15,0.1659950195983917,0.00021076831554609,0.00020504202459811,2,3,0.6000000000000001,0.0
consensus,heterogeneous,1,3,3,0.3,0.2,0.8,0.3,115109577693645824.0,15,0.16500445923518423,0.00014788667050303,0.00008432211778103,2,3,0.6000000000000001,0.0
consensus,heterogeneous,1,3,3,0.3,0.2,0.8,0.3,7924300342041792500.0,15,0.1614533286287564,0.00025453858193072,0.00014038624984849,2,3,0.6000000000000001,0.0
consensus,heterogeneous,1,3,3,0.3,0.2,0.8,0.3,256029315321952256.0,15,0.16287440974379194,0.00024646094015088,0.00014845010238245,2,3,0.6000000000000001,0.0
consensus,heterogeneous,42,2,2,0.5,0.6,0.2,0.2,109591146466576384.0,15,0.18578372633316176,0.00000245431450397,0.00000173095474907,1,4,-0.39999999999999997,0.0
consensus,heterogeneous,1,3,3,0.3,0.2,0.8,0.3,2787618399357031400.0,15,0.1598586455456746,0.00034181011877776,0.00021358013199099,2,3,0.6000000000000001,0.0
consensus,heterogeneous,1,3,3,0.3,0.2,0.8,0.3,1285926408638267390.0,15,0.16103990240026578,0.00036574526717916,0.00024455653451404,1,3,0.6000000000000001,0.0
consensus,heterogeneous,42,2,2,0.5,0.6,0.2,0.2,7240713591891685400.0,15,0.19072683817535682,0.00000044214459197,0.00000020753255486,1,4,-0.39999999999999997,0.0
consensus,heterogeneous,1,3,3,0.3,0.2,0.8,0.3,1831297316135118850.0,15,0.157751220479306,0.0003539121140923,0.00023341066864128,2,3,0.6000000000000001,0.0
consensus,heterogeneous,1,3,3,0.3,0.2,0.8,0.3,360045816003429380.0,15,0.15791891406385128,0.00041989760094712,0.00024505064246025,2,3,0.6000000000000001,0.0
consensus,heterogeneous,42,2,2,0.5,0.6,0.2,0.2,4342572612484808700.0,15,0.1721297550168514,0.00000083379942452,0.00000060451915961,1,4,-0.39999999999999997,0.0
consensus,heterogeneous,42,2,2,0.5,0.6,0.2,0.2,4692690466958798800.0,15,0.16171071137263499,0.00000163994260053,0.00000095481963157,1,4,-0.39999999999999997,0.0
consensus,heterogeneous,1,3,3,0.3,0.2,0.8,0.3,4200730711560847400.0,15,0.16238733669149788,0.00028318505910748,0.00016591222877508,2,3,0.6000000000000001,0.0
consensus,heterogeneous,42,2,2,0.5,0.6,0.2,0.2,7139002048363152400.0,15,0.17373962852457495,0.00000163390575826,0.00000098205969082,1,4,-0.39999999999999997,0.0
consensus,heterogeneous,42,2,2,0.5,0.6,0.2,0.2,8636175130330607600.0,15,0.1927473436658484,0.00000352983808255,0.00000372405602683,1,4,-0.39999999999999997,0.0
consensus,heterogeneous,42,2,2,0.5,0.6,0.2,0.2,6905470370856337400.0,15,0.173288346998071,0.00000078752237823,0.00000049451436757,1,4,-0.39999999999999997,0.0
consensus,heterogeneous,42,2,2,0.5,0.6,0.2,0.2,5702577027890589700.0,15,0.1899298627785883,0.00000164119263955,0.00000148429721128,1,4,-0.39999999999999997,0.0
consensus,heterogeneous,42,2,2,0.5,0.6,0.2,0.2,997606725876738050.0,15,0.16950008826396695,0.00000720884766743,0.00000374124574411,1,4,-0.39999999999999997,0.0
consensus,heterogeneous,42,2,2,0.5,0.6,0.2,0.2,6872698498072871900.0,15,0.18616128583041602,0.00000262227316263,0.00000131819318869,1,4,-0.39999999999999997,0.0
consensus,heterogeneous,42,2,2,0.5,0.6,0.2,0.2,1841142524168585220.0,15,0.18716622409180064,0.00000090277946561,0.00000044163691325,1,4,-0.39999999999999997,0.0
consensus,heterogeneous,42,2,2,0.5,0.6,0.2,0.2,4398895106259038200.0,15,0.19202367212697585,0.00000428076425201,0.00000300267284775,1,4,-0.39999999999999997,0.0
consensus,heterogeneous,42,2,2,0.5,0.6,0.2,0.2,7043372089166577700.0,15,0.17810985672233393,0.00000049476336343,0.00000030032114209,1,4,-0.39999999999999997,0.0
consensus,heterogeneous,42,2,2,0.5,0.6,0.2,0.2,22746047218290688.0,15,0.1901837076938802,0.00000067145980079,0.00000041678013376,1,4,-0.39999999999999997,0.0
consensus,heterogeneous,42,2,2,0.5,0.6,0.2,0.2,4477927936947039200.0,15,0.17939294989034077,0.00000382122446157,0.00000239317514383,1,4,-0.39999999999999997,0.0
consensus,heterogeneous,42,2,2,0.5,0.6,0.2,0.2,7128893484183252000.0,15,0.1850446886955718,0.0000005253060743,0.00000023652942207,1,4,-0.39999999999999997,0.0
consensus,heterogeneous,42,2,2,0.5,0.6,0.2,0.2,8803618445054126100.0,15,0.19435809801593917,0.00000153228752001,0.00000104968422275,1,4,-0.39999999999999997,0.0
consensus,heterogeneous,42,2,2,0.5,0.6,0.2,0.2,7924300342041792500.0,15,0.19546610138412693,0.00000081466336949,0.00000053419739189,1,4,-0.39999999999999997,0.0
consensus,heterogeneous,42,2,2,0.5,0.6,0.2,0.2,4490502852978390000.0,15,0.19672957433933333,0.00000045034214284,0.00000035560271145,1,4,-0.39999999999999997,0.0
consensus,heterogeneous,42,2,2,0.5,0.6,0.2,0.2,2595646474777646100.0,15,0.17867266501329285,0.00000080599505521,0.00000045883572276,1,4,-0.39999999999999997,0.0
consensus,heterogeneous,42,2,2,0.5,0.6,0.2,0.2,4286360386944651300.0,15,0.18268698490111826,0.0000019636738472,0.00000105736277179,1,4,-0.39999999999999997,0.0
consensus,heterogeneous,42,2,2,0.5,0.6,0.2,0.2,3407647030800275500.0,15,0.18225264163061877,0.00000159756274591,0.00000072876589647,1,4,-0.39999999999999997,0.0
consensus,heterogeneous,42,2,2,0.5,0.6,0.2,0.2,4910962305337055200.0,15,0.1809788796559996,0.00000388490160236,0.000002452042815,1,4,-0.39999999999999997,0.0
consensus,heterogeneous,42,2,2,0.5,0.6,0.2,0.2,1285926408638267390.0,15,0.18234647084364836,0.00000100668071199,0.00000059352830598,1,4,-0.39999999999999997,0.0
consensus,heterogeneous,42,2,2,0.5,0.6,0.2,0.2,115109577693645824.0,15,0.1889627132228303,0.00000374785949697,0.00000167013901358,1,4,-0.39999999999999997,0.0
consensus,heterogeneous,42,2,2,0.5,0.6,0.2,0.2,2787618399357031400.0,15,0.1682651394340354,0.00000333260365494,0.00000194966932583,1,4,-0.39999999999999997,0.0
consensus,heterogeneous,42,2,2,0.5,0.6,0.2,0.2,256029315321952256.0,15,0.17927271605778572,0.00000516418598788,0.0000026678005584,1,4,-0.39999999999999997,0.0
consensus,heterogeneous,7,3,3,0.1,0.8,0.2,0.3,5702577027890589700.0,15,0.06998652195284925,0.00620741367880518,0.00459842249624467,3,4,-0.6000000000000001,0.16666666666666666
consensus,heterogeneous,42,2,2,0.5,0.6,0.2,0.2,1831297316135118850.0,15,0.1668426229021244,0.00000365514316394,0.00000215623110091,1,4,-0.39999999999999997,0.0
consensus,heterogeneous,7,3,3,0.1,0.8,0.2,0.3,7240713591891685400.0,15,0.07913404176900012,0.00520969829567254,0.00403527257199406,3,4,-0.6000000000000001,0.16666666666666666
consensus,heterogeneous,7,3,3,0.1,0.8,0.2,0.3,4398895106259038200.0,15,0.08597814318352798,0.00581544312555781,0.00417037015826489,3,4,-0.6000000000000001,0.16666666666666666
consensus,heterogeneous,7,3,3,0.1,0.8,0.2,0.3,8636175130330607600.0,15,0.07069773613310466,0.00598651993833227,0.00374544919446607,3,4,-0.6000000000000001,0.3333333333333333
consensus,heterogeneous,42,2,2,0.5,0.6,0.2,0.2,360045816003429380.0,15,0.1881368685602685,0.00000050051267783,0.00000046567540434,1,4,-0.39999999999999997,0.0
consensus,heterogeneous,7,3,3,0.1,0.8,0.2,0.3,6905470370856337400.0,15,0.07932167814577942,0.00635625649244367,0.00497078755506261,3,4,-0.6000000000000001,0.3333333333333333
consensus,heterogeneous,42,2,2,0.5,0.6,0.2,0.2,4200730711560847400.0,15,0.15880195721831308,0.00000412336475192,0.00000405183961747,2,4,-0.39999999999999997,0.0
consensus,heterogeneous,7,3,3,0.1,0.8,0.2,0.3,7139002048363152400.0,15,0.0668430109592629,0.00551430081088836,0.00360772323403239,3,4,-0.6000000000000001,0.0
consensus,heterogeneous,7,3,3,0.1,0.8,0.2,0.3,7128893484183252000.0,15,0.06202120609162181,0.00591018040072178,0.00463802622391854,3,4,-0.6000000000000001,0.5
consensus,heterogeneous,7,3,3,0.1,0.8,0.2,0.3,8803618445054126100.0,15,0.09390082021284296,0.00518760700839318,0.00379631939982734,3,4,-0.6000000000000001,0.16666666666666666
consensus,heterogeneous,7,3,3,0.1,0.8,0.2,0.3,4692690466958798800.0,15,0.06984016833532368,0.00572107714116094,0.00437700685886423,3,4,-0.6000000000000001,0.0
consensus,heterogeneous,7,3,3,0.1,0.8,0.2,0.3,1841142524168585220.0,15,0.07616705212326207,0.00460498063292122,0.00310656292059587,3,4,-0.6000000000000001,0.16666666666666666
consensus,heterogeneous,7,3,3,0.1,0.8,0.2,0.3,4342572612484808700.0,15,0.06620197488455826,0.00645486114612304,0.00438914691136741,3,4,-0.6000000000000001,0.16666666666666666
consensus,heterogeneous,7,3,3,0.1,0.8,0.2,0.3,4286360386944651300.0,15,0.06526323410474043,0.00668958259707052,0.00496090300330719,3,4,-0.6000000000000001,0.16666666666666666
consensus,heterogeneous,7,3,3,0.1,0.8,0.2,0.3,109591146466576384.0,15,0.07790817832452333,0.00724690301922392,0.00529113567709927,3,4,-0.6000000000000001,0.3333333333333333
consensus,heterogeneous,7,3,3,0.1,0.8,0.2,0.3,7043372089166577700.0,15,0.0786991523291626,0.00526677085996509,0.00332163882672889,3,4,-0.6000000000000001,0.0
consensus,heterogeneous,7,3,3,0.1,0.8,0.2,0.3,6872698498072871900.0,15,0.08557165351890517,0.00564741778490637,0.00398542839301722,3,4,-0.6000000000000001,0.0
consensus,heterogeneous,7,3,3,0.1,0.8,0.2,0.3,7924300342041792500.0,15,0.07843623783711512,0.00549799867492535,0.00407863782105043,3,4,-0.6000000000000001,0.3333333333333333
consensus,heterogeneous,7,3,3,0.1,0.8,0.2,0.3,3407647030800275500.0,15,0.07555507881228887,0.00534980888968816,0.00364822992726331,3,4,-0.6000000000000001,0.16666666666666666
consensus,heterogeneous,7,3,3,0.1,0.8,0.2,0.3,4477927936947039200.0,15,0.08616219663848994,0.00547757508449726,0.00371091972553664,3,4,-0.6000000000000001,0.3333333333333333
consensus,heterogeneous,7,3,3,0.1,0.8,0.2,0.3,2595646474777646100.0,15,0.06624563059715537,0.00653491246509008,0.00426879643399508,3,4,-0.6000000000000001,0.16666666666666666
consensus,heterogeneous,7,3,3,0.1,0.8,0.2,0.3,997606725876738050.0,15,0.06398995076203359,0.0063514207761742,0.00473141571331358,3,4,-0.6000000000000001,0.3333333333333333
consensus,heterogeneous,7,3,3,0.1,0.8,0.2,0.3,4490502852978390000.0,15,0.08317009326062116,0.00429165718289222,0.00339393352234002,3,4,-0.6000000000000001,0.0
consensus,heterogeneous,7,3,3,0.1,0.8,0.2,0.3,4910962305337055200.0,15,0.06956684869108905,0.00786481305017727,0.00528718786151072,3,4,-0.6000000000000001,0.16666666666666666
consensus,heterogeneous,7,3,3,0.1,0.8,0.2,0.3,1285926408638267390.0,15,0.09303887138466893,0.00503533904397571,0.00371989817526051,3,4,-0.6000000000000001,0.16666666666666666
consensus,heterogeneous,7,3,3,0.1,0.8,0.2,0.3,22746047218290688.0,15,0.07138183135479854,0.00578717597621837,0.00426710521299077,3,4,-0.6000000000000001,0.0
consensus,heterogeneous,7,3,3,0.1,0.8,0.2,0.3,256029315321952256.0,15,0.06919258524558881,0.00661616658857002,0.00524715306496494,3,4,-0.6000000000000001,0.16666666666666666
consensus,heterogeneous,7,3,3,0.1,0.8,0.2,0.3,115109577693645824.0,15,0.07900497778346884,0.00562752116082764,0.00494904552988103,3,4,-0.6000000000000001,0.0
consensus,heterogeneous,7,3,3,0.1,0.8,0.2,0.3,1831297316135118850.0,15,0.06650038637228882,0.00623197008113784,0.004156560202393,3,4,-0.6000000000000001,0.16666666666666666
consensus,heterogeneous,7,3,3,0.1,0.8,0.2,0.3,2787618399357031400.0,15,0.06902644890078667,0.00593440863188785,0.00444660679412776,3,4,-0.6000000000000001,0.0
consensus,heterogeneous,7,3,3,0.1,0.8,0.2,0.3,4200730711560847400.0,15,0.07403122602827285,0.00532622119817332,0.00397972919894088,3,4,-0.6000000000000001,0.0
consensus,heterogeneous,21,3,3,0.1,0.4,0.8,0.3,7139002048363152400.0,15,0.07836637690579908,0.00486369284127829,0.00592160909401286,3,4,0.4,0.0
consensus,heterogeneous,7,3,3,0.1,0.8,0.2,0.3,360045816003429380.0,15,0.06666657766095514,0.00674235062710972,0.00481592650332569,3,4,-0.6000000000000001,0.16666666666666666
consensus,heterogeneous,21,3,3,0.1,0.4,0.8,0.3,8636175130330607600.0,15,0.07463389809812485,0.00537102544362454,0.00533928913255443,3,4,0.4,0.0
consensus,heterogeneous,21,3,3,0.1,0.4,0.8,0.3,5702577027890589700.0,15,0.07636467287824666,0.00485171249548602,0.00578067560962933,3,4,0.4,0.0
consensus,heterogeneous,21,3,3,0.1,0.4,0.8,0.3,4692690466958798800.0,15,0.07505766925598673,0.00544833006861648,0.00582446981830428,3,4,0.4,0.0
consensus,heterogeneous,21,3,3,0.1,0.4,0.8,0.3,6905470370856337400.0,15,0.07993974217007935,0.00500201225021728,0.00546638155246861,3,4,0.4,0.0
consensus,heterogeneous,21,3,3,0.1,0.4,0.8,0.3,7240713591891685400.0,15,0.07477400014946406,0.00513092338919337,0.00562932307668878,3,4,0.4,0.0
consensus,heterogeneous,21,3,3,0.1,0.4,0.8,0.3,4398895106259038200.0,15,0.07832979518844062,0.00497807231315767,0.00578271580092639,3,4,0.4,0.0
consensus,heterogeneous,21,3,3,0.1,0.4,0.8,0.3,1841142524168585220.0,15,0.07367073632810027,0.00601351253846137,0.00526213494912678,3,4,0.4,0.0
consensus,heterogeneous,21,3,3,0.1,0.4,0.8,0.3,8803618445054126100.0,15,0.0773119244789485,0.00492547416522954,0.00614987016971295,3,4,0.4,0.0
consensus,heterogeneous,21,3,3,0.1,0.4,0.8,0.3,4342572612484808700.0,15,0.07210443616618827,0.00555792249290256,0.00613740012767211,3,4,0.4,0.0
consensus,heterogeneous,21,3,3,0.1,0.4,0.8,0.3,109591146466576384.0,15,0.06523794324021967,0.00601658937697206,0.00639877844934655,3,4,0.4,0.0
consensus,heterogeneous,21,3,3,0.1,0.4,0.8,0.3,4477927936947039200.0,15,0.07894287294602613,0.00502243245529271,0.00543610854359439,3,4,0.4,0.0
consensus,heterogeneous,21,3,3,0.1,0.4,0.8,0.3,7043372089166577700.0,15,0.08019586883836957,0.00464021127415071,0.00532850942179922,3,4,0.4,0.0
consensus,heterogeneous,21,3,3,0.1,0.4,0.8,0.3,7128893484183252000.0,15,0.07299060217166274,0.00554842700864092,0.00621201735394112,3,4,0.4,0.0
consensus,heterogeneous,21,3,3,0.1,0.4,0.8,0.3,4286360386944651300.0,15,0.07298053010325109,0.00534993155121788,0.00572221713702243,3,4,0.4,0.0
consensus,heterogeneous,21,3,3,0.1,0.4,0.8,0.3,4490502852978390000.0,15,0.0809173254215294,0.00479969556987919,0.00556276289165741,3,4,0.4,0.0
consensus,heterogeneous,21,3,3,0.1,0.4,0.8,0.3,3407647030800275500.0,15,0.08094660316879222,0.00508473878185771,0.00518708694015983,3,4,0.4,0.0
consensus,heterogeneous,21,3,3,0.1,0.4,0.8,0.3,22746047218290688.0,15,0.07490153296708231,0.00501202774342693,0.00582802531660986,3,4,0.4,0.0
consensus,heterogeneous,21,3,3,0.1,0.4,0.8,0.3,2595646474777646100.0,15,0.07724451161999658,0.00479874097859942,0.00586786104782361,3,4,0.4,0.0
consensus,heterogeneous,21,3,3,0.1,0.4,0.8,0.3,6872698498072871900.0,15,0.06602142372123992,0.00603561829003633,0.00648007482089799,3,4,0.4,0.0
consensus,heterogeneous,21,3,3,0.1,0.4,0.8,0.3,1831297316135118850.0,15,0.0822829000746622,0.00458282197700774,0.00563588774907263,3,4,0.4,0.0
consensus,heterogeneous,21,3,3,0.1,0.4,0.8,0.3,2787618399357031400.0,15,0.07721005110009688,0.00516118496818339,0.00605145344665334,3,4,0.4,0.0
consensus,heterogeneous,21,3,3,0.1,0.4,0.8,0.3,115109577693645824.0,15,0.07743647216927585,0.00490364457882841,0.0060261788293038,3,4,0.4,0.0
consensus,heterogeneous,21,3,3,0.1,0.4,0.8,0.3,4910962305337055200.0,15,0.07705095780559115,0.00507945913011758,0.00569335881938312,3,4,0.4,0.0
consensus,heterogeneous,21,3,3,0.1,0.4,0.8,0.3,7924300342041792500.0,15,0.08147163202843326,0.0044297492586908,0.00571254346053577,3,4,0.4,0.0
consensus,heterogeneous,21,3,3,0.1,0.4,0.8,0.3,997606725876738050.0,15,0.06848064555738123,0.00562959027537553,0.0056125607165212,3,4,0.4,0.0
consensus,heterogeneous,21,3,3,0.1,0.4,0.8,0.3,1285926408638267390.0,15,0.08389770944583548,0.00452028114817543,0.00522722551453777,3,4,0.4,0.0
consensus,heterogeneous,21,3,3,0.1,0.4,0.8,0.3,360045816003429380.0,15,0.07591873164282952,0.00505289967912225,0.00645833958188733,3,4,0.4,0.0
consensus,heterogeneous,21,3,3,0.1,0.4,0.8,0.3,4200730711560847400.0,15,0.07879312064034476,0.00478417935540309,0.00601871324185623,3,4,0.4,0.0
consensus,heterogeneous,25,2,2,0.1,0.6,0.0,0.2,7139002048363152400.0,15,0.13189410901540638,0.01022148879197632,0.00459102983044184,4,3,-0.6,0.75
consensus,heterogeneous,21,3,3,0.1,0.4,0.8,0.3,256029315321952256.0,15,0.07776033489293697,0.00523745166676366,0.00590605245225771,3,4,0.4,0.0
consensus,heterogeneous,25,2,2,0.1,0.6,0.0,0.2,7240713591891685400.0,15,0.15388877212539612,0.00840382688376828,0.0052858687744427,4,3,-0.6,0.5
consensus,heterogeneous,25,2,2,0.1,0.6,0.0,0.2,8636175130330607600.0,15,0.1390864645229748,0.009902973051366,0.00468974923263129,4,3,-0.6,0.75
consensus,heterogeneous,25,2,2,0.1,0.6,0.0,0.2,1841142524168585220.0,15,0.12748585840629775,0.01060870671766468,0.00514934734677474,4,3,-0.6,0.5
consensus,heterogeneous,25,2,2,0.1,0.6,0.0,0.2,6905470370856337400.0,15,0.1269800708932618,0.01098504822658489,0.00712852499509912,3,3,-0.6,0.75
consensus,heterogeneous,25,2,2,0.1,0.6,0.0,0.2,7043372089166577700.0,15,0.1478996704648829,0.00893251284890171,0.00534039080714923,4,3,-0.6,0.5
consensus,heterogeneous,25,2,2,0.1,0.6,0.0,0.2,4692690466958798800.0,15,0.14180443048151922,0.0094026095401669,0.00476993610374479,4,3,-0.6,0.5
consensus,heterogeneous,25,2,2,0.1,0.6,0.0,0.2,4477927936947039200.0,15,0.13861319722971857,0.01044536135102592,0.00524883123046953,4,3,-0.6,0.75
consensus,heterogeneous,25,2,2,0.1,0.6,0.0,0.2,8803618445054126100.0,15,0.14871496526582043,0.00789541244182783,0.00405954412312708,3,3,-0.6,0.5
consensus,heterogeneous,25,2,2,0.1,0.6,0.0,0.2,5702577027890589700.0,15,0.14109954176370637,0.00949486888731462,0.00520132845456599,4,3,-0.6,0.75
consensus,heterogeneous,25,2,2,0.1,0.6,0.0,0.2,4398895106259038200.0,15,0.13932140344972566,0.00903073823100597,0.00410401535905363,4,3,-0.6,0.5
consensus,heterogeneous,25,2,2,0.1,0.6,0.0,0.2,7128893484183252000.0,15,0.1370315159674953,0.01013692012886659,0.0055525660562973,4,3,-0.6,0.5
consensus,heterogeneous,25,2,2,0.1,0.6,0.0,0.2,4342572612484808700.0,15,0.13699644587466622,0.0105537827011392,0.00543744041324313,4,3,-0.6,0.5
consensus,heterogeneous,25,2,2,0.1,0.6,0.0,0.2,6872698498072871900.0,15,0.15028250719651,0.00744171505715032,0.00381829186686012,3,3,-0.6,0.25
consensus,heterogeneous,25,2,2,0.1,0.6,0.0,0.2,4910962305337055200.0,15,0.13317211736236662,0.01031279966193106,0.00497240902963163,4,3,-0.6,0.5
consensus,heterogeneous,25,2,2,0.1,0.6,0.0,0.2,4286360386944651300.0,15,0.1361839458588221,0.01056252050109187,0.00504867902196552,4,3,-0.6,0.75
consensus,heterogeneous,25,2,2,0.1,0.6,0.0,0.2,109591146466576384.0,15,0.14491763240511848,0.00863194266073198,0.00419919015581142,4,3,-0.6,0.75
consensus,heterogeneous,25,2,2,0.1,0.6,0.0,0.2,3407647030800275500.0,15,0.13140117138423912,0.00983282798902149,0.00566073872732172,4,3,-0.6,0.5
consensus,heterogeneous,25,2,2,0.1,0.6,0.0,0.2,4490502852978390000.0,15,0.11635756979899328,0.01307577620435513,0.00736735316679344,3,3,-0.6,0.75
consensus,heterogeneous,25,2,2,0.1,0.6,0.0,0.2,997606725876738050.0,15,0.13964574782856407,0.01104317748069372,0.0061098361540327,4,3,-0.6,0.5
consensus,heterogeneous,25,2,2,0.1,0.6,0.0,0.2,2787618399357031400.0,15,0.12587730597337682,0.0114534260141693,0.00653376216437444,4,3,-0.6,0.75
consensus,heterogeneous,25,2,2,0.1,0.6,0.0,0.2,256029315321952256.0,15,0.13451110592673177,0.01054603256970355,0.0051237204065183,4,3,-0.6,0.75
consensus,heterogeneous,25,2,2,0.1,0.6,0.0,0.2,2595646474777646100.0,15,0.15212594479387936,0.00816052859045627,0.00474997023047143,3,3,-0.6,0.75
consensus,heterogeneous,25,2,2,0.1,0.6,0.0,0.2,4200730711560847400.0,15,0.12173764982232109,0.01295129485655785,0.00588363290056697,4,3,-0.6,0.75
consensus,heterogeneous,25,2,2,0.1,0.6,0.0,0.2,1831297316135118850.0,15,0.1456570305630439,0.01173531221843842,0.00766422183613734,3,3,-0.6,0.75
consensus,heterogeneous,25,2,2,0.1,0.6,0.0,0.2,1285926408638267390.0,15,0.13330215165836917,0.00999313236592215,0.00449277320982713,4,3,-0.6,0.5
consensus,heterogeneous,25,2,2,0.1,0.6,0.0,0.2,115109577693645824.0,15,0.1101240397198783,0.01410986299998491,0.00802625275645133,3,3,-0.6,0.75
consensus,heterogeneous,25,2,2,0.1,0.6,0.0,0.2,7924300342041792500.0,15,0.13601587211042138,0.00980497811234737,0.00460331025015548,4,3,-0.6,0.5
consensus,heterogeneous,25,2,2,0.1,0.6,0.0,0.2,22746047218290688.0,15,0.13542943145872458,0.01008737762788609,0.00608245970125671,4,3,-0.6,0.75
consensus,homogeneous,6,0,6,0.5,0.5,0.2,0.3,7240713591891685400.0,15,0.11760389732926095,0.00000196461291313,0.00000121455870104,1,4,-0.3,0.0
consensus,homogeneous,6,0,6,0.5,0.5,0.2,0.3,4692690466958798800.0,15,0.10616394940439637,0.00000472392247891,0.00000300612843024,1,4,-0.3,0.0
consensus,homogeneous,6,0,6,0.5,0.5,0.2,0.3,8636175130330607600.0,15,0.11852972745482027,0.00000103089840719,0.00000083031455018,1,4,-0.3,0.0
consensus,heterogeneous,25,2,2,0.1,0.6,0.0,0.2,360045816003429380.0,15,0.15316642386808266,0.00867235722926863,0.00540104228632933,3,3,-0.6,0.25
consensus,homogeneous,6,0,6,0.5,0.5,0.2,0.3,7139002048363152400.0,15,0.11805064743748095,0.00000862871191245,0.0000050034349253,1,4,-0.3,0.0
consensus,homogeneous,6,0,6,0.5,0.5,0.2,0.3,8803618445054126100.0,15,0.11936186602457839,0.00000087613446102,0.00000051365627684,1,4,-0.3,0.0
consensus,homogeneous,6,0,6,0.5,0.5,0.2,0.3,6905470370856337400.0,15,0.11903449673043064,0.00000148569472389,0.00000088974066826,1,4,-0.3,0.0
consensus,homogeneous,6,0,6,0.5,0.5,0.2,0.3,4398895106259038200.0,15,0.11282882008839461,0.00000244179179558,0.00000147985739644,1,4,-0.3,0.0
consensus,homogeneous,6,0,6,0.5,0.5,0.2,0.3,4342572612484808700.0,15,0.11831002829283314,0.00000377211396992,0.00000251623338678,1,4,-0.3,0.0
consensus,homogeneous,6,0,6,0.5,0.5,0.2,0.3,1841142524168585220.0,15,0.11742608238514322,0.00000653711063771,0.00000572194736484,1,4,-0.3,0.0
consensus,homogeneous,6,0,6,0.5,0.5,0.2,0.3,5702577027890589700.0,15,0.11787668676745322,0.00000146624397109,0.00000085194319992,1,4,-0.3,0.0
consensus,homogeneous,6,0,6,0.5,0.5,0.2,0.3,7128893484183252000.0,15,0.09908526560274222,0.00000680149017731,0.00000437724337402,1,4,-0.3,0.0
consensus,homogeneous,6,0,6,0.5,0.5,0.2,0.3,4477927936947039200.0,15,0.1206203188953684,0.00000166012082177,0.0000010773348004,1,4,-0.3,0.0
consensus,homogeneous,6,0,6,0.5,0.5,0.2,0.3,3407647030800275500.0,15,0.12028235299765881,0.00000109950262047,0.00000075216125733,1,4,-0.3,0.0
consensus,homogeneous,6,0,6,0.5,0.5,0.2,0.3,4286360386944651300.0,15,0.12609195175891594,0.00000472216530585,0.00000356620131028,1,4,-0.3,0.0
consensus,homogeneous,6,0,6,0.5,0.5,0.2,0.3,109591146466576384.0,15,0.1152100651747362,0.00000229382775822,0.00000155261282836,1,4,-0.3,0.0
consensus,homogeneous,6,0,6,0.5,0.5,0.2,0.3,7043372089166577700.0,15,0.108265275120076,0.0000004411105377,0.0000002715885034,1,4,-0.3,0.0
consensus,homogeneous,6,0,6,0.5,0.5,0.2,0.3,1831297316135118850.0,15,0.10236108323399891,0.00000328161831204,0.00000308614825893,1,4,-0.3,0.0
consensus,homogeneous,6,0,6,0.5,0.5,0.2,0.3,6872698498072871900.0,15,0.10834623035081219,0.00001066353650288,0.00000813511289537,1,4,-0.3,0.0
consensus,homogeneous,6,0,6,0.5,0.5,0.2,0.3,997606725876738050.0,15,0.11648025002994906,0.00000732826205429,0.00000476206766587,1,4,-0.3,0.0
consensus,homogeneous,6,0,6,0.5,0.5,0.2,0.3,4910962305337055200.0,15,0.11918960970503063,0.00000161035474334,0.00000093011843687,1,4,-0.3,0.0
consensus,homogeneous,6,0,6,0.5,0.5,0.2,0.3,4490502852978390000.0,15,0.11872593181457963,0.00000135134051677,0.00000101952952068,1,4,-0.3,0.0
consensus,homogeneous,6,0,6,0.5,0.5,0.2,0.3,256029315321952256.0,15,0.10649761639598876,0.00000599309462215,0.00000428600165576,1,4,-0.3,0.0
consensus,homogeneous,54,0,4,0.1,0.5,0.5,0.2,1841142524168585220.0,15,0.03722230221774681,0.00021948714064987,0.00011572174605337,1,1,0.0,0.0
consensus,homogeneous,6,0,6,0.5,0.5,0.2,0.3,1285926408638267390.0,15,0.10511101201838775,0.00000167249033512,0.00000116632605315,1,4,-0.3,0.0
consensus,homogeneous,6,0,6,0.5,0.5,0.2,0.3,115109577693645824.0,15,0.12722803322950982,0.00000411951658519,0.00000263333770776,1,4,-0.3,0.0
consensus,homogeneous,6,0,6,0.5,0.5,0.2,0.3,22746047218290688.0,15,0.12554331598553659,0.00000264932935955,0.00000157325299874,1,4,-0.3,0.0
consensus,homogeneous,6,0,6,0.5,0.5,0.2,0.3,2787618399357031400.0,15,0.1303042074092782,0.00000345194653478,0.00000238208593464,1,4,-0.3,0.0
consensus,homogeneous,6,0,6,0.5,0.5,0.2,0.3,4200730711560847400.0,15,0.10365937640069654,0.0000064226869684,0.00000445591230174,1,4,-0.3,0.0
consensus,homogeneous,54,0,4,0.1,0.5,0.5,0.2,4692690466958798800.0,15,0.03618701417197316,0.00019465271909795,0.00011369222081929,1,1,0.0,0.0
consensus,homogeneous,54,0,4,0.1,0.5,0.5,0.2,7139002048363152400.0,15,0.03712627667254269,0.00014066259571823,0.00010223354309532,1,1,0.0,0.0
consensus,homogeneous,6,0,6,0.5,0.5,0.2,0.3,2595646474777646100.0,15,0.11800540638360536,0.0000006790759856,0.00000052276180741,1,4,-0.3,0.0
consensus,homogeneous,54,0,4,0.1,0.5,0.5,0.2,7240713591891685400.0,15,0.03781058196737241,0.00017551421177342,0.00010900930015007,1,1,0.0,0.0
consensus,homogeneous,54,0,4,0.1,0.5,0.5,0.2,8636175130330607600.0,15,0.03616260502202327,0.00014401094442602,0.00008344441147583,1,1,0.0,0.0
consensus,homogeneous,6,0,6,0.5,0.5,0.2,0.3,7924300342041792500.0,15,0.11429372588550142,0.00000703889043472,0.0000047821024684,1,4,-0.3,0.0
consensus,homogeneous,6,0,6,0.5,0.5,0.2,0.3,360045816003429380.0,15,0.11854288247220564,0.0000001407121318,0.00000009139437351,1,4,-0.3,0.0
consensus,homogeneous,54,0,4,0.1,0.5,0.5,0.2,6905470370856337400.0,15,0.0351483466800617,0.00020480371278318,0.00010377030558532,1,1,0.0,0.0
consensus,homogeneous,54,0,4,0.1,0.5,0.5,0.2,5702577027890589700.0,15,0.03751746493733567,0.0001553369374761,0.00008856486265378,1,1,0.0,0.0
consensus,homogeneous,54,0,4,0.1,0.5,0.5,0.2,8803618445054126100.0,15,0.03519205732205956,0.00017559764313386,0.00010126779363202,1,1,0.0,0.0
consensus,homogeneous,54,0,4,0.1,0.5,0.5,0.2,4398895106259038200.0,15,0.03403082878112647,0.00015481378496377,0.00007677780439787,1,1,0.0,0.0
consensus,homogeneous,54,0,4,0.1,0.5,0.5,0.2,4490502852978390000.0,15,0.03904730200177699,0.00016298994606159,0.00010126600884271,1,1,0.0,0.0
consensus,homogeneous,54,0,4,0.1,0.5,0.5,0.2,7043372089166577700.0,15,0.0360906292120812,0.00016496480457905,0.00008556017907987,1,1,0.0,0.0
consensus,homogeneous,54,0,4,0.1,0.5,0.5,0.2,109591146466576384.0,15,0.03552680794936385,0.00016875003086145,0.00009232628921739,1,1,0.0,0.0
consensus,homogeneous,54,0,4,0.1,0.5,0.5,0.2,4342572612484808700.0,15,0.03659444933758502,0.00017230090942974,0.00011455773822077,1,1,0.0,0.0
consensus,homogeneous,54,0,4,0.1,0.5,0.5,0.2,3407647030800275500.0,15,0.03448444600956026,0.00017237838273426,0.00008145469112349,1,1,0.0,0.0
consensus,homogeneous,54,0,4,0.1,0.5,0.5,0.2,7128893484183252000.0,15,0.03801699374883974,0.00019675278189451,0.00012612689661258,1,1,0.0,0.0
consensus,homogeneous,54,0,4,0.1,0.5,0.5,0.2,7924300342041792500.0,15,0.03735185967827702,0.00014952433069404,0.00009904952716772,1,1,0.0,0.0
consensus,homogeneous,54,0,4,0.1,0.5,0.5,0.2,22746047218290688.0,15,0.03710879603967629,0.00015590995098227,0.000076759048658,1,1,0.0,0.0
consensus,homogeneous,54,0,4,0.1,0.5,0.5,0.2,4477927936947039200.0,15,0.03793917423932122,0.00019034946887845,0.00013628547176612,1,1,0.0,0.0
consensus,homogeneous,54,0,4,0.1,0.5,0.5,0.2,1285926408638267390.0,15,0.03567522613317912,0.00017506277957843,0.00011113627937425,1,1,0.0,0.0
consensus,homogeneous,54,0,4,0.1,0.5,0.5,0.2,4286360386944651300.0,15,0.03778620942907476,0.0001675683898021,0.00012883100554827,1,1,0.0,0.0
consensus,homogeneous,54,0,4,0.1,0.5,0.5,0.2,997606725876738050.0,15,0.03946474975701912,0.00018555464207367,0.00011795132382854,1,1,0.0,0.0
consensus,homogeneous,54,0,4,0.1,0.5,0.5,0.2,360045816003429380.0,15,0.03360025491364309,0.00016262452912299,0.00009325014502697,1,1,0.0,0.0
consensus,homogeneous,54,0,4,0.1,0.5,0.5,0.2,6872698498072871900.0,15,0.03291264887841798,0.0001676124141137,0.00010955311429139,1,1,0.0,0.0
consensus,homogeneous,54,0,4,0.1,0.5,0.5,0.2,1831297316135118850.0,15,0.0381428984808754,0.00016446355909284,0.00014950401727719,1,1,0.0,0.0
consensus,homogeneous,54,0,4,0.1,0.5,0.5,0.2,2595646474777646100.0,15,0.03507758151735924,0.00014565038892085,0.0000974185182783,1,1,0.0,0.0
consensus,homogeneous,54,0,4,0.1,0.5,0.5,0.2,115109577693645824.0,15,0.0405465164613701,0.00018180009111495,0.00011721861019738,1,1,0.0,0.0
consensus,homogeneous,54,0,4,0.1,0.5,0.5,0.2,2787618399357031400.0,15,0.03772873261253709,0.00017723614182721,0.00010322866129831,1,1,0.0,0.0
consensus,homogeneous,54,0,4,0.1,0.5,0.5,0.2,4910962305337055200.0,15,0.03827566675060799,0.00015526869926803,0.00008630048327869,1,1,0.0,0.0
consensus,homogeneous,54,0,4,0.1,0.5,0.5,0.2,256029315321952256.0,15,0.03606508190430821,0.00018029889295548,0.00009906743382329,1,1,0.0,0.0
consensus,homogeneous,54,0,4,0.1,0.5,0.5,0.2,4200730711560847400.0,15,0.04012930569366073,0.00015736203625913,0.00009897767966499,1,1,0.0,0.0
consensus,heterogeneous,37,3,3,0.1,0.8,0.2,0.3,7240713591891685400.0,15,0.05488659105072034,0.00396492454966802,0.00300308494184354,3,3,-0.6000000000000001,0.16666666666666666
consensus,heterogeneous,37,3,3,0.1,0.8,0.2,0.3,7139002048363152400.0,15,0.05418290185032511,0.00425315110945666,0.0033588177262752,3,3,-0.6000000000000001,0.3333333333333333
consensus,heterogeneous,37,3,3,0.1,0.8,0.2,0.3,8636175130330607600.0,15,0.05578291471879471,0.0039132817724443,0.00298752977182057,3,3,-0.6000000000000001,0.16666666666666666
consensus,heterogeneous,37,3,3,0.1,0.8,0.2,0.3,6905470370856337400.0,15,0.04737608628414417,0.00415284395233611,0.00275328290399395,3,3,-0.6000000000000001,0.5
consensus,heterogeneous,37,3,3,0.1,0.8,0.2,0.3,1841142524168585220.0,15,0.06153670826138023,0.00370404494060102,0.00305827871088106,3,3,-0.6000000000000001,0.16666666666666666
consensus,heterogeneous,37,3,3,0.1,0.8,0.2,0.3,4692690466958798800.0,15,0.05079566103565216,0.0040108457776594,0.00275847740270842,3,3,-0.6000000000000001,0.3333333333333333
consensus,heterogeneous,37,3,3,0.1,0.8,0.2,0.3,8803618445054126100.0,15,0.06041787660818226,0.003759893436188,0.00325744190913856,3,3,-0.6000000000000001,0.3333333333333333
consensus,heterogeneous,37,3,3,0.1,0.8,0.2,0.3,4398895106259038200.0,15,0.05797442995754964,0.00364461291495442,0.00281383700689424,3,3,-0.6000000000000001,0.3333333333333333
consensus,heterogeneous,37,3,3,0.1,0.8,0.2,0.3,5702577027890589700.0,15,0.0531632513424117,0.00415546458369594,0.00286547070911505,3,3,-0.6000000000000001,0.3333333333333333
consensus,heterogeneous,37,3,3,0.1,0.8,0.2,0.3,7043372089166577700.0,15,0.05816985657069571,0.00406324769925024,0.00347392009959627,3,3,-0.6000000000000001,0.3333333333333333
consensus,heterogeneous,37,3,3,0.1,0.8,0.2,0.3,4910962305337055200.0,15,0.04996774434487281,0.00432068795266239,0.00294232507000215,3,3,-0.6000000000000001,0.5
consensus,heterogeneous,37,3,3,0.1,0.8,0.2,0.3,997606725876738050.0,15,0.05869524107019489,0.00420831705521577,0.00308708723608338,3,3,-0.6000000000000001,0.3333333333333333
consensus,heterogeneous,37,3,3,0.1,0.8,0.2,0.3,4490502852978390000.0,15,0.06267552283372278,0.00359088468036131,0.00270778571957908,3,3,-0.6000000000000001,0.3333333333333333
consensus,heterogeneous,37,3,3,0.1,0.8,0.2,0.3,4342572612484808700.0,15,0.05062767240201353,0.00424224876140489,0.00300427599028637,3,3,-0.6000000000000001,0.3333333333333333
consensus,heterogeneous,37,3,3,0.1,0.8,0.2,0.3,4286360386944651300.0,15,0.05141741545229708,0.0043429478529507,0.00290473807576333,3,3,-0.6000000000000001,0.5
consensus,heterogeneous,37,3,3,0.1,0.8,0.2,0.3,109591146466576384.0,15,0.05717152774488152,0.00409071724188604,0.00310433018358865,3,3,-0.6000000000000001,0.5
consensus,heterogeneous,37,3,3,0.1,0.8,0.2,0.3,7128893484183252000.0,15,0.05571109448297268,0.0041881612049252,0.00303823131408906,3,3,-0.6000000000000001,0.16666666666666666
consensus,heterogeneous,37,3,3,0.1,0.8,0.2,0.3,6872698498072871900.0,15,0.06069116053709613,0.00365337794988613,0.00296953052825476,3,3,-0.6000000000000001,0.16666666666666666
consensus,heterogeneous,37,3,3,0.1,0.8,0.2,0.3,115109577693645824.0,15,0.0535912714501899,0.00405966574572494,0.00297627369498643,3,3,-0.6000000000000001,0.16666666666666666
consensus,heterogeneous,37,3,3,0.1,0.8,0.2,0.3,4477927936947039200.0,15,0.05976885032686528,0.00362495103782578,0.0030020932048681,3,3,-0.6000000000000001,0.3333333333333333
consensus,heterogeneous,37,3,3,0.1,0.8,0.2,0.3,2595646474777646100.0,15,0.05635108582517948,0.00431812995293003,0.003035188817572,3,3,-0.6000000000000001,0.5
consensus,heterogeneous,37,3,3,0.1,0.8,0.2,0.3,7924300342041792500.0,15,0.05410472283187567,0.00400645848018169,0.00291191679894832,3,3,-0.6000000000000001,0.3333333333333333
consensus,heterogeneous,37,3,3,0.1,0.8,0.2,0.3,3407647030800275500.0,15,0.05845459811629514,0.00371821739329316,0.00289765711445708,3,3,-0.6000000000000001,0.3333333333333333
consensus,heterogeneous,37,3,3,0.1,0.8,0.2,0.3,360045816003429380.0,15,0.04855641985408073,0.00454568588725044,0.00293001626698735,3,3,-0.6000000000000001,0.3333333333333333
consensus,heterogeneous,25,2,2,0.3,0.8,0.0,0.1,7139002048363152400.0,15,0.19340559241359156,0.00109261203356422,0.00070210341931882,2,3,-0.8,1.0
consensus,heterogeneous,25,2,2,0.3,0.8,0.0,0.1,7240713591891685400.0,15,0.2076780256652233,0.0015995361799776,0.00105935129582285,2,3,-0.8,0.75
consensus,heterogeneous,37,3,3,0.1,0.8,0.2,0.3,22746047218290688.0,15,0.05379876831859587,0.00407383191255265,0.00287713014534703,3,3,-0.6000000000000001,0.3333333333333333
consensus,heterogeneous,37,3,3,0.1,0.8,0.2,0.3,1831297316135118850.0,15,0.0503287970766577,0.00427760680441227,0.00304353277986626,3,3,-0.6000000000000001,0.3333333333333333
consensus,heterogeneous,25,2,2,0.3,0.8,0.0,0.1,4398895106259038200.0,15,0.2002769841909463,0.00079142371085037,0.00062276252924691,2,3,-0.8,1.0
consensus,heterogeneous,25,2,2,0.3,0.8,0.0,0.1,5702577027890589700.0,15,0.19962202013267888,0.00174623772962996,0.00172631135688838,2,3,-0.8,0.75
consensus,heterogeneous,37,3,3,0.1,0.8,0.2,0.3,1285926408638267390.0,15,0.05951915862559368,0.00394737558598268,0.0032302630375416,3,3,-0.6000000000000001,0.16666666666666666
consensus,heterogeneous,25,2,2,0.3,0.8,0.0,0.1,4692690466958798800.0,15,0.19621334466930446,0.00156341880780123,0.00158560404126815,2,3,-0.8,0.5
consensus,heterogeneous,25,2,2,0.3,0.8,0.0,0.1,8803618445054126100.0,15,0.20709496513666154,0.00085723391728541,0.00058653800837621,2,3,-0.8,0.75
consensus,heterogeneous,37,3,3,0.1,0.8,0.2,0.3,2787618399357031400.0,15,0.05260412418334159,0.00398235761723988,0.00268012399795187,3,3,-0.6000000000000001,0.16666666666666666
consensus,heterogeneous,37,3,3,0.1,0.8,0.2,0.3,256029315321952256.0,15,0.05919019305672794,0.00371365022500274,0.00250614246405187,3,3,-0.6000000000000001,0.3333333333333333
consensus,heterogeneous,37,3,3,0.1,0.8,0.2,0.3,4200730711560847400.0,15,0.05631388698572681,0.00398463447186902,0.00325036482318301,3,3,-0.6000000000000001,0.5
consensus,heterogeneous,25,2,2,0.3,0.8,0.0,0.1,1841142524168585220.0,15,0.19039147218727162,0.00145539213332559,0.00126865394335968,2,3,-0.8,1.0
consensus,heterogeneous,25,2,2,0.3,0.8,0.0,0.1,6905470370856337400.0,15,0.1940526536773751,0.00175620892375373,0.00212189826375324,2,3,-0.8,0.75
consensus,heterogeneous,25,2,2,0.3,0.8,0.0,0.1,8636175130330607600.0,15,0.19846151294012299,0.00128608364565234,0.00075606100007408,2,3,-0.8,1.0
consensus,heterogeneous,25,2,2,0.3,0.8,0.0,0.1,4342572612484808700.0,15,0.197981570509365,0.00185357269949731,0.00153368285256258,2,3,-0.8,1.0
consensus,heterogeneous,25,2,2,0.3,0.8,0.0,0.1,7043372089166577700.0,15,0.20881365003321645,0.00147297058237117,0.00095878545704708,2,3,-0.8,1.0
consensus,heterogeneous,25,2,2,0.3,0.8,0.0,0.1,4477927936947039200.0,15,0.1898955144236999,0.00188646855034063,0.00152747458555739,2,3,-0.8,1.0
consensus,heterogeneous,25,2,2,0.3,0.8,0.0,0.1,109591146466576384.0,15,0.20092798740594137,0.00083543033460389,0.00079122708764066,2,3,-0.8,0.75
consensus,heterogeneous,25,2,2,0.3,0.8,0.0,0.1,3407647030800275500.0,15,0.19924588403190152,0.00105359857254908,0.00113292531598393,2,3,-0.8,0.25
consensus,heterogeneous,25,2,2,0.3,0.8,0.0,0.1,7128893484183252000.0,15,0.1962559409172146,0.00256729118883935,0.00234021769817027,3,3,-0.8,0.75
consensus,heterogeneous,25,2,2,0.3,0.8,0.0,0.1,4490502852978390000.0,15,0.176934560214934,0.00295831086404779,0.00221359356782055,3,3,-0.8,1.0
consensus,heterogeneous,25,2,2,0.3,0.8,0.0,0.1,4910962305337055200.0,15,0.1981182842001295,0.0013532386264651,0.00162202460701886,2,3,-0.8,0.5
consensus,heterogeneous,25,2,2,0.3,0.8,0.0,0.1,997606725876738050.0,15,0.1996780341079631,0.00250118442429559,0.00132012819703328,3,3,-0.8,1.0
consensus,heterogeneous,25,2,2,0.3,0.8,0.0,0.1,2595646474777646100.0,15,0.20455835052395482,0.00108143286167632,0.00054680254943085,2,3,-0.8,1.0
consensus,heterogeneous,25,2,2,0.3,0.8,0.0,0.1,6872698498072871900.0,15,0.20817599688500332,0.0007282641557225,0.00055393719722555,2,3,-0.8,0.75
consensus,heterogeneous,25,2,2,0.3,0.8,0.0,0.1,22746047218290688.0,15,0.1955559300426587,0.00193437769379148,0.00202721098513788,2,3,-0.8,0.75
consensus,heterogeneous,25,2,2,0.3,0.8,0.0,0.1,4286360386944651300.0,15,0.19386190675475054,0.00166033060412928,0.0013610432753207,2,3,-0.8,0.75
consensus,heterogeneous,25,2,2,0.3,0.8,0.0,0.1,1285926408638267390.0,15,0.1951311323078842,0.00108801671069714,0.00076638558676722,2,3,-0.8,1.0
consensus,heterogeneous,25,2,2,0.3,0.8,0.0,0.1,2787618399357031400.0,15,0.18552281421349737,0.00228293210549687,0.00223726819136514,2,3,-0.8,0.75
consensus,heterogeneous,25,2,2,0.3,0.8,0.0,0.1,256029315321952256.0,15,0.1891308938456583,0.0019959007077743,0.00193453918268918,2,3,-0.8,1.0
consensus,heterogeneous,25,2,2,0.5,0.5,0.6,0.3,7139002048363152400.0,15,0.21819722937149139,0.00000453989772322,0.0000021667293399,1,3,0.09999999999999998,0.0
consensus,heterogeneous,25,2,2,0.3,0.8,0.0,0.1,1831297316135118850.0,15,0.20091939015694174,0.00234559224794419,0.00115689645187093,3,3,-0.8,1.0
consensus,heterogeneous,25,2,2,0.3,0.8,0.0,0.1,7924300342041792500.0,15,0.20328172582429863,0.00123105888437341,0.00070688728782473,2,3,-0.8,1.0
consensus,heterogeneous,25,2,2,0.3,0.8,0.0,0.1,4200730711560847400.0,15,0.18693360322462915,0.00249227545178981,0.00186414078642654,3,3,-0.8,0.75
consensus,heterogeneous,25,2,2,0.5,0.5,0.6,0.3,4692690466958798800.0,15,0.21813541217869492,0.0000130382836104,0.00001164373111545,1,3,0.09999999999999998,0.0
consensus,heterogeneous,25,2,2,0.5,0.5,0.6,0.3,7240713591891685400.0,15,0.21943602746606294,0.00001982021732906,0.00001015537997605,1,3,0.09999999999999998,0.0
consensus,heterogeneous,25,2,2,0.3,0.8,0.0,0.1,115109577693645824.0,15,0.18418300384938918,0.00233082550130144,0.00195585269311471,3,3,-0.8,1.0
consensus,heterogeneous,25,2,2,0.5,0.5,0.6,0.3,8636175130330607600.0,15,0.21761420881608579,0.00001608616382966,0.00000910560927083,1,3,0.09999999999999998,0.0
consensus,heterogeneous,25,2,2,0.5,0.5,0.6,0.3,1841142524168585220.0,15,0.2173221049127526,0.0000098115689145,0.00000590121661396,1,3,0.09999999999999998,0.0
consensus,heterogeneous,25,2,2,0.3,0.8,0.0,0.1,360045816003429380.0,15,0.2048353248792505,0.00152980484266101,0.00096324867012442,2,3,-0.8,1.0
consensus,heterogeneous,25,2,2,0.5,0.5,0.6,0.3,4398895106259038200.0,15,0.21817533535184933,0.00000698707034718,0.00000401117525273,1,3,0.09999999999999998,0.0
consensus,heterogeneous,25,2,2,0.5,0.5,0.6,0.3,5702577027890589700.0,15,0.21798423748405887,0.00002849950477175,0.00002492422751937,1,3,0.09999999999999998,0.0
consensus,heterogeneous,25,2,2,0.5,0.5,0.6,0.3,6905470370856337400.0,15,0.21764756000435592,0.00001737709942107,0.00002126594037645,1,3,0.09999999999999998,0.0
consensus,heterogeneous,25,2,2,0.5,0.5,0.6,0.3,8803618445054126100.0,15,0.21920890217884736,0.00000601527386675,0.00000341074046675,1,3,0.09999999999999998,0.0
consensus,heterogeneous,25,2,2,0.5,0.5,0.6,0.3,6872698498072871900.0,15,0.21952203416599547,0.00000196086439512,0.00000122539286447,1,3,0.09999999999999998,0.0
consensus,heterogeneous,25,2,2,0.5,0.5,0.6,0.3,4342572612484808700.0,15,0.21817182493665221,0.00001873762230182,0.00001792259323647,2,3,0.09999999999999998,0.0
consensus,heterogeneous,25,2,2,0.5,0.5,0.6,0.3,4477927936947039200.0,15,0.21625589848321525,0.00002485959520886,0.00001452948218587,1,3,0.09999999999999998,0.0
consensus,heterogeneous,25,2,2,0.5,0.5,0.6,0.3,7128893484183252000.0,15,0.21752859874605296,0.00005110773963354,0.00003859465613535,2,3,0.09999999999999998,0.0
consensus,heterogeneous,25,2,2,0.5,0.5,0.6,0.3,7043372089166577700.0,15,0.21947073782633264,0.00000911950155139,0.00000527471191862,2,3,0.09999999999999998,0.0
consensus,heterogeneous,25,2,2,0.5,0.5,0.6,0.3,109591146466576384.0,15,0.2186670235672259,0.00000441393235868,0.00000336828731387,1,3,0.09999999999999998,0.0
consensus,heterogeneous,25,2,2,0.5,0.5,0.6,0.3,7924300342041792500.0,15,0.21882811851071515,0.0000129077338135,0.00000667272776567,1,3,0.09999999999999998,0.0
consensus,heterogeneous,25,2,2,0.5,0.5,0.6,0.3,4910962305337055200.0,15,0.21794476191293538,0.00001612414342427,0.0000204121960985,1,3,0.09999999999999998,0.0
consensus,heterogeneous,25,2,2,0.5,0.5,0.6,0.3,997606725876738050.0,15,0.21786679965389444,0.00004349339668288,0.00002045092989887,1,3,0.09999999999999998,0.0
consensus,heterogeneous,25,2,2,0.5,0.5,0.6,0.3,4490502852978390000.0,15,0.21451559808932014,0.00004327249889143,0.00002252457181172,1,3,0.09999999999999998,0.0
consensus,heterogeneous,25,2,2,0.5,0.5,0.6,0.3,4286360386944651300.0,15,0.2169066857617119,0.00002109512559889,0.00001539883728216,2,3,0.09999999999999998,0.0
consensus,heterogeneous,25,2,2,0.5,0.5,0.6,0.3,3407647030800275500.0,15,0.21848261018786191,0.00000642318692323,0.00000589123489544,1,3,0.09999999999999998,0.0
consensus,heterogeneous,25,2,2,0.5,0.5,0.6,0.3,115109577693645824.0,15,0.21684560917125573,0.00001568132992355,0.00000888175259855,1,3,0.09999999999999998,0.0
consensus,heterogeneous,25,2,2,0.5,0.5,0.6,0.3,2595646474777646100.0,15,0.2188930897791696,0.0000080066024409,0.00000362917784305,1,3,0.09999999999999998,0.0
consensus,heterogeneous,25,2,2,0.5,0.5,0.6,0.3,1285926408638267390.0,15,0.21794028196548285,0.00000684867644394,0.0000031831480565,1,3,0.09999999999999998,0.0
consensus,heterogeneous,25,2,2,0.5,0.5,0.6,0.3,22746047218290688.0,15,0.2170823539404958,0.00003288278907111,0.00003408462258617,1,3,0.09999999999999998,0.0
consensus,heterogeneous,25,2,2,0.5,0.5,0.6,0.3,256029315321952256.0,15,0.21652404072706938,0.00002768331047472,0.000027064411179,1,3,0.09999999999999998,0.0
consensus,heterogeneous,25,2,2,0.5,0.5,0.6,0.3,360045816003429380.0,15,0.21886151135685317,0.00001755546323264,0.00001187122304874,1,3,0.09999999999999998,0.0
consensus,heterogeneous,25,2,2,0.5,0.5,0.6,0.3,1831297316135118850.0,15,0.21787113377701423,0.00004172229950127,0.00001939583644935,1,3,0.09999999999999998,0.0
consensus,heterogeneous,25,2,2,0.5,0.5,0.6,0.3,2787618399357031400.0,15,0.21540806997385692,0.00003707897375244,0.00003178235626489,1,3,0.09999999999999998,0.0
consensus,heterogeneous,42,2,2,0.2,0.6,0.6,0.3,5702577027890589700.0,15,0.16596725362519693,0.00053179023969397,0.00035631300184698,1,4,0.0,0.0
consensus,heterogeneous,42,2,2,0.2,0.6,0.6,0.3,7139002048363152400.0,15,0.15526694235946037,0.00096408726944615,0.00044456596640636,2,4,0.0,0.0
consensus,heterogeneous,42,2,2,0.2,0.6,0.6,0.3,7240713591891685400.0,15,0.17579002000400856,0.00035919139829908,0.00024910388661826,1,4,0.0,0.0
consensus,heterogeneous,42,2,2,0.2,0.6,0.6,0.3,1841142524168585220.0,15,0.16627852477772742,0.00064423499010294,0.00029071944939818,1,4,0.0,0.0
consensus,heterogeneous,42,2,2,0.2,0.6,0.6,0.3,6905470370856337400.0,15,0.15776787949760435,0.00081936306476309,0.00056654860730127,2,4,0.0,0.0
consensus,heterogeneous,42,2,2,0.2,0.6,0.6,0.3,4398895106259038200.0,15,0.16366656337240326,0.00106927176534793,0.00048815787290268,1,4,0.0,0.0
consensus,heterogeneous,25,2,2,0.5,0.5,0.6,0.3,4200730711560847400.0,15,0.2167730581345499,0.00002932908924108,0.00001661427650833,1,3,0.09999999999999998,0.0
consensus,heterogeneous,42,2,2,0.2,0.6,0.6,0.3,7043372089166577700.0,15,0.1642373411066989,0.00054333478923344,0.0003746955574103,1,4,0.0,0.0
consensus,heterogeneous,42,2,2,0.2,0.6,0.6,0.3,8636175130330607600.0,15,0.16825525043104445,0.00093782267371267,0.00049727738928831,1,4,0.0,0.0
consensus,heterogeneous,42,2,2,0.2,0.6,0.6,0.3,109591146466576384.0,15,0.16973566474884014,0.00071522507458229,0.00044913827644448,1,4,0.0,0.0
consensus,heterogeneous,42,2,2,0.2,0.6,0.6,0.3,4692690466958798800.0,15,0.16637815289532853,0.00069528811213793,0.00061845513363472,2,4,0.0,0.0
consensus,heterogeneous,42,2,2,0.2,0.6,0.6,0.3,4342572612484808700.0,15,0.15861592471156238,0.00078818474001479,0.00042394850014149,2,4,0.0,0.0
consensus,heterogeneous,42,2,2,0.2,0.6,0.6,0.3,8803618445054126100.0,15,0.17088824065557812,0.00048072645962912,0.00026346830466082,1,4,0.0,0.0
consensus,heterogeneous,42,2,2,0.2,0.6,0.6,0.3,1285926408638267390.0,15,0.16791974204578203,0.00071445590653013,0.00032131492505935,1,4,0.0,0.0
consensus,heterogeneous,42,2,2,0.2,0.6,0.6,0.3,7128893484183252000.0,15,0.16521383864844655,0.00055426443325047,0.00032799835835457,1,4,0.0,0.0
consensus,heterogeneous,42,2,2,0.2,0.6,0.6,0.3,4477927936947039200.0,15,0.16479746600548473,0.00083848645060914,0.00054353635956401,2,4,0.0,0.0
consensus,heterogeneous,42,2,2,0.2,0.6,0.6,0.3,3407647030800275500.0,15,0.15934992005164192,0.0009168384422628,0.00053758381247743,1,4,0.0,0.0
consensus,heterogeneous,42,2,2,0.2,0.6,0.6,0.3,4286360386944651300.0,15,0.1642980259495566,0.00095263698231819,0.00053906039082936,1,4,0.0,0.0
consensus,heterogeneous,42,2,2,0.2,0.6,0.6,0.3,4910962305337055200.0,15,0.1563118050204691,0.00113377422195493,0.00066800917765041,2,4,0.0,0.0
consensus,heterogeneous,42,2,2,0.2,0.6,0.6,0.3,4490502852978390000.0,15,0.16309472372631484,0.00079177990959417,0.00051275574740668,1,4,0.0,0.0
consensus,heterogeneous,42,2,2,0.2,0.6,0.6,0.3,2595646474777646100.0,15,0.16281485130328696,0.00047518608175896,0.00022909885107256,1,4,0.0,0.0
consensus,heterogeneous,42,2,2,0.2,0.6,0.6,0.3,6872698498072871900.0,15,0.1679989333254754,0.0004692124456202,0.00027766992805785,1,4,0.0,0.0
consensus,heterogeneous,42,2,2,0.2,0.6,0.6,0.3,997606725876738050.0,15,0.16203511667347192,0.00097932157698937,0.00070364786247996,2,4,0.0,0.0
consensus,heterogeneous,42,2,2,0.2,0.6,0.6,0.3,115109577693645824.0,15,0.1450217321443595,0.00123895983257951,0.0007143652127126,2,4,0.0,0.0
consensus,heterogeneous,42,2,2,0.2,0.6,0.6,0.3,1831297316135118850.0,15,0.16558764940416426,0.00079281683861797,0.00073139260707547,2,4,0.0,0.0
consensus,heterogeneous,42,2,2,0.2,0.6,0.6,0.3,7924300342041792500.0,15,0.16715108939179069,0.0007889418552872,0.00050083894760483,1,4,0.0,0.0
consensus,heterogeneous,42,2,2,0.2,0.6,0.6,0.3,22746047218290688.0,15,0.17103290153449496,0.00050717249581629,0.00036592255352773,1,4,0.0,0.0
consensus,heterogeneous,42,2,2,0.2,0.6,0.6,0.3,2787618399357031400.0,15,0.15802866163101117,0.00094082551418057,0.00074309134070798,1,4,0.0,0.0
consensus,heterogeneous,42,2,2,0.2,0.6,0.6,0.3,360045816003429380.0,15,0.17009071660153008,0.00051797280912431,0.00031735094512025,1,4,0.0,0.0
consensus,heterogeneous,10,2,2,0.5,0.6,0.0,0.2,109591146466576384.0,15,0.10833769031065321,0.00000029610293903,0.00000014420136746,1,3,-0.6,0.0
consensus,heterogeneous,10,2,2,0.5,0.6,0.0,0.2,8636175130330607600.0,15,0.1080939228703551,0.00000067824551803,0.00000033669370235,1,3,-0.6,0.0
consensus,heterogeneous,42,2,2,0.2,0.6,0.6,0.3,256029315321952256.0,15,0.16911601201114188,0.00088811877593796,0.0005930248089824,1,4,0.0,0.0
consensus,heterogeneous,10,2,2,0.5,0.6,0.0,0.2,7043372089166577700.0,15,0.10851781685818174,0.00000021188366138,0.00000017501637505,1,3,-0.6,0.0
consensus,heterogeneous,10,2,2,0.5,0.6,0.0,0.2,7139002048363152400.0,15,0.10844234215641099,0.00000046791130646,0.00000021578525232,1,3,-0.6,0.0
consensus,heterogeneous,10,2,2,0.5,0.6,0.0,0.2,7240713591891685400.0,15,0.10860457613880778,0.00000010293869545,0.00000006051822117,1,3,-0.6,0.0
consensus,heterogeneous,10,2,2,0.5,0.6,0.0,0.2,4342572612484808700.0,15,0.10840644593910231,0.00000021618715771,0.00000010531968558,1,3,-0.6,0.0
consensus,heterogeneous,10,2,2,0.5,0.6,0.0,0.2,1841142524168585220.0,15,0.108308815090563,0.00000031766595784,0.00000014436431043,1,3,-0.6,0.0
consensus,heterogeneous,10,2,2,0.5,0.6,0.0,0.2,8803618445054126100.0,15,0.1087920904091138,0.00000005147056568,0.00000003948665161,1,3,-0.6,0.0
consensus,heterogeneous,10,2,2,0.5,0.6,0.0,0.2,4477927936947039200.0,15,0.10838583767572949,0.00000029878891686,0.00000025701198784,1,3,-0.6,0.0
consensus,heterogeneous,42,2,2,0.2,0.6,0.6,0.3,4200730711560847400.0,15,0.15064169734371408,0.00125258483709825,0.00072860123179148,2,4,0.0,0.0
consensus,heterogeneous,10,2,2,0.5,0.6,0.0,0.2,7128893484183252000.0,15,0.10841925442397196,0.0000002346305464,0.00000015337327339,1,3,-0.6,0.0
consensus,heterogeneous,10,2,2,0.5,0.6,0.0,0.2,4398895106259038200.0,15,0.1172703763497755,0.00000041802985241,0.00000019102184952,1,3,-0.6,0.0
consensus,heterogeneous,10,2,2,0.5,0.6,0.0,0.2,4692690466958798800.0,15,0.10859435274559548,0.00000038632290091,0.00000033017871405,1,3,-0.6,0.0
consensus,heterogeneous,10,2,2,0.5,0.6,0.0,0.2,5702577027890589700.0,15,0.10858240132866989,0.00000019934213662,0.00000010258481619,1,3,-0.6,0.0
consensus,heterogeneous,10,2,2,0.5,0.6,0.0,0.2,4910962305337055200.0,15,0.10797855420350469,0.00000067955824794,0.00000046713128849,1,3,-0.6,0.0
consensus,heterogeneous,10,2,2,0.5,0.6,0.0,0.2,6872698498072871900.0,15,0.108630379149252,0.00000010306782478,0.00000007708958844,1,3,-0.6,0.0
consensus,heterogeneous,10,2,2,0.5,0.6,0.0,0.2,6905470370856337400.0,15,0.10845152172876751,0.00000038533116195,0.00000038648709362,1,3,-0.6,0.0
consensus,heterogeneous,10,2,2,0.5,0.6,0.0,0.2,4286360386944651300.0,15,0.10801835318034625,0.00000071143479527,0.00000032737202283,1,3,-0.6,0.0
consensus,heterogeneous,10,2,2,0.5,0.6,0.0,0.2,997606725876738050.0,15,0.10826830812172131,0.00000054738490137,0.00000040980062102,1,3,-0.6,0.0
consensus,heterogeneous,10,2,2,0.5,0.6,0.0,0.2,4490502852978390000.0,15,0.10829995261754197,0.00000027397214548,0.00000018205427121,1,3,-0.6,0.0
consensus,heterogeneous,10,2,2,0.5,0.6,0.0,0.2,3407647030800275500.0,15,0.10829522645044273,0.00000033228838568,0.0000001530065026,1,3,-0.6,0.0
consensus,heterogeneous,10,2,2,0.5,0.6,0.0,0.2,22746047218290688.0,15,0.10847702204737178,0.00000086841031963,0.0000005190045556,1,3,-0.6,0.0
consensus,heterogeneous,10,2,2,0.5,0.6,0.0,0.2,2595646474777646100.0,15,0.10860554329128977,0.00000009948233097,0.00000005961837987,1,3,-0.6,0.0
consensus,heterogeneous,10,2,2,0.5,0.6,0.0,0.2,7924300342041792500.0,15,0.10800487495970398,0.00000088702597758,0.0000004229896762,1,3,-0.6,0.0
consensus,heterogeneous,10,2,2,0.5,0.6,0.0,0.2,115109577693645824.0,15,0.10802720384029596,0.00000071204730171,0.00000045585157589,1,3,-0.6,0.0
consensus,heterogeneous,10,2,2,0.5,0.6,0.0,0.2,1831297316135118850.0,15,0.10830027243761914,0.00000060213874439,0.00000048924527938,1,3,-0.6,0.0
consensus,heterogeneous,10,2,2,0.5,0.6,0.0,0.2,1285926408638267390.0,15,0.10806562838220943,0.00000055927472328,0.00000038494909788,1,3,-0.6,0.0
consensus,heterogeneous,10,2,2,0.5,0.6,0.0,0.2,360045816003429380.0,15,0.10840142027103364,0.00000028485322609,0.00000017965059652,1,3,-0.6,0.0
consensus,heterogeneous,10,2,2,0.5,0.6,0.0,0.2,256029315321952256.0,15,0.10820815589616542,0.00000038559927275,0.00000022378010467,1,3,-0.6,0.0
consensus,heterogeneous,10,2,2,0.5,0.6,0.0,0.2,4200730711560847400.0,15,0.1081300761416534,0.00000078607945473,0.00000054627483352,1,3,-0.6,0.0
consensus,homogeneous,50,0,6,0.1,0.6,0.5,0.1,8636175130330607600.0,15,0.07802931395029906,0.0004686107672887,0.00034382059778421,2,3,-0.09999999999999998,0.0
consensus,homogeneous,50,0,6,0.1,0.6,0.5,0.1,7240713591891685400.0,15,0.07487345060089085,0.00047571513434561,0.00028574835123216,2,3,-0.09999999999999998,0.0
consensus,heterogeneous,10,2,2,0.5,0.6,0.0,0.2,2787618399357031400.0,15,0.10832735116612485,0.00000031419945324,0.0000001490154544,1,3,-0.6,0.0
consensus,homogeneous,50,0,6,0.1,0.6,0.5,0.1,6905470370856337400.0,15,0.07421291383547013,0.00043965321169724,0.00025214201326717,2,3,-0.09999999999999998,0.0
consensus,homogeneous,50,0,6,0.1,0.6,0.5,0.1,5702577027890589700.0,15,0.07726283682612874,0.00047622324475001,0.00030324956062559,2,3,-0.09999999999999998,0.0
consensus,homogeneous,50,0,6,0.1,0.6,0.5,0.1,7139002048363152400.0,15,0.0761203593862169,0.00045400086778726,0.00029647356879436,2,3,-0.09999999999999998,0.0
consensus,homogeneous,50,0,6,0.1,0.6,0.5,0.1,1841142524168585220.0,15,0.07612182869341612,0.00053639435486922,0.00030175681859681,2,3,-0.09999999999999998,0.0
consensus,homogeneous,50,0,6,0.1,0.6,0.5,0.1,4398895106259038200.0,15,0.0728097781131162,0.00046235229944745,0.00025277827708972,2,3,-0.09999999999999998,0.0
consensus,homogeneous,50,0,6,0.1,0.6,0.5,0.1,109591146466576384.0,15,0.0805439483746234,0.0004538711243738,0.0003988908274133,2,3,-0.09999999999999998,0.0
consensus,homogeneous,50,0,6,0.1,0.6,0.5,0.1,4692690466958798800.0,15,0.07568814194940317,0.00044673801303362,0.00029995086639025,2,3,-0.09999999999999998,0.0
consensus,homogeneous,50,0,6,0.1,0.6,0.5,0.1,4477927936947039200.0,15,0.07830202439138632,0.00048128295380006,0.0003199730003308,2,3,-0.09999999999999998,0.0
consensus,homogeneous,50,0,6,0.1,0.6,0.5,0.1,7924300342041792500.0,15,0.07436736612265334,0.00051042131911455,0.0002889351858561,2,3,-0.09999999999999998,0.0
consensus,homogeneous,50,0,6,0.1,0.6,0.5,0.1,8803618445054126100.0,15,0.07040453522579537,0.00060368818317899,0.00035482529794348,2,3,-0.09999999999999998,0.0
consensus,homogeneous,50,0,6,0.1,0.6,0.5,0.1,7043372089166577700.0,15,0.07756417082641952,0.0005304983446371,0.00035521610750784,2,3,-0.09999999999999998,0.0
consensus,homogeneous,50,0,6,0.1,0.6,0.5,0.1,6872698498072871900.0,15,0.07158616004576555,0.00044546712888011,0.00025664371165702,2,3,-0.09999999999999998,0.0
consensus,homogeneous,50,0,6,0.1,0.6,0.5,0.1,7128893484183252000.0,15,0.07895482639557007,0.00038174669413167,0.0003426399794044,2,3,-0.09999999999999998,0.0
consensus,homogeneous,50,0,6,0.1,0.6,0.5,0.1,4342572612484808700.0,15,0.08003029691990242,0.00040414518330484,0.00034037804516269,2,3,-0.09999999999999998,0.0
consensus,homogeneous,50,0,6,0.1,0.6,0.5,0.1,1285926408638267390.0,15,0.06773816587058033,0.00064465845007183,0.00041193747361628,2,3,-0.09999999999999998,0.0
consensus,homogeneous,50,0,6,0.1,0.6,0.5,0.1,4286360386944651300.0,15,0.08061192709505147,0.00057594524412533,0.00042485589445082,2,3,-0.09999999999999998,0.0
consensus,homogeneous,50,0,6,0.1,0.6,0.5,0.1,997606725876738050.0,15,0.0772999762493123,0.00038123980362738,0.00027621192289562,2,3,-0.09999999999999998,0.0
consensus,homogeneous,50,0,6,0.1,0.6,0.5,0.1,2787618399357031400.0,15,0.08006360427813314,0.00051115886370569,0.00036746433489043,2,3,-0.09999999999999998,0.0
consensus,homogeneous,50,0,6,0.1,0.6,0.5,0.1,4490502852978390000.0,15,0.07751802755321825,0.0005751359124301,0.00032181008757979,2,3,-0.09999999999999998,0.0
consensus,homogeneous,50,0,6,0.1,0.6,0.5,0.1,2595646474777646100.0,15,0.07639647893292918,0.00050804261743055,0.0003391962684888,2,3,-0.09999999999999998,0.0
consensus,homogeneous,50,0,6,0.1,0.6,0.5,0.1,3407647030800275500.0,15,0.08058379257561675,0.00045146663994569,0.00040495788676125,2,3,-0.09999999999999998,0.0
consensus,homogeneous,50,0,6,0.1,0.6,0.5,0.1,4910962305337055200.0,15,0.07795413198377854,0.00038918584784384,0.00032605714046667,2,3,-0.09999999999999998,0.0
consensus,homogeneous,50,0,6,0.1,0.6,0.5,0.1,22746047218290688.0,15,0.07738657219663948,0.00043490124495883,0.00028895282038528,2,3,-0.09999999999999998,0.0
consensus,homogeneous,50,0,6,0.1,0.6,0.5,0.1,115109577693645824.0,15,0.07672101161371583,0.00045460608897206,0.0002908292168295,2,3,-0.09999999999999998,0.0
consensus,homogeneous,50,0,6,0.1,0.6,0.5,0.1,1831297316135118850.0,15,0.07546043843734353,0.00052256764774256,0.00029665145066144,2,3,-0.09999999999999998,0.0
consensus,homogeneous,50,0,6,0.1,0.6,0.5,0.1,256029315321952256.0,15,0.07752772773282203,0.0003983420590393,0.00029535634054577,2,3,-0.09999999999999998,0.0
consensus,homogeneous,50,0,6,0.1,0.6,0.5,0.1,360045816003429380.0,15,0.07809788740824955,0.00056996572648568,0.00035302593836932,2,3,-0.09999999999999998,0.0
consensus,heterogeneous,37,3,3,0.5,0.4,0.8,0.2,7240713591891685400.0,15,0.10222598601422805,0.00048608270270504,0.00047860949448539,1,3,0.4,0.0
consensus,homogeneous,50,0,6,0.1,0.6,0.5,0.1,4200730711560847400.0,15,0.07522706181395172,0.000507962100912,0.00028573466806753,2,3,-0.09999999999999998,0.0
consensus,heterogeneous,37,3,3,0.5,0.4,0.8,0.2,6905470370856337400.0,15,0.09411654824869668,0.0006791180749053,0.00090930298870678,2,3,0.4,0.0
consensus,heterogeneous,37,3,3,0.5,0.4,0.8,0.2,4692690466958798800.0,15,0.09309483902212899,0.00080092865776894,0.00092169522163308,2,3,0.4,0.0
consensus,heterogeneous,37,3,3,0.5,0.4,0.8,0.2,7139002048363152400.0,15,0.09434410323095599,0.0009822997999284,0.00087621342094427,2,3,0.4,0.0
consensus,heterogeneous,37,3,3,0.5,0.4,0.8,0.2,1841142524168585220.0,15,0.09501453022660482,0.00064367213488578,0.00082641196128284,1,3,0.4,0.0
consensus,heterogeneous,37,3,3,0.5,0.4,0.8,0.2,8636175130330607600.0,15,0.09229386272098694,0.00062652463499509,0.00081463769277196,1,3,0.4,0.0
consensus,heterogeneous,37,3,3,0.5,0.4,0.8,0.2,5702577027890589700.0,15,0.10014467870265314,0.00054352810967974,0.00054459297050036,1,3,0.4,0.0
consensus,heterogeneous,37,3,3,0.5,0.4,0.8,0.2,8803618445054126100.0,15,0.11375439495507576,0.00027738192658279,0.00020228971692918,1,3,0.4,0.0
consensus,heterogeneous,37,3,3,0.5,0.4,0.8,0.2,7043372089166577700.0,15,0.09546619496866647,0.00057468348858349,0.00066274818953671,2,3,0.4,0.0
consensus,heterogeneous,37,3,3,0.5,0.4,0.8,0.2,7128893484183252000.0,15,0.09184082452685292,0.00068079959430028,0.00102368527761296,1,3,0.4,0.0
consensus,heterogeneous,37,3,3,0.5,0.4,0.8,0.2,4398895106259038200.0,15,0.10102837051659698,0.00047786405737794,0.00061577413603008,1,3,0.4,0.0
consensus,heterogeneous,37,3,3,0.5,0.4,0.8,0.2,4342572612484808700.0,15,0.08531839195405512,0.00096165718359147,0.00145906284799988,2,3,0.4,0.0
consensus,heterogeneous,37,3,3,0.5,0.4,0.8,0.2,4286360386944651300.0,15,0.08355587378222475,0.00124048867201852,0.00184633516981817,2,3,0.4,0.0
consensus,heterogeneous,37,3,3,0.5,0.4,0.8,0.2,4910962305337055200.0,15,0.098175731656288,0.00051110242691571,0.00065103256475475,1,3,0.4,0.0
consensus,heterogeneous,37,3,3,0.5,0.4,0.8,0.2,997606725876738050.0,15,0.09177736839751655,0.00063414169955549,0.00070875286326192,2,3,0.4,0.0
consensus,heterogeneous,37,3,3,0.5,0.4,0.8,0.2,4490502852978390000.0,15,0.10703695379608469,0.0004071088902219,0.0003349453677353,1,3,0.4,0.0
consensus,heterogeneous,37,3,3,0.5,0.4,0.8,0.2,109591146466576384.0,15,0.08431705612171371,0.00139492145870613,0.00163533316660238,2,3,0.4,0.0
consensus,heterogeneous,37,3,3,0.5,0.4,0.8,0.2,4477927936947039200.0,15,0.10258377581800678,0.00043156338683977,0.00047669445110219,1,3,0.4,0.0
consensus,heterogeneous,37,3,3,0.5,0.4,0.8,0.2,22746047218290688.0,15,0.09406978576153181,0.00061711364695668,0.00068957660744,1,3,0.4,0.0
consensus,heterogeneous,37,3,3,0.5,0.4,0.8,0.2,115109577693645824.0,15,0.0939016352945893,0.00066805009765391,0.00077551639564629,2,3,0.4,0.0
consensus,heterogeneous,37,3,3,0.5,0.4,0.8,0.2,1285926408638267390.0,15,0.11481669212316535,0.00047297841875213,0.00030638897860793,1,3,0.4,0.0
consensus,heterogeneous,37,3,3,0.5,0.4,0.8,0.2,6872698498072871900.0,15,0.10145644396756921,0.00040841439230145,0.00040003699970665,1,3,0.4,0.0
consensus,heterogeneous,37,3,3,0.5,0.4,0.8,0.2,3407647030800275500.0,15,0.10282494275956033,0.00060997720623469,0.00055291364404608,1,3,0.4,0.0
consensus,heterogeneous,37,3,3,0.5,0.4,0.8,0.2,2595646474777646100.0,15,0.09219135468518909,0.00076388355574186,0.00065284492241399,2,3,0.4,0.0
consensus,heterogeneous,37,3,3,0.5,0.4,0.8,0.2,256029315321952256.0,15,0.10429308746635418,0.00040021240879875,0.00044911356513655,1,3,0.4,0.0
consensus,heterogeneous,37,3,3,0.5,0.4,0.8,0.2,7924300342041792500.0,15,0.10730040896088015,0.00038129129223411,0.00031405526261471,1,3,0.4,0.0
consensus,heterogeneous,37,3,3,0.5,0.4,0.8,0.2,1831297316135118850.0,15,0.09956742979969048,0.00050633555789494,0.00057939453429332,1,3,0.4,0.0
consensus,heterogeneous,37,3,3,0.5,0.4,0.8,0.2,2787618399357031400.0,15,0.09293584181542346,0.00083069733934279,0.00088753072948342,2,3,0.4,0.0
consensus,heterogeneous,37,3,3,0.5,0.4,0.8,0.2,360045816003429380.0,15,0.09195318625452124,0.00116453994256017,0.00094242400761084,2,3,0.4,0.0
consensus,heterogeneous,37,3,3,0.5,0.4,0.8,0.2,4200730711560847400.0,15,0.0979341877286604,0.00075644334488164,0.00076167907653715,2,3,0.4,0.0
clustering,homogeneous,45,0,3,0.5,0.6,0.6,0.1,7240713591891685400.0,15,0.07594774940566446,0.00000000000000003,0.00000000000000001,1,2,0.0,0.0
clustering,homogeneous,45,0,3,0.5,0.6,0.6,0.1,7139002048363152400.0,15,0.0729229351138694,0.00000000000000004,0.00000000000000004,1,2,0.0,0.0
clustering,heterogeneous,51,3,3,0.5,0.6,0.6,0.1,4342572612484808700.0,15,0.10763924131579512,0.00000000000906966,0.00000000000500656,1,4,0.0,0.0
clustering,heterogeneous,51,3,3,0.5,0.6,0.6,0.1,4286360386944651300.0,15,0.10764061378785413,0.00000000006406315,0.0000000000416996,1,4,0.0,0.0
clustering,heterogeneous,51,3,3,0.5,0.6,0.6,0.1,6872698498072871900.0,15,0.13580642295000653,0.00000000014336502,0.00000000008266672,1,4,0.0,0.0
clustering,heterogeneous,51,3,3,0.5,0.6,0.6,0.1,4477927936947039200.0,15,0.11666954411543606,0.00000000002296277,0.00000000001860495,1,4,0.0,0.0
clustering,heterogeneous,51,3,3,0.5,0.6,0.6,0.1,5702577027890589700.0,15,0.11302008547419166,0.00000000002606674,0.00000000001779169,1,4,0.0,0.0
clustering,heterogeneous,51,3,3,0.5,0.6,0.6,0.1,4490502852978390000.0,15,0.12666357088443123,0.00000000000803053,0.00000000000581801,1,4,0.0,0.0
clustering,heterogeneous,51,3,3,0.5,0.6,0.6,0.1,4200730711560847400.0,15,0.10763744842893445,0.00000000000383123,0.00000000000267345,1,4,0.0,0.0
clustering,heterogeneous,51,3,3,0.5,0.6,0.6,0.1,4398895106259038200.0,15,0.1480724720333209,0.00000000001216426,0.00000000001239711,1,4,0.0,0.0
clustering,heterogeneous,51,3,3,0.5,0.6,0.6,0.1,4692690466958798800.0,15,0.10765175574209766,0.00000000027009247,0.00000000019854139,1,4,0.0,0.0
clustering,heterogeneous,51,3,3,0.5,0.6,0.6,0.1,1831297316135118850.0,15,0.11468226878481984,0.00000000002167406,0.00000000002360724,1,4,0.0,0.0
clustering,heterogeneous,51,3,3,0.5,0.6,0.6,0.1,7128893484183252000.0,15,0.1121788377389255,0.00000000002608109,0.00000000001865819,1,4,0.0,0.0
clustering,heterogeneous,51,3,3,0.5,0.6,0.6,0.1,360045816003429380.0,15,0.12302285707624432,0.00000000002028893,0.00000000001140065,1,4,0.0,0.0
clustering,heterogeneous,51,3,3,0.5,0.6,0.6,0.1,7240713591891685400.0,15,0.11970808166783468,0.0000000000031632,0.00000000000209175,1,4,0.0,0.0
clustering,heterogeneous,51,3,3,0.5,0.6,0.6,0.1,7043372089166577700.0,15,0.10763002926771907,0.00000000070635181,0.00000000068335254,1,4,0.0,0.0
clustering,heterogeneous,51,3,3,0.5,0.6,0.6,0.1,8803618445054126100.0,15,0.12257290786321932,0.00000000001264243,0.00000000000831692,1,4,0.0,0.0
clustering,heterogeneous,51,3,3,0.5,0.6,0.6,0.1,3407647030800275500.0,15,0.12223577293974101,0.00000000000096646,0.00000000000059788,1,4,0.0,0.0
clustering,heterogeneous,51,3,3,0.5,0.6,0.6,0.1,256029315321952256.0,15,0.11915967716543681,0.00000000000201723,0.00000000000162692,1,4,0.0,0.0
clustering,heterogeneous,51,3,3,0.5,0.6,0.6,0.1,6905470370856337400.0,15,0.1076366454039492,0.00000000004512212,0.00000000004051731,1,4,0.0,0.0
clustering,heterogeneous,51,3,3,0.5,0.6,0.6,0.1,2787618399357031400.0,15,0.10763524017867299,0.00000000005163757,0.00000000003234927,1,4,0.0,0.0
clustering,heterogeneous,51,3,3,0.5,0.6,0.6,0.1,997606725876738050.0,15,0.10763836147502219,0.00000000000334093,0.00000000000232879,1,4,0.0,0.0
clustering,heterogeneous,51,3,3,0.5,0.6,0.6,0.1,115109577693645824.0,15,0.10763974381085435,0.0000000000039724,0.00000000000234269,1,4,0.0,0.0
clustering,heterogeneous,51,3,3,0.5,0.6,0.6,0.1,109591146466576384.0,15,0.12439396875543256,0.00000000002085098,0.00000000001620664,1,4,0.0,0.0
clustering,heterogeneous,51,3,3,0.5,0.6,0.6,0.1,22746047218290688.0,15,0.1142332195440422,0.0000000001764631,0.00000000011137679,1,4,0.0,0.0
clustering,heterogeneous,51,3,3,0.5,0.6,0.6,0.1,7924300342041792500.0,15,0.11716021135029735,0.00000000006041657,0.00000000004833312,1,4,0.0,0.0
clustering,heterogeneous,51,3,3,0.5,0.6,0.6,0.1,8636175130330607600.0,15,0.12265097400759935,0.00000000000225158,0.00000000000140894,1,4,0.0,0.0
clustering,heterogeneous,51,3,3,0.5,0.6,0.6,0.1,1285926408638267390.0,15,0.11088296443793384,0.00000000000315222,0.00000000000188625,1,4,0.0,0.0
clustering,heterogeneous,51,3,3,0.5,0.6,0.6,0.1,2595646474777646100.0,15,0.12139022700347717,0.0000000000252765,0.00000000001514008,1,4,0.0,0.0
clustering,heterogeneous,51,3,3,0.5,0.6,0.6,0.1,4910962305337055200.0,15,0.10763984095538699,0.00000000002454445,0.00000000001829541,1,4,0.0,0.0
clustering,heterogeneous,51,3,3,0.5,0.6,0.6,0.1,7139002048363152400.0,15,0.12723979239627278,0.00000000008669966,0.00000000005143819,1,4,0.0,0.0
clustering,heterogeneous,51,3,3,0.5,0.6,0.6,0.1,1841142524168585220.0,15,0.1162293844944891,0.00000000000227254,0.0000000000019997,1,4,0.0,0.0
clustering,homogeneous,45,0,3,0.5,0.6,0.6,0.1,4692690466958798800.0,15,0.08539199266611502,0.00000000000000097,0.00000000000000069,1,2,0.0,0.0
clustering,homogeneous,45,0,3,0.5,0.6,0.6,0.1,1841142524168585220.0,15,0.07834812024665117,0.00000000000000001,0.0,1,2,0.0,0.0
clustering,homogeneous,45,0,3,0.5,0.6,0.6,0.1,8636175130330607600.0,15,0.07140764466460081,0.00000000000000005,0.00000000000000002,1,2,0.0,0.0
clustering,homogeneous,45,0,3,0.5,0.6,0.6,0.1,7043372089166577700.0,15,0.06979514652022105,0.0,0.0,1,2,0.0,0.0
clustering,homogeneous,45,0,3,0.5,0.6,0.6,0.1,4398895106259038200.0,15,0.07397937685063825,0.00000000000000169,0.00000000000000066,1,2,0.0,0.0
clustering,homogeneous,45,0,3,0.5,0.6,0.6,0.1,6872698498072871900.0,15,0.07582005836067261,0.00000000000000014,0.00000000000000013,1,2,0.0,0.0
clustering,homogeneous,45,0,3,0.5,0.6,0.6,0.1,22746047218290688.0,15,0.07924241498669704,0.00000000000000262,0.00000000000000217,1,2,0.0,0.0
clustering,homogeneous,45,0,3,0.5,0.6,0.6,0.1,109591146466576384.0,15,0.07394752682972,0.00000000000000005,0.00000000000000002,1,2,0.0,0.0
clustering,homogeneous,45,0,3,0.5,0.6,0.6,0.1,7924300342041792500.0,15,0.06965371188805856,0.00000000000000009,0.00000000000000003,1,2,0.0,0.0
clustering,homogeneous,45,0,3,0.5,0.6,0.6,0.1,8803618445054126100.0,15,0.07458428099905112,0.00000000000000042,0.00000000000000016,1,2,0.0,0.0
clustering,homogeneous,45,0,3,0.5,0.6,0.6,0.1,4490502852978390000.0,15,0.07259032939171663,0.00000000000000001,0.0,1,2,0.0,0.0
clustering,homogeneous,45,0,3,0.5,0.6,0.6,0.1,6905470370856337400.0,15,0.0842875918179614,0.00000000000000003,0.00000000000000003,1,2,0.0,0.0
clustering,homogeneous,45,0,3,0.5,0.6,0.6,0.1,4286360386944651300.0,15,0.08625367602531699,0.00000000000000005,0.00000000000000004,1,2,0.0,0.0
clustering,homogeneous,45,0,3,0.5,0.6,0.6,0.1,3407647030800275500.0,15,0.08106627288412906,0.00000000000000005,0.00000000000000005,1,2,0.0,0.0
clustering,homogeneous,45,0,3,0.5,0.6,0.6,0.1,4477927936947039200.0,15,0.08007886939403086,0.0,0.0,1,2,0.0,0.0
clustering,homogeneous,45,0,3,0.5,0.6,0.6,0.1,5702577027890589700.0,15,0.07403565748070358,0.00000000000000006,0.00000000000000002,1,2,0.0,0.0
clustering,homogeneous,45,0,3,0.5,0.6,0.6,0.1,4910962305337055200.0,15,0.08907086094280232,0.00000000000000001,0.00000000000000001,1,2,0.0,0.0
clustering,homogeneous,45,0,3,0.5,0.6,0.6,0.1,7128893484183252000.0,15,0.07804269029070661,0.0,0.0,1,2,0.0,0.0
clustering,homogeneous,45,0,3,0.5,0.6,0.6,0.1,4342572612484808700.0,15,0.07018407542919976,0.00000000000000015,0.00000000000000005,1,2,0.0,0.0
clustering,homogeneous,45,0,3,0.5,0.6,0.6,0.1,115109577693645824.0,15,0.07156527099527123,0.00000000000000054,0.00000000000000018,1,2,0.0,0.0
clustering,homogeneous,45,0,3,0.5,0.6,0.6,0.1,2595646474777646100.0,15,0.07048748647180382,0.0,0.0,1,2,0.0,0.0
clustering,homogeneous,45,0,3,0.5,0.6,0.6,0.1,1285926408638267390.0,15,0.07999995840970059,0.00000000000000041,0.00000000000000036,1,2,0.0,0.0
clustering,homogeneous,45,0,3,0.5,0.6,0.6,0.1,1831297316135118850.0,15,0.08039781097345979,0.00000000000000052,0.00000000000000033,1,2,0.0,0.0
clustering,homogeneous,45,0,3,0.5,0.6,0.6,0.1,360045816003429380.0,15,0.08168916594870924,0.00000000000000376,0.0000000000000035,1,2,0.0,0.0
clustering,homogeneous,8,0,4,0.5,0.4,0.6,0.1,4692690466958798800.0,15,0.06388705902995921,0.00000000000000474,0.00000000000000253,1,2,0.19999999999999996,0.0
clustering,homogeneous,8,0,4,0.5,0.4,0.6,0.1,7240713591891685400.0,15,0.06054721993401745,0.00000000000000263,0.00000000000000145,1,2,0.19999999999999996,0.0
clustering,homogeneous,8,0,4,0.5,0.4,0.6,0.1,7139002048363152400.0,15,0.06030801988931168,0.0000000000000025,0.00000000000000218,1,2,0.19999999999999996,0.0
clustering,homogeneous,45,0,3,0.5,0.6,0.6,0.1,2787618399357031400.0,15,0.08540702413782338,0.0000000000000018,0.00000000000000133,1,2,0.0,0.0
clustering,homogeneous,45,0,3,0.5,0.6,0.6,0.1,256029315321952256.0,15,0.07144632047973364,0.00000000000000017,0.00000000000000011,1,2,0.0,0.0
clustering,homogeneous,45,0,3,0.5,0.6,0.6,0.1,4200730711560847400.0,15,0.08141740940076077,0.00000000000000065,0.00000000000000034,1,2,0.0,0.0
clustering,homogeneous,8,0,4,0.5,0.4,0.6,0.1,8636175130330607600.0,15,0.04901409163128971,0.00000000000000025,0.00000000000000012,1,2,0.19999999999999996,0.0
clustering,homogeneous,45,0,3,0.5,0.6,0.6,0.1,997606725876738050.0,15,0.08128003431550752,0.00000000000000094,0.00000000000000077,1,2,0.0,0.0
clustering,homogeneous,8,0,4,0.5,0.4,0.6,0.1,6905470370856337400.0,15,0.0615247400803328,0.00000000000002323,0.00000000000002649,1,2,0.19999999999999996,0.0
clustering,homogeneous,8,0,4,0.5,0.4,0.6,0.1,1841142524168585220.0,15,0.06140553063057642,0.00000000000137391,0.00000000000073129,1,2,0.19999999999999996,0.0
clustering,homogeneous,8,0,4,0.5,0.4,0.6,0.1,8803618445054126100.0,15,0.04587408247742272,0.00000000000038667,0.00000000000024963,1,2,0.19999999999999996,0.0
clustering,homogeneous,8,0,4,0.5,0.4,0.6,0.1,4398895106259038200.0,15,0.0577058251786826,0.0000000000000057,0.0000000000000028,1,2,0.19999999999999996,0.0
clustering,homogeneous,8,0,4,0.5,0.4,0.6,0.1,4490502852978390000.0,15,0.05643056094090242,0.00000000000027982,0.00000000000016785,1,2,0.19999999999999996,0.0
clustering,homogeneous,8,0,4,0.5,0.4,0.6,0.1,4286360386944651300.0,15,0.04420520614668794,0.00000000000003777,0.00000000000002005,1,2,0.19999999999999996,0.0
clustering,homogeneous,8,0,4,0.5,0.4,0.6,0.1,5702577027890589700.0,15,0.05465957981208754,0.0000000000002184,0.0000000000001214,1,2,0.19999999999999996,0.0
clustering,homogeneous,8,0,4,0.5,0.4,0.6,0.1,7043372089166577700.0,15,0.04501427718410186,0.00000000000012379,0.0000000000001168,1,2,0.19999999999999996,0.0
clustering,homogeneous,8,0,4,0.5,0.4,0.6,0.1,109591146466576384.0,15,0.04683864362003214,0.00000000000006165,0.00000000000003828,1,2,0.19999999999999996,0.0
clustering,homogeneous,8,0,4,0.5,0.4,0.6,0.1,4342572612484808700.0,15,0.05070275529848266,0.00000000000000161,0.00000000000000093,1,2,0.19999999999999996,0.0
clustering,homogeneous,8,0,4,0.5,0.4,0.6,0.1,6872698498072871900.0,15,0.05021018093921835,0.00000000000023086,0.00000000000013966,1,2,0.19999999999999996,0.0
clustering,homogeneous,8,0,4,0.5,0.4,0.6,0.1,1285926408638267390.0,15,0.06213485608114504,0.00000000000011435,0.000000000000088,1,2,0.19999999999999996,0.0
clustering,homogeneous,8,0,4,0.5,0.4,0.6,0.1,2595646474777646100.0,15,0.06957359367839273,0.00000000000000142,0.0000000000000009,1,2,0.19999999999999996,0.0
clustering,homogeneous,8,0,4,0.5,0.4,0.6,0.1,360045816003429380.0,15,0.05259197198379474,0.00000000000000465,0.00000000000000233,1,2,0.19999999999999996,0.0
clustering,homogeneous,8,0,4,0.5,0.4,0.6,0.1,3407647030800275500.0,15,0.06526542927194552,0.0000000000000328,0.00000000000001914,1,2,0.19999999999999996,0.0
clustering,homogeneous,8,0,4,0.5,0.4,0.6,0.1,4477927936947039200.0,15,0.06684073024337471,0.00000000000001123,0.00000000000000713,1,2,0.19999999999999996,0.0
clustering,homogeneous,8,0,4,0.5,0.4,0.6,0.1,997606725876738050.0,15,0.06638400502453333,0.0000000000000494,0.00000000000003258,1,2,0.19999999999999996,0.0
clustering,homogeneous,8,0,4,0.5,0.4,0.6,0.1,7924300342041792500.0,15,0.06409943903323699,0.00000000000004151,0.00000000000002255,1,2,0.19999999999999996,0.0
clustering,homogeneous,8,0,4,0.5,0.4,0.6,0.1,7128893484183252000.0,15,0.06344181257817459,0.00000000000007085,0.00000000000004183,1,2,0.19999999999999996,0.0
clustering,homogeneous,8,0,4,0.5,0.4,0.6,0.1,4910962305337055200.0,15,0.0697653547454979,0.00000000000001506,0.0000000000000097,1,2,0.19999999999999996,0.0
clustering,homogeneous,8,0,4,0.5,0.4,0.6,0.1,22746047218290688.0,15,0.05207079232224217,0.00000000000000566,0.00000000000000342,1,2,0.19999999999999996,0.0
clustering,homogeneous,8,0,4,0.5,0.4,0.6,0.1,1831297316135118850.0,15,0.0617278586960983,0.00000000000001542,0.00000000000000847,1,2,0.19999999999999996,0.0
clustering,homogeneous,8,0,4,0.5,0.4,0.6,0.1,115109577693645824.0,15,0.07117923231002073,0.00000000000000034,0.00000000000000036,1,2,0.19999999999999996,0.0
clustering,heterogeneous,7,3,3,0.3,0.6,0.6,0.1,5702577027890589700.0,15,0.2072253494638896,0.00039273808641178,0.00025903139534981,2,4,0.0,0.0
clustering,homogeneous,8,0,4,0.5,0.4,0.6,0.1,2787618399357031400.0,15,0.0710712950436674,0.00000000000011969,0.00000000000006383,1,2,0.19999999999999996,0.0
clustering,homogeneous,8,0,4,0.5,0.4,0.6,0.1,256029315321952256.0,15,0.05583225624609943,0.00000000000003314,0.00000000000002244,1,2,0.19999999999999996,0.0
clustering,homogeneous,8,0,4,0.5,0.4,0.6,0.1,4200730711560847400.0,15,0.06684059886848202,0.00000000000013145,0.00000000000008473,1,2,0.19999999999999996,0.0
clustering,heterogeneous,7,3,3,0.3,0.6,0.6,0.1,6905470370856337400.0,15,0.2060157102022169,0.00028122068185758,0.00031660614723462,2,4,0.0,0.0
clustering,heterogeneous,7,3,3,0.3,0.6,0.6,0.1,7139002048363152400.0,15,0.21089247890043542,0.00023720642434802,0.00021907019571149,2,4,0.0,0.0
clustering,heterogeneous,7,3,3,0.3,0.6,0.6,0.1,8636175130330607600.0,15,0.21798928226206946,0.00017544868670782,0.00013132705978602,1,4,0.0,0.0
clustering,heterogeneous,7,3,3,0.3,0.6,0.6,0.1,1841142524168585220.0,15,0.21448234309535255,0.00016649476390872,0.00022019244966917,1,4,0.0,0.0
clustering,heterogeneous,7,3,3,0.3,0.6,0.6,0.1,7240713591891685400.0,15,0.21822139381602867,0.0001640154062492,0.0001504547945376,1,4,0.0,0.0
clustering,heterogeneous,7,3,3,0.3,0.6,0.6,0.1,4692690466958798800.0,15,0.2053728863983089,0.00024064999761589,0.00026097782631868,2,4,0.0,0.0
clustering,heterogeneous,7,3,3,0.3,0.6,0.6,0.1,8803618445054126100.0,15,0.23633988633908598,0.00005808482153544,0.00003793938953842,1,4,0.0,0.0
clustering,heterogeneous,7,3,3,0.3,0.6,0.6,0.1,4398895106259038200.0,15,0.22334526515100436,0.00012473822409448,0.00013145023869228,1,4,0.0,0.0
clustering,heterogeneous,7,3,3,0.3,0.6,0.6,0.1,7924300342041792500.0,15,0.2281335965281531,0.00008577418123709,0.00005411444379729,1,4,0.0,0.0
clustering,heterogeneous,7,3,3,0.3,0.6,0.6,0.1,4342572612484808700.0,15,0.20544686100003237,0.00038152368620288,0.00031749663344561,2,4,0.0,0.0
clustering,heterogeneous,7,3,3,0.3,0.6,0.6,0.1,4477927936947039200.0,15,0.22963143761811586,0.00005676202234326,0.00006988842498637,1,4,0.0,0.0
clustering,heterogeneous,7,3,3,0.3,0.6,0.6,0.1,109591146466576384.0,15,0.1957038290927229,0.00049384117107733,0.00044222441109861,2,4,0.0,0.0
clustering,heterogeneous,7,3,3,0.3,0.6,0.6,0.1,7043372089166577700.0,15,0.21219947617106175,0.00022169238484899,0.00017944234524455,2,4,0.0,0.0
clustering,heterogeneous,7,3,3,0.3,0.6,0.6,0.1,4286360386944651300.0,15,0.20809605351135163,0.00027933596134256,0.00025471402039143,2,4,0.0,0.0
clustering,heterogeneous,7,3,3,0.3,0.6,0.6,0.1,997606725876738050.0,15,0.1983129153619477,0.00063845170925052,0.00038110166421896,2,4,0.0,0.0
clustering,homogeneous,45,0,3,0.2,0.2,0.6,0.1,7139002048363152400.0,15,0.07234755453104495,0.00000000844802652,0.00000000788327009,1,2,0.39999999999999997,0.0
clustering,heterogeneous,7,3,3,0.3,0.6,0.6,0.1,7128893484183252000.0,15,0.19023031659386289,0.00066726477012465,0.00059034694299278,2,4,0.0,0.0
clustering,heterogeneous,7,3,3,0.3,0.6,0.6,0.1,4490502852978390000.0,15,0.21854671000261683,0.00014684967636929,0.00010420823500955,1,4,0.0,0.0
clustering,heterogeneous,7,3,3,0.3,0.6,0.6,0.1,4910962305337055200.0,15,0.2198969051891956,0.0002221938421219,0.0001887999088009,1,4,0.0,0.0
clustering,heterogeneous,7,3,3,0.3,0.6,0.6,0.1,3407647030800275500.0,15,0.21436355313867472,0.00023428455048202,0.00022167190679485,2,4,0.0,0.0
clustering,homogeneous,45,0,3,0.2,0.2,0.6,0.1,7240713591891685400.0,15,0.0743613793594607,0.0000000007303007,0.00000000036108811,1,2,0.39999999999999997,0.0
clustering,heterogeneous,7,3,3,0.3,0.6,0.6,0.1,22746047218290688.0,15,0.20932800128738285,0.00033120286457002,0.00023051466352713,2,4,0.0,0.0
clustering,heterogeneous,7,3,3,0.3,0.6,0.6,0.1,6872698498072871900.0,15,0.22531099203778973,0.00010187519737298,0.00009722225598599,1,4,0.0,0.0
clustering,heterogeneous,7,3,3,0.3,0.6,0.6,0.1,1285926408638267390.0,15,0.23390524666682433,0.00010298967773669,0.00005957837103028,1,4,0.0,0.0
clustering,homogeneous,45,0,3,0.2,0.2,0.6,0.1,6905470370856337400.0,15,0.07353306752304423,0.00000004839663772,0.00000004208906849,2,2,0.39999999999999997,0.0
clustering,heterogeneous,7,3,3,0.3,0.6,0.6,0.1,256029315321952256.0,15,0.21826754485107933,0.00018149038656,0.00014095151415948,1,4,0.0,0.0
clustering,heterogeneous,7,3,3,0.3,0.6,0.6,0.1,2595646474777646100.0,15,0.2183718428016714,0.00018337857824917,0.00013448920086199,1,4,0.0,0.0
clustering,heterogeneous,7,3,3,0.3,0.6,0.6,0.1,115109577693645824.0,15,0.2134995377142119,0.00020361213010991,0.00017174018198715,2,4,0.0,0.0
clustering,heterogeneous,7,3,3,0.3,0.6,0.6,0.1,1831297316135118850.0,15,0.20186185449278735,0.00033980486354451,0.00029785222377012,2,4,0.0,0.0
clustering,homogeneous,45,0,3,0.2,0.2,0.6,0.1,4692690466958798800.0,15,0.0747786114288261,0.00000000477001764,0.0000000041352567,1,2,0.39999999999999997,0.0
clustering,heterogeneous,7,3,3,0.3,0.6,0.6,0.1,4200730711560847400.0,15,0.19617203851543033,0.00046945841499351,0.00033872494876116,2,4,0.0,0.0
clustering,homogeneous,45,0,3,0.2,0.2,0.6,0.1,1841142524168585220.0,15,0.07265064572494755,0.00000000032692947,0.00000000018182783,1,2,0.39999999999999997,0.0
clustering,heterogeneous,7,3,3,0.3,0.6,0.6,0.1,360045816003429380.0,15,0.20970773326694514,0.00035789929159714,0.00022794455604796,2,4,0.0,0.0
clustering,homogeneous,45,0,3,0.2,0.2,0.6,0.1,8636175130330607600.0,15,0.07029984991555606,0.00000003227628921,0.00000001395638035,1,2,0.39999999999999997,0.0
clustering,homogeneous,45,0,3,0.2,0.2,0.6,0.1,4398895106259038200.0,15,0.0721320285168472,0.00000014721058189,0.00000013195064826,1,2,0.39999999999999997,0.0
clustering,homogeneous,45,0,3,0.2,0.2,0.6,0.1,5702577027890589700.0,15,0.07292829945048873,0.00000000309175133,0.00000000147279812,1,2,0.39999999999999997,0.0
clustering,homogeneous,45,0,3,0.2,0.2,0.6,0.1,8803618445054126100.0,15,0.07366779122173185,0.00000001786234728,0.00000001781726666,1,2,0.39999999999999997,0.0
clustering,heterogeneous,7,3,3,0.3,0.6,0.6,0.1,2787618399357031400.0,15,0.2160435110616905,0.00019033003075458,0.00015543375179531,2,4,0.0,0.0
clustering,homogeneous,45,0,3,0.2,0.2,0.6,0.1,7128893484183252000.0,15,0.07111675421587559,0.00000000869500742,0.00000000306833143,1,2,0.39999999999999997,0.0
clustering,homogeneous,45,0,3,0.2,0.2,0.6,0.1,7043372089166577700.0,15,0.06958338951153609,0.00000000348812693,0.00000000118837604,1,2,0.39999999999999997,0.0
clustering,homogeneous,45,0,3,0.2,0.2,0.6,0.1,4342572612484808700.0,15,0.07057414928267826,0.00000000285369567,0.00000000275179632,1,2,0.39999999999999997,0.0
clustering,homogeneous,45,0,3,0.2,0.2,0.6,0.1,4477927936947039200.0,15,0.07187437673886223,0.00000000430820588,0.00000000176842714,1,2,0.39999999999999997,0.0
clustering,homogeneous,45,0,3,0.2,0.2,0.6,0.1,109591146466576384.0,15,0.07244121789436009,0.00000007329609761,0.00000003784341546,1,2,0.39999999999999997,0.0
clustering,homogeneous,45,0,3,0.2,0.2,0.6,0.1,4910962305337055200.0,15,0.07806503215964349,0.00000000083627163,0.00000000033671368,1,2,0.39999999999999997,0.0
clustering,homogeneous,45,0,3,0.2,0.2,0.6,0.1,4286360386944651300.0,15,0.07290043371326377,0.00000002711665587,0.00000001020774836,1,2,0.39999999999999997,0.0
clustering,homogeneous,45,0,3,0.2,0.2,0.6,0.1,2595646474777646100.0,15,0.07032183423554729,0.00000000061223374,0.0000000005730088,1,2,0.39999999999999997,0.0
clustering,homogeneous,45,0,3,0.2,0.2,0.6,0.1,4490502852978390000.0,15,0.0719351886201126,0.00000003750535583,0.00000003263174204,1,2,0.39999999999999997,0.0
clustering,homogeneous,45,0,3,0.2,0.2,0.6,0.1,6872698498072871900.0,15,0.07469558163866974,0.00000001691732939,0.00000001620144935,1,2,0.39999999999999997,0.0
clustering,homogeneous,45,0,3,0.2,0.2,0.6,0.1,22746047218290688.0,15,0.07145584936888073,0.0000000075603422,0.00000000260923185,1,2,0.39999999999999997,0.0
clustering,homogeneous,45,0,3,0.2,0.2,0.6,0.1,997606725876738050.0,15,0.07092581194819793,0.00000000110609466,0.00000000039059474,1,2,0.39999999999999997,0.0
clustering,homogeneous,45,0,3,0.2,0.2,0.6,0.1,1831297316135118850.0,15,0.07353545277850197,0.00000001407841562,0.00000000815545408,1,2,0.39999999999999997,0.0
clustering,homogeneous,45,0,3,0.2,0.2,0.6,0.1,256029315321952256.0,15,0.06981884810586834,0.00000004258658948,0.00000001544080346,1,2,0.39999999999999997,0.0
clustering,homogeneous,45,0,3,0.2,0.2,0.6,0.1,1285926408638267390.0,15,0.07213678648317691,0.0000000100535508,0.00000000468472252,1,2,0.39999999999999997,0.0
clustering,homogeneous,45,0,3,0.2,0.2,0.6,0.1,360045816003429380.0,15,0.07420101385629065,0.0000000002117733,0.0000000000706001,1,2,0.39999999999999997,0.0
clustering,homogeneous,45,0,3,0.2,0.2,0.6,0.1,2787618399357031400.0,15,0.07527595590815606,0.00000000128300951,0.00000000093894665,1,2,0.39999999999999997,0.0
clustering,homogeneous,45,0,3,0.2,0.2,0.6,0.1,115109577693645824.0,15,0.0698777393888776,0.00000001836174211,0.00000000885379719,1,2,0.39999999999999997,0.0
clustering,homogeneous,45,0,3,0.2,0.2,0.6,0.1,3407647030800275500.0,15,0.07682355341369247,0.0000000003176913,0.00000000012145447,1,2,0.39999999999999997,0.0
clustering,homogeneous,45,0,3,0.2,0.2,0.6,0.1,4200730711560847400.0,15,0.0742709661869498,0.00000003446413823,0.00000002191091224,1,2,0.39999999999999997,0.0
clustering,heterogeneous,42,2,2,0.2,0.6,0.6,0.1,6905470370856337400.0,15,0.1990491480045748,0.00002052663492003,0.00001356107868855,1,4,0.0,0.0
clustering,homogeneous,45,0,3,0.2,0.2,0.6,0.1,7924300342041792500.0,15,0.07075710410133688,0.00000004595523962,0.00000003600520904,1,2,0.39999999999999997,0.0
clustering,heterogeneous,42,2,2,0.2,0.6,0.6,0.1,8803618445054126100.0,15,0.20166065246911366,0.00005863349067278,0.00005360032275862,2,4,0.0,0.0
clustering,heterogeneous,42,2,2,0.2,0.6,0.6,0.1,7139002048363152400.0,15,0.19880204588817552,0.00003529439205803,0.00002366329960216,2,4,0.0,0.0
clustering,heterogeneous,42,2,2,0.2,0.6,0.6,0.1,8636175130330607600.0,15,0.20237743736953784,0.00003416517379064,0.00002539136721212,2,4,0.0,0.0
clustering,heterogeneous,42,2,2,0.2,0.6,0.6,0.1,4398895106259038200.0,15,0.20018451319899266,0.00007320936038477,0.00003965131704558,2,4,0.0,0.0
clustering,heterogeneous,42,2,2,0.2,0.6,0.6,0.1,7043372089166577700.0,15,0.20038378868989484,0.00001571162398635,0.00001356144132051,1,4,0.0,0.0
clustering,heterogeneous,42,2,2,0.2,0.6,0.6,0.1,5702577027890589700.0,15,0.20163372736957338,0.00001281335217423,0.00000839524026623,1,4,0.0,0.0
clustering,heterogeneous,42,2,2,0.2,0.6,0.6,0.1,4692690466958798800.0,15,0.19631335771348948,0.00004160233356977,0.00002659583469103,1,4,0.0,0.0
clustering,heterogeneous,42,2,2,0.2,0.6,0.6,0.1,4342572612484808700.0,15,0.19961158560746303,0.00002676763351215,0.00002762313288011,1,4,0.0,0.0
clustering,heterogeneous,42,2,2,0.2,0.6,0.6,0.1,1841142524168585220.0,15,0.20262623790192477,0.00002188708714659,0.00001082049949232,2,4,0.0,0.0
clustering,heterogeneous,42,2,2,0.2,0.6,0.6,0.1,109591146466576384.0,15,0.2033985017298062,0.00005238532343868,0.00003995504111103,2,4,0.0,0.0
clustering,heterogeneous,42,2,2,0.2,0.6,0.6,0.1,7240713591891685400.0,15,0.20391495379526167,0.0000161335525222,0.00001254573506101,2,4,0.0,0.0
clustering,heterogeneous,42,2,2,0.2,0.6,0.6,0.1,4286360386944651300.0,15,0.20033743885127173,0.00002057132973218,0.00001279311096015,1,4,0.0,0.0
clustering,heterogeneous,42,2,2,0.2,0.6,0.6,0.1,4477927936947039200.0,15,0.19837023098564466,0.00003894034029991,0.00002364989088031,1,4,0.0,0.0
clustering,heterogeneous,42,2,2,0.2,0.6,0.6,0.1,7128893484183252000.0,15,0.20118595413747056,0.00001185460767218,0.00000888835482947,1,4,0.0,0.0
clustering,heterogeneous,42,2,2,0.2,0.6,0.6,0.1,4490502852978390000.0,15,0.20410594504631283,0.00002114800839933,0.00001430750118441,2,4,0.0,0.0
clustering,heterogeneous,42,2,2,0.2,0.6,0.6,0.1,2595646474777646100.0,15,0.20185354384333243,0.00001952918151305,0.00001182195204845,2,4,0.0,0.0
clustering,heterogeneous,42,2,2,0.2,0.6,0.6,0.1,22746047218290688.0,15,0.20203922146844738,0.00001027584566531,0.00000735857363242,1,4,0.0,0.0
clustering,heterogeneous,42,2,2,0.2,0.6,0.6,0.1,6872698498072871900.0,15,0.2016008045415459,0.00005523173902811,0.0000379006896983,2,4,0.0,0.0
clustering,heterogeneous,42,2,2,0.2,0.6,0.6,0.1,360045816003429380.0,15,0.20210234469773283,0.00001430014916414,0.00001674919089444,1,4,0.0,0.0
clustering,heterogeneous,42,2,2,0.2,0.6,0.6,0.1,4910962305337055200.0,15,0.19801098891511634,0.00004476064515801,0.00002241851265925,1,4,0.0,0.0
clustering,heterogeneous,42,2,2,0.2,0.6,0.6,0.1,997606725876738050.0,15,0.1974442654565984,0.00010625400018106,0.00005391629004638,1,4,0.0,0.0
clustering,heterogeneous,42,2,2,0.2,0.6,0.6,0.1,3407647030800275500.0,15,0.19863557811898824,0.00003431601806646,0.0000155656545807,1,4,0.0,0.0
clustering,heterogeneous,42,2,2,0.2,0.6,0.6,0.1,115109577693645824.0,15,0.19848699783226673,0.00004273215656396,0.00003622408868125,2,4,0.0,0.0
clustering,heterogeneous,42,2,2,0.2,0.6,0.6,0.1,1285926408638267390.0,15,0.20275210773258415,0.00003736113176262,0.00002187486810727,2,4,0.0,0.0
clustering,heterogeneous,42,2,2,0.2,0.6,0.6,0.1,7924300342041792500.0,15,0.2028270570954503,0.00002342052857657,0.00002523567951834,2,4,0.0,0.0
clustering,heterogeneous,42,2,2,0.2,0.6,0.6,0.1,2787618399357031400.0,15,0.19568688531083453,0.00005481908321669,0.00003459257481574,1,4,0.0,0.0
clustering,heterogeneous,42,2,2,0.2,0.6,0.6,0.1,4200730711560847400.0,15,0.1942191895814215,0.00010182376831513,0.00007105443343606,1,4,0.0,0.0
clustering,heterogeneous,42,2,2,0.2,0.6,0.6,0.1,256029315321952256.0,15,0.19801586115092507,0.00004831245891875,0.00002187848820012,1,4,0.0,0.0
clustering,homogeneous,48,0,6,0.2,0.2,0.6,0.1,7240713591891685400.0,15,0.0704580223629097,0.00006449840479316,0.00004692178501884,1,3,0.39999999999999997,0.0
clustering,heterogeneous,42,2,2,0.2,0.6,0.6,0.1,1831297316135118850.0,15,0.19876034762673167,0.00004511376100396,0.00002451036967655,1,4,0.0,0.0
clustering,homogeneous,48,0,6,0.2,0.2,0.6,0.1,6905470370856337400.0,15,0.05885682490071861,0.00004115036870441,0.00003773743096229,1,3,0.39999999999999997,0.0
clustering,homogeneous,48,0,6,0.2,0.2,0.6,0.1,4692690466958798800.0,15,0.05876219683756841,0.0000536998709846,0.00004132069918025,1,3,0.39999999999999997,0.0
clustering,homogeneous,48,0,6,0.2,0.2,0.6,0.1,7139002048363152400.0,15,0.06493041686827157,0.00006119067030867,0.00003874047164251,1,3,0.39999999999999997,0.0
clustering,homogeneous,48,0,6,0.2,0.2,0.6,0.1,1841142524168585220.0,15,0.06218523832543014,0.00007583557668511,0.00006410065142724,1,3,0.39999999999999997,0.0
clustering,homogeneous,48,0,6,0.2,0.2,0.6,0.1,8636175130330607600.0,15,0.05618698664666604,0.00004464103296606,0.00003416524178068,1,3,0.39999999999999997,0.0
clustering,homogeneous,48,0,6,0.2,0.2,0.6,0.1,7043372089166577700.0,15,0.05355847477206255,0.00003758727159211,0.00003158077527085,1,3,0.39999999999999997,0.0
clustering,homogeneous,48,0,6,0.2,0.2,0.6,0.1,5702577027890589700.0,15,0.06974214174068102,0.00003444333799195,0.00002617773293386,1,3,0.39999999999999997,0.0
clustering,homogeneous,48,0,6,0.2,0.2,0.6,0.1,4398895106259038200.0,15,0.06943000943402444,0.00004556440561498,0.00003242556988808,1,3,0.39999999999999997,0.0
clustering,homogeneous,48,0,6,0.2,0.2,0.6,0.1,8803618445054126100.0,15,0.076452514964914,0.00005533493533865,0.00003601802671173,1,3,0.39999999999999997,0.0
clustering,homogeneous,48,0,6,0.2,0.2,0.6,0.1,7128893484183252000.0,15,0.0671254854589592,0.00007444131047239,0.00006292729532658,1,3,0.39999999999999997,0.0
clustering,homogeneous,48,0,6,0.2,0.2,0.6,0.1,4342572612484808700.0,15,0.06088961025710186,0.00004059883094276,0.00002816213467173,1,3,0.39999999999999997,0.0
clustering,homogeneous,48,0,6,0.2,0.2,0.6,0.1,4477927936947039200.0,15,0.06836746610394161,0.00007635373242254,0.0000544028830169,1,3,0.39999999999999997,0.0
clustering,homogeneous,48,0,6,0.2,0.2,0.6,0.1,109591146466576384.0,15,0.08089833768487215,0.00008718211302109,0.00007815709945149,1,3,0.39999999999999997,0.0
clustering,homogeneous,48,0,6,0.2,0.2,0.6,0.1,6872698498072871900.0,15,0.0725946004541234,0.00006352470082223,0.00005024847593986,1,3,0.39999999999999997,0.0
clustering,homogeneous,48,0,6,0.2,0.2,0.6,0.1,4286360386944651300.0,15,0.06502156618910841,0.00008404550375816,0.00007338856694584,1,3,0.39999999999999997,0.0
clustering,homogeneous,48,0,6,0.2,0.2,0.6,0.1,4490502852978390000.0,15,0.06266380940810459,0.00004106885759185,0.0000356685159688,1,3,0.39999999999999997,0.0
clustering,homogeneous,48,0,6,0.2,0.2,0.6,0.1,2595646474777646100.0,15,0.07375044772570086,0.00006108866147298,0.00006246546137671,1,3,0.39999999999999997,0.0
clustering,homogeneous,8,0,4,0.1,0.8,0.6,0.1,7139002048363152400.0,15,0.06042181821868446,0.00003237922994711,0.00001623112581009,1,2,-0.20000000000000007,0.0
clustering,homogeneous,48,0,6,0.2,0.2,0.6,0.1,3407647030800275500.0,15,0.06083395298809275,0.00005085945990809,0.00003276363144498,1,3,0.39999999999999997,0.0
clustering,homogeneous,48,0,6,0.2,0.2,0.6,0.1,2787618399357031400.0,15,0.0736795020096677,0.00007120490764087,0.00006653607907463,1,3,0.39999999999999997,0.0
clustering,homogeneous,48,0,6,0.2,0.2,0.6,0.1,4910962305337055200.0,15,0.06055739069299248,0.00003932235700697,0.00002716351537425,1,3,0.39999999999999997,0.0
clustering,homogeneous,48,0,6,0.2,0.2,0.6,0.1,7924300342041792500.0,15,0.05803045919117029,0.00004822117758691,0.00003765302164365,1,3,0.39999999999999997,0.0
clustering,homogeneous,48,0,6,0.2,0.2,0.6,0.1,1831297316135118850.0,15,0.0495168941312818,0.0000636679106988,0.00004739494986479,1,3,0.39999999999999997,0.0
clustering,homogeneous,48,0,6,0.2,0.2,0.6,0.1,22746047218290688.0,15,0.06329938299577144,0.00004024588290418,0.00002743962470164,1,3,0.39999999999999997,0.0
clustering,homogeneous,8,0,4,0.1,0.8,0.6,0.1,4692690466958798800.0,15,0.04485993769058054,0.0000419622222742,0.00003047079912391,2,2,-0.20000000000000007,0.0
clustering,homogeneous,48,0,6,0.2,0.2,0.6,0.1,997606725876738050.0,15,0.05735035298688274,0.00008038516065568,0.00005969775125214,1,3,0.39999999999999997,0.0
clustering,homogeneous,48,0,6,0.2,0.2,0.6,0.1,115109577693645824.0,15,0.0640887181944599,0.00008957304225521,0.00006384559383706,1,3,0.39999999999999997,0.0
clustering,homogeneous,48,0,6,0.2,0.2,0.6,0.1,256029315321952256.0,15,0.05698640218867112,0.00007320649114265,0.00006880200185259,1,3,0.39999999999999997,0.0
clustering,homogeneous,48,0,6,0.2,0.2,0.6,0.1,1285926408638267390.0,15,0.06497966301269824,0.00002882712124011,0.00001769449973761,1,3,0.39999999999999997,0.0
clustering,homogeneous,8,0,4,0.1,0.8,0.6,0.1,7240713591891685400.0,15,0.05472872271470408,0.00004857200917199,0.00002904565371724,2,2,-0.20000000000000007,0.0
clustering,homogeneous,48,0,6,0.2,0.2,0.6,0.1,4200730711560847400.0,15,0.06418355902592039,0.00010664667705298,0.00006976844253837,1,3,0.39999999999999997,0.0
clustering,homogeneous,48,0,6,0.2,0.2,0.6,0.1,360045816003429380.0,15,0.06928074759629871,0.00007389482299044,0.00006462595355293,1,3,0.39999999999999997,0.0
clustering,homogeneous,8,0,4,0.1,0.8,0.6,0.1,4342572612484808700.0,15,0.05389750101697498,0.00003119376564293,0.00002224628625551,1,2,-0.20000000000000007,0.0
clustering,homogeneous,8,0,4,0.1,0.8,0.6,0.1,5702577027890589700.0,15,0.05457302201484396,0.00003722708243509,0.00001935665350526,2,2,-0.20000000000000007,0.0
clustering,homogeneous,8,0,4,0.1,0.8,0.6,0.1,6905470370856337400.0,15,0.04733252794152278,0.00004713594503794,0.00003425642588718,2,2,-0.20000000000000007,0.0
clustering,homogeneous,8,0,4,0.1,0.8,0.6,0.1,4398895106259038200.0,15,0.05873803712582727,0.00003545387587084,0.00002118365103193,1,2,-0.20000000000000007,0.0
clustering,homogeneous,8,0,4,0.1,0.8,0.6,0.1,1841142524168585220.0,15,0.05107802452033554,0.00004797100316838,0.00002688652171603,2,2,-0.20000000000000007,0.0
clustering,homogeneous,8,0,4,0.1,0.8,0.6,0.1,109591146466576384.0,15,0.05358062580059687,0.00003632621831482,0.00002175464477342,1,2,-0.20000000000000007,0.0
clustering,homogeneous,8,0,4,0.1,0.8,0.6,0.1,8636175130330607600.0,15,0.05325704024806099,0.000032605690166,0.00001656257238037,2,2,-0.20000000000000007,0.0
clustering,homogeneous,8,0,4,0.1,0.8,0.6,0.1,6872698498072871900.0,15,0.05294883235368086,0.00004734646868974,0.00002147421728058,2,2,-0.20000000000000007,0.0
clustering,homogeneous,8,0,4,0.1,0.8,0.6,0.1,8803618445054126100.0,15,0.05421664154541093,0.00004671362059808,0.00003047298871824,2,2,-0.20000000000000007,0.0
clustering,homogeneous,8,0,4,0.1,0.8,0.6,0.1,7128893484183252000.0,15,0.04911295227310811,0.00003053360027202,0.00002098543346636,2,2,-0.20000000000000007,0.0
clustering,homogeneous,8,0,4,0.1,0.8,0.6,0.1,7043372089166577700.0,15,0.05223559238587762,0.0000343825228908,0.00001562737846815,2,2,-0.20000000000000007,0.0
clustering,homogeneous,8,0,4,0.1,0.8,0.6,0.1,4286360386944651300.0,15,0.05304710462395597,0.00002580235225222,0.00001774320667043,1,2,-0.20000000000000007,0.0
clustering,homogeneous,8,0,4,0.1,0.8,0.6,0.1,4477927936947039200.0,15,0.06123181100029178,0.00004392640295795,0.00002012550212686,1,2,-0.20000000000000007,0.0
clustering,homogeneous,8,0,4,0.1,0.8,0.6,0.1,4490502852978390000.0,15,0.05511162783051342,0.00002980537799377,0.00002488160844486,1,2,-0.20000000000000007,0.0
clustering,homogeneous,8,0,4,0.1,0.8,0.6,0.1,3407647030800275500.0,15,0.05178368894224908,0.0000309222105835,0.00001922544267469,2,2,-0.20000000000000007,0.0
clustering,homogeneous,8,0,4,0.1,0.8,0.6,0.1,2787618399357031400.0,15,0.05767977941547579,0.00002727386826808,0.00001834320565888,1,2,-0.20000000000000007,0.0
clustering,homogeneous,8,0,4,0.1,0.8,0.6,0.1,4910962305337055200.0,15,0.06307088443977997,0.00002463533862828,0.00001170708619174,1,2,-0.20000000000000007,0.0
clustering,homogeneous,8,0,4,0.1,0.8,0.6,0.1,2595646474777646100.0,15,0.05874550018019699,0.0000505914661803,0.000031363644587,1,2,-0.20000000000000007,0.0
clustering,homogeneous,31,0,4,0.5,0.8,0.6,0.1,4398895106259038200.0,15,0.09390661786676881,0.00000000000002033,0.00000000000001233,1,3,-0.20000000000000007,0.0
clustering,homogeneous,8,0,4,0.1,0.8,0.6,0.1,7924300342041792500.0,15,0.05519286857078666,0.00003024872252715,0.00001673944229895,1,2,-0.20000000000000007,0.0
clustering,homogeneous,8,0,4,0.1,0.8,0.6,0.1,997606725876738050.0,15,0.0566431190160288,0.00002833706108612,0.00001654225861933,1,2,-0.20000000000000007,0.0
clustering,homogeneous,31,0,4,0.5,0.8,0.6,0.1,4692690466958798800.0,15,0.04658554723977848,0.00000000000133024,0.00000000000073237,1,3,-0.20000000000000007,0.0
clustering,homogeneous,8,0,4,0.1,0.8,0.6,0.1,115109577693645824.0,15,0.0613228685650216,0.0000237927037035,0.00001333543621473,1,2,-0.20000000000000007,0.0
clustering,homogeneous,31,0,4,0.5,0.8,0.6,0.1,8636175130330607600.0,15,0.06261160918748604,0.00000000000028006,0.00000000000017236,1,3,-0.20000000000000007,0.0
clustering,homogeneous,31,0,4,0.5,0.8,0.6,0.1,7139002048363152400.0,15,0.05540539783046206,0.00000000000047152,0.00000000000027796,1,3,-0.20000000000000007,0.0
clustering,homogeneous,8,0,4,0.1,0.8,0.6,0.1,4200730711560847400.0,15,0.05738338114203791,0.00003067681493695,0.00001993375009848,1,2,-0.20000000000000007,0.0
clustering,homogeneous,8,0,4,0.1,0.8,0.6,0.1,256029315321952256.0,15,0.05058281429505596,0.00003285302588548,0.00002141055044278,2,2,-0.20000000000000007,0.0
clustering,homogeneous,8,0,4,0.1,0.8,0.6,0.1,1285926408638267390.0,15,0.05493820077514382,0.00003855023548335,0.00002591868759285,1,2,-0.20000000000000007,0.0
clustering,homogeneous,8,0,4,0.1,0.8,0.6,0.1,22746047218290688.0,15,0.04860599326524698,0.0000428442549979,0.00002669144058331,2,2,-0.20000000000000007,0.0
clustering,homogeneous,8,0,4,0.1,0.8,0.6,0.1,1831297316135118850.0,15,0.05249884551796484,0.00003174316031564,0.00002360126096706,1,2,-0.20000000000000007,0.0
clustering,homogeneous,31,0,4,0.5,0.8,0.6,0.1,1841142524168585220.0,15,0.05953760600338381,0.00000000000047196,0.00000000000030218,1,3,-0.20000000000000007,0.0
clustering,homogeneous,8,0,4,0.1,0.8,0.6,0.1,360045816003429380.0,15,0.04767820721152088,0.00004999513817623,0.00002837022214961,2,2,-0.20000000000000007,0.0
clustering,homogeneous,31,0,4,0.5,0.8,0.6,0.1,6905470370856337400.0,15,0.04658517950344886,0.0000000000005288,0.00000000000057576,1,3,-0.20000000000000007,0.0
clustering,homogeneous,31,0,4,0.5,0.8,0.6,0.1,5702577027890589700.0,15,0.05024402359709648,0.00000000000084825,0.00000000000047486,1,3,-0.20000000000000007,0.0
clustering,homogeneous,31,0,4,0.5,0.8,0.6,0.1,7240713591891685400.0,15,0.06347940816960072,0.00000000000006215,0.00000000000003213,1,3,-0.20000000000000007,0.0
clustering,homogeneous,31,0,4,0.5,0.8,0.6,0.1,109591146466576384.0,15,0.06087414302035343,0.00000000000002437,0.00000000000001135,1,3,-0.20000000000000007,0.0
clustering,homogeneous,31,0,4,0.5,0.8,0.6,0.1,3407647030800275500.0,15,0.07299131114565098,0.00000000000048434,0.00000000000022233,1,3,-0.20000000000000007,0.0
clustering,homogeneous,31,0,4,0.5,0.8,0.6,0.1,4342572612484808700.0,15,0.07259002359340373,0.00000000000002575,0.00000000000001536,1,3,-0.20000000000000007,0.0
clustering,homogeneous,31,0,4,0.5,0.8,0.6,0.1,6872698498072871900.0,15,0.08746721016844582,0.00000000000000017,0.0000000000000001,1,3,-0.20000000000000007,0.0
clustering,homogeneous,31,0,4,0.5,0.8,0.6,0.1,4477927936947039200.0,15,0.05516412135586046,0.00000000000044379,0.00000000000034589,1,3,-0.20000000000000007,0.0
clustering,homogeneous,31,0,4,0.5,0.8,0.6,0.1,4490502852978390000.0,15,0.05594754135920627,0.00000000000028736,0.00000000000017603,1,3,-0.20000000000000007,0.0
clustering,homogeneous,31,0,4,0.5,0.8,0.6,0.1,7043372089166577700.0,15,0.0465856808500745,0.00000000000000281,0.00000000000000198,1,3,-0.20000000000000007,0.0
clustering,homogeneous,31,0,4,0.5,0.8,0.6,0.1,7128893484183252000.0,15,0.04658582932488245,0.00000000000159556,0.00000000000107885,1,3,-0.20000000000000007,0.0
clustering,homogeneous,31,0,4,0.5,0.8,0.6,0.1,4286360386944651300.0,15,0.04812116311492276,0.00000000000013602,0.00000000000006478,1,3,-0.20000000000000007,0.0
clustering,homogeneous,31,0,4,0.5,0.8,0.6,0.1,8803618445054126100.0,15,0.05817621051068679,0.00000000000000465,0.00000000000000225,1,3,-0.20000000000000007,0.0
clustering,homogeneous,31,0,4,0.5,0.8,0.6,0.1,4910962305337055200.0,15,0.05379174103573965,0.00000000000003825,0.00000000000002858,1,3,-0.20000000000000007,0.0
clustering,homogeneous,31,0,4,0.5,0.8,0.6,0.1,7924300342041792500.0,15,0.0482271606478781,0.00000000000744638,0.0000000000039808,1,3,-0.20000000000000007,0.0
clustering,homogeneous,31,0,4,0.5,0.8,0.6,0.1,997606725876738050.0,15,0.04720537365776396,0.00000000000087287,0.00000000000063405,1,3,-0.20000000000000007,0.0
clustering,homogeneous,31,0,4,0.5,0.8,0.6,0.1,1831297316135118850.0,15,0.04658536172765147,0.00000000000074922,0.00000000000064013,1,3,-0.20000000000000007,0.0
clustering,homogeneous,31,0,4,0.5,0.8,0.6,0.1,22746047218290688.0,15,0.04658565650818987,0.00000000000074745,0.00000000000054645,1,3,-0.20000000000000007,0.0
clustering,homogeneous,31,0,4,0.5,0.8,0.6,0.1,1285926408638267390.0,15,0.04658653464220062,0.00000000000079245,0.0000000000006223,1,3,-0.20000000000000007,0.0
clustering,heterogeneous,23,2,2,0.3,0.2,0.6,0.1,7240713591891685400.0,15,0.07379320446058048,0.00000017284012817,0.0000000897184642,1,3,0.39999999999999997,0.0
clustering,homogeneous,31,0,4,0.5,0.8,0.6,0.1,115109577693645824.0,15,0.04744096819841723,0.00000000000003975,0.00000000000001956,1,3,-0.20000000000000007,0.0
clustering,heterogeneous,23,2,2,0.3,0.2,0.6,0.1,7139002048363152400.0,15,0.09863846291775995,0.00000005285985913,0.00000004090612317,1,3,0.39999999999999997,0.0
clustering,homogeneous,31,0,4,0.5,0.8,0.6,0.1,2595646474777646100.0,15,0.07915547374486102,0.00000000000006613,0.00000000000004768,1,3,-0.20000000000000007,0.0
clustering,heterogeneous,23,2,2,0.3,0.2,0.6,0.1,8636175130330607600.0,15,0.10254002067243022,0.00000007635559309,0.0000000639309587,1,3,0.39999999999999997,0.0
clustering,homogeneous,31,0,4,0.5,0.8,0.6,0.1,2787618399357031400.0,15,0.04658416825710729,0.0000000000023618,0.00000000000128634,1,3,-0.20000000000000007,0.0
clustering,homogeneous,31,0,4,0.5,0.8,0.6,0.1,256029315321952256.0,15,0.06997234536942826,0.00000000000002291,0.0000000000000129,1,3,-0.20000000000000007,0.0
clustering,heterogeneous,23,2,2,0.3,0.2,0.6,0.1,5702577027890589700.0,15,0.09635571422974136,0.00000009771761118,0.0000000769378264,1,3,0.39999999999999997,0.0
clustering,homogeneous,31,0,4,0.5,0.8,0.6,0.1,4200730711560847400.0,15,0.04658573411439593,0.00000000000055254,0.00000000000030083,1,3,-0.20000000000000007,0.0
clustering,heterogeneous,23,2,2,0.3,0.2,0.6,0.1,4692690466958798800.0,15,0.11703079026273647,0.00000016991233464,0.00000008528596686,1,3,0.39999999999999997,0.0
clustering,heterogeneous,23,2,2,0.3,0.2,0.6,0.1,4342572612484808700.0,15,0.09880241986065157,0.0000000386879983,0.00000003290026548,1,3,0.39999999999999997,0.0
clustering,heterogeneous,23,2,2,0.3,0.2,0.6,0.1,7043372089166577700.0,15,0.09116019031669824,0.00000001222381693,0.00000000771006229,1,3,0.39999999999999997,0.0
clustering,homogeneous,31,0,4,0.5,0.8,0.6,0.1,360045816003429380.0,15,0.07134335584393102,0.00000000000026496,0.00000000000018197,1,3,-0.20000000000000007,0.0
clustering,heterogeneous,23,2,2,0.3,0.2,0.6,0.1,109591146466576384.0,15,0.10963442465795105,0.00000001806904323,0.00000000939114324,1,3,0.39999999999999997,0.0
clustering,heterogeneous,23,2,2,0.3,0.2,0.6,0.1,4398895106259038200.0,15,0.0983354876748407,0.00000002266468023,0.00000001488508612,1,3,0.39999999999999997,0.0
clustering,heterogeneous,23,2,2,0.3,0.2,0.6,0.1,6905470370856337400.0,15,0.09681072601607334,0.00000008749293218,0.00000011373611381,1,3,0.39999999999999997,0.0
clustering,heterogeneous,23,2,2,0.3,0.2,0.6,0.1,1841142524168585220.0,15,0.08522445477986813,0.00000011911856211,0.00000006917081563,1,3,0.39999999999999997,0.0
clustering,heterogeneous,23,2,2,0.3,0.2,0.6,0.1,7128893484183252000.0,15,0.08676841404863951,0.0000002808944382,0.00000016876971571,1,3,0.39999999999999997,0.0
clustering,heterogeneous,23,2,2,0.3,0.2,0.6,0.1,8803618445054126100.0,15,0.09957412408107723,0.00000005644135893,0.00000003782465087,1,3,0.39999999999999997,0.0
clustering,heterogeneous,23,2,2,0.3,0.2,0.6,0.1,4477927936947039200.0,15,0.09359828714549591,0.00000011350997433,0.00000005501592135,1,3,0.39999999999999997,0.0
clustering,heterogeneous,23,2,2,0.3,0.2,0.6,0.1,4286360386944651300.0,15,0.08840328212699171,0.00000011429265252,0.00000006335102533,1,3,0.39999999999999997,0.0
clustering,heterogeneous,23,2,2,0.3,0.2,0.6,0.1,6872698498072871900.0,15,0.0972524876539045,0.00000007391581961,0.00000003730656533,1,3,0.39999999999999997,0.0
clustering,heterogeneous,23,2,2,0.3,0.2,0.6,0.1,2595646474777646100.0,15,0.0964590948973393,0.00000007974756963,0.00000004741692041,1,3,0.39999999999999997,0.0
clustering,heterogeneous,23,2,2,0.3,0.2,0.6,0.1,4490502852978390000.0,15,0.09429218990289111,0.0000000833201368,0.00000003875611126,1,3,0.39999999999999997,0.0
clustering,heterogeneous,23,2,2,0.3,0.2,0.6,0.1,7924300342041792500.0,15,0.08380782485672468,0.00000004693601631,0.00000002457970296,1,3,0.39999999999999997,0.0
clustering,heterogeneous,23,2,2,0.3,0.2,0.6,0.1,1285926408638267390.0,15,0.10680553893809468,0.00000006047652813,0.00000003973561318,1,3,0.39999999999999997,0.0
clustering,heterogeneous,23,2,2,0.3,0.2,0.6,0.1,4910962305337055200.0,15,0.092175274314773,0.00000005829480271,0.00000006675979755,1,3,0.39999999999999997,0.0
clustering,heterogeneous,23,2,2,0.3,0.2,0.6,0.1,3407647030800275500.0,15,0.09707724192524782,0.00000006590439311,0.00000003038175554,1,3,0.39999999999999997,0.0
clustering,heterogeneous,23,2,2,0.3,0.2,0.6,0.1,1831297316135118850.0,15,0.08349682662077436,0.00000070317984602,0.00000047010300503,1,3,0.39999999999999997,0.0
clustering,heterogeneous,23,2,2,0.3,0.2,0.6,0.1,115109577693645824.0,15,0.09020831648598109,0.0000001058290728,0.00000004712009735,1,3,0.39999999999999997,0.0
clustering,heterogeneous,23,2,2,0.3,0.2,0.6,0.1,22746047218290688.0,15,0.09730644609352905,0.00000011992125269,0.00000014290680013,1,3,0.39999999999999997,0.0
clustering,heterogeneous,23,2,2,0.3,0.2,0.6,0.1,4200730711560847400.0,15,0.08287480294257836,0.00000021720033222,0.00000022036215667,1,3,0.39999999999999997,0.0
clustering,heterogeneous,23,2,2,0.3,0.2,0.6,0.1,2787618399357031400.0,15,0.09474754108375462,0.00000024959639808,0.0000002101226859,1,3,0.39999999999999997,0.0
clustering,heterogeneous,23,2,2,0.3,0.2,0.6,0.1,997606725876738050.0,15,0.08235676965123796,0.00000039933738432,0.00000020186259503,1,3,0.39999999999999997,0.0
clustering,heterogeneous,23,2,2,0.3,0.2,0.6,0.1,360045816003429380.0,15,0.10494791129118493,0.0000001927698212,0.00000011947664201,1,3,0.39999999999999997,0.0
clustering,heterogeneous,23,2,2,0.3,0.2,0.6,0.1,256029315321952256.0,15,0.08651965741153601,0.00000015248384782,0.00000013433168617,1,3,0.39999999999999997,0.0
clustering,heterogeneous,49,3,3,0.2,0.4,0.6,0.1,4692690466958798800.0,15,0.13568560965232035,0.00014251343307881,0.00013323568183258,1,4,0.19999999999999996,0.0
clustering,heterogeneous,49,3,3,0.2,0.4,0.6,0.1,7139002048363152400.0,15,0.13737760485060305,0.00013672642658494,0.00013981171171071,1,4,0.19999999999999996,0.0
clustering,heterogeneous,49,3,3,0.2,0.4,0.6,0.1,4398895106259038200.0,15,0.13768856088748424,0.00013152498061252,0.00007313826009422,2,4,0.19999999999999996,0.0
clustering,heterogeneous,49,3,3,0.2,0.4,0.6,0.1,1841142524168585220.0,15,0.12844807894941354,0.00029463234170254,0.00018436305824896,1,4,0.19999999999999996,0.0
clustering,heterogeneous,49,3,3,0.2,0.4,0.6,0.1,7240713591891685400.0,15,0.13326735846195,0.00018631649195824,0.00011913461450433,1,4,0.19999999999999996,0.0
clustering,heterogeneous,49,3,3,0.2,0.4,0.6,0.1,4342572612484808700.0,15,0.13216091526642734,0.00022427544810889,0.00017699988462151,1,4,0.19999999999999996,0.0
clustering,heterogeneous,49,3,3,0.2,0.4,0.6,0.1,6905470370856337400.0,15,0.1359325809530054,0.00008445774200617,0.00007915836418037,1,4,0.19999999999999996,0.0
clustering,heterogeneous,49,3,3,0.2,0.4,0.6,0.1,8636175130330607600.0,15,0.13215186013528168,0.00013096667287537,0.0000803301756101,1,4,0.19999999999999996,0.0
clustering,heterogeneous,49,3,3,0.2,0.4,0.6,0.1,5702577027890589700.0,15,0.13736216441672042,0.00015305792449125,0.00009227512924028,1,4,0.19999999999999996,0.0
clustering,heterogeneous,49,3,3,0.2,0.4,0.6,0.1,109591146466576384.0,15,0.13146518540147809,0.00025968538226647,0.00024028459979809,1,4,0.19999999999999996,0.0
clustering,heterogeneous,49,3,3,0.2,0.4,0.6,0.1,4477927936947039200.0,15,0.1296684288828176,0.00035110709503552,0.00024222183147095,2,4,0.19999999999999996,0.0
clustering,heterogeneous,49,3,3,0.2,0.4,0.6,0.1,7043372089166577700.0,15,0.13335019289665326,0.00033954364195619,0.00021852802385028,2,4,0.19999999999999996,0.0
clustering,heterogeneous,49,3,3,0.2,0.4,0.6,0.1,8803618445054126100.0,15,0.13603411189789485,0.00009688540273174,0.00007630342884955,2,4,0.19999999999999996,0.0
clustering,heterogeneous,49,3,3,0.2,0.4,0.6,0.1,4286360386944651300.0,15,0.13555187305550342,0.00018167840614348,0.00012089720319804,1,4,0.19999999999999996,0.0
clustering,heterogeneous,49,3,3,0.2,0.4,0.6,0.1,7128893484183252000.0,15,0.12897153278342335,0.00028403954482666,0.00024105822274027,1,4,0.19999999999999996,0.0
clustering,heterogeneous,49,3,3,0.2,0.4,0.6,0.1,997606725876738050.0,15,0.1336830492476787,0.00032119950179506,0.00019532088033473,2,4,0.19999999999999996,0.0
clustering,heterogeneous,49,3,3,0.2,0.4,0.6,0.1,4490502852978390000.0,15,0.1240802448902928,0.00047317934542808,0.00027588038999918,1,4,0.19999999999999996,0.0
clustering,heterogeneous,49,3,3,0.2,0.4,0.6,0.1,22746047218290688.0,15,0.13880754122996722,0.0002023495519932,0.0001508577615834,2,4,0.19999999999999996,0.0
clustering,heterogeneous,49,3,3,0.2,0.4,0.6,0.1,7924300342041792500.0,15,0.13678882915211432,0.00013460015345022,0.00010437156564675,2,4,0.19999999999999996,0.0
clustering,heterogeneous,49,3,3,0.2,0.4,0.6,0.1,2595646474777646100.0,15,0.13116257149255028,0.00018505763056643,0.00012099442294208,1,4,0.19999999999999996,0.0
clustering,heterogeneous,49,3,3,0.2,0.4,0.6,0.1,4910962305337055200.0,15,0.13429460065683618,0.00017530833562002,0.00013870890622841,1,4,0.19999999999999996,0.0
clustering,heterogeneous,49,3,3,0.2,0.4,0.6,0.1,256029315321952256.0,15,0.13309107008892684,0.00020085475159953,0.00019161038506278,1,4,0.19999999999999996,0.0
clustering,heterogeneous,49,3,3,0.2,0.4,0.6,0.1,1285926408638267390.0,15,0.1376056228458357,0.00008330286350038,0.00007466310707018,1,4,0.19999999999999996,0.0
clustering,heterogeneous,49,3,3,0.2,0.4,0.6,0.1,3407647030800275500.0,15,0.13694114768988472,0.00022563659281002,0.00013448869059913,2,4,0.19999999999999996,0.0
clustering,heterogeneous,49,3,3,0.2,0.4,0.6,0.1,1831297316135118850.0,15,0.13160281920861158,0.00019540403791106,0.00012923356553445,1,4,0.19999999999999996,0.0
clustering,heterogeneous,13,2,2,0.2,0.7,0.6,0.1,7139002048363152400.0,15,0.16703954122113773,0.00000963275481567,0.00000637367602239,1,2,-0.09999999999999998,0.0
clustering,heterogeneous,49,3,3,0.2,0.4,0.6,0.1,6872698498072871900.0,15,0.132654965319138,0.00025930900426051,0.00022216643350036,2,4,0.19999999999999996,0.0
clustering,heterogeneous,49,3,3,0.2,0.4,0.6,0.1,115109577693645824.0,15,0.13438732670329334,0.00019581184621655,0.0001351011735734,1,4,0.19999999999999996,0.0
clustering,heterogeneous,13,2,2,0.2,0.7,0.6,0.1,7240713591891685400.0,15,0.1680164853842815,0.00000664702401012,0.0000039680098987,1,2,-0.09999999999999998,0.0
clustering,heterogeneous,49,3,3,0.2,0.4,0.6,0.1,360045816003429380.0,15,0.12821568493328114,0.0003165434156795,0.00021296741443472,1,4,0.19999999999999996,0.0
clustering,heterogeneous,13,2,2,0.2,0.7,0.6,0.1,4692690466958798800.0,15,0.16771490148301815,0.00000967021225896,0.00000651551893487,1,2,-0.09999999999999998,0.0
clustering,heterogeneous,13,2,2,0.2,0.7,0.6,0.1,6905470370856337400.0,15,0.16663826085860686,0.00000911061095007,0.00000438016824615,1,2,-0.09999999999999998,0.0
clustering,heterogeneous,49,3,3,0.2,0.4,0.6,0.1,2787618399357031400.0,15,0.1352894543455708,0.00010878600786643,0.00010146059987247,2,4,0.19999999999999996,0.0
clustering,heterogeneous,13,2,2,0.2,0.7,0.6,0.1,5702577027890589700.0,15,0.16729607895321952,0.00000779524437963,0.00000622088138738,1,2,-0.09999999999999998,0.0
clustering,heterogeneous,49,3,3,0.2,0.4,0.6,0.1,4200730711560847400.0,15,0.13228157399410045,0.00017827045360431,0.00012568343966782,1,4,0.19999999999999996,0.0
clustering,heterogeneous,13,2,2,0.2,0.7,0.6,0.1,1841142524168585220.0,15,0.16706654453958902,0.00000640931590138,0.0000031411214094,1,2,-0.09999999999999998,0.0
clustering,heterogeneous,13,2,2,0.2,0.7,0.6,0.1,4398895106259038200.0,15,0.16592364477860083,0.00001450185209165,0.00000853617641761,1,2,-0.09999999999999998,0.0
clustering,heterogeneous,13,2,2,0.2,0.7,0.6,0.1,7043372089166577700.0,15,0.16784461226148828,0.00000435187387702,0.00000380088380545,1,2,-0.09999999999999998,0.0
clustering,heterogeneous,13,2,2,0.2,0.7,0.6,0.1,8636175130330607600.0,15,0.16593024797946515,0.00001751011830545,0.00001424569953427,1,2,-0.09999999999999998,0.0
clustering,heterogeneous,13,2,2,0.2,0.7,0.6,0.1,4342572612484808700.0,15,0.16753832431667942,0.00000641246262269,0.00000454995891846,1,2,-0.09999999999999998,0.0
clustering,heterogeneous,13,2,2,0.2,0.7,0.6,0.1,109591146466576384.0,15,0.1675545542257773,0.00000616503716278,0.00000497537602784,1,2,-0.09999999999999998,0.0
clustering,heterogeneous,13,2,2,0.2,0.7,0.6,0.1,6872698498072871900.0,15,0.16797658431830398,0.00000191988994849,0.00000116554258335,1,2,-0.09999999999999998,0.0
clustering,heterogeneous,13,2,2,0.2,0.7,0.6,0.1,4490502852978390000.0,15,0.16588897649943113,0.00001200223903415,0.00000702036698764,1,2,-0.09999999999999998,0.0
clustering,heterogeneous,13,2,2,0.2,0.7,0.6,0.1,7128893484183252000.0,15,0.16714233130920064,0.00000710750960522,0.00000437703817474,1,2,-0.09999999999999998,0.0
clustering,heterogeneous,13,2,2,0.2,0.7,0.6,0.1,4477927936947039200.0,15,0.16609264533768614,0.00001543372556163,0.00000982521144949,1,2,-0.09999999999999998,0.0
clustering,heterogeneous,13,2,2,0.2,0.7,0.6,0.1,4286360386944651300.0,15,0.16563379409999007,0.00001708172292347,0.00000763422296045,1,2,-0.09999999999999998,0.0
clustering,heterogeneous,13,2,2,0.2,0.7,0.6,0.1,8803618445054126100.0,15,0.16775501713504054,0.00000238248812542,0.00000148011008948,1,2,-0.09999999999999998,0.0
clustering,heterogeneous,13,2,2,0.2,0.7,0.6,0.1,4910962305337055200.0,15,0.1655130335607033,0.00001638238269529,0.00000855521896743,1,2,-0.09999999999999998,0.0
clustering,heterogeneous,13,2,2,0.2,0.7,0.6,0.1,1285926408638267390.0,15,0.1668239160034724,0.00000765017420529,0.00000386374440856,1,2,-0.09999999999999998,0.0
clustering,heterogeneous,13,2,2,0.2,0.7,0.6,0.1,115109577693645824.0,15,0.16552319036909113,0.00001430188364598,0.0000100812658296,1,2,-0.09999999999999998,0.0
clustering,heterogeneous,13,2,2,0.2,0.7,0.6,0.1,22746047218290688.0,15,0.16666315155784162,0.00001049706183323,0.00000814831202401,1,2,-0.09999999999999998,0.0
clustering,heterogeneous,13,2,2,0.2,0.7,0.6,0.1,3407647030800275500.0,15,0.16636631945591712,0.00000845939972757,0.00000679392301524,1,2,-0.09999999999999998,0.0
clustering,heterogeneous,13,2,2,0.2,0.7,0.6,0.1,4200730711560847400.0,15,0.1658092551282957,0.0000183053625086,0.00001431888880055,1,2,-0.09999999999999998,0.0
clustering,heterogeneous,13,2,2,0.2,0.7,0.6,0.1,997606725876738050.0,15,0.1663952664837276,0.00002539709250429,0.00001394609427573,1,2,-0.09999999999999998,0.0
clustering,heterogeneous,13,2,2,0.2,0.7,0.6,0.1,2595646474777646100.0,15,0.16808400164873205,0.0000025266400951,0.00000178950934601,1,2,-0.09999999999999998,0.0
clustering,heterogeneous,13,2,2,0.2,0.7,0.6,0.1,2787618399357031400.0,15,0.16583761162434504,0.00001373064988052,0.00000848716405061,1,2,-0.09999999999999998,0.0
clustering,heterogeneous,13,2,2,0.2,0.7,0.6,0.1,7924300342041792500.0,15,0.1662016651319554,0.00000968313421668,0.00000617490377256,1,2,-0.09999999999999998,0.0
clustering,heterogeneous,13,2,2,0.2,0.7,0.6,0.1,1831297316135118850.0,15,0.16710450400237367,0.00001978927044398,0.00001219888231004,1,2,-0.09999999999999998,0.0
clustering,heterogeneous,13,2,2,0.2,0.7,0.6,0.1,256029315321952256.0,15,0.16559740633108538,0.00001800269399684,0.00000883997433854,1,2,-0.09999999999999998,0.0
clustering,heterogeneous,21,3,3,0.5,0.5,0.6,0.1,4692690466958798800.0,15,0.10956593348670814,0.00000000065528855,0.00000000054911303,1,4,0.09999999999999998,0.0
clustering,heterogeneous,13,2,2,0.2,0.7,0.6,0.1,360045816003429380.0,15,0.16788752063005657,0.00000473357981078,0.00000316779140152,1,2,-0.09999999999999998,0.0
clustering,heterogeneous,21,3,3,0.5,0.5,0.6,0.1,7139002048363152400.0,15,0.10962403553754073,0.0000000003860375,0.0000000002273977,1,4,0.09999999999999998,0.0
clustering,heterogeneous,21,3,3,0.5,0.5,0.6,0.1,7240713591891685400.0,15,0.11644180027598384,0.00000000005446517,0.00000000003115196,1,4,0.09999999999999998,0.0
clustering,heterogeneous,21,3,3,0.5,0.5,0.6,0.1,6905470370856337400.0,15,0.10956295093884365,0.00000000019288979,0.00000000021769705,1,4,0.09999999999999998,0.0
clustering,heterogeneous,21,3,3,0.5,0.5,0.6,0.1,8636175130330607600.0,15,0.14003786548544164,0.0000000000265541,0.00000000001752048,1,4,0.09999999999999998,0.0
clustering,heterogeneous,21,3,3,0.5,0.5,0.6,0.1,4398895106259038200.0,15,0.11304132829943316,0.00000000019298105,0.00000000012239989,1,4,0.09999999999999998,0.0
clustering,heterogeneous,21,3,3,0.5,0.5,0.6,0.1,109591146466576384.0,15,0.10954411755529754,0.00000000102809519,0.00000000071001358,1,4,0.09999999999999998,0.0
clustering,heterogeneous,21,3,3,0.5,0.5,0.6,0.1,8803618445054126100.0,15,0.12846324141177043,0.00000000037361512,0.00000000022596748,1,4,0.09999999999999998,0.0
clustering,heterogeneous,21,3,3,0.5,0.5,0.6,0.1,1841142524168585220.0,15,0.11090056446320412,0.0000000091267111,0.00000000615239255,1,4,0.09999999999999998,0.0
clustering,heterogeneous,21,3,3,0.5,0.5,0.6,0.1,5702577027890589700.0,15,0.11373476865500286,0.00000000010631452,0.00000000007734042,1,4,0.09999999999999998,0.0
clustering,heterogeneous,21,3,3,0.5,0.5,0.6,0.1,7043372089166577700.0,15,0.10956622522445703,0.00000000023690031,0.00000000016954654,1,4,0.09999999999999998,0.0
clustering,heterogeneous,21,3,3,0.5,0.5,0.6,0.1,4477927936947039200.0,15,0.10954659367392246,0.00000000070480847,0.00000000042242047,1,4,0.09999999999999998,0.0
clustering,heterogeneous,21,3,3,0.5,0.5,0.6,0.1,4342572612484808700.0,15,0.11147376735472302,0.00000000229857775,0.00000000146261811,1,4,0.09999999999999998,0.0
clustering,heterogeneous,21,3,3,0.5,0.5,0.6,0.1,7128893484183252000.0,15,0.11338237768069281,0.00000000003782355,0.00000000002216152,1,4,0.09999999999999998,0.0
clustering,heterogeneous,21,3,3,0.5,0.5,0.6,0.1,6872698498072871900.0,15,0.10955500271100803,0.0000000024913994,0.00000000144885932,1,4,0.09999999999999998,0.0
clustering,heterogeneous,21,3,3,0.5,0.5,0.6,0.1,3407647030800275500.0,15,0.1485628733371256,0.00000000013801744,0.00000000008788825,1,4,0.09999999999999998,0.0
clustering,heterogeneous,21,3,3,0.5,0.5,0.6,0.1,4286360386944651300.0,15,0.12166976988706264,0.00000000003857217,0.00000000004742019,1,4,0.09999999999999998,0.0
clustering,heterogeneous,21,3,3,0.5,0.5,0.6,0.1,4490502852978390000.0,15,0.12136724489783386,0.0000000003367383,0.0000000002203525,1,4,0.09999999999999998,0.0
clustering,heterogeneous,21,3,3,0.5,0.5,0.6,0.1,4910962305337055200.0,15,0.11820138706645762,0.00000000022892758,0.00000000016912456,1,4,0.09999999999999998,0.0
clustering,heterogeneous,21,3,3,0.5,0.5,0.6,0.1,7924300342041792500.0,15,0.15547129970196663,0.00000000014955194,0.00000000013042801,1,4,0.09999999999999998,0.0
clustering,heterogeneous,21,3,3,0.5,0.5,0.6,0.1,22746047218290688.0,15,0.12134902448273606,0.00000000029101262,0.00000000018572899,1,4,0.09999999999999998,0.0
clustering,heterogeneous,21,3,3,0.5,0.5,0.6,0.1,2595646474777646100.0,15,0.11086147264871475,0.00000000136992427,0.00000000084233882,1,4,0.09999999999999998,0.0
clustering,heterogeneous,19,2,2,0.3,0.3,0.6,0.1,7139002048363152400.0,15,0.15768143867646806,0.00000003130246539,0.00000002001632076,1,3,0.3,0.0
clustering,heterogeneous,21,3,3,0.5,0.5,0.6,0.1,115109577693645824.0,15,0.11698830283001226,0.00000000162074867,0.00000000110996257,1,4,0.09999999999999998,0.0
clustering,heterogeneous,21,3,3,0.5,0.5,0.6,0.1,4200730711560847400.0,15,0.12558072222216718,0.00000000003467084,0.00000000002368106,1,4,0.09999999999999998,0.0
clustering,heterogeneous,19,2,2,0.3,0.3,0.6,0.1,7240713591891685400.0,15,0.15765659878540977,0.00000002677193258,0.00000001581787374,1,3,0.3,0.0
clustering,heterogeneous,19,2,2,0.3,0.3,0.6,0.1,4692690466958798800.0,15,0.15766091280644384,0.00000006592928352,0.00000003458249596,1,3,0.3,0.0
clustering,heterogeneous,21,3,3,0.5,0.5,0.6,0.1,1285926408638267390.0,15,0.11781639515614932,0.0000000001274132,0.00000000009051788,1,4,0.09999999999999998,0.0
clustering,heterogeneous,21,3,3,0.5,0.5,0.6,0.1,997606725876738050.0,15,0.11748711106666855,0.00000000001363542,0.00000000000785587,1,4,0.09999999999999998,0.0
clustering,heterogeneous,21,3,3,0.5,0.5,0.6,0.1,2787618399357031400.0,15,0.10956786886594265,0.00000000006955334,0.00000000003950277,1,4,0.09999999999999998,0.0
clustering,heterogeneous,21,3,3,0.5,0.5,0.6,0.1,360045816003429380.0,15,0.10956076483372566,0.00000000148594517,0.00000000096711243,1,4,0.09999999999999998,0.0
clustering,heterogeneous,21,3,3,0.5,0.5,0.6,0.1,1831297316135118850.0,15,0.10956745991682465,0.00000000013253992,0.00000000011893785,1,4,0.09999999999999998,0.0
clustering,heterogeneous,21,3,3,0.5,0.5,0.6,0.1,256029315321952256.0,15,0.13897128128197223,0.00000000013298342,0.00000000009145289,1,4,0.09999999999999998,0.0
clustering,heterogeneous,19,2,2,0.3,0.3,0.6,0.1,4398895106259038200.0,15,0.15747410989442123,0.0000000939300172,0.00000006703763549,1,3,0.3,0.0
clustering,heterogeneous,19,2,2,0.3,0.3,0.6,0.1,4342572612484808700.0,15,0.15765296959137354,0.0000000086674044,0.00000000827030509,1,3,0.3,0.0
clustering,heterogeneous,19,2,2,0.3,0.3,0.6,0.1,8636175130330607600.0,15,0.1574864753078446,0.00000009659327267,0.00000008748779771,1,3,0.3,0.0
clustering,heterogeneous,19,2,2,0.3,0.3,0.6,0.1,109591146466576384.0,15,0.15764660991742352,0.00000002640578032,0.00000001357620729,1,3,0.3,0.0
clustering,heterogeneous,19,2,2,0.3,0.3,0.6,0.1,5702577027890589700.0,15,0.15760705406598913,0.00000002811028331,0.00000002738100603,1,3,0.3,0.0
clustering,heterogeneous,19,2,2,0.3,0.3,0.6,0.1,4286360386944651300.0,15,0.15742790137236173,0.00000008868249758,0.00000003952821926,1,3,0.3,0.0
clustering,heterogeneous,19,2,2,0.3,0.3,0.6,0.1,6905470370856337400.0,15,0.15758669036993317,0.0000000186105141,0.00000001431171824,1,3,0.3,0.0
clustering,heterogeneous,19,2,2,0.3,0.3,0.6,0.1,8803618445054126100.0,15,0.15765139173725426,0.00000000215061664,0.00000000133852807,1,3,0.3,0.0
clustering,heterogeneous,19,2,2,0.3,0.3,0.6,0.1,1841142524168585220.0,15,0.15762310267368823,0.00000000951413414,0.00000000554651578,1,3,0.3,0.0
clustering,heterogeneous,19,2,2,0.3,0.3,0.6,0.1,7043372089166577700.0,15,0.15762817883500818,0.00000000529118049,0.00000000320959339,1,3,0.3,0.0
clustering,heterogeneous,19,2,2,0.3,0.3,0.6,0.1,7128893484183252000.0,15,0.157592630813443,0.0000000553409509,0.00000003954921201,1,3,0.3,0.0
clustering,heterogeneous,19,2,2,0.3,0.3,0.6,0.1,6872698498072871900.0,15,0.1576605417865291,0.00000000908877672,0.00000000428557786,1,3,0.3,0.0
clustering,heterogeneous,19,2,2,0.3,0.3,0.6,0.1,4477927936947039200.0,15,0.15752278869192027,0.00000006460306053,0.00000005796337661,2,3,0.3,0.0
clustering,heterogeneous,19,2,2,0.3,0.3,0.6,0.1,2595646474777646100.0,15,0.15767995478745844,0.00000000515269265,0.00000000321777224,1,3,0.3,0.0
clustering,heterogeneous,19,2,2,0.3,0.3,0.6,0.1,3407647030800275500.0,15,0.15754248442917196,0.00000003044374315,0.00000001505651255,1,3,0.3,0.0
clustering,heterogeneous,19,2,2,0.3,0.3,0.6,0.1,7924300342041792500.0,15,0.15747958959199665,0.0000000502938842,0.00000002955346297,1,3,0.3,0.0
clustering,heterogeneous,19,2,2,0.3,0.3,0.6,0.1,4910962305337055200.0,15,0.157432367426935,0.00000008534990075,0.00000005798560584,1,3,0.3,0.0
clustering,heterogeneous,19,2,2,0.3,0.3,0.6,0.1,22746047218290688.0,15,0.15756743675761176,0.00000002521657037,0.00000001572044459,1,3,0.3,0.0
clustering,heterogeneous,19,2,2,0.3,0.3,0.6,0.1,115109577693645824.0,15,0.15759653993723904,0.00000002950400705,0.00000002063574751,1,3,0.3,0.0
clustering,heterogeneous,3,2,2,0.5,0.5,0.6,0.1,4692690466958798800.0,15,0.09953695632844149,0.00000000000003844,0.00000000000003592,1,3,0.09999999999999998,0.0
clustering,heterogeneous,19,2,2,0.3,0.3,0.6,0.1,2787618399357031400.0,15,0.15748973549523693,0.00000005139151386,0.00000003035785577,1,3,0.3,0.0
clustering,heterogeneous,19,2,2,0.3,0.3,0.6,0.1,256029315321952256.0,15,0.15745650313769477,0.00000008234915206,0.00000004467504016,1,3,0.3,0.0
clustering,heterogeneous,19,2,2,0.3,0.3,0.6,0.1,4200730711560847400.0,15,0.1575278059029354,0.00000009707955359,0.00000010738453106,1,3,0.3,0.0
clustering,heterogeneous,3,2,2,0.5,0.5,0.6,0.1,7139002048363152400.0,15,0.10848803281709322,0.00000000000283747,0.00000000000170497,1,3,0.09999999999999998,0.0
clustering,heterogeneous,3,2,2,0.5,0.5,0.6,0.1,7240713591891685400.0,15,0.11762456057507263,0.00000000000373795,0.00000000000281406,1,3,0.09999999999999998,0.0
clustering,heterogeneous,19,2,2,0.3,0.3,0.6,0.1,1285926408638267390.0,15,0.15760542083932494,0.00000001833464481,0.00000001120572296,1,3,0.3,0.0
clustering,heterogeneous,19,2,2,0.3,0.3,0.6,0.1,4490502852978390000.0,15,0.15755476682642572,0.00000002102144987,0.00000001421377856,1,3,0.3,0.0
clustering,heterogeneous,19,2,2,0.3,0.3,0.6,0.1,1831297316135118850.0,15,0.1575632747026247,0.00000011859104602,0.00000009217818222,1,3,0.3,0.0
clustering,heterogeneous,19,2,2,0.3,0.3,0.6,0.1,997606725876738050.0,15,0.15752395979084038,0.00000017970474046,0.00000013566314403,1,3,0.3,0.0
clustering,heterogeneous,19,2,2,0.3,0.3,0.6,0.1,360045816003429380.0,15,0.15765137324808987,0.00000000535444466,0.00000000622655862,1,3,0.3,0.0
clustering,heterogeneous,3,2,2,0.5,0.5,0.6,0.1,8636175130330607600.0,15,0.12260579156791628,0.00000000000231522,0.0000000000023686,1,3,0.09999999999999998,0.0
clustering,heterogeneous,3,2,2,0.5,0.5,0.6,0.1,6905470370856337400.0,15,0.09953613597690984,0.00000000000208637,0.00000000000235215,1,3,0.09999999999999998,0.0
clustering,heterogeneous,3,2,2,0.5,0.5,0.6,0.1,4398895106259038200.0,15,0.13644364326886368,0.00000000000416212,0.00000000000195439,1,3,0.09999999999999998,0.0
clustering,heterogeneous,3,2,2,0.5,0.5,0.6,0.1,5702577027890589700.0,15,0.1150537874115103,0.00000000002080937,0.00000000001904269,1,3,0.09999999999999998,0.0
clustering,heterogeneous,3,2,2,0.5,0.5,0.6,0.1,1841142524168585220.0,15,0.11857438919807013,0.00000000000043549,0.00000000000028245,1,3,0.09999999999999998,0.0
clustering,heterogeneous,3,2,2,0.5,0.5,0.6,0.1,8803618445054126100.0,15,0.12332095730149024,0.00000000000003383,0.00000000000002231,1,3,0.09999999999999998,0.0
clustering,heterogeneous,3,2,2,0.5,0.5,0.6,0.1,6872698498072871900.0,15,0.12674916204215017,0.00000000000129091,0.00000000000074067,1,3,0.09999999999999998,0.0
clustering,heterogeneous,3,2,2,0.5,0.5,0.6,0.1,109591146466576384.0,15,0.1257110593442171,0.0000000000006614,0.00000000000046824,1,3,0.09999999999999998,0.0
clustering,heterogeneous,3,2,2,0.5,0.5,0.6,0.1,4342572612484808700.0,15,0.11562404702399752,0.00000000000038131,0.00000000000023671,1,3,0.09999999999999998,0.0
clustering,heterogeneous,3,2,2,0.5,0.5,0.6,0.1,4477927936947039200.0,15,0.10001433604831596,0.00000000000099114,0.00000000000053286,1,3,0.09999999999999998,0.0
clustering,heterogeneous,3,2,2,0.5,0.5,0.6,0.1,3407647030800275500.0,15,0.11880655682233025,0.00000000000026129,0.00000000000017777,1,3,0.09999999999999998,0.0
clustering,heterogeneous,3,2,2,0.5,0.5,0.6,0.1,4286360386944651300.0,15,0.10161516826439111,0.00000000000818663,0.00000000000371654,1,3,0.09999999999999998,0.0
clustering,heterogeneous,3,2,2,0.5,0.5,0.6,0.1,4490502852978390000.0,15,0.1240198295537971,0.00000000004163489,0.00000000003131787,1,3,0.09999999999999998,0.0
clustering,heterogeneous,3,2,2,0.5,0.5,0.6,0.1,7128893484183252000.0,15,0.09953395207909134,0.00000000018879691,0.00000000011928072,1,3,0.09999999999999998,0.0
clustering,heterogeneous,3,2,2,0.5,0.5,0.6,0.1,7043372089166577700.0,15,0.11011517985242349,0.00000000000008213,0.00000000000004338,1,3,0.09999999999999998,0.0
clustering,heterogeneous,3,2,2,0.5,0.5,0.6,0.1,2595646474777646100.0,15,0.11936025643837143,0.00000000000001436,0.0000000000000092,1,3,0.09999999999999998,0.0
clustering,heterogeneous,3,2,2,0.5,0.5,0.6,0.1,4910962305337055200.0,15,0.1089856319367082,0.00000000000287772,0.00000000000252837,1,3,0.09999999999999998,0.0
clustering,heterogeneous,3,2,2,0.5,0.5,0.6,0.1,1285926408638267390.0,15,0.09953752581420948,0.00000000000033726,0.00000000000018225,1,3,0.09999999999999998,0.0
clustering,heterogeneous,3,2,2,0.5,0.5,0.6,0.1,115109577693645824.0,15,0.12640775840318072,0.00000000000962132,0.00000000000633456,1,3,0.09999999999999998,0.0
clustering,homogeneous,53,0,4,0.1,0.8,0.6,0.1,7139002048363152400.0,15,0.06624738602105107,0.00000850633869926,0.000003988900946,1,1,-0.20000000000000007,0.0
clustering,heterogeneous,3,2,2,0.5,0.5,0.6,0.1,1831297316135118850.0,15,0.09953389881074158,0.00000000014513649,0.00000000008640782,1,3,0.09999999999999998,0.0
clustering,heterogeneous,3,2,2,0.5,0.5,0.6,0.1,7924300342041792500.0,15,0.10411928767808971,0.00000000000933256,0.00000000000545088,1,3,0.09999999999999998,0.0
clustering,heterogeneous,3,2,2,0.5,0.5,0.6,0.1,997606725876738050.0,15,0.09953582551942579,0.00000000002763853,0.00000000002043541,1,3,0.09999999999999998,0.0
clustering,homogeneous,53,0,4,0.1,0.8,0.6,0.1,4692690466958798800.0,15,0.0641279411100646,0.00000675482632193,0.0000044802575369,1,1,-0.20000000000000007,0.0
clustering,heterogeneous,3,2,2,0.5,0.5,0.6,0.1,22746047218290688.0,15,0.1085337799870834,0.00000000000757052,0.0000000000087932,1,3,0.09999999999999998,0.0
clustering,heterogeneous,3,2,2,0.5,0.5,0.6,0.1,2787618399357031400.0,15,0.09952991662523743,0.00000000005582335,0.00000000003441235,1,3,0.09999999999999998,0.0
clustering,heterogeneous,3,2,2,0.5,0.5,0.6,0.1,256029315321952256.0,15,0.11090428496044573,0.00000000001559719,0.00000000001073384,1,3,0.09999999999999998,0.0
clustering,heterogeneous,3,2,2,0.5,0.5,0.6,0.1,4200730711560847400.0,15,0.0995362120937243,0.00000000000932896,0.00000000000489499,1,3,0.09999999999999998,0.0
clustering,homogeneous,53,0,4,0.1,0.8,0.6,0.1,4398895106259038200.0,15,0.06578448164284885,0.00001347045873898,0.0000076536351993,1,1,-0.20000000000000007,0.0
clustering,heterogeneous,3,2,2,0.5,0.5,0.6,0.1,360045816003429380.0,15,0.11861154753588361,0.00000000009864157,0.00000000006635375,1,3,0.09999999999999998,0.0
clustering,homogeneous,53,0,4,0.1,0.8,0.6,0.1,7240713591891685400.0,15,0.06617516625048148,0.00000522904585982,0.00000374453538583,1,1,-0.20000000000000007,0.0
clustering,homogeneous,53,0,4,0.1,0.8,0.6,0.1,6905470370856337400.0,15,0.0652345903838572,0.0000056672596729,0.00000293049292195,1,1,-0.20000000000000007,0.0
clustering,homogeneous,53,0,4,0.1,0.8,0.6,0.1,5702577027890589700.0,15,0.06526364351289425,0.00000543679347718,0.00000281779571963,1,1,-0.20000000000000007,0.0
clustering,homogeneous,53,0,4,0.1,0.8,0.6,0.1,1841142524168585220.0,15,0.06724264265434783,0.0000069786313653,0.00000313008321439,1,1,-0.20000000000000007,0.0
clustering,homogeneous,53,0,4,0.1,0.8,0.6,0.1,8636175130330607600.0,15,0.06549963708510843,0.00000945248124781,0.00000466329951043,1,1,-0.20000000000000007,0.0
clustering,homogeneous,53,0,4,0.1,0.8,0.6,0.1,109591146466576384.0,15,0.06597782775975766,0.00000856683418,0.00000447258759779,1,1,-0.20000000000000007,0.0
clustering,homogeneous,53,0,4,0.1,0.8,0.6,0.1,8803618445054126100.0,15,0.06607558644405881,0.00000832304037444,0.00000513341165541,1,1,-0.20000000000000007,0.0
clustering,homogeneous,53,0,4,0.1,0.8,0.6,0.1,7043372089166577700.0,15,0.06375228618677847,0.00000618189568855,0.00000300815609663,1,1,-0.20000000000000007,0.0
clustering,homogeneous,53,0,4,0.1,0.8,0.6,0.1,4342572612484808700.0,15,0.064480326269778,0.00000716196111709,0.00000385635160337,1,1,-0.20000000000000007,0.0
clustering,homogeneous,53,0,4,0.1,0.8,0.6,0.1,4286360386944651300.0,15,0.06496117452112003,0.00000740036054143,0.00000418453782735,1,1,-0.20000000000000007,0.0
clustering,homogeneous,53,0,4,0.1,0.8,0.6,0.1,7128893484183252000.0,15,0.06516057202562563,0.0000042435379305,0.00000284506606658,1,1,-0.20000000000000007,0.0
clustering,homogeneous,53,0,4,0.1,0.8,0.6,0.1,4477927936947039200.0,15,0.06645333878762263,0.00000926770731886,0.00000507985697734,1,1,-0.20000000000000007,0.0
clustering,homogeneous,53,0,4,0.1,0.8,0.6,0.1,6872698498072871900.0,15,0.06576165979229398,0.00000752050154568,0.0000057221224267,1,1,-0.20000000000000007,0.0
clustering,homogeneous,53,0,4,0.1,0.8,0.6,0.1,4490502852978390000.0,15,0.06539911916593262,0.00000716188160354,0.00000342537082803,1,1,-0.20000000000000007,0.0
clustering,homogeneous,53,0,4,0.1,0.8,0.6,0.1,2595646474777646100.0,15,0.06592237689759717,0.00000629376297259,0.00000376665775926,1,1,-0.20000000000000007,0.0
clustering,homogeneous,53,0,4,0.1,0.8,0.6,0.1,997606725876738050.0,15,0.06494060670469613,0.00000730506749082,0.00000583330770829,1,1,-0.20000000000000007,0.0
clustering,homogeneous,53,0,4,0.1,0.8,0.6,0.1,3407647030800275500.0,15,0.06483261644524091,0.00000986021086517,0.00000503165461643,1,1,-0.20000000000000007,0.0
clustering,homogeneous,53,0,4,0.1,0.8,0.6,0.1,4910962305337055200.0,15,0.06523675170980811,0.0000095872963612,0.00000500279687261,1,1,-0.20000000000000007,0.0
clustering,homogeneous,53,0,4,0.1,0.8,0.6,0.1,115109577693645824.0,15,0.06672270614169296,0.00000699444222319,0.00000413740672506,1,1,-0.20000000000000007,0.0
clustering,homogeneous,53,0,4,0.1,0.8,0.6,0.1,1831297316135118850.0,15,0.06455110716996099,0.00000571399960879,0.00000459520785849,1,1,-0.20000000000000007,0.0
clustering,homogeneous,53,0,4,0.1,0.8,0.6,0.1,22746047218290688.0,15,0.06513158093657268,0.00000506135344653,0.0000025694013529,1,1,-0.20000000000000007,0.0
clustering,homogeneous,53,0,4,0.1,0.8,0.6,0.1,1285926408638267390.0,15,0.06601992976250261,0.00000731271979948,0.00000364760134309,1,1,-0.20000000000000007,0.0
clustering,homogeneous,53,0,4,0.1,0.8,0.6,0.1,7924300342041792500.0,15,0.066267013286061,0.00000712342870374,0.00000363244814619,1,1,-0.20000000000000007,0.0
clustering,homogeneous,53,0,4,0.1,0.8,0.6,0.1,4200730711560847400.0,15,0.06458447852316683,0.00000733367450441,0.00000400210398358,1,1,-0.20000000000000007,0.0
clustering,homogeneous,53,0,4,0.1,0.8,0.6,0.1,360045816003429380.0,15,0.06547397778411515,0.00000423203277486,0.00000230446373339,1,1,-0.20000000000000007,0.0
clustering,homogeneous,53,0,4,0.1,0.8,0.6,0.1,256029315321952256.0,15,0.06530503513250775,0.00000784649837371,0.0000050673654891,1,1,-0.20000000000000007,0.0
clustering,heterogeneous,49,3,3,0.1,0.2,0.6,0.1,7139002048363152400.0,15,0.03474897646403752,0.02605945093195395,0.01854231499598709,3,4,0.39999999999999997,0.0
clustering,heterogeneous,49,3,3,0.1,0.2,0.6,0.1,4692690466958798800.0,15,0.03351738901296977,0.02883773524761439,0.02331585357974312,3,4,0.39999999999999997,0.0
clustering,heterogeneous,49,3,3,0.1,0.2,0.6,0.1,8636175130330607600.0,15,0.05550638948723591,0.02530777271092913,0.01674674984648164,4,4,0.39999999999999997,0.0
clustering,homogeneous,53,0,4,0.1,0.8,0.6,0.1,2787618399357031400.0,15,0.06539563309179174,0.00000756682044988,0.0000034554555707,1,1,-0.20000000000000007,0.0
clustering,heterogeneous,49,3,3,0.1,0.2,0.6,0.1,7240713591891685400.0,15,0.03676939301463081,0.03068986948085595,0.02408731081954592,3,4,0.39999999999999997,0.0
clustering,heterogeneous,49,3,3,0.1,0.2,0.6,0.1,8803618445054126100.0,15,0.03795735712157496,0.02974845783830156,0.02016560068147144,3,4,0.39999999999999997,0.0
clustering,heterogeneous,49,3,3,0.1,0.2,0.6,0.1,5702577027890589700.0,15,0.02723765670073794,0.03063296900927039,0.02251280603757912,3,4,0.39999999999999997,0.0
clustering,heterogeneous,49,3,3,0.1,0.2,0.6,0.1,7043372089166577700.0,15,0.04304033182204376,0.02605532232274467,0.01827633872995956,3,4,0.39999999999999997,0.0
clustering,heterogeneous,49,3,3,0.1,0.2,0.6,0.1,4286360386944651300.0,15,0.0395610990360698,0.02987978714838853,0.02556003985246396,3,4,0.39999999999999997,0.0
clustering,heterogeneous,49,3,3,0.1,0.2,0.6,0.1,6905470370856337400.0,15,0.03943548153073766,0.03094519761997154,0.02514924352127658,3,4,0.39999999999999997,0.0
clustering,heterogeneous,49,3,3,0.1,0.2,0.6,0.1,1841142524168585220.0,15,0.04293560426164375,0.02731641137328647,0.01722711951571538,4,4,0.39999999999999997,0.0
clustering,heterogeneous,49,3,3,0.1,0.2,0.6,0.1,4477927936947039200.0,15,0.04730184854767077,0.02709410292218319,0.01892609456471187,3,4,0.39999999999999997,0.0
clustering,heterogeneous,49,3,3,0.1,0.2,0.6,0.1,4398895106259038200.0,15,0.04849011542832488,0.02368767368571694,0.01525056389078195,4,4,0.39999999999999997,0.0
clustering,heterogeneous,49,3,3,0.1,0.2,0.6,0.1,6872698498072871900.0,15,0.03750541331565316,0.02454602079379943,0.01694997731067514,4,4,0.39999999999999997,0.0
clustering,heterogeneous,49,3,3,0.1,0.2,0.6,0.1,109591146466576384.0,15,0.03960740619599739,0.02978387622843738,0.02093637897560559,3,4,0.39999999999999997,0.0
clustering,heterogeneous,49,3,3,0.1,0.2,0.6,0.1,7128893484183252000.0,15,0.03250979269468304,0.0288105915766456,0.0210636054294897,3,4,0.39999999999999997,0.0
clustering,heterogeneous,49,3,3,0.1,0.2,0.6,0.1,4342572612484808700.0,15,0.03140094812160927,0.0286227863117302,0.02241724869947508,3,4,0.39999999999999997,0.0
clustering,heterogeneous,49,3,3,0.1,0.2,0.6,0.1,3407647030800275500.0,15,0.04140225011244416,0.02735889236040156,0.02239533342400691,3,4,0.39999999999999997,0.0
clustering,heterogeneous,49,3,3,0.1,0.2,0.6,0.1,4910962305337055200.0,15,0.05361279377728064,0.03193920127285654,0.03189391921803424,2,4,0.39999999999999997,0.0
clustering,heterogeneous,49,3,3,0.1,0.2,0.6,0.1,2595646474777646100.0,15,0.03969414950359736,0.02792813832978735,0.01754157041603131,4,4,0.39999999999999997,0.0
clustering,heterogeneous,49,3,3,0.1,0.2,0.6,0.1,22746047218290688.0,15,0.04107383780478936,0.02481834621285306,0.01658659878005618,4,4,0.39999999999999997,0.0
clustering,heterogeneous,49,3,3,0.1,0.2,0.6,0.1,4490502852978390000.0,15,0.03296176374037441,0.02438328075615336,0.01685435254969606,4,4,0.39999999999999997,0.0
clustering,heterogeneous,49,3,3,0.1,0.2,0.6,0.1,115109577693645824.0,15,0.03305333147575832,0.03058209858968507,0.0234725721966265,3,4,0.39999999999999997,0.0
clustering,heterogeneous,49,3,3,0.1,0.2,0.6,0.1,997606725876738050.0,15,0.03297010279151371,0.02923794012335409,0.02248961923149304,3,4,0.39999999999999997,0.0
clustering,heterogeneous,23,2,2,0.5,0.5,0.6,0.1,7139002048363152400.0,15,0.08674202231621299,0.00000000000066368,0.00000000000040635,1,3,0.09999999999999998,0.0
clustering,heterogeneous,49,3,3,0.1,0.2,0.6,0.1,256029315321952256.0,15,0.03995620563470969,0.02717205192431514,0.02077649755694163,3,4,0.39999999999999997,0.0
clustering,heterogeneous,49,3,3,0.1,0.2,0.6,0.1,7924300342041792500.0,15,0.0252985463466493,0.0276019192170583,0.01880628961238783,3,4,0.39999999999999997,0.0
clustering,heterogeneous,49,3,3,0.1,0.2,0.6,0.1,2787618399357031400.0,15,0.03418438600408696,0.02541482707320277,0.01769716136903677,3,4,0.39999999999999997,0.0
clustering,heterogeneous,49,3,3,0.1,0.2,0.6,0.1,1831297316135118850.0,15,0.02992202965734609,0.02933410519874481,0.02177390339781744,3,4,0.39999999999999997,0.0
clustering,heterogeneous,23,2,2,0.5,0.5,0.6,0.1,6905470370856337400.0,15,0.0763977898817824,0.00000000000068002,0.00000000000079037,1,3,0.09999999999999998,0.0
clustering,heterogeneous,49,3,3,0.1,0.2,0.6,0.1,360045816003429380.0,15,0.03619623690459032,0.02903947393767582,0.02370686457959764,3,4,0.39999999999999997,0.0
clustering,heterogeneous,49,3,3,0.1,0.2,0.6,0.1,1285926408638267390.0,15,0.03247761792990184,0.03024707876734003,0.02140372811402225,3,4,0.39999999999999997,0.0
clustering,heterogeneous,23,2,2,0.5,0.5,0.6,0.1,8803618445054126100.0,15,0.10481907655290955,0.00000000000000192,0.00000000000000163,1,3,0.09999999999999998,0.0
clustering,heterogeneous,23,2,2,0.5,0.5,0.6,0.1,4692690466958798800.0,15,0.07291659133517416,0.0000000000003488,0.00000000000016914,1,3,0.09999999999999998,0.0
clustering,heterogeneous,23,2,2,0.5,0.5,0.6,0.1,8636175130330607600.0,15,0.10137228286907042,0.00000000000045566,0.00000000000026052,1,3,0.09999999999999998,0.0
clustering,heterogeneous,23,2,2,0.5,0.5,0.6,0.1,7240713591891685400.0,15,0.09864923491302234,0.00000000000003675,0.00000000000002368,1,3,0.09999999999999998,0.0
clustering,heterogeneous,49,3,3,0.1,0.2,0.6,0.1,4200730711560847400.0,15,0.03118798432013891,0.02981793701137643,0.02057573851533756,3,4,0.39999999999999997,0.0
clustering,heterogeneous,23,2,2,0.5,0.5,0.6,0.1,5702577027890589700.0,15,0.08972243769029671,0.00000000000196289,0.00000000000110198,1,3,0.09999999999999998,0.0
clustering,heterogeneous,23,2,2,0.5,0.5,0.6,0.1,4342572612484808700.0,15,0.10233311951850309,0.00000000000003847,0.00000000000002478,1,3,0.09999999999999998,0.0
clustering,heterogeneous,23,2,2,0.5,0.5,0.6,0.1,7043372089166577700.0,15,0.08360625968068942,0.00000000000008229,0.00000000000005964,1,3,0.09999999999999998,0.0
clustering,heterogeneous,23,2,2,0.5,0.5,0.6,0.1,3407647030800275500.0,15,0.10346565057989211,0.00000000000056069,0.0000000000002572,1,3,0.09999999999999998,0.0
clustering,heterogeneous,23,2,2,0.5,0.5,0.6,0.1,109591146466576384.0,15,0.11378060086388829,0.00000000000009024,0.00000000000005359,1,3,0.09999999999999998,0.0
clustering,heterogeneous,23,2,2,0.5,0.5,0.6,0.1,7128893484183252000.0,15,0.07491767116718813,0.00000000000061664,0.00000000000045369,1,3,0.09999999999999998,0.0
clustering,heterogeneous,23,2,2,0.5,0.5,0.6,0.1,4477927936947039200.0,15,0.08461455838295039,0.00000000000100025,0.00000000000073873,1,3,0.09999999999999998,0.0
clustering,heterogeneous,23,2,2,0.5,0.5,0.6,0.1,1841142524168585220.0,15,0.09734203618157795,0.00000000000000637,0.00000000000000305,1,3,0.09999999999999998,0.0
clustering,heterogeneous,23,2,2,0.5,0.5,0.6,0.1,4398895106259038200.0,15,0.1366168388876423,0.00000000000039232,0.00000000000025125,1,3,0.09999999999999998,0.0
clustering,heterogeneous,23,2,2,0.5,0.5,0.6,0.1,4490502852978390000.0,15,0.09710911006442514,0.00000000000122671,0.00000000000073283,1,3,0.09999999999999998,0.0
clustering,heterogeneous,23,2,2,0.5,0.5,0.6,0.1,2595646474777646100.0,15,0.1065290907432359,0.00000000000000099,0.00000000000000086,1,3,0.09999999999999998,0.0
clustering,heterogeneous,23,2,2,0.5,0.5,0.6,0.1,6872698498072871900.0,15,0.11957782564934837,0.00000000000000412,0.00000000000000188,1,3,0.09999999999999998,0.0
clustering,heterogeneous,23,2,2,0.5,0.5,0.6,0.1,4286360386944651300.0,15,0.07573068242399365,0.00000000000026449,0.00000000000013567,1,3,0.09999999999999998,0.0
clustering,heterogeneous,23,2,2,0.5,0.5,0.6,0.1,22746047218290688.0,15,0.08087944870574036,0.0000000000007204,0.00000000000049602,1,3,0.09999999999999998,0.0
clustering,heterogeneous,23,2,2,0.5,0.5,0.6,0.1,4910962305337055200.0,15,0.08886228783820925,0.00000000000004359,0.00000000000002856,1,3,0.09999999999999998,0.0
clustering,heterogeneous,23,2,2,0.5,0.5,0.6,0.1,115109577693645824.0,15,0.0887914325145107,0.0000000000000132,0.0000000000000072,1,3,0.09999999999999998,0.0
clustering,heterogeneous,23,2,2,0.5,0.5,0.6,0.1,997606725876738050.0,15,0.07291642782985462,0.00000000000104684,0.00000000000061287,1,3,0.09999999999999998,0.0
clustering,heterogeneous,23,2,2,0.5,0.5,0.6,0.1,256029315321952256.0,15,0.09932891667294484,0.00000000000004408,0.00000000000002753,1,3,0.09999999999999998,0.0
clustering,heterogeneous,23,2,2,0.5,0.5,0.6,0.1,7924300342041792500.0,15,0.07631899160575507,0.00000000000832211,0.00000000000444359,1,3,0.09999999999999998,0.0
clustering,heterogeneous,23,2,2,0.5,0.5,0.6,0.1,4200730711560847400.0,15,0.0729167135949763,0.000000000000447,0.00000000000025549,1,3,0.09999999999999998,0.0
clustering,heterogeneous,23,2,2,0.5,0.5,0.6,0.1,1285926408638267390.0,15,0.07787660071281373,0.00000000000058656,0.00000000000046175,1,3,0.09999999999999998,0.0
clustering,homogeneous,50,0,6,0.5,0.2,0.6,0.1,7139002048363152400.0,15,0.07429882773502872,0.00000000003777813,0.00000000003285923,1,3,0.39999999999999997,0.0
clustering,heterogeneous,23,2,2,0.5,0.5,0.6,0.1,1831297316135118850.0,15,0.07291640235861337,0.00000000000063041,0.00000000000050954,1,3,0.09999999999999998,0.0
clustering,heterogeneous,23,2,2,0.5,0.5,0.6,0.1,360045816003429380.0,15,0.10341807818784017,0.00000000000026294,0.00000000000018555,1,3,0.09999999999999998,0.0
clustering,heterogeneous,23,2,2,0.5,0.5,0.6,0.1,2787618399357031400.0,15,0.07291518245128138,0.00000000000238527,0.0000000000012877,1,3,0.09999999999999998,0.0
clustering,homogeneous,50,0,6,0.5,0.2,0.6,0.1,8636175130330607600.0,15,0.0733356053716744,0.00000000001430434,0.00000000000944752,1,3,0.39999999999999997,0.0
clustering,homogeneous,50,0,6,0.5,0.2,0.6,0.1,5702577027890589700.0,15,0.07789936192609638,0.00000000000087629,0.000000000000516,1,3,0.39999999999999997,0.0
clustering,homogeneous,50,0,6,0.5,0.2,0.6,0.1,7240713591891685400.0,15,0.07541494497980478,0.00000000000245291,0.0000000000016306,1,3,0.39999999999999997,0.0
clustering,homogeneous,50,0,6,0.5,0.2,0.6,0.1,4286360386944651300.0,15,0.07599692216764962,0.00000000000029022,0.00000000000024204,1,3,0.39999999999999997,0.0
clustering,homogeneous,50,0,6,0.5,0.2,0.6,0.1,4692690466958798800.0,15,0.06742995801000173,0.00000000001176594,0.0000000000071442,1,3,0.39999999999999997,0.0
clustering,homogeneous,50,0,6,0.5,0.2,0.6,0.1,1841142524168585220.0,15,0.07129473864457656,0.00000000022806508,0.00000000019228269,1,3,0.39999999999999997,0.0
clustering,homogeneous,50,0,6,0.5,0.2,0.6,0.1,4342572612484808700.0,15,0.06720552652252165,0.00000000000879877,0.00000000000539986,1,3,0.39999999999999997,0.0
clustering,homogeneous,50,0,6,0.5,0.2,0.6,0.1,7128893484183252000.0,15,0.06689242888917495,0.00000000000441603,0.0000000000031502,1,3,0.39999999999999997,0.0
clustering,homogeneous,50,0,6,0.5,0.2,0.6,0.1,8803618445054126100.0,15,0.06539521454810086,0.00000000000631749,0.00000000000542809,1,3,0.39999999999999997,0.0
clustering,homogeneous,50,0,6,0.5,0.2,0.6,0.1,4490502852978390000.0,15,0.0816031952854245,0.00000000001517301,0.00000000000913527,1,3,0.39999999999999997,0.0
clustering,homogeneous,50,0,6,0.5,0.2,0.6,0.1,3407647030800275500.0,15,0.07355414742329379,0.00000000000149191,0.00000000000097578,1,3,0.39999999999999997,0.0
clustering,homogeneous,50,0,6,0.5,0.2,0.6,0.1,109591146466576384.0,15,0.07350381058342546,0.00000000001405489,0.00000000001027123,1,3,0.39999999999999997,0.0
clustering,homogeneous,50,0,6,0.5,0.2,0.6,0.1,4398895106259038200.0,15,0.05923322715687294,0.00000000000057382,0.0000000000004119,1,3,0.39999999999999997,0.0
clustering,homogeneous,50,0,6,0.5,0.2,0.6,0.1,6905470370856337400.0,15,0.0696993959991456,0.00000000000676639,0.00000000000577363,1,3,0.39999999999999997,0.0
clustering,homogeneous,50,0,6,0.5,0.2,0.6,0.1,7043372089166577700.0,15,0.0695780001362974,0.00000000039675923,0.00000000039175184,1,3,0.39999999999999997,0.0
clustering,homogeneous,50,0,6,0.5,0.2,0.6,0.1,6872698498072871900.0,15,0.06203282478928016,0.00000000015179037,0.00000000008619205,1,3,0.39999999999999997,0.0
clustering,homogeneous,50,0,6,0.5,0.2,0.6,0.1,4477927936947039200.0,15,0.06259955212318549,0.00000000000652614,0.00000000000423643,1,3,0.39999999999999997,0.0
clustering,homogeneous,50,0,6,0.5,0.2,0.6,0.1,4910962305337055200.0,15,0.05864399546214958,0.00000000000487679,0.00000000000314697,1,3,0.39999999999999997,0.0
clustering,heterogeneous,46,2,2,0.1,0.5,0.6,0.1,7139002048363152400.0,15,0.05862100522459213,0.00086639879003704,0.0005796834066248,2,2,0.09999999999999998,0.0
clustering,homogeneous,50,0,6,0.5,0.2,0.6,0.1,997606725876738050.0,15,0.07633553783087352,0.00000000000597261,0.0000000000035654,1,3,0.39999999999999997,0.0
clustering,homogeneous,50,0,6,0.5,0.2,0.6,0.1,22746047218290688.0,15,0.07971401619161711,0.0000000000246142,0.00000000001728981,1,3,0.39999999999999997,0.0
clustering,homogeneous,50,0,6,0.5,0.2,0.6,0.1,256029315321952256.0,15,0.08244943899716196,0.00000000003276572,0.00000000003107762,1,3,0.39999999999999997,0.0
clustering,homogeneous,50,0,6,0.5,0.2,0.6,0.1,115109577693645824.0,15,0.07344682844960052,0.0000000000452016,0.00000000003837151,1,3,0.39999999999999997,0.0
clustering,homogeneous,50,0,6,0.5,0.2,0.6,0.1,1285926408638267390.0,15,0.05917375836621804,0.00000000000590074,0.00000000000368835,1,3,0.39999999999999997,0.0
clustering,homogeneous,50,0,6,0.5,0.2,0.6,0.1,2595646474777646100.0,15,0.06597391100468125,0.00000000003227371,0.00000000002179899,1,3,0.39999999999999997,0.0
clustering,heterogeneous,46,2,2,0.1,0.5,0.6,0.1,7240713591891685400.0,15,0.06477852463405445,0.00106523106992003,0.00064389393692883,2,2,0.09999999999999998,0.0
clustering,homogeneous,50,0,6,0.5,0.2,0.6,0.1,2787618399357031400.0,15,0.06984568050456008,0.000000000004696,0.00000000000284378,1,3,0.39999999999999997,0.0
clustering,homogeneous,50,0,6,0.5,0.2,0.6,0.1,7924300342041792500.0,15,0.07309839073108665,0.00000000001251205,0.0000000000119252,1,3,0.39999999999999997,0.0
clustering,heterogeneous,46,2,2,0.1,0.5,0.6,0.1,5702577027890589700.0,15,0.06004889041725422,0.0009660839227991,0.00070214645167414,2,2,0.09999999999999998,0.0
clustering,heterogeneous,46,2,2,0.1,0.5,0.6,0.1,4692690466958798800.0,15,0.06778112642308273,0.00092852845938096,0.00047630423931164,2,2,0.09999999999999998,0.0
clustering,homogeneous,50,0,6,0.5,0.2,0.6,0.1,1831297316135118850.0,15,0.06236685079775373,0.00000000000150141,0.00000000000137155,1,3,0.39999999999999997,0.0
clustering,heterogeneous,46,2,2,0.1,0.5,0.6,0.1,8636175130330607600.0,15,0.06309818499684999,0.00087702306115298,0.00045378786931446,2,2,0.09999999999999998,0.0
clustering,heterogeneous,46,2,2,0.1,0.5,0.6,0.1,6905470370856337400.0,15,0.06124893678251317,0.00086810611411447,0.00055908048165822,2,2,0.09999999999999998,0.0
clustering,homogeneous,50,0,6,0.5,0.2,0.6,0.1,360045816003429380.0,15,0.07246244134842485,0.00000000003548743,0.00000000002659592,1,3,0.39999999999999997,0.0
clustering,homogeneous,50,0,6,0.5,0.2,0.6,0.1,4200730711560847400.0,15,0.06847075562324813,0.00000000017416997,0.00000000011701028,1,3,0.39999999999999997,0.0
clustering,heterogeneous,46,2,2,0.1,0.5,0.6,0.1,1841142524168585220.0,15,0.0760530459514763,0.00119295532142079,0.00066990600534447,2,2,0.09999999999999998,0.0
clustering,heterogeneous,46,2,2,0.1,0.5,0.6,0.1,4910962305337055200.0,15,0.05487508016442175,0.00097170912412333,0.00079165750899907,2,2,0.09999999999999998,0.0
clustering,heterogeneous,46,2,2,0.1,0.5,0.6,0.1,4398895106259038200.0,15,0.05025819435849152,0.00109285130482473,0.00085356374004267,2,2,0.09999999999999998,0.0
clustering,heterogeneous,46,2,2,0.1,0.5,0.6,0.1,109591146466576384.0,15,0.06598745360809516,0.00111516706540024,0.00050947814260363,2,2,0.09999999999999998,0.0
clustering,heterogeneous,46,2,2,0.1,0.5,0.6,0.1,4342572612484808700.0,15,0.05976940142272985,0.00098722607867079,0.00052241766474556,2,2,0.09999999999999998,0.0
clustering,heterogeneous,46,2,2,0.1,0.5,0.6,0.1,3407647030800275500.0,15,0.05626501313867149,0.00098836444125386,0.00065864426088064,2,2,0.09999999999999998,0.0
clustering,heterogeneous,46,2,2,0.1,0.5,0.6,0.1,7128893484183252000.0,15,0.06329298662733857,0.00102265702137035,0.00069250710662627,2,2,0.09999999999999998,0.0
clustering,heterogeneous,46,2,2,0.1,0.5,0.6,0.1,8803618445054126100.0,15,0.05298653339910062,0.00120782423857448,0.00099591877195476,2,2,0.09999999999999998,0.0
clustering,heterogeneous,46,2,2,0.1,0.5,0.6,0.1,4286360386944651300.0,15,0.06126857858831977,0.00092371392947743,0.00064700743241687,2,2,0.09999999999999998,0.0
clustering,heterogeneous,46,2,2,0.1,0.5,0.6,0.1,6872698498072871900.0,15,0.05661307582162989,0.0010703985232718,0.00072206523241837,2,2,0.09999999999999998,0.0
clustering,heterogeneous,46,2,2,0.1,0.5,0.6,0.1,4477927936947039200.0,15,0.06663812591384982,0.00097952987894922,0.00044606054909922,2,2,0.09999999999999998,0.0
clustering,heterogeneous,46,2,2,0.1,0.5,0.6,0.1,997606725876738050.0,15,0.05870156016950875,0.00083819960942043,0.00062116208408222,2,2,0.09999999999999998,0.0
clustering,heterogeneous,46,2,2,0.1,0.5,0.6,0.1,4490502852978390000.0,15,0.06734822992205738,0.0010073775725848,0.00058116877389943,2,2,0.09999999999999998,0.0
clustering,heterogeneous,46,2,2,0.1,0.5,0.6,0.1,7924300342041792500.0,15,0.05872682789827191,0.00113091933704481,0.00070610675511179,2,2,0.09999999999999998,0.0
clustering,heterogeneous,46,2,2,0.1,0.5,0.6,0.1,22746047218290688.0,15,0.06334423884142457,0.00090283509458773,0.00056018850812045,2,2,0.09999999999999998,0.0
clustering,heterogeneous,46,2,2,0.1,0.5,0.6,0.1,115109577693645824.0,15,0.0666275178135898,0.00116333252300395,0.00055440025572561,2,2,0.09999999999999998,0.0
clustering,heterogeneous,46,2,2,0.1,0.5,0.6,0.1,4200730711560847400.0,15,0.06433568313615332,0.00089303012220622,0.00040704856870927,2,2,0.09999999999999998,0.0
clustering,heterogeneous,46,2,2,0.1,0.5,0.6,0.1,7043372089166577700.0,15,0.05602028481998578,0.00090338464811436,0.00070074041475277,2,2,0.09999999999999998,0.0
clustering,heterogeneous,46,2,2,0.1,0.5,0.6,0.1,2595646474777646100.0,15,0.06002593317838259,0.00095590174568921,0.0005782155605595,2,2,0.09999999999999998,0.0
clustering,heterogeneous,46,2,2,0.1,0.5,0.6,0.1,1285926408638267390.0,15,0.06380070776525051,0.00097502190320433,0.00046060417972736,2,2,0.09999999999999998,0.0
clustering,heterogeneous,46,2,2,0.1,0.5,0.6,0.1,256029315321952256.0,15,0.06778364438575224,0.00092302829169044,0.00041168146929406,2,2,0.09999999999999998,0.0
clustering,heterogeneous,46,2,2,0.1,0.5,0.6,0.1,1831297316135118850.0,15,0.06382386500182788,0.00086863782581712,0.00055194507360757,2,2,0.09999999999999998,0.0
clustering,heterogeneous,46,2,2,0.1,0.5,0.6,0.1,360045816003429380.0,15,0.06167382746924863,0.00085724592380159,0.00049250744959834,2,2,0.09999999999999998,0.0
clustering,heterogeneous,42,2,2,0.5,0.6,0.6,0.1,6905470370856337400.0,15,0.14409691128711372,0.00000000000015227,0.00000000000010978,1,4,0.0,0.0
clustering,heterogeneous,46,2,2,0.1,0.5,0.6,0.1,2787618399357031400.0,15,0.06018073422116108,0.00092823019501678,0.0006927498685714,2,2,0.09999999999999998,0.0
clustering,heterogeneous,42,2,2,0.5,0.6,0.6,0.1,7240713591891685400.0,15,0.18884655435721295,0.00000000000021648,0.000000000000159,1,4,0.0,0.0
clustering,heterogeneous,42,2,2,0.5,0.6,0.6,0.1,8636175130330607600.0,15,0.1966511014021137,0.00000000000065141,0.00000000000042408,1,4,0.0,0.0
clustering,heterogeneous,42,2,2,0.5,0.6,0.6,0.1,4692690466958798800.0,15,0.14409740069076385,0.00000000000125555,0.00000000000083992,1,4,0.0,0.0
clustering,heterogeneous,42,2,2,0.5,0.6,0.6,0.1,8803618445054126100.0,15,0.1997644574688884,0.00000000000084219,0.00000000000039746,1,4,0.0,0.0
clustering,heterogeneous,42,2,2,0.5,0.6,0.6,0.1,1841142524168585220.0,15,0.17769093976519842,0.00000000000245784,0.00000000000119377,1,4,0.0,0.0
clustering,heterogeneous,42,2,2,0.5,0.6,0.6,0.1,4286360386944651300.0,15,0.17846210578093816,0.00000000000023531,0.00000000000017594,1,4,0.0,0.0
clustering,heterogeneous,42,2,2,0.5,0.6,0.6,0.1,7139002048363152400.0,15,0.16377135183070504,0.00000000000341788,0.00000000000230632,1,4,0.0,0.0
clustering,heterogeneous,42,2,2,0.5,0.6,0.6,0.1,5702577027890589700.0,15,0.19429291790162231,0.00000000000000683,0.00000000000000611,1,4,0.0,0.0
clustering,heterogeneous,42,2,2,0.5,0.6,0.6,0.1,4342572612484808700.0,15,0.15804325537839112,0.00000000000013904,0.00000000000011115,1,4,0.0,0.0
clustering,heterogeneous,42,2,2,0.5,0.6,0.6,0.1,4477927936947039200.0,15,0.15711661043401992,0.00000000001043278,0.00000000000742876,1,4,0.0,0.0
clustering,heterogeneous,42,2,2,0.5,0.6,0.6,0.1,109591146466576384.0,15,0.1797314608050247,0.00000000000095573,0.00000000000070367,1,4,0.0,0.0
clustering,heterogeneous,42,2,2,0.5,0.6,0.6,0.1,4398895106259038200.0,15,0.19907731717260346,0.00000000001593375,0.00000000000860329,1,4,0.0,0.0
clustering,heterogeneous,42,2,2,0.5,0.6,0.6,0.1,7043372089166577700.0,15,0.18791771617063877,0.00000000000014515,0.00000000000007191,1,4,0.0,0.0
clustering,heterogeneous,42,2,2,0.5,0.6,0.6,0.1,4490502852978390000.0,15,0.2123699084745318,0.00000000000643635,0.00000000000401878,1,4,0.0,0.0
clustering,heterogeneous,42,2,2,0.5,0.6,0.6,0.1,6872698498072871900.0,15,0.17342626524379995,0.00000000000246666,0.00000000000146409,1,4,0.0,0.0
clustering,heterogeneous,42,2,2,0.5,0.6,0.6,0.1,997606725876738050.0,15,0.1440970012495072,0.00000000000249563,0.0000000000012855,1,4,0.0,0.0
clustering,heterogeneous,42,2,2,0.5,0.6,0.6,0.1,3407647030800275500.0,15,0.1751057030798608,0.00000000000144865,0.00000000000074837,1,4,0.0,0.0
clustering,heterogeneous,42,2,2,0.5,0.6,0.6,0.1,7128893484183252000.0,15,0.1796252404453261,0.00000000000997609,0.00000000000734625,1,4,0.0,0.0
clustering,heterogeneous,42,2,2,0.5,0.6,0.6,0.1,22746047218290688.0,15,0.1861924648678866,0.00000000000002462,0.00000000000001465,1,4,0.0,0.0
clustering,heterogeneous,42,2,2,0.5,0.6,0.6,0.1,4910962305337055200.0,15,0.18509409194379547,0.00000000000040013,0.00000000000037362,1,4,0.0,0.0
clustering,heterogeneous,42,2,2,0.5,0.6,0.6,0.1,7924300342041792500.0,15,0.2021805653316886,0.00000000000386855,0.00000000000192673,1,4,0.0,0.0
clustering,heterogeneous,42,2,2,0.5,0.6,0.6,0.1,1831297316135118850.0,15,0.14409670774756367,0.00000000000377541,0.00000000000239645,1,4,0.0,0.0
clustering,heterogeneous,42,2,2,0.5,0.6,0.6,0.1,1285926408638267390.0,15,0.14409705609272802,0.00000000000004964,0.00000000000002967,1,4,0.0,0.0
clustering,heterogeneous,42,2,2,0.5,0.6,0.6,0.1,2595646474777646100.0,15,0.17094816005552815,0.00000000000140362,0.00000000000068785,1,4,0.0,0.0
clustering,heterogeneous,42,2,2,0.5,0.6,0.6,0.1,115109577693645824.0,15,0.19650587720730792,0.00000000002200897,0.00000000001929654,1,4,0.0,0.0
clustering,heterogeneous,42,2,2,0.5,0.6,0.6,0.1,2787618399357031400.0,15,0.14409697288297915,0.00000000000006552,0.00000000000003747,1,4,0.0,0.0
clustering,heterogeneous,42,2,2,0.2,0.5,0.6,0.1,7139002048363152400.0,15,0.1422926102632499,0.00001091204495891,0.00000691998389487,1,4,0.09999999999999998,0.0
clustering,heterogeneous,42,2,2,0.5,0.6,0.6,0.1,4200730711560847400.0,15,0.14409709372029747,0.00000000000038865,0.00000000000022831,1,4,0.0,0.0
clustering,heterogeneous,42,2,2,0.5,0.6,0.6,0.1,256029315321952256.0,15,0.16146723125012147,0.00000000000089821,0.00000000000054977,1,4,0.0,0.0
clustering,heterogeneous,42,2,2,0.2,0.5,0.6,0.1,7240713591891685400.0,15,0.16104978303279274,0.00000198363120662,0.00000134348084356,1,4,0.09999999999999998,0.0
clustering,heterogeneous,42,2,2,0.2,0.5,0.6,0.1,4398895106259038200.0,15,0.1653291189984853,0.00001422550424253,0.00000675120819245,1,4,0.09999999999999998,0.0
clustering,heterogeneous,42,2,2,0.2,0.5,0.6,0.1,5702577027890589700.0,15,0.15602668418542742,0.00000554987094087,0.00000274686827002,2,4,0.09999999999999998,0.0
clustering,heterogeneous,42,2,2,0.2,0.5,0.6,0.1,1841142524168585220.0,15,0.15515467963106533,0.00000571650491015,0.00000455389715949,2,4,0.09999999999999998,0.0
clustering,heterogeneous,42,2,2,0.2,0.5,0.6,0.1,8636175130330607600.0,15,0.1630695918307218,0.00001273649182207,0.00000734965392936,1,4,0.09999999999999998,0.0
clustering,heterogeneous,42,2,2,0.2,0.5,0.6,0.1,8803618445054126100.0,15,0.1665696984253088,0.00000295880213414,0.0000021859373314,1,4,0.09999999999999998,0.0
clustering,heterogeneous,42,2,2,0.5,0.6,0.6,0.1,360045816003429380.0,15,0.18430299374062278,0.00000000000356975,0.00000000000236212,1,4,0.0,0.0
clustering,heterogeneous,42,2,2,0.2,0.5,0.6,0.1,4342572612484808700.0,15,0.14245857127323835,0.0000056750115535,0.00000359874467136,1,4,0.09999999999999998,0.0
clustering,heterogeneous,42,2,2,0.2,0.5,0.6,0.1,7128893484183252000.0,15,0.15752873156690397,0.00000636230337173,0.00000341321045491,2,4,0.09999999999999998,0.0
clustering,heterogeneous,42,2,2,0.2,0.5,0.6,0.1,109591146466576384.0,15,0.15877029784338106,0.00000600107060722,0.00000390945825571,1,4,0.09999999999999998,0.0
clustering,heterogeneous,42,2,2,0.2,0.5,0.6,0.1,6905470370856337400.0,15,0.14216689610541225,0.00000768665022704,0.0000070215595248,1,4,0.09999999999999998,0.0
clustering,heterogeneous,42,2,2,0.2,0.5,0.6,0.1,4692690466958798800.0,15,0.14327660045504248,0.00000659145413068,0.0000045270267225,1,4,0.09999999999999998,0.0
clustering,heterogeneous,42,2,2,0.2,0.5,0.6,0.1,4286360386944651300.0,15,0.15080480340909838,0.00001028017755227,0.00000707743036953,1,4,0.09999999999999998,0.0
clustering,heterogeneous,42,2,2,0.2,0.5,0.6,0.1,7043372089166577700.0,15,0.1432310699458559,0.00000568146737055,0.00000341036212735,1,4,0.09999999999999998,0.0
clustering,heterogeneous,42,2,2,0.2,0.5,0.6,0.1,4477927936947039200.0,15,0.14914320339919251,0.00000549371744049,0.00000282912668243,1,4,0.09999999999999998,0.0
clustering,heterogeneous,42,2,2,0.2,0.5,0.6,0.1,4910962305337055200.0,15,0.14551167483318758,0.0000129961115419,0.0000092469531936,1,4,0.09999999999999998,0.0
clustering,heterogeneous,42,2,2,0.2,0.5,0.6,0.1,7924300342041792500.0,15,0.16452284493596164,0.0000202794667331,0.00001125055020437,1,4,0.09999999999999998,0.0
clustering,heterogeneous,42,2,2,0.2,0.5,0.6,0.1,6872698498072871900.0,15,0.15897366166578417,0.00000529148219623,0.00000383477400189,1,4,0.09999999999999998,0.0
clustering,heterogeneous,42,2,2,0.2,0.5,0.6,0.1,4490502852978390000.0,15,0.16595694411312353,0.00000541572679172,0.00000248700622044,1,4,0.09999999999999998,0.0
clustering,heterogeneous,42,2,2,0.2,0.5,0.6,0.1,115109577693645824.0,15,0.15277723079370137,0.00001329115487041,0.00001066047512838,2,4,0.09999999999999998,0.0
clustering,heterogeneous,42,2,2,0.2,0.5,0.6,0.1,2595646474777646100.0,15,0.14676088150635616,0.00000614207639868,0.00000273450519531,1,4,0.09999999999999998,0.0
clustering,heterogeneous,42,2,2,0.2,0.5,0.6,0.1,3407647030800275500.0,15,0.15507117760362238,0.00001021923765003,0.00000546204802346,2,4,0.09999999999999998,0.0
clustering,heterogeneous,42,2,2,0.2,0.5,0.6,0.1,997606725876738050.0,15,0.14195429722013506,0.00000753271089061,0.00000653782769528,1,4,0.09999999999999998,0.0
clustering,heterogeneous,42,2,2,0.2,0.5,0.6,0.1,2787618399357031400.0,15,0.1417710821968506,0.00000639201595095,0.00000390948538389,1,4,0.09999999999999998,0.0
clustering,heterogeneous,42,2,2,0.2,0.5,0.6,0.1,22746047218290688.0,15,0.1651117013326455,0.00001177265518423,0.0000054794250652,1,4,0.09999999999999998,0.0
clustering,heterogeneous,42,2,2,0.2,0.5,0.6,0.1,1285926408638267390.0,15,0.14847021473113858,0.00000934022755348,0.00000624134208919,1,4,0.09999999999999998,0.0
clustering,heterogeneous,42,2,2,0.2,0.5,0.6,0.1,4200730711560847400.0,15,0.14162642601167685,0.00001029966382627,0.00000699048133583,1,4,0.09999999999999998,0.0
clustering,heterogeneous,42,2,2,0.2,0.5,0.6,0.1,1831297316135118850.0,15,0.14193888269315497,0.00000598840202408,0.00000402997240962,1,4,0.09999999999999998,0.0
clustering,heterogeneous,55,2,2,0.2,0.7,0.6,0.1,7240713591891685400.0,15,0.17989081399984885,0.00000331193762175,0.00000158308985553,1,4,-0.09999999999999998,0.0
clustering,heterogeneous,55,2,2,0.2,0.7,0.6,0.1,7139002048363152400.0,15,0.1793631438419208,0.00000610408577744,0.00000370635776819,1,4,-0.09999999999999998,0.0
clustering,heterogeneous,42,2,2,0.2,0.5,0.6,0.1,256029315321952256.0,15,0.1561479593349283,0.00000831930089239,0.00000613134853912,2,4,0.09999999999999998,0.0
clustering,heterogeneous,55,2,2,0.2,0.7,0.6,0.1,6905470370856337400.0,15,0.17959830715025699,0.00000211463975294,0.00000110160411887,1,4,-0.09999999999999998,0.0
clustering,heterogeneous,42,2,2,0.2,0.5,0.6,0.1,360045816003429380.0,15,0.16223930108069837,0.00000716675362636,0.00000586909051086,1,4,0.09999999999999998,0.0
clustering,heterogeneous,55,2,2,0.2,0.7,0.6,0.1,109591146466576384.0,15,0.17924635745470124,0.00000443199247729,0.00000343217790577,1,4,-0.09999999999999998,0.0
clustering,heterogeneous,55,2,2,0.2,0.7,0.6,0.1,8636175130330607600.0,15,0.1780569169051665,0.00000931013408972,0.00000457674853527,1,4,-0.09999999999999998,0.0
clustering,heterogeneous,55,2,2,0.2,0.7,0.6,0.1,4398895106259038200.0,15,0.17840928543836176,0.00000799755673388,0.00000405063428722,1,4,-0.09999999999999998,0.0
clustering,heterogeneous,55,2,2,0.2,0.7,0.6,0.1,7043372089166577700.0,15,0.1799845434584255,0.00000187606418634,0.00000217009831385,1,4,-0.09999999999999998,0.0
clustering,heterogeneous,55,2,2,0.2,0.7,0.6,0.1,8803618445054126100.0,15,0.17952427310003022,0.00000184328516307,0.00000125597066139,1,4,-0.09999999999999998,0.0
clustering,heterogeneous,55,2,2,0.2,0.7,0.6,0.1,7128893484183252000.0,15,0.17965753153325228,0.00000280314700247,0.00000224453497595,1,4,-0.09999999999999998,0.0
clustering,heterogeneous,55,2,2,0.2,0.7,0.6,0.1,4692690466958798800.0,15,0.17997189590630844,0.00000353473810885,0.00000336785497557,1,4,-0.09999999999999998,0.0
clustering,heterogeneous,55,2,2,0.2,0.7,0.6,0.1,4286360386944651300.0,15,0.17858134285909705,0.00000735325998,0.00000389633232464,1,4,-0.09999999999999998,0.0
clustering,heterogeneous,55,2,2,0.2,0.7,0.6,0.1,5702577027890589700.0,15,0.17952344886818888,0.00000190423774242,0.00000119537752211,1,4,-0.09999999999999998,0.0
clustering,heterogeneous,55,2,2,0.2,0.7,0.6,0.1,1841142524168585220.0,15,0.17949395627041304,0.00000385997798855,0.00000246003430561,1,4,-0.09999999999999998,0.0
clustering,heterogeneous,55,2,2,0.2,0.7,0.6,0.1,4342572612484808700.0,15,0.17974568940397334,0.00000233969665781,0.00000220427466513,1,4,-0.09999999999999998,0.0
clustering,heterogeneous,55,2,2,0.2,0.7,0.6,0.1,3407647030800275500.0,15,0.17874223272843942,0.00000483912386935,0.00000269636376844,1,4,-0.09999999999999998,0.0
clustering,heterogeneous,55,2,2,0.2,0.7,0.6,0.1,4910962305337055200.0,15,0.17832287259867619,0.00000695663685385,0.00000353997696233,1,4,-0.09999999999999998,0.0
clustering,heterogeneous,55,2,2,0.2,0.7,0.6,0.1,4477927936947039200.0,15,0.1793006035691489,0.00000591589825859,0.00000600255387797,1,4,-0.09999999999999998,0.0
clustering,heterogeneous,55,2,2,0.2,0.7,0.6,0.1,6872698498072871900.0,15,0.1798147064641487,0.00000135144174953,0.00000063991266263,1,4,-0.09999999999999998,0.0
clustering,heterogeneous,55,2,2,0.2,0.7,0.6,0.1,997606725876738050.0,15,0.17888426448349806,0.00000772293426347,0.0000054203055177,1,4,-0.09999999999999998,0.0
clustering,heterogeneous,55,2,2,0.2,0.7,0.6,0.1,4490502852978390000.0,15,0.1776984703496695,0.00001010434422797,0.00000681161527275,1,4,-0.09999999999999998,0.0
clustering,heterogeneous,55,2,2,0.2,0.7,0.6,0.1,2595646474777646100.0,15,0.17988961558343208,0.00000221394936791,0.00000226341460812,1,4,-0.09999999999999998,0.0
clustering,heterogeneous,55,2,2,0.2,0.7,0.6,0.1,2787618399357031400.0,15,0.17875070320393158,0.00000474772893151,0.000003049623633,1,4,-0.09999999999999998,0.0
clustering,heterogeneous,55,2,2,0.2,0.7,0.6,0.1,22746047218290688.0,15,0.17894082606532852,0.00000535441129728,0.00000367515561224,1,4,-0.09999999999999998,0.0
clustering,heterogeneous,55,2,2,0.2,0.7,0.6,0.1,7924300342041792500.0,15,0.1781761683009884,0.00000741128013058,0.00000461181798618,1,4,-0.09999999999999998,0.0
clustering,heterogeneous,55,2,2,0.2,0.7,0.6,0.1,1285926408638267390.0,15,0.17915167481381783,0.00000464508822265,0.00000317952291126,1,4,-0.09999999999999998,0.0
clustering,heterogeneous,55,2,2,0.2,0.7,0.6,0.1,1831297316135118850.0,15,0.1794941427851842,0.00000976622950311,0.00000700737928345,1,4,-0.09999999999999998,0.0
clustering,heterogeneous,40,2,2,0.2,0.4,0.6,0.1,7240713591891685400.0,15,0.04548959969776623,0.00000064310555004,0.00000033813878953,1,3,0.19999999999999996,0.0
clustering,heterogeneous,40,2,2,0.2,0.4,0.6,0.1,4398895106259038200.0,15,0.04260370859082349,0.00000443054178203,0.00000235004132067,1,3,0.19999999999999996,0.0
clustering,heterogeneous,40,2,2,0.2,0.4,0.6,0.1,4692690466958798800.0,15,0.03383556211939104,0.00000126536694062,0.0000007547480633,1,3,0.19999999999999996,0.0
clustering,heterogeneous,40,2,2,0.2,0.4,0.6,0.1,5702577027890589700.0,15,0.0428929011743252,0.00000062763502134,0.00000027924127741,1,3,0.19999999999999996,0.0
clustering,heterogeneous,55,2,2,0.2,0.7,0.6,0.1,4200730711560847400.0,15,0.17788672230701447,0.00000996095532247,0.00000469105372453,1,4,-0.09999999999999998,0.0
clustering,heterogeneous,55,2,2,0.2,0.7,0.6,0.1,115109577693645824.0,15,0.17764185523972964,0.00001030204806091,0.00000804080726254,1,4,-0.09999999999999998,0.0
clustering,heterogeneous,40,2,2,0.2,0.4,0.6,0.1,8636175130330607600.0,15,0.04326212220789372,0.00000283341110254,0.00000214955809886,1,3,0.19999999999999996,0.0
clustering,heterogeneous,55,2,2,0.2,0.7,0.6,0.1,360045816003429380.0,15,0.1798124996546674,0.00000143424249517,0.00000099728777314,1,4,-0.09999999999999998,0.0
clustering,heterogeneous,40,2,2,0.2,0.4,0.6,0.1,8803618445054126100.0,15,0.04329453924565907,0.00000219746153176,0.00000196496192926,1,3,0.19999999999999996,0.0
clustering,heterogeneous,40,2,2,0.2,0.4,0.6,0.1,4342572612484808700.0,15,0.03687501486648359,0.00000137735822871,0.00000078093870169,1,3,0.19999999999999996,0.0
clustering,heterogeneous,55,2,2,0.2,0.7,0.6,0.1,256029315321952256.0,15,0.1790310818321092,0.00000420458787314,0.00000188364000158,1,4,-0.09999999999999998,0.0
clustering,heterogeneous,40,2,2,0.2,0.4,0.6,0.1,7139002048363152400.0,15,0.04256277565175057,0.00000155128218624,0.00000092740957035,1,3,0.19999999999999996,0.0
clustering,heterogeneous,40,2,2,0.2,0.4,0.6,0.1,7043372089166577700.0,15,0.03730482549060193,0.00000071085102283,0.00000039681616091,1,3,0.19999999999999996,0.0
clustering,heterogeneous,40,2,2,0.2,0.4,0.6,0.1,6905470370856337400.0,15,0.04177982951114798,0.00000077302792014,0.00000054367440754,2,3,0.19999999999999996,0.0
clustering,heterogeneous,40,2,2,0.2,0.4,0.6,0.1,1841142524168585220.0,15,0.04791931694752316,0.00000130611619822,0.00000108990146493,1,3,0.19999999999999996,0.0
clustering,heterogeneous,40,2,2,0.2,0.4,0.6,0.1,3407647030800275500.0,15,0.04086418870858741,0.00000230029631402,0.00000115979459023,2,3,0.19999999999999996,0.0
clustering,heterogeneous,40,2,2,0.2,0.4,0.6,0.1,109591146466576384.0,15,0.04043569582359172,0.00000185191692601,0.00000114378836968,1,3,0.19999999999999996,0.0
clustering,heterogeneous,40,2,2,0.2,0.4,0.6,0.1,6872698498072871900.0,15,0.04055367039841248,0.00000245307424104,0.00000207835966414,2,3,0.19999999999999996,0.0
clustering,heterogeneous,40,2,2,0.2,0.4,0.6,0.1,7128893484183252000.0,15,0.0402573503817284,0.00000066999416269,0.00000083503525532,1,3,0.19999999999999996,0.0
clustering,heterogeneous,40,2,2,0.2,0.4,0.6,0.1,4490502852978390000.0,15,0.04469671942290021,0.00000099314976333,0.00000068140710625,1,3,0.19999999999999996,0.0
clustering,heterogeneous,40,2,2,0.2,0.4,0.6,0.1,997606725876738050.0,15,0.03907823283492257,0.00000215598775601,0.00000217790238731,1,3,0.19999999999999996,0.0
clustering,heterogeneous,40,2,2,0.2,0.4,0.6,0.1,2595646474777646100.0,15,0.04135047923042018,0.00000104108032063,0.00000076147861121,2,3,0.19999999999999996,0.0
clustering,heterogeneous,40,2,2,0.2,0.4,0.6,0.1,4910962305337055200.0,15,0.04396257371686657,0.00000186848176799,0.00000097879527216,1,3,0.19999999999999996,0.0
clustering,heterogeneous,40,2,2,0.2,0.4,0.6,0.1,4477927936947039200.0,15,0.04283486221320837,0.0000018950016662,0.00000092668240148,1,3,0.19999999999999996,0.0
clustering,heterogeneous,40,2,2,0.2,0.4,0.6,0.1,2787618399357031400.0,15,0.04058203571513008,0.00000148467307978,0.00000090860366071,1,3,0.19999999999999996,0.0
clustering,heterogeneous,40,2,2,0.2,0.4,0.6,0.1,4286360386944651300.0,15,0.03950771401471281,0.00000131021783138,0.00000059667448849,1,3,0.19999999999999996,0.0
clustering,heterogeneous,40,2,2,0.2,0.4,0.6,0.1,7924300342041792500.0,15,0.0483286903091181,0.00000140034201936,0.00000081298785325,1,3,0.19999999999999996,0.0
clustering,heterogeneous,40,2,2,0.2,0.4,0.6,0.1,1285926408638267390.0,15,0.04284378429133714,0.00000111726549027,0.00000051284986478,1,3,0.19999999999999996,0.0
clustering,heterogeneous,40,2,2,0.2,0.4,0.6,0.1,115109577693645824.0,15,0.05595310543156579,0.00000119422848414,0.00000088484395009,1,3,0.19999999999999996,0.0
clustering,homogeneous,53,0,4,0.5,0.5,0.6,0.1,4692690466958798800.0,15,0.06400904892119978,0.00000000000012746,0.00000000000014467,1,1,0.09999999999999998,0.0
clustering,heterogeneous,40,2,2,0.2,0.4,0.6,0.1,22746047218290688.0,15,0.04443595261874914,0.00000075285270694,0.00000058090876788,1,3,0.19999999999999996,0.0
clustering,homogeneous,53,0,4,0.5,0.5,0.6,0.1,4342572612484808700.0,15,0.06552182981879295,0.00000000000050889,0.00000000000026139,1,1,0.09999999999999998,0.0
clustering,heterogeneous,40,2,2,0.2,0.4,0.6,0.1,1831297316135118850.0,15,0.03820234374838927,0.00000111584365868,0.00000139294888786,1,3,0.19999999999999996,0.0
clustering,homogeneous,53,0,4,0.5,0.5,0.6,0.1,1841142524168585220.0,15,0.07058240301788901,0.0000000000072304,0.00000000000461391,1,1,0.09999999999999998,0.0
clustering,heterogeneous,40,2,2,0.2,0.4,0.6,0.1,4200730711560847400.0,15,0.03666661504939148,0.0000015231080831,0.00000130973877257,1,3,0.19999999999999996,0.0
clustering,heterogeneous,40,2,2,0.2,0.4,0.6,0.1,360045816003429380.0,15,0.04244621576768429,0.00000059535324691,0.00000028738923504,1,3,0.19999999999999996,0.0
clustering,homogeneous,53,0,4,0.5,0.5,0.6,0.1,7139002048363152400.0,15,0.06809496873199664,0.00000000000122343,0.00000000000081391,1,1,0.09999999999999998,0.0
clustering,homogeneous,53,0,4,0.5,0.5,0.6,0.1,5702577027890589700.0,15,0.06966592961786228,0.00000000000237668,0.00000000000244346,1,1,0.09999999999999998,0.0
clustering,heterogeneous,40,2,2,0.2,0.4,0.6,0.1,256029315321952256.0,15,0.03979075546557059,0.00000161670114187,0.00000117067366207,1,3,0.19999999999999996,0.0
clustering,homogeneous,53,0,4,0.5,0.5,0.6,0.1,4398895106259038200.0,15,0.06832171451819413,0.00000000000225537,0.00000000000118303,1,1,0.09999999999999998,0.0
clustering,homogeneous,53,0,4,0.5,0.5,0.6,0.1,8803618445054126100.0,15,0.06891324794304451,0.0000000000168453,0.00000000001123114,1,1,0.09999999999999998,0.0
clustering,homogeneous,53,0,4,0.5,0.5,0.6,0.1,8636175130330607600.0,15,0.06896142610921337,0.00000000000044645,0.00000000000031566,1,1,0.09999999999999998,0.0
clustering,homogeneous,53,0,4,0.5,0.5,0.6,0.1,6905470370856337400.0,15,0.06726524075714897,0.00000000001583791,0.00000000001973356,1,1,0.09999999999999998,0.0
clustering,homogeneous,53,0,4,0.5,0.5,0.6,0.1,4490502852978390000.0,15,0.0708998830814954,0.000000000089611,0.00000000007342147,1,1,0.09999999999999998,0.0
clustering,homogeneous,53,0,4,0.5,0.5,0.6,0.1,7240713591891685400.0,15,0.06973224620621271,0.00000000004498632,0.00000000003240078,1,1,0.09999999999999998,0.0
clustering,homogeneous,53,0,4,0.5,0.5,0.6,0.1,4286360386944651300.0,15,0.06772439325148018,0.00000000000461512,0.00000000000235863,1,1,0.09999999999999998,0.0
clustering,homogeneous,53,0,4,0.5,0.5,0.6,0.1,4477927936947039200.0,15,0.06756243883323593,0.00000000000000566,0.00000000000000546,1,1,0.09999999999999998,0.0
clustering,homogeneous,53,0,4,0.5,0.5,0.6,0.1,7043372089166577700.0,15,0.0685564679424538,0.00000000000008998,0.00000000000004098,1,1,0.09999999999999998,0.0
clustering,homogeneous,53,0,4,0.5,0.5,0.6,0.1,6872698498072871900.0,15,0.0661485899436336,0.00000000006034464,0.0000000000412794,1,1,0.09999999999999998,0.0
clustering,homogeneous,53,0,4,0.5,0.5,0.6,0.1,7128893484183252000.0,15,0.07087036242404765,0.0000000005886517,0.00000000052956616,1,1,0.09999999999999998,0.0
clustering,homogeneous,53,0,4,0.5,0.5,0.6,0.1,997606725876738050.0,15,0.06664672953701477,0.00000000000000402,0.00000000000000287,1,1,0.09999999999999998,0.0
clustering,homogeneous,53,0,4,0.5,0.5,0.6,0.1,109591146466576384.0,15,0.06584114979094882,0.00000000000953185,0.00000000000587146,1,1,0.09999999999999998,0.0
clustering,homogeneous,53,0,4,0.5,0.5,0.6,0.1,22746047218290688.0,15,0.06901031809784723,0.00000000000139867,0.00000000000175265,1,1,0.09999999999999998,0.0
clustering,homogeneous,53,0,4,0.5,0.5,0.6,0.1,4910962305337055200.0,15,0.07076639549799851,0.00000000000032802,0.00000000000037522,1,1,0.09999999999999998,0.0
clustering,homogeneous,53,0,4,0.5,0.5,0.6,0.1,1285926408638267390.0,15,0.06638780447980726,0.00000000000393864,0.00000000000346671,1,1,0.09999999999999998,0.0
clustering,homogeneous,53,0,4,0.5,0.5,0.6,0.1,1831297316135118850.0,15,0.06570965639060901,0.00000000000006072,0.00000000000003159,1,1,0.09999999999999998,0.0
clustering,homogeneous,53,0,4,0.5,0.5,0.6,0.1,2595646474777646100.0,15,0.06811215758286109,0.00000000001189625,0.00000000000795306,1,1,0.09999999999999998,0.0
clustering,homogeneous,53,0,4,0.5,0.5,0.6,0.1,3407647030800275500.0,15,0.06806175844764284,0.00000000000047864,0.0000000000002161,1,1,0.09999999999999998,0.0
clustering,homogeneous,53,0,4,0.5,0.5,0.6,0.1,7924300342041792500.0,15,0.0730660846535702,0.00000000001036257,0.00000000000587696,1,1,0.09999999999999998,0.0
clustering,homogeneous,53,0,4,0.5,0.5,0.6,0.1,115109577693645824.0,15,0.07351221212949223,0.00000000003608344,0.00000000003635986,1,1,0.09999999999999998,0.0
clustering,homogeneous,53,0,4,0.5,0.5,0.6,0.1,4200730711560847400.0,15,0.0674675338201667,0.00000000000910458,0.00000000001063294,1,1,0.09999999999999998,0.0
clustering,homogeneous,53,0,4,0.5,0.5,0.6,0.1,360045816003429380.0,15,0.06963782629911666,0.00000000000805904,0.00000000000720196,1,1,0.09999999999999998,0.0
clustering,homogeneous,53,0,4,0.5,0.5,0.6,0.1,256029315321952256.0,15,0.06598067083936376,0.00000000000207822,0.00000000000185156,1,1,0.09999999999999998,0.0
clustering,homogeneous,53,0,4,0.5,0.5,0.6,0.1,2787618399357031400.0,15,0.06534423616957305,0.00000000000188964,0.00000000000132212,1,1,0.09999999999999998,0.0
bipolarization,heterogeneous,51,3,3,0.5,0.4,0.6,0.1,4490502852978390000.0,15,0.1548077178877025,0.00007183069068055,0.00004347681650759,2,4,0.19999999999999996,0.0
bipolarization,heterogeneous,51,3,3,0.5,0.4,0.6,0.1,360045816003429380.0,15,0.14322660212973234,0.00030552178208852,0.00021980885529014,2,4,0.19999999999999996,0.0
bipolarization,heterogeneous,36,2,2,0.1,0.2,0.8,0.2,7240713591891685400.0,15,0.13175510334681134,0.00054374043887398,0.0003027023323871,2,3,0.6000000000000001,0.0
bipolarization,heterogeneous,51,3,3,0.5,0.4,0.6,0.1,109591146466576384.0,15,0.14248879653540267,0.00014723322277676,0.00015263710838166,2,4,0.19999999999999996,0.0
bipolarization,heterogeneous,51,3,3,0.5,0.4,0.6,0.1,3407647030800275500.0,15,0.15285439772438894,0.00006649635979506,0.00004813233240222,2,4,0.19999999999999996,0.0
bipolarization,heterogeneous,51,3,3,0.5,0.4,0.6,0.1,4477927936947039200.0,15,0.1567557549845493,0.00001797148435766,0.00001384391895388,1,4,0.19999999999999996,0.0
bipolarization,heterogeneous,51,3,3,0.5,0.4,0.6,0.1,4910962305337055200.0,15,0.15301554281251395,0.00001999878216999,0.00001685276858765,1,4,0.19999999999999996,0.0
bipolarization,heterogeneous,51,3,3,0.5,0.4,0.6,0.1,6872698498072871900.0,15,0.16090532897026802,0.00002249786644622,0.0000207346452175,1,4,0.19999999999999996,0.0
bipolarization,heterogeneous,51,3,3,0.5,0.4,0.6,0.1,4286360386944651300.0,15,0.12876659385443381,0.00033439601891656,0.00053067550064079,2,4,0.19999999999999996,0.0
bipolarization,heterogeneous,51,3,3,0.5,0.4,0.6,0.1,5702577027890589700.0,15,0.14515426855834665,0.00007419747920905,0.00004689264923161,2,4,0.19999999999999996,0.0
bipolarization,heterogeneous,36,2,2,0.1,0.2,0.8,0.2,7139002048363152400.0,15,0.12560190554098172,0.0007025528398827,0.00040867560072349,2,3,0.6000000000000001,0.0
bipolarization,heterogeneous,51,3,3,0.5,0.4,0.6,0.1,8636175130330607600.0,15,0.15279425664630755,0.00005854407550722,0.00007312873819837,1,4,0.19999999999999996,0.0
bipolarization,heterogeneous,51,3,3,0.5,0.4,0.6,0.1,2787618399357031400.0,15,0.1426132637838158,0.0001074737368957,0.00011395338223926,2,4,0.19999999999999996,0.0
bipolarization,heterogeneous,51,3,3,0.5,0.4,0.6,0.1,1831297316135118850.0,15,0.15350200898646355,0.00004735556082037,0.00005449557114108,1,4,0.19999999999999996,0.0
bipolarization,heterogeneous,51,3,3,0.5,0.4,0.6,0.1,6905470370856337400.0,15,0.15216068828750334,0.00003621476894546,0.00005048422720469,1,4,0.19999999999999996,0.0
bipolarization,heterogeneous,51,3,3,0.5,0.4,0.6,0.1,997606725876738050.0,15,0.14551185588558427,0.00005778823014733,0.00005617830060595,2,4,0.19999999999999996,0.0
bipolarization,heterogeneous,51,3,3,0.5,0.4,0.6,0.1,8803618445054126100.0,15,0.1591125060223806,0.00001662101447441,0.00001047964342895,1,4,0.19999999999999996,0.0
bipolarization,heterogeneous,51,3,3,0.5,0.4,0.6,0.1,7139002048363152400.0,15,0.1491430890331752,0.00011758394188948,0.00007894085144117,2,4,0.19999999999999996,0.0
bipolarization,heterogeneous,51,3,3,0.5,0.4,0.6,0.1,7128893484183252000.0,15,0.14960973634688662,0.00006242122917986,0.0000970311406515,1,4,0.19999999999999996,0.0
bipolarization,heterogeneous,51,3,3,0.5,0.4,0.6,0.1,115109577693645824.0,15,0.14359053822966716,0.0000730367697244,0.00007774587352638,2,4,0.19999999999999996,0.0
bipolarization,heterogeneous,51,3,3,0.5,0.4,0.6,0.1,7043372089166577700.0,15,0.1477401732914542,0.00008578729882897,0.000072770310833,2,4,0.19999999999999996,0.0
bipolarization,heterogeneous,51,3,3,0.5,0.4,0.6,0.1,2595646474777646100.0,15,0.1567161096892301,0.00003494883473398,0.00002973643918151,1,4,0.19999999999999996,0.0
bipolarization,heterogeneous,51,3,3,0.5,0.4,0.6,0.1,4692690466958798800.0,15,0.1390333147324936,0.00013351924810794,0.00011512937590602,2,4,0.19999999999999996,0.0
bipolarization,heterogeneous,51,3,3,0.5,0.4,0.6,0.1,7924300342041792500.0,15,0.1511634770970723,0.00003987193640883,0.00003084589287712,1,4,0.19999999999999996,0.0
bipolarization,heterogeneous,51,3,3,0.5,0.4,0.6,0.1,4200730711560847400.0,15,0.13031484637652202,0.00029006744842516,0.0003663024566222,2,4,0.19999999999999996,0.0
bipolarization,heterogeneous,51,3,3,0.5,0.4,0.6,0.1,22746047218290688.0,15,0.14878589161806377,0.00009036514993689,0.00006692781359015,2,4,0.19999999999999996,0.0
bipolarization,heterogeneous,51,3,3,0.5,0.4,0.6,0.1,1841142524168585220.0,15,0.1449983142909653,0.00011727004578771,0.00009347679613005,2,4,0.19999999999999996,0.0
bipolarization,heterogeneous,51,3,3,0.5,0.4,0.6,0.1,4398895106259038200.0,15,0.16208042317510166,0.0000176402968372,0.00001691486097598,1,4,0.19999999999999996,0.0
bipolarization,heterogeneous,51,3,3,0.5,0.4,0.6,0.1,1285926408638267390.0,15,0.15116216990210357,0.00005277027608599,0.00003150193019671,1,4,0.19999999999999996,0.0
bipolarization,heterogeneous,51,3,3,0.5,0.4,0.6,0.1,7240713591891685400.0,15,0.15692553223492767,0.00002688842671769,0.00001702577272261,1,4,0.19999999999999996,0.0
bipolarization,heterogeneous,51,3,3,0.5,0.4,0.6,0.1,256029315321952256.0,15,0.15570578665015958,0.00003517559539319,0.00002905514835405,1,4,0.19999999999999996,0.0
bipolarization,heterogeneous,51,3,3,0.5,0.4,0.6,0.1,4342572612484808700.0,15,0.14420159067172408,0.00012428902493468,0.00015283071153734,2,4,0.19999999999999996,0.0
bipolarization,heterogeneous,36,2,2,0.1,0.2,0.8,0.2,4398895106259038200.0,15,0.12379601170470973,0.00085039722935104,0.00046460243360162,2,3,0.6000000000000001,0.0
bipolarization,heterogeneous,36,2,2,0.1,0.2,0.8,0.2,4692690466958798800.0,15,0.13343068016696485,0.00032611039308599,0.00023656450324908,2,3,0.6000000000000001,0.0
bipolarization,heterogeneous,36,2,2,0.1,0.2,0.8,0.2,4910962305337055200.0,15,0.10555639448303036,0.002358654787805,0.00129659405170692,2,3,0.6000000000000001,0.0
bipolarization,heterogeneous,36,2,2,0.1,0.2,0.8,0.2,7043372089166577700.0,15,0.13732788742461496,0.00037856910517892,0.00025684778437219,2,3,0.6000000000000001,0.0
bipolarization,heterogeneous,36,2,2,0.1,0.2,0.8,0.2,7924300342041792500.0,15,0.12648966601308903,0.00074904522406327,0.0003824283945404,2,3,0.6000000000000001,0.0
bipolarization,heterogeneous,36,2,2,0.1,0.2,0.8,0.2,3407647030800275500.0,15,0.12875249963120822,0.00065514838441643,0.00044595884954341,2,3,0.6000000000000001,0.0
bipolarization,heterogeneous,36,2,2,0.1,0.2,0.8,0.2,8636175130330607600.0,15,0.13125595063984702,0.00041891087786663,0.00029121146700575,2,3,0.6000000000000001,0.0
bipolarization,heterogeneous,36,2,2,0.1,0.2,0.8,0.2,22746047218290688.0,15,0.13726071448851074,0.00026098100095029,0.00017616616755409,2,3,0.6000000000000001,0.0
bipolarization,heterogeneous,36,2,2,0.1,0.2,0.8,0.2,5702577027890589700.0,15,0.1367416202346983,0.000243682201157,0.00013094732660792,2,3,0.6000000000000001,0.0
bipolarization,heterogeneous,36,2,2,0.1,0.2,0.8,0.2,115109577693645824.0,15,0.12078392353418368,0.00095214722532735,0.00067556214054166,1,3,0.6000000000000001,0.0
bipolarization,heterogeneous,36,2,2,0.1,0.2,0.8,0.2,7128893484183252000.0,15,0.12881195842823742,0.0006286386772802,0.00035442783794437,2,3,0.6000000000000001,0.0
bipolarization,heterogeneous,36,2,2,0.1,0.2,0.8,0.2,6905470370856337400.0,15,0.13268480915079756,0.00047584561013368,0.00030080241289192,1,3,0.6000000000000001,0.0
bipolarization,heterogeneous,36,2,2,0.1,0.2,0.8,0.2,1841142524168585220.0,15,0.13389079119402564,0.0003555064397828,0.00017635082324856,2,3,0.6000000000000001,0.0
bipolarization,heterogeneous,36,2,2,0.1,0.2,0.8,0.2,360045816003429380.0,15,0.13189996784980512,0.00044808843675306,0.00028190631401413,2,3,0.6000000000000001,0.0
bipolarization,heterogeneous,36,2,2,0.1,0.2,0.8,0.2,4342572612484808700.0,15,0.13218477574762605,0.00037131626680679,0.00026245226023016,1,3,0.6000000000000001,0.0
bipolarization,heterogeneous,36,2,2,0.1,0.2,0.8,0.2,6872698498072871900.0,15,0.13150265566203417,0.00058145410554524,0.00041643185666117,2,3,0.6000000000000001,0.0
bipolarization,heterogeneous,36,2,2,0.1,0.2,0.8,0.2,2787618399357031400.0,15,0.11509316026509364,0.00164967529141451,0.00079534192334095,2,3,0.6000000000000001,0.0
bipolarization,heterogeneous,36,2,2,0.1,0.2,0.8,0.2,1831297316135118850.0,15,0.1314808185212325,0.00044074309727882,0.00022297315260575,1,3,0.6000000000000001,0.0
bipolarization,heterogeneous,36,2,2,0.1,0.2,0.8,0.2,4477927936947039200.0,15,0.1297831456691347,0.00048282499427931,0.00032959666066978,2,3,0.6000000000000001,0.0
bipolarization,heterogeneous,36,2,2,0.1,0.2,0.8,0.2,1285926408638267390.0,15,0.11960825803189733,0.00201422229620591,0.00106138133733925,2,3,0.6000000000000001,0.0
bipolarization,heterogeneous,36,2,2,0.1,0.2,0.8,0.2,4490502852978390000.0,15,0.12870631087438672,0.00055118049762091,0.00031094571205404,2,3,0.6000000000000001,0.0
bipolarization,heterogeneous,36,2,2,0.1,0.2,0.8,0.2,997606725876738050.0,15,0.11457019398147361,0.00168762365917903,0.0007933824501645,2,3,0.6000000000000001,0.0
bipolarization,heterogeneous,36,2,2,0.1,0.2,0.8,0.2,8803618445054126100.0,15,0.13931856326402345,0.00022107574151013,0.00011425328580587,2,3,0.6000000000000001,0.0
bipolarization,heterogeneous,36,2,2,0.1,0.2,0.8,0.2,109591146466576384.0,15,0.13051859011915456,0.00044599578340225,0.00030395921337775,2,3,0.6000000000000001,0.0
bipolarization,heterogeneous,36,2,2,0.1,0.2,0.8,0.2,4286360386944651300.0,15,0.1339168891979048,0.0003334586040247,0.00019312220841233,1,3,0.6000000000000001,0.0
bipolarization,heterogeneous,36,2,2,0.1,0.2,0.8,0.2,2595646474777646100.0,15,0.1330494006770676,0.00038464531863325,0.00023592331916307,2,3,0.6000000000000001,0.0
bipolarization,heterogeneous,36,2,2,0.1,0.2,0.8,0.2,4200730711560847400.0,15,0.10928421138907027,0.00191529996141822,0.00101213484014363,2,3,0.6000000000000001,0.0
bipolarization,heterogeneous,36,2,2,0.1,0.2,0.8,0.2,256029315321952256.0,15,0.13142475494248573,0.00046599851189843,0.00021174937830094,2,3,0.6000000000000001,0.0
bipolarization,heterogeneous,37,3,3,0.3,0.5,0.6,0.3,8636175130330607600.0,15,0.10034234665280112,0.00000003673601698,0.00000002047995207,1,3,0.09999999999999998,0.0
bipolarization,heterogeneous,37,3,3,0.3,0.5,0.6,0.3,7139002048363152400.0,15,0.10019285727287418,0.00000039776175214,0.00000024620369179,1,3,0.09999999999999998,0.0
bipolarization,heterogeneous,37,3,3,0.3,0.5,0.6,0.3,7240713591891685400.0,15,0.10045813494698302,0.00000001573018271,0.00000000937900359,1,3,0.09999999999999998,0.0
bipolarization,heterogeneous,37,3,3,0.3,0.5,0.6,0.3,4692690466958798800.0,15,0.10049276958154409,0.00000006763272585,0.00000004208569156,1,3,0.09999999999999998,0.0
bipolarization,heterogeneous,42,2,2,0.2,0.4,0.8,0.3,4692690466958798800.0,15,0.1988275202793189,0.00002524561391866,0.00002876608035485,1,4,0.4,0.0
bipolarization,heterogeneous,37,3,3,0.3,0.5,0.6,0.3,4286360386944651300.0,15,0.100423176645619,0.00000010074009908,0.00000005815271562,1,3,0.09999999999999998,0.0
bipolarization,heterogeneous,37,3,3,0.3,0.5,0.6,0.3,4398895106259038200.0,15,0.10034551841340746,0.00000003623390738,0.00000002313450942,1,3,0.09999999999999998,0.0
bipolarization,heterogeneous,37,3,3,0.3,0.5,0.6,0.3,4342572612484808700.0,15,0.10035038176841571,0.00000011383815325,0.00000007793246839,1,3,0.09999999999999998,0.0
bipolarization,heterogeneous,37,3,3,0.3,0.5,0.6,0.3,5702577027890589700.0,15,0.10031524272230842,0.0000001084462887,0.00000007450467917,1,3,0.09999999999999998,0.0
bipolarization,heterogeneous,37,3,3,0.3,0.5,0.6,0.3,7924300342041792500.0,15,0.1002009144264089,0.00000011243285843,0.00000007659667616,1,3,0.09999999999999998,0.0
bipolarization,heterogeneous,37,3,3,0.3,0.5,0.6,0.3,1841142524168585220.0,15,0.10042546732304507,0.00000004515757184,0.00000003581091653,1,3,0.09999999999999998,0.0
bipolarization,heterogeneous,42,2,2,0.2,0.4,0.8,0.3,7139002048363152400.0,15,0.19880204588817552,0.00003529439205803,0.00002366329960216,2,4,0.4,0.0
bipolarization,heterogeneous,37,3,3,0.3,0.5,0.6,0.3,3407647030800275500.0,15,0.10047641173368066,0.00000001267152095,0.00000000700180094,1,3,0.09999999999999998,0.0
bipolarization,heterogeneous,37,3,3,0.3,0.5,0.6,0.3,6905470370856337400.0,15,0.10033151072248447,0.00000008875641552,0.00000005956801686,1,3,0.09999999999999998,0.0
bipolarization,heterogeneous,37,3,3,0.3,0.5,0.6,0.3,6872698498072871900.0,15,0.10048210662452643,0.00000000891009498,0.00000000504298232,1,3,0.09999999999999998,0.0
bipolarization,heterogeneous,37,3,3,0.3,0.5,0.6,0.3,7043372089166577700.0,15,0.10045636925739139,0.00000015162155386,0.00000009868158465,1,3,0.09999999999999998,0.0
bipolarization,heterogeneous,37,3,3,0.3,0.5,0.6,0.3,997606725876738050.0,15,0.10046918911424842,0.00000014784066614,0.00000008931766337,1,3,0.09999999999999998,0.0
bipolarization,heterogeneous,37,3,3,0.3,0.5,0.6,0.3,109591146466576384.0,15,0.10042796379028324,0.00000007379617752,0.00000007341881229,1,3,0.09999999999999998,0.0
bipolarization,heterogeneous,37,3,3,0.3,0.5,0.6,0.3,8803618445054126100.0,15,0.10043250233569789,0.00000004496470307,0.00000002702611255,1,3,0.09999999999999998,0.0
bipolarization,heterogeneous,37,3,3,0.3,0.5,0.6,0.3,7128893484183252000.0,15,0.10035145336373556,0.00000006926673267,0.00000004381637794,1,3,0.09999999999999998,0.0
bipolarization,heterogeneous,37,3,3,0.3,0.5,0.6,0.3,4490502852978390000.0,15,0.1004259318429665,0.00000037729933749,0.0000002853376371,1,3,0.09999999999999998,0.0
bipolarization,heterogeneous,37,3,3,0.3,0.5,0.6,0.3,4910962305337055200.0,15,0.10017608421371023,0.00000017852877124,0.00000010803085305,1,3,0.09999999999999998,0.0
bipolarization,heterogeneous,42,2,2,0.2,0.4,0.8,0.3,7240713591891685400.0,15,0.20391495379526167,0.0000161335525222,0.00001254573506101,2,4,0.4,0.0
bipolarization,heterogeneous,42,2,2,0.2,0.4,0.8,0.3,5702577027890589700.0,15,0.20362327259477425,0.0000270382854329,0.00002956035450728,2,4,0.4,0.0
bipolarization,heterogeneous,37,3,3,0.3,0.5,0.6,0.3,1831297316135118850.0,15,0.10017174011353135,0.00000012864446688,0.00000007714945027,1,3,0.09999999999999998,0.0
bipolarization,heterogeneous,37,3,3,0.3,0.5,0.6,0.3,115109577693645824.0,15,0.10042529688903558,0.00000001823993499,0.00000001349914831,1,3,0.09999999999999998,0.0
bipolarization,heterogeneous,42,2,2,0.2,0.4,0.8,0.3,6905470370856337400.0,15,0.20169859477507524,0.00002987648013703,0.00002802592461835,2,4,0.4,0.0
bipolarization,heterogeneous,42,2,2,0.2,0.4,0.8,0.3,8636175130330607600.0,15,0.20237743736953784,0.00003416517379064,0.00002539136721212,2,4,0.4,0.0
bipolarization,heterogeneous,37,3,3,0.3,0.5,0.6,0.3,22746047218290688.0,15,0.10040454448115453,0.00000022335886169,0.0000001345889599,1,3,0.09999999999999998,0.0
bipolarization,heterogeneous,37,3,3,0.3,0.5,0.6,0.3,4477927936947039200.0,15,0.10046141944738175,0.00000003339961599,0.00000002041527736,1,3,0.09999999999999998,0.0
bipolarization,heterogeneous,37,3,3,0.3,0.5,0.6,0.3,2595646474777646100.0,15,0.10031253735706236,0.00000010500025629,0.00000008202841066,1,3,0.09999999999999998,0.0
bipolarization,heterogeneous,37,3,3,0.3,0.5,0.6,0.3,2787618399357031400.0,15,0.10027530195988384,0.0000000746867711,0.00000005418195402,1,3,0.09999999999999998,0.0
bipolarization,heterogeneous,37,3,3,0.3,0.5,0.6,0.3,360045816003429380.0,15,0.10008666508494397,0.00000024103622696,0.00000015511122899,1,3,0.09999999999999998,0.0
bipolarization,heterogeneous,37,3,3,0.3,0.5,0.6,0.3,256029315321952256.0,15,0.10035381001855596,0.00000010838100468,0.00000006890540092,1,3,0.09999999999999998,0.0
bipolarization,heterogeneous,37,3,3,0.3,0.5,0.6,0.3,4200730711560847400.0,15,0.10039680832521154,0.00000007983226583,0.00000005552408006,1,3,0.09999999999999998,0.0
bipolarization,heterogeneous,37,3,3,0.3,0.5,0.6,0.3,1285926408638267390.0,15,0.10038102004063308,0.00000010015214481,0.00000007378604124,1,3,0.09999999999999998,0.0
bipolarization,heterogeneous,42,2,2,0.2,0.4,0.8,0.3,1841142524168585220.0,15,0.20262623790192477,0.00002188708714659,0.00001082049949232,2,4,0.4,0.0
bipolarization,heterogeneous,42,2,2,0.2,0.4,0.8,0.3,4398895106259038200.0,15,0.20018451319899266,0.00007320936038477,0.00003965131704558,2,4,0.4,0.0
bipolarization,heterogeneous,42,2,2,0.2,0.4,0.8,0.3,2595646474777646100.0,15,0.20185354384333243,0.00001952918151305,0.00001182195204845,2,4,0.4,0.0
bipolarization,heterogeneous,42,2,2,0.2,0.4,0.8,0.3,4477927936947039200.0,15,0.20235005480501225,0.00004319211140223,0.00002647768594176,2,4,0.4,0.0
bipolarization,heterogeneous,42,2,2,0.2,0.4,0.8,0.3,7043372089166577700.0,15,0.20038378868989484,0.00001571162398635,0.00001356144132051,1,4,0.4,0.0
bipolarization,heterogeneous,42,2,2,0.2,0.4,0.8,0.3,8803618445054126100.0,15,0.20166065246911366,0.00005863349067278,0.00005360032275862,2,4,0.4,0.0
bipolarization,heterogeneous,42,2,2,0.2,0.4,0.8,0.3,4286360386944651300.0,15,0.20033743885127173,0.00002057132973218,0.00001279311096015,1,4,0.4,0.0
bipolarization,heterogeneous,42,2,2,0.2,0.4,0.8,0.3,7128893484183252000.0,15,0.20283109637556695,0.00001698500501847,0.00001073178809837,2,4,0.4,0.0
bipolarization,heterogeneous,42,2,2,0.2,0.4,0.8,0.3,4490502852978390000.0,15,0.20140327887224949,0.0000153487347737,0.00000995186401291,1,4,0.4,0.0
bipolarization,heterogeneous,42,2,2,0.2,0.4,0.8,0.3,3407647030800275500.0,15,0.19863557811898824,0.00003431601806646,0.0000155656545807,1,4,0.4,0.0
bipolarization,heterogeneous,42,2,2,0.2,0.4,0.8,0.3,4910962305337055200.0,15,0.1917481634547019,0.00008661917494679,0.00005463428215403,1,4,0.4,0.0
bipolarization,heterogeneous,42,2,2,0.2,0.4,0.8,0.3,7924300342041792500.0,15,0.19831959828376997,0.00004268605540886,0.0000241668679544,1,4,0.4,0.0
bipolarization,heterogeneous,42,2,2,0.2,0.4,0.8,0.3,4200730711560847400.0,15,0.19209862738026265,0.00013952819571293,0.00013281457319317,1,4,0.4,0.0
bipolarization,heterogeneous,42,2,2,0.2,0.4,0.8,0.3,109591146466576384.0,15,0.19952389005224128,0.00003723161155165,0.00002124241267704,1,4,0.4,0.0
bipolarization,heterogeneous,42,2,2,0.2,0.4,0.8,0.3,6872698498072871900.0,15,0.2016008045415459,0.00005523173902811,0.0000379006896983,2,4,0.4,0.0
bipolarization,heterogeneous,42,2,2,0.2,0.4,0.8,0.3,4342572612484808700.0,15,0.2008531252883212,0.00005644666775551,0.000026394544219,2,4,0.4,0.0
bipolarization,heterogeneous,42,2,2,0.2,0.4,0.8,0.3,360045816003429380.0,15,0.20421573543660368,0.00002790624750021,0.00001542759622845,2,4,0.4,0.0
bipolarization,heterogeneous,42,2,2,0.2,0.4,0.8,0.3,1285926408638267390.0,15,0.20229110784957333,0.00007141223453091,0.00003501639368535,2,4,0.4,0.0
bipolarization,heterogeneous,42,2,2,0.2,0.4,0.8,0.3,115109577693645824.0,15,0.19848699783226673,0.00004273215656396,0.00003622408868125,2,4,0.4,0.0
bipolarization,heterogeneous,42,2,2,0.2,0.4,0.8,0.3,1831297316135118850.0,15,0.2014585104931805,0.00002051832532007,0.0000132570071354,1,4,0.4,0.0
bipolarization,heterogeneous,42,2,2,0.2,0.4,0.8,0.3,997606725876738050.0,15,0.19182317664228143,0.00033824808126273,0.00016467118260611,1,4,0.4,0.0
bipolarization,heterogeneous,42,2,2,0.2,0.4,0.8,0.3,22746047218290688.0,15,0.20480894831900345,0.00002776285240997,0.00002122212035704,2,4,0.4,0.0
bipolarization,heterogeneous,42,2,2,0.2,0.4,0.8,0.3,2787618399357031400.0,15,0.20196179999949646,0.00005383738743475,0.00004519259854682,2,4,0.4,0.0
bipolarization,homogeneous,26,0,5,0.2,0.2,0.4,0.3,7139002048363152400.0,15,0.0742342338424697,0.00000704700879559,0.00000521159869327,1,3,0.2,0.0
bipolarization,heterogeneous,42,2,2,0.2,0.4,0.8,0.3,256029315321952256.0,15,0.2013684466446588,0.00003021852169821,0.00001663916217873,2,4,0.4,0.0
bipolarization,homogeneous,26,0,5,0.2,0.2,0.4,0.3,7240713591891685400.0,15,0.0700410279547069,0.00000255155837205,0.00000175554394243,1,3,0.2,0.0
bipolarization,homogeneous,26,0,5,0.2,0.2,0.4,0.3,4398895106259038200.0,15,0.05746063107393741,0.00000240412418133,0.000002208903313,1,3,0.2,0.0
bipolarization,homogeneous,26,0,5,0.2,0.2,0.4,0.3,5702577027890589700.0,15,0.06636343139022198,0.00000191715581827,0.0000011296246067,1,3,0.2,0.0
bipolarization,homogeneous,26,0,5,0.2,0.2,0.4,0.3,6905470370856337400.0,15,0.06666932391422768,0.00000326609796177,0.00000183928009592,1,3,0.2,0.0
bipolarization,homogeneous,26,0,5,0.2,0.2,0.4,0.3,8636175130330607600.0,15,0.06187817330003901,0.00001298204717689,0.00000711700799213,1,3,0.2,0.0
bipolarization,homogeneous,26,0,5,0.2,0.2,0.4,0.3,4692690466958798800.0,15,0.06974360271373993,0.0000012956261781,0.00000066422564884,1,3,0.2,0.0
bipolarization,homogeneous,26,0,5,0.2,0.2,0.4,0.3,1841142524168585220.0,15,0.07332744021785362,0.00000153015243901,0.00000122860811992,1,3,0.2,0.0
bipolarization,homogeneous,26,0,5,0.2,0.2,0.4,0.3,8803618445054126100.0,15,0.0684350153987519,0.00000186735385555,0.00000219730690809,1,3,0.2,0.0
bipolarization,homogeneous,26,0,5,0.2,0.2,0.4,0.3,6872698498072871900.0,15,0.06593973131835998,0.00000773180198477,0.00000758395607987,1,3,0.2,0.0
bipolarization,homogeneous,26,0,5,0.2,0.2,0.4,0.3,109591146466576384.0,15,0.07421857909838636,0.00000586873209656,0.00000347069558998,1,3,0.2,0.0
bipolarization,homogeneous,26,0,5,0.2,0.2,0.4,0.3,4490502852978390000.0,15,0.06850036248206479,0.00000236961768399,0.00000160716996596,1,3,0.2,0.0
bipolarization,homogeneous,26,0,5,0.2,0.2,0.4,0.3,4342572612484808700.0,15,0.07116613364555877,0.00000882597018629,0.00000531634578996,1,3,0.2,0.0
bipolarization,homogeneous,26,0,5,0.2,0.2,0.4,0.3,7128893484183252000.0,15,0.06553981571317066,0.00000770874886314,0.0000050359998918,1,3,0.2,0.0
bipolarization,homogeneous,26,0,5,0.2,0.2,0.4,0.3,7043372089166577700.0,15,0.06406747270764902,0.00000166391551565,0.00000095571966308,1,3,0.2,0.0
bipolarization,homogeneous,26,0,5,0.2,0.2,0.4,0.3,4286360386944651300.0,15,0.07630140907843383,0.00000713652369763,0.00000434533100427,1,3,0.2,0.0
bipolarization,homogeneous,26,0,5,0.2,0.2,0.4,0.3,360045816003429380.0,15,0.06382795439788388,0.0000096153075264,0.00000755787396803,1,3,0.2,0.0
bipolarization,homogeneous,26,0,5,0.2,0.2,0.4,0.3,4477927936947039200.0,15,0.06317949458029566,0.0000046811269584,0.00000301676588945,1,3,0.2,0.0
bipolarization,homogeneous,26,0,5,0.2,0.2,0.4,0.3,2595646474777646100.0,15,0.0850580617176209,0.00000231266377867,0.00000217236836982,1,3,0.2,0.0
bipolarization,homogeneous,26,0,5,0.2,0.2,0.4,0.3,3407647030800275500.0,15,0.06893239978683194,0.00000337861220338,0.00000195638521762,1,3,0.2,0.0
bipolarization,homogeneous,26,0,5,0.2,0.2,0.4,0.3,4910962305337055200.0,15,0.06982722531969794,0.00000259241169713,0.00000138256012595,1,3,0.2,0.0
bipolarization,homogeneous,26,0,5,0.2,0.2,0.4,0.3,997606725876738050.0,15,0.07363832292958356,0.00000269707085714,0.0000021779523952,1,3,0.2,0.0
bipolarization,homogeneous,26,0,5,0.2,0.2,0.4,0.3,22746047218290688.0,15,0.07297234390623791,0.00000266038335347,0.00000264998050817,1,3,0.2,0.0
bipolarization,heterogeneous,49,3,3,0.2,0.2,0.7,0.2,1841142524168585220.0,15,0.04953154060502469,0.02010159801282372,0.01348286042546051,3,4,0.49999999999999994,0.0
bipolarization,homogeneous,26,0,5,0.2,0.2,0.4,0.3,115109577693645824.0,15,0.08722144280784863,0.00000262879530865,0.00000198364371526,1,3,0.2,0.0
bipolarization,homogeneous,26,0,5,0.2,0.2,0.4,0.3,1285926408638267390.0,15,0.06938937440795076,0.00000450974721384,0.00000278366106151,1,3,0.2,0.0
bipolarization,homogeneous,26,0,5,0.2,0.2,0.4,0.3,1831297316135118850.0,15,0.06547739636426224,0.00000769618175259,0.00000488838593221,1,3,0.2,0.0
bipolarization,homogeneous,26,0,5,0.2,0.2,0.4,0.3,256029315321952256.0,15,0.06055045798944851,0.00000088905549969,0.0000005783209035,1,3,0.2,0.0
bipolarization,homogeneous,26,0,5,0.2,0.2,0.4,0.3,7924300342041792500.0,15,0.06802458756116934,0.0000021707933611,0.00000140571861237,1,3,0.2,0.0
bipolarization,heterogeneous,49,3,3,0.2,0.2,0.7,0.2,4398895106259038200.0,15,0.04434554566895662,0.02040001855897518,0.01397296121970285,3,4,0.49999999999999994,0.0
bipolarization,homogeneous,26,0,5,0.2,0.2,0.4,0.3,4200730711560847400.0,15,0.07351939524817322,0.00000206275439447,0.00000190127494165,1,3,0.2,0.0
bipolarization,heterogeneous,49,3,3,0.2,0.2,0.7,0.2,8636175130330607600.0,15,0.07363225141412354,0.02073825512399462,0.01457872708625211,4,4,0.49999999999999994,0.0
bipolarization,homogeneous,26,0,5,0.2,0.2,0.4,0.3,2787618399357031400.0,15,0.06673519183328414,0.00000372680051015,0.00000212858038403,1,3,0.2,0.0
bipolarization,heterogeneous,49,3,3,0.2,0.2,0.7,0.2,4342572612484808700.0,15,0.03763584669579695,0.01944188562606254,0.01528343773140524,4,4,0.49999999999999994,0.0
bipolarization,heterogeneous,49,3,3,0.2,0.2,0.7,0.2,6905470370856337400.0,15,0.03994763645726259,0.02846616160049101,0.02447004416240429,3,4,0.49999999999999994,0.0
bipolarization,heterogeneous,49,3,3,0.2,0.2,0.7,0.2,7240713591891685400.0,15,0.05277721339981897,0.01723239599615548,0.01426091221006137,4,4,0.49999999999999994,0.0
bipolarization,heterogeneous,49,3,3,0.2,0.2,0.7,0.2,7139002048363152400.0,15,0.02575603945071632,0.02193907924390357,0.01491442192495645,4,4,0.49999999999999994,0.0
bipolarization,heterogeneous,49,3,3,0.2,0.2,0.7,0.2,4692690466958798800.0,15,0.04372470818687169,0.01692420215619757,0.01370779298322279,3,4,0.49999999999999994,0.0
bipolarization,heterogeneous,49,3,3,0.2,0.2,0.7,0.2,5702577027890589700.0,15,0.05181285757196825,0.01448438531308913,0.01019620213978312,4,4,0.49999999999999994,0.0
bipolarization,heterogeneous,49,3,3,0.2,0.2,0.7,0.2,8803618445054126100.0,15,0.03837648477062908,0.02047114683870451,0.01386341451131032,3,4,0.49999999999999994,0.0
bipolarization,heterogeneous,49,3,3,0.2,0.2,0.7,0.2,7043372089166577700.0,15,0.07277849447222379,0.00953684578464423,0.00542318428627391,4,4,0.49999999999999994,0.0
bipolarization,heterogeneous,49,3,3,0.2,0.2,0.7,0.2,109591146466576384.0,15,0.05597402456975609,0.03284553549415486,0.02562935685235382,3,4,0.49999999999999994,0.0
bipolarization,heterogeneous,49,3,3,0.2,0.2,0.7,0.2,7128893484183252000.0,15,0.05115463904182552,0.02342570705572795,0.01749210967353214,3,4,0.49999999999999994,0.0
bipolarization,heterogeneous,49,3,3,0.2,0.2,0.7,0.2,4286360386944651300.0,15,0.03384671644809156,0.02442869335427259,0.02056464137466109,4,4,0.49999999999999994,0.0
bipolarization,heterogeneous,49,3,3,0.2,0.2,0.7,0.2,4477927936947039200.0,15,0.06111755369525537,0.02177178800648329,0.01757287973290121,2,4,0.49999999999999994,0.0
bipolarization,heterogeneous,49,3,3,0.2,0.2,0.7,0.2,4490502852978390000.0,15,0.06910556153976852,0.01537613426304752,0.0180534227585809,3,4,0.49999999999999994,0.0
bipolarization,heterogeneous,49,3,3,0.2,0.2,0.7,0.2,6872698498072871900.0,15,0.04692116581191105,0.02249203850173126,0.01812379802318237,3,4,0.49999999999999994,0.0
bipolarization,heterogeneous,49,3,3,0.2,0.2,0.7,0.2,3407647030800275500.0,15,0.03904397176912767,0.02307718799273198,0.02130764388068031,4,4,0.49999999999999994,0.0
bipolarization,heterogeneous,49,3,3,0.2,0.2,0.7,0.2,115109577693645824.0,15,0.0283385294333975,0.02063758615937293,0.01550860229543966,4,4,0.49999999999999994,0.0
bipolarization,heterogeneous,49,3,3,0.2,0.2,0.7,0.2,997606725876738050.0,15,0.04117584088349033,0.02365956099316356,0.01841872999396941,4,4,0.49999999999999994,0.0
bipolarization,heterogeneous,49,3,3,0.2,0.2,0.7,0.2,1285926408638267390.0,15,0.03456163339384968,0.01950521664003126,0.01208000034272418,5,4,0.49999999999999994,0.0
bipolarization,heterogeneous,49,3,3,0.2,0.2,0.7,0.2,1831297316135118850.0,15,0.03326445103762038,0.02704327686672102,0.02091445983887073,3,4,0.49999999999999994,0.0
bipolarization,heterogeneous,49,3,3,0.2,0.2,0.7,0.2,4910962305337055200.0,15,0.0368341912850686,0.02811963592175484,0.02146798365618988,3,4,0.49999999999999994,0.0
bipolarization,heterogeneous,49,3,3,0.2,0.2,0.7,0.2,2595646474777646100.0,15,0.04033924470825841,0.02986016115399099,0.021957895089398,4,4,0.49999999999999994,0.0
bipolarization,heterogeneous,49,3,3,0.2,0.2,0.7,0.2,2787618399357031400.0,15,0.04214773123482451,0.0132793563250462,0.00883474091232889,3,4,0.49999999999999994,0.0
bipolarization,heterogeneous,49,3,3,0.2,0.2,0.7,0.2,22746047218290688.0,15,0.05332911696580186,0.01916588379422562,0.01471153402991888,3,4,0.49999999999999994,0.0
bipolarization,heterogeneous,49,3,3,0.2,0.2,0.7,0.2,360045816003429380.0,15,0.03064797597479569,0.02734517712656241,0.02130240803287114,3,4,0.49999999999999994,0.0
bipolarization,heterogeneous,49,3,3,0.2,0.3,0.5,0.1,7139002048363152400.0,15,0.21678702739863065,0.13717939061688536,0.1345037639338496,4,4,0.2,0.3333333333333333
bipolarization,heterogeneous,49,3,3,0.2,0.2,0.7,0.2,7924300342041792500.0,15,0.09666941001810209,0.00861222592080552,0.00676313831095945,3,4,0.49999999999999994,0.0
bipolarization,heterogeneous,49,3,3,0.2,0.3,0.5,0.1,4692690466958798800.0,15,0.20033467850665312,0.11161368035662493,0.11015865128917196,4,4,0.2,0.3333333333333333
bipolarization,heterogeneous,49,3,3,0.2,0.2,0.7,0.2,4200730711560847400.0,15,0.03818307577492414,0.02733422257299244,0.0187839504901633,4,4,0.49999999999999994,0.0
bipolarization,heterogeneous,49,3,3,0.2,0.2,0.7,0.2,256029315321952256.0,15,0.0466885533852535,0.02435846722456724,0.01974997923282402,3,4,0.49999999999999994,0.0
bipolarization,heterogeneous,49,3,3,0.2,0.3,0.5,0.1,5702577027890589700.0,15,0.1696243768360414,0.101288063719245,0.09640110207640255,4,4,0.2,0.3333333333333333
bipolarization,heterogeneous,49,3,3,0.2,0.3,0.5,0.1,1841142524168585220.0,15,0.18728643681823506,0.1253229510793745,0.10807158645360583,4,4,0.2,0.3333333333333333
bipolarization,heterogeneous,49,3,3,0.2,0.3,0.5,0.1,7240713591891685400.0,15,0.14262096417914047,0.08711213565811786,0.09324465490072958,3,4,0.2,0.3333333333333333
bipolarization,heterogeneous,49,3,3,0.2,0.3,0.5,0.1,8636175130330607600.0,15,0.2091881741181969,0.13460991417829826,0.12187613608111464,4,4,0.2,0.3333333333333333
bipolarization,heterogeneous,49,3,3,0.2,0.3,0.5,0.1,6905470370856337400.0,15,0.20967110460309782,0.09981532119027305,0.13933517023756148,4,4,0.2,0.16666666666666666
bipolarization,heterogeneous,49,3,3,0.2,0.3,0.5,0.1,8803618445054126100.0,15,0.18041595944482955,0.12503088165309198,0.08392030903014654,5,4,0.2,0.5
bipolarization,heterogeneous,49,3,3,0.2,0.3,0.5,0.1,109591146466576384.0,15,0.22347843511960278,0.1409258918525764,0.13417970087464176,3,4,0.2,0.3333333333333333
bipolarization,heterogeneous,49,3,3,0.2,0.3,0.5,0.1,4398895106259038200.0,15,0.11545668141633036,0.09682066585188669,0.07115375939737714,5,4,0.2,0.16666666666666666
bipolarization,heterogeneous,49,3,3,0.2,0.3,0.5,0.1,4342572612484808700.0,15,0.15410222119147485,0.11172196068855446,0.09163807673396805,5,4,0.2,0.5
bipolarization,heterogeneous,49,3,3,0.2,0.3,0.5,0.1,7043372089166577700.0,15,0.12310789936916129,0.07038500271808913,0.08738387206284078,3,4,0.2,0.16666666666666666
bipolarization,heterogeneous,49,3,3,0.2,0.3,0.5,0.1,4477927936947039200.0,15,0.22447320902567813,0.1436789280208782,0.12960638827555523,4,4,0.2,0.5
bipolarization,heterogeneous,49,3,3,0.2,0.3,0.5,0.1,7128893484183252000.0,15,0.2146151250908723,0.13630757871283716,0.13341641158192613,3,4,0.2,0.3333333333333333
bipolarization,heterogeneous,49,3,3,0.2,0.3,0.5,0.1,4286360386944651300.0,15,0.2220698595536563,0.14082011088640298,0.12904948040034298,4,4,0.2,0.16666666666666666
bipolarization,heterogeneous,49,3,3,0.2,0.3,0.5,0.1,3407647030800275500.0,15,0.13205481546283318,0.09853162530557007,0.09528822836684538,4,4,0.2,0.16666666666666666
bipolarization,heterogeneous,49,3,3,0.2,0.3,0.5,0.1,4490502852978390000.0,15,0.15181077211249183,0.07773294303567119,0.10450627684819679,3,4,0.2,0.3333333333333333
bipolarization,heterogeneous,49,3,3,0.2,0.3,0.5,0.1,22746047218290688.0,15,0.13993148225323362,0.08233019993954377,0.09923013043153364,4,4,0.2,0.16666666666666666
bipolarization,heterogeneous,49,3,3,0.2,0.3,0.5,0.1,1831297316135118850.0,15,0.12878273468198284,0.06176513446762579,0.0845749641416501,3,4,0.2,0.3333333333333333
bipolarization,heterogeneous,49,3,3,0.2,0.3,0.5,0.1,6872698498072871900.0,15,0.13800449961878175,0.09018108921621726,0.0896358178503152,5,4,0.2,0.16666666666666666
bipolarization,heterogeneous,49,3,3,0.2,0.3,0.5,0.1,997606725876738050.0,15,0.2021770648979474,0.13224092705236576,0.11483749907094508,4,4,0.2,0.16666666666666666
bipolarization,heterogeneous,49,3,3,0.2,0.3,0.5,0.1,256029315321952256.0,15,0.22454810505942513,0.10223653073087269,0.1416317897263318,3,4,0.2,0.3333333333333333
bipolarization,heterogeneous,49,3,3,0.2,0.3,0.5,0.1,4910962305337055200.0,15,0.22555574454042757,0.14225321498605012,0.13389147552672795,3,4,0.2,0.3333333333333333
bipolarization,heterogeneous,49,3,3,0.2,0.3,0.5,0.1,2595646474777646100.0,15,0.14330409656168586,0.1018963922643107,0.0667653417858775,5,4,0.2,0.3333333333333333
bipolarization,heterogeneous,49,3,3,0.2,0.3,0.5,0.1,2787618399357031400.0,15,0.20891357808519076,0.13900733660932207,0.1124796688021145,4,4,0.2,0.16666666666666666
bipolarization,heterogeneous,49,3,3,0.2,0.3,0.5,0.1,1285926408638267390.0,15,0.20196293866392698,0.133490883549744,0.10968224384291844,4,4,0.2,0.3333333333333333
bipolarization,heterogeneous,49,3,3,0.2,0.3,0.5,0.1,7924300342041792500.0,15,0.16648281933801715,0.09355862677872316,0.08900140257942148,4,4,0.2,0.3333333333333333
bipolarization,heterogeneous,49,3,3,0.2,0.3,0.5,0.1,4200730711560847400.0,15,0.11481491852449344,0.02344714929618125,0.02531331579640849,3,4,0.2,0.16666666666666666
bipolarization,heterogeneous,49,3,3,0.2,0.3,0.5,0.1,115109577693645824.0,15,0.22814456813974807,0.1445750856466307,0.1373112204133949,3,4,0.2,0.3333333333333333
bipolarization,homogeneous,22,0,6,0.1,0.3,0.8,0.2,7240713591891685400.0,15,0.04527360950326126,0.00064075913953343,0.00066825478745605,2,3,0.5,0.0
bipolarization,homogeneous,22,0,6,0.1,0.3,0.8,0.2,4692690466958798800.0,15,0.04452992890322689,0.0006411305297276,0.00086034469479974,2,3,0.5,0.0
bipolarization,heterogeneous,49,3,3,0.2,0.3,0.5,0.1,360045816003429380.0,15,0.18356011379994963,0.12169359129958873,0.11537675388875081,4,4,0.2,0.16666666666666666
bipolarization,homogeneous,22,0,6,0.1,0.3,0.8,0.2,5702577027890589700.0,15,0.04786834339221577,0.00071653390062449,0.00063949038828947,2,3,0.5,0.0
bipolarization,homogeneous,22,0,6,0.1,0.3,0.8,0.2,7139002048363152400.0,15,0.04386797435834952,0.00064740006871731,0.00068604432463396,2,3,0.5,0.0
bipolarization,homogeneous,22,0,6,0.1,0.3,0.8,0.2,4342572612484808700.0,15,0.04541961809181497,0.00071073202957462,0.00071504365613578,2,3,0.5,0.0
bipolarization,homogeneous,22,0,6,0.1,0.3,0.8,0.2,4398895106259038200.0,15,0.04333997196321829,0.00062883020737983,0.00058828081038655,2,3,0.5,0.0
bipolarization,homogeneous,22,0,6,0.1,0.3,0.8,0.2,8803618445054126100.0,15,0.04631671909638094,0.00063317232413258,0.00065698445859614,2,3,0.5,0.0
bipolarization,homogeneous,22,0,6,0.1,0.3,0.8,0.2,8636175130330607600.0,15,0.04687749002781444,0.00064891715954941,0.00053817902179747,2,3,0.5,0.0
bipolarization,homogeneous,22,0,6,0.1,0.3,0.8,0.2,6905470370856337400.0,15,0.04397267405638835,0.00071460066930113,0.00083871644707363,2,3,0.5,0.0
bipolarization,homogeneous,22,0,6,0.1,0.3,0.8,0.2,109591146466576384.0,15,0.04740936955508035,0.0006818649107639,0.00054088456785619,2,3,0.5,0.0
bipolarization,homogeneous,22,0,6,0.1,0.3,0.8,0.2,1841142524168585220.0,15,0.04344488810708855,0.00064850341683597,0.00061602853242141,2,3,0.5,0.0
bipolarization,homogeneous,22,0,6,0.1,0.3,0.8,0.2,4477927936947039200.0,15,0.04534085548243966,0.00057106734414281,0.00043030541859324,2,3,0.5,0.0
bipolarization,homogeneous,22,0,6,0.1,0.3,0.8,0.2,7043372089166577700.0,15,0.04750236616192891,0.0005725737740048,0.00042811234467347,2,3,0.5,0.0
bipolarization,homogeneous,22,0,6,0.1,0.3,0.8,0.2,7128893484183252000.0,15,0.04416670407007823,0.00075644579606969,0.00080531509983527,2,3,0.5,0.0
bipolarization,homogeneous,22,0,6,0.1,0.3,0.8,0.2,4286360386944651300.0,15,0.04996912915591994,0.00058856636506201,0.00051233098524717,2,3,0.5,0.0
bipolarization,homogeneous,22,0,6,0.1,0.3,0.8,0.2,4490502852978390000.0,15,0.04235299616377238,0.00075497460762876,0.00079544536210605,2,3,0.5,0.0
bipolarization,homogeneous,22,0,6,0.1,0.3,0.8,0.2,4910962305337055200.0,15,0.0443326127417773,0.00078289665567959,0.00072520424080563,2,3,0.5,0.0
bipolarization,homogeneous,22,0,6,0.1,0.3,0.8,0.2,3407647030800275500.0,15,0.04668781608427003,0.00064880415629236,0.00062492704769335,2,3,0.5,0.0
bipolarization,homogeneous,22,0,6,0.1,0.3,0.8,0.2,6872698498072871900.0,15,0.04920607867280322,0.00055306770092438,0.00073993628597302,2,3,0.5,0.0
bipolarization,homogeneous,22,0,6,0.1,0.3,0.8,0.2,2595646474777646100.0,15,0.04252837001146645,0.00063693168326156,0.00077981692934852,2,3,0.5,0.0
bipolarization,homogeneous,11,0,5,0.2,0.3,0.4,0.1,8636175130330607600.0,15,0.06809822631396402,0.00001369211369646,0.0000081681118892,1,3,0.10000000000000003,0.0
bipolarization,homogeneous,11,0,5,0.2,0.3,0.4,0.1,7139002048363152400.0,15,0.07508770602994193,0.00001594634930454,0.00001971711532126,1,3,0.10000000000000003,0.0
bipolarization,homogeneous,22,0,6,0.1,0.3,0.8,0.2,22746047218290688.0,15,0.04796370553706173,0.00072872617580287,0.00063699232776247,2,3,0.5,0.0
bipolarization,homogeneous,22,0,6,0.1,0.3,0.8,0.2,115109577693645824.0,15,0.05046748735244536,0.00061295578976277,0.00067907968308419,2,3,0.5,0.0
bipolarization,homogeneous,22,0,6,0.1,0.3,0.8,0.2,1285926408638267390.0,15,0.04575157436580143,0.00052968203879993,0.00054719528891035,2,3,0.5,0.0
bipolarization,homogeneous,22,0,6,0.1,0.3,0.8,0.2,256029315321952256.0,15,0.04533569172234828,0.00075320782588666,0.00087943428118352,2,3,0.5,0.0
bipolarization,homogeneous,22,0,6,0.1,0.3,0.8,0.2,1831297316135118850.0,15,0.04011676825238252,0.0007770913601208,0.00085813778037282,2,3,0.5,0.0
bipolarization,homogeneous,22,0,6,0.1,0.3,0.8,0.2,7924300342041792500.0,15,0.05049423959449691,0.00062339619504849,0.00060924552475293,2,3,0.5,0.0
bipolarization,homogeneous,22,0,6,0.1,0.3,0.8,0.2,997606725876738050.0,15,0.04654254465678982,0.00073318202997242,0.00066343001679673,2,3,0.5,0.0
bipolarization,homogeneous,11,0,5,0.2,0.3,0.4,0.1,4692690466958798800.0,15,0.08016512972879225,0.00002400659267957,0.00001387873278823,1,3,0.10000000000000003,0.0
bipolarization,homogeneous,22,0,6,0.1,0.3,0.8,0.2,360045816003429380.0,15,0.04499845853372769,0.00081032899750932,0.00069702403237451,2,3,0.5,0.0
bipolarization,homogeneous,11,0,5,0.2,0.3,0.4,0.1,7240713591891685400.0,15,0.06817584969393213,0.00002143166473055,0.00001512252848938,1,3,0.10000000000000003,0.0
bipolarization,homogeneous,22,0,6,0.1,0.3,0.8,0.2,4200730711560847400.0,15,0.04002232919862642,0.00068726320068074,0.00059927256701538,2,3,0.5,0.0
bipolarization,homogeneous,22,0,6,0.1,0.3,0.8,0.2,2787618399357031400.0,15,0.04688954979920316,0.00059817566622012,0.00077873705536644,2,3,0.5,0.0
bipolarization,homogeneous,11,0,5,0.2,0.3,0.4,0.1,4477927936947039200.0,15,0.07165308085939268,0.00001604086172476,0.00000908840972952,1,3,0.10000000000000003,0.0
bipolarization,homogeneous,11,0,5,0.2,0.3,0.4,0.1,4342572612484808700.0,15,0.06906791765972466,0.00001917773194006,0.00001536185943443,1,3,0.10000000000000003,0.0
bipolarization,homogeneous,11,0,5,0.2,0.3,0.4,0.1,7043372089166577700.0,15,0.06255815193469641,0.00002268313625344,0.00001476182635347,1,3,0.10000000000000003,0.0
bipolarization,homogeneous,11,0,5,0.2,0.3,0.4,0.1,7128893484183252000.0,15,0.06968979627928747,0.00002356734063067,0.00001474321815043,1,3,0.10000000000000003,0.0
bipolarization,homogeneous,11,0,5,0.2,0.3,0.4,0.1,4398895106259038200.0,15,0.06737301148829189,0.00001172455220483,0.00000902778614799,1,3,0.10000000000000003,0.0
bipolarization,homogeneous,11,0,5,0.2,0.3,0.4,0.1,6905470370856337400.0,15,0.07494726479755,0.00001082139259057,0.00000659176519147,1,3,0.10000000000000003,0.0
bipolarization,homogeneous,11,0,5,0.2,0.3,0.4,0.1,109591146466576384.0,15,0.06667094675502332,0.00001616635539287,0.00001099655352003,1,3,0.10000000000000003,0.0
bipolarization,homogeneous,11,0,5,0.2,0.3,0.4,0.1,1841142524168585220.0,15,0.06897068486831934,0.00003977025862489,0.00002527838081558,1,3,0.10000000000000003,0.0
bipolarization,homogeneous,11,0,5,0.2,0.3,0.4,0.1,5702577027890589700.0,15,0.06903312649801882,0.00002169899177369,0.00001686674545351,1,3,0.10000000000000003,0.0
bipolarization,homogeneous,11,0,5,0.2,0.3,0.4,0.1,8803618445054126100.0,15,0.06493019286707327,0.00004156759120626,0.00002720238797991,1,3,0.10000000000000003,0.0
bipolarization,homogeneous,11,0,5,0.2,0.3,0.4,0.1,4490502852978390000.0,15,0.0632970150939989,0.00003427147572054,0.00002842155322612,1,3,0.10000000000000003,0.0
bipolarization,homogeneous,11,0,5,0.2,0.3,0.4,0.1,4286360386944651300.0,15,0.0754837656723518,0.0000164340369076,0.00000907424761368,1,3,0.10000000000000003,0.0
bipolarization,homogeneous,11,0,5,0.2,0.3,0.4,0.1,6872698498072871900.0,15,0.06688904765501444,0.00001163740953644,0.00000585304132256,1,3,0.10000000000000003,0.0
bipolarization,homogeneous,11,0,5,0.2,0.3,0.4,0.1,3407647030800275500.0,15,0.07194678702091634,0.00001705382848732,0.00000994653947718,1,3,0.10000000000000003,0.0
bipolarization,homogeneous,11,0,5,0.2,0.3,0.4,0.1,997606725876738050.0,15,0.07242684182923874,0.00002308093215184,0.000012051892984,1,3,0.10000000000000003,0.0
bipolarization,homogeneous,11,0,5,0.2,0.3,0.4,0.1,4910962305337055200.0,15,0.07366212836237782,0.00000952903472264,0.00000571098998174,1,3,0.10000000000000003,0.0
bipolarization,homogeneous,53,0,4,0.1,0.5,0.6,0.1,4692690466958798800.0,15,0.07295072401444672,0.00004447396760642,0.0000242953515958,1,1,0.09999999999999998,0.0
bipolarization,homogeneous,11,0,5,0.2,0.3,0.4,0.1,115109577693645824.0,15,0.06672532950471442,0.00001443796282263,0.00000951205613446,1,3,0.10000000000000003,0.0
bipolarization,homogeneous,11,0,5,0.2,0.3,0.4,0.1,22746047218290688.0,15,0.07414400287489285,0.00002114960630426,0.00001366156075104,1,3,0.10000000000000003,0.0
bipolarization,homogeneous,11,0,5,0.2,0.3,0.4,0.1,2595646474777646100.0,15,0.07768589570315948,0.00001297068049212,0.00000671372040919,1,3,0.10000000000000003,0.0
bipolarization,homogeneous,53,0,4,0.1,0.5,0.6,0.1,7139002048363152400.0,15,0.07211334028213873,0.00004793053917429,0.0000347098002945,1,1,0.09999999999999998,0.0
bipolarization,homogeneous,53,0,4,0.1,0.5,0.6,0.1,7240713591891685400.0,15,0.07284686855375813,0.0000403256826543,0.00003024789067071,1,1,0.09999999999999998,0.0
bipolarization,homogeneous,11,0,5,0.2,0.3,0.4,0.1,7924300342041792500.0,15,0.06466583856088992,0.00002058776436061,0.00002196952127353,1,3,0.10000000000000003,0.0
bipolarization,homogeneous,11,0,5,0.2,0.3,0.4,0.1,1285926408638267390.0,15,0.07013268018807274,0.00001083501845783,0.00000598480312364,1,3,0.10000000000000003,0.0
bipolarization,homogeneous,11,0,5,0.2,0.3,0.4,0.1,360045816003429380.0,15,0.06387776712096394,0.00001183771748229,0.00000689219928299,1,3,0.10000000000000003,0.0
bipolarization,homogeneous,11,0,5,0.2,0.3,0.4,0.1,256029315321952256.0,15,0.07012218258256296,0.00001492844871292,0.00000923661685237,1,3,0.10000000000000003,0.0
bipolarization,homogeneous,11,0,5,0.2,0.3,0.4,0.1,1831297316135118850.0,15,0.07100688029885971,0.00001418663490457,0.00000860150654128,1,3,0.10000000000000003,0.0
bipolarization,homogeneous,11,0,5,0.2,0.3,0.4,0.1,2787618399357031400.0,15,0.07149113494125446,0.00001312363680868,0.00000731670944882,1,3,0.10000000000000003,0.0
bipolarization,homogeneous,53,0,4,0.1,0.5,0.6,0.1,5702577027890589700.0,15,0.07110458300625659,0.00004321948523392,0.00004618712039082,1,1,0.09999999999999998,0.0
bipolarization,homogeneous,11,0,5,0.2,0.3,0.4,0.1,4200730711560847400.0,15,0.07524318273668174,0.00002080582556288,0.00001163606590773,1,3,0.10000000000000003,0.0
bipolarization,homogeneous,53,0,4,0.1,0.5,0.6,0.1,8636175130330607600.0,15,0.07245703676285802,0.00004733557726554,0.00002293128745205,1,1,0.09999999999999998,0.0
bipolarization,homogeneous,53,0,4,0.1,0.5,0.6,0.1,8803618445054126100.0,15,0.07088015529002778,0.00005541195375242,0.00006249325254116,1,1,0.09999999999999998,0.0
bipolarization,homogeneous,53,0,4,0.1,0.5,0.6,0.1,4398895106259038200.0,15,0.07117979929760694,0.00006468928107993,0.00003349559284751,1,1,0.09999999999999998,0.0
bipolarization,homogeneous,53,0,4,0.1,0.5,0.6,0.1,6905470370856337400.0,15,0.07086254253431622,0.00004235907555871,0.00004686301957942,1,1,0.09999999999999998,0.0
bipolarization,homogeneous,53,0,4,0.1,0.5,0.6,0.1,7128893484183252000.0,15,0.0727047928345806,0.00003904460367276,0.00002871286071744,1,1,0.09999999999999998,0.0
bipolarization,homogeneous,53,0,4,0.1,0.5,0.6,0.1,7043372089166577700.0,15,0.07103223063859491,0.00004431285920807,0.0000226397921218,1,1,0.09999999999999998,0.0
bipolarization,homogeneous,53,0,4,0.1,0.5,0.6,0.1,4342572612484808700.0,15,0.07168690081225239,0.00005567426394066,0.00002543466187831,1,1,0.09999999999999998,0.0
bipolarization,homogeneous,53,0,4,0.1,0.5,0.6,0.1,4286360386944651300.0,15,0.07093499287765946,0.0000451638427003,0.00005031253822759,1,1,0.09999999999999998,0.0
bipolarization,homogeneous,53,0,4,0.1,0.5,0.6,0.1,1841142524168585220.0,15,0.07417283257805354,0.00004276233940397,0.00002846981974543,1,1,0.09999999999999998,0.0
bipolarization,homogeneous,53,0,4,0.1,0.5,0.6,0.1,4477927936947039200.0,15,0.07343667072508248,0.00004217268190264,0.00002883713709078,1,1,0.09999999999999998,0.0
bipolarization,homogeneous,53,0,4,0.1,0.5,0.6,0.1,109591146466576384.0,15,0.07386569908000314,0.00005571770082201,0.00003152536700182,1,1,0.09999999999999998,0.0
bipolarization,homogeneous,53,0,4,0.1,0.5,0.6,0.1,3407647030800275500.0,15,0.07052238347836719,0.00005687830124835,0.00003748514292585,1,1,0.09999999999999998,0.0
bipolarization,homogeneous,53,0,4,0.1,0.5,0.6,0.1,4910962305337055200.0,15,0.0701096311401657,0.00005070948534734,0.00004084983384159,1,1,0.09999999999999998,0.0
bipolarization,homogeneous,53,0,4,0.1,0.5,0.6,0.1,4490502852978390000.0,15,0.07186854390637976,0.00004387895726885,0.00002936224558972,1,1,0.09999999999999998,0.0
bipolarization,homogeneous,53,0,4,0.1,0.5,0.6,0.1,6872698498072871900.0,15,0.07124395598038988,0.00005100788546189,0.00006289086401741,1,1,0.09999999999999998,0.0
bipolarization,homogeneous,53,0,4,0.1,0.5,0.6,0.1,2595646474777646100.0,15,0.07283481375492472,0.00004235531330738,0.00002821183380226,1,1,0.09999999999999998,0.0
bipolarization,homogeneous,53,0,4,0.1,0.5,0.6,0.1,997606725876738050.0,15,0.07085019406697807,0.00004376528911012,0.00002665579128643,1,1,0.09999999999999998,0.0
bipolarization,homogeneous,53,0,4,0.1,0.5,0.6,0.1,256029315321952256.0,15,0.07210047242841001,0.00003967468104465,0.00002336040188681,1,1,0.09999999999999998,0.0
bipolarization,homogeneous,53,0,4,0.1,0.5,0.6,0.1,22746047218290688.0,15,0.07072771894575738,0.00004081368873501,0.00004598915430178,1,1,0.09999999999999998,0.0
bipolarization,homogeneous,53,0,4,0.1,0.5,0.6,0.1,7924300342041792500.0,15,0.07117242125609662,0.00004710984549245,0.00005434942879076,1,1,0.09999999999999998,0.0
bipolarization,homogeneous,53,0,4,0.1,0.5,0.6,0.1,115109577693645824.0,15,0.0719990678965316,0.00004924135442229,0.00004385189615541,1,1,0.09999999999999998,0.0
bipolarization,homogeneous,53,0,4,0.1,0.5,0.6,0.1,1831297316135118850.0,15,0.07263409366057659,0.00003860574950254,0.00002114475678061,1,1,0.09999999999999998,0.0
bipolarization,homogeneous,53,0,4,0.1,0.5,0.6,0.1,2787618399357031400.0,15,0.07040732958082009,0.00005012522078494,0.0000503649379342,1,1,0.09999999999999998,0.0
bipolarization,homogeneous,53,0,4,0.1,0.5,0.6,0.1,1285926408638267390.0,15,0.07301600799521166,0.00004388661215421,0.00003295245197796,1,1,0.09999999999999998,0.0
bipolarization,homogeneous,26,0,5,0.3,0.3,0.8,0.2,8636175130330607600.0,15,0.05998493923088719,0.00000067826156286,0.00000037267170576,1,3,0.5,0.0
bipolarization,homogeneous,53,0,4,0.1,0.5,0.6,0.1,4200730711560847400.0,15,0.07294699065157927,0.0000534097190402,0.00002786638445363,1,1,0.09999999999999998,0.0
bipolarization,homogeneous,26,0,5,0.3,0.3,0.8,0.2,7139002048363152400.0,15,0.06867521210701166,0.00000008147585909,0.00000006538352649,1,3,0.5,0.0
bipolarization,homogeneous,26,0,5,0.3,0.3,0.8,0.2,7240713591891685400.0,15,0.06240476957964565,0.00000001223788757,0.00000000822771241,1,3,0.5,0.0
bipolarization,homogeneous,26,0,5,0.3,0.3,0.8,0.2,1841142524168585220.0,15,0.06979847344680268,0.00000000426465473,0.00000000330458991,1,3,0.5,0.0
bipolarization,homogeneous,26,0,5,0.3,0.3,0.8,0.2,8803618445054126100.0,15,0.0641427370094924,0.00000000611683684,0.00000000618524942,1,3,0.5,0.0
bipolarization,homogeneous,26,0,5,0.3,0.3,0.8,0.2,4692690466958798800.0,15,0.07150330970492477,0.00000001631833874,0.00000001208894891,1,3,0.5,0.0
bipolarization,homogeneous,26,0,5,0.3,0.3,0.8,0.2,109591146466576384.0,15,0.0648313037725597,0.00000019459245191,0.0000001236778724,1,3,0.5,0.0
bipolarization,homogeneous,26,0,5,0.3,0.3,0.8,0.2,6905470370856337400.0,15,0.07866279661147521,0.00000002121427753,0.00000001655987729,1,3,0.5,0.0
bipolarization,homogeneous,53,0,4,0.1,0.5,0.6,0.1,360045816003429380.0,15,0.07302643430472557,0.00003760332336717,0.00002320709401708,1,1,0.09999999999999998,0.0
bipolarization,homogeneous,26,0,5,0.3,0.3,0.8,0.2,4398895106259038200.0,15,0.05145002742236564,0.00000001220400707,0.00000001339005939,1,3,0.5,0.0
bipolarization,homogeneous,26,0,5,0.3,0.3,0.8,0.2,5702577027890589700.0,15,0.07367942083935716,0.00000001701080673,0.00000001276397404,1,3,0.5,0.0
bipolarization,homogeneous,26,0,5,0.3,0.3,0.8,0.2,7128893484183252000.0,15,0.07038407799188662,0.00000007781964227,0.00000004170158294,1,3,0.5,0.0
bipolarization,homogeneous,26,0,5,0.3,0.3,0.8,0.2,7043372089166577700.0,15,0.06136241587960448,0.00000001197206637,0.00000000694389952,1,3,0.5,0.0
bipolarization,homogeneous,26,0,5,0.3,0.3,0.8,0.2,3407647030800275500.0,15,0.05952068657370141,0.00000004885725097,0.00000002829634886,1,3,0.5,0.0
bipolarization,homogeneous,26,0,5,0.3,0.3,0.8,0.2,4342572612484808700.0,15,0.07013557611612971,0.00000015607688803,0.00000008602320407,1,3,0.5,0.0
bipolarization,homogeneous,26,0,5,0.3,0.3,0.8,0.2,4910962305337055200.0,15,0.07376096818113267,0.00000003490030946,0.0000000235445772,1,3,0.5,0.0
bipolarization,homogeneous,26,0,5,0.3,0.3,0.8,0.2,4490502852978390000.0,15,0.06020741542241811,0.00000000336139199,0.00000000268887443,1,3,0.5,0.0
bipolarization,homogeneous,26,0,5,0.3,0.3,0.8,0.2,22746047218290688.0,15,0.08032209896104124,0.00000000392031857,0.00000000221868992,1,3,0.5,0.0
bipolarization,homogeneous,26,0,5,0.3,0.3,0.8,0.2,4477927936947039200.0,15,0.06169255015623697,0.00000010334773897,0.00000006175495075,1,3,0.5,0.0
bipolarization,homogeneous,26,0,5,0.3,0.3,0.8,0.2,6872698498072871900.0,15,0.05089711062119262,0.00000018194130527,0.00000010963261847,1,3,0.5,0.0
bipolarization,homogeneous,26,0,5,0.3,0.3,0.8,0.2,4286360386944651300.0,15,0.0838365061271232,0.00000005909630834,0.00000003068675347,1,3,0.5,0.0
bipolarization,homogeneous,26,0,5,0.3,0.3,0.8,0.2,2595646474777646100.0,15,0.07474762770075771,0.00000002482390981,0.00000001769904445,1,3,0.5,0.0
bipolarization,homogeneous,26,0,5,0.3,0.3,0.8,0.2,7924300342041792500.0,15,0.06769106537083365,0.00000004557641903,0.00000003797512617,1,3,0.5,0.0
bipolarization,homogeneous,26,0,5,0.3,0.3,0.8,0.2,997606725876738050.0,15,0.07918693096950598,0.0000000068030482,0.00000000385009708,1,3,0.5,0.0
bipolarization,homogeneous,26,0,5,0.3,0.3,0.8,0.2,115109577693645824.0,15,0.08818464447721651,0.00000002415330223,0.00000001421671002,1,3,0.5,0.0
bipolarization,homogeneous,26,0,5,0.3,0.3,0.8,0.2,256029315321952256.0,15,0.05376812439088426,0.00000001178765674,0.00000001009866288,1,3,0.5,0.0
bipolarization,homogeneous,26,0,5,0.3,0.3,0.8,0.2,1285926408638267390.0,15,0.07829761790000657,0.00000003314575043,0.00000001780232558,1,3,0.5,0.0
bipolarization,homogeneous,26,0,5,0.3,0.3,0.8,0.2,1831297316135118850.0,15,0.06867159826971916,0.0000001571299073,0.00000011249095342,1,3,0.5,0.0
bipolarization,homogeneous,26,0,5,0.3,0.3,0.8,0.2,360045816003429380.0,15,0.0507201899893886,0.00000013081200126,0.00000010730895178,1,3,0.5,0.0
bipolarization,homogeneous,26,0,5,0.3,0.3,0.8,0.2,2787618399357031400.0,15,0.06705242050420279,0.00000005322590756,0.00000004629722034,1,3,0.5,0.0
bipolarization,homogeneous,26,0,5,0.3,0.3,0.8,0.2,4200730711560847400.0,15,0.07572796929849585,0.00000001861971963,0.00000001632225099,1,3,0.5,0.0
bipolarization,heterogeneous,1,3,3,0.3,0.2,0.8,0.3,5702577027890589700.0,15,0.09906895076555655,0.00770078237426009,0.00548106522842664,3,3,0.6000000000000001,0.0
bipolarization,heterogeneous,1,3,3,0.3,0.2,0.8,0.3,1841142524168585220.0,15,0.0437968471020912,0.03550957060176052,0.03376012028876522,2,3,0.6000000000000001,0.0
bipolarization,heterogeneous,1,3,3,0.3,0.2,0.8,0.3,4342572612484808700.0,15,0.10273875434220653,0.01047221663124363,0.00680206955854843,3,3,0.6000000000000001,0.0
bipolarization,heterogeneous,1,3,3,0.3,0.2,0.8,0.3,4398895106259038200.0,15,0.09905219530497351,0.01502716293956267,0.0126705237515915,3,3,0.6000000000000001,0.0
bipolarization,heterogeneous,1,3,3,0.3,0.2,0.8,0.3,8803618445054126100.0,15,0.09547788941129276,0.02504309200327864,0.02611029317445115,3,3,0.6000000000000001,0.0
bipolarization,heterogeneous,1,3,3,0.3,0.2,0.8,0.3,7043372089166577700.0,15,0.04858274167475859,0.03128350611737152,0.02986697193268769,2,3,0.6000000000000001,0.0
bipolarization,heterogeneous,1,3,3,0.3,0.2,0.8,0.3,7240713591891685400.0,15,0.09434560554985598,0.01348544649040333,0.01095197018346636,3,3,0.6000000000000001,0.0
bipolarization,heterogeneous,1,3,3,0.3,0.2,0.8,0.3,4286360386944651300.0,15,0.05417906084209025,0.02240938321506791,0.01731796273693666,3,3,0.6000000000000001,0.0
bipolarization,heterogeneous,1,3,3,0.3,0.2,0.8,0.3,8636175130330607600.0,15,0.0440877367292067,0.0360849895934293,0.03440494888906737,2,3,0.6000000000000001,0.0
bipolarization,heterogeneous,1,3,3,0.3,0.2,0.8,0.3,7139002048363152400.0,15,0.04376953916446343,0.03457801621406637,0.0326310825769397,2,3,0.6000000000000001,0.0
bipolarization,heterogeneous,1,3,3,0.3,0.2,0.8,0.3,6905470370856337400.0,15,0.10164131572054179,0.00883172749659172,0.0054652059932935,3,3,0.6000000000000001,0.0
bipolarization,heterogeneous,1,3,3,0.3,0.2,0.8,0.3,4692690466958798800.0,15,0.11919684842800093,0.0058960574917718,0.00363132053475892,3,3,0.6000000000000001,0.0
bipolarization,heterogeneous,1,3,3,0.3,0.2,0.8,0.3,2595646474777646100.0,15,0.04255303347741875,0.03737088111362023,0.03566695262582078,2,3,0.6000000000000001,0.0
bipolarization,heterogeneous,1,3,3,0.3,0.2,0.8,0.3,109591146466576384.0,15,0.09837263515040588,0.02125862970216217,0.02107254214448427,2,3,0.6000000000000001,0.0
bipolarization,heterogeneous,1,3,3,0.3,0.2,0.8,0.3,4490502852978390000.0,15,0.10805378033573095,0.00866843679205326,0.0084900094720046,3,3,0.6000000000000001,0.0
bipolarization,heterogeneous,1,3,3,0.3,0.2,0.8,0.3,7128893484183252000.0,15,0.11951199147061668,0.01071920102169596,0.0068752526779356,3,3,0.6000000000000001,0.0
bipolarization,heterogeneous,1,3,3,0.3,0.2,0.8,0.3,4477927936947039200.0,15,0.10379359188705344,0.02241586507220118,0.02305282593806955,3,3,0.6000000000000001,0.0
bipolarization,heterogeneous,1,3,3,0.3,0.2,0.8,0.3,3407647030800275500.0,15,0.04724033079475403,0.03121624141840009,0.02953655327766366,2,3,0.6000000000000001,0.0
bipolarization,heterogeneous,1,3,3,0.3,0.2,0.8,0.3,4910962305337055200.0,15,0.11303052994220175,0.00968028192781845,0.0103120590002814,3,3,0.6000000000000001,0.0
bipolarization,heterogeneous,1,3,3,0.3,0.2,0.8,0.3,7924300342041792500.0,15,0.04545352486951389,0.03408040337959923,0.03248656955910484,2,3,0.6000000000000001,0.0
bipolarization,heterogeneous,1,3,3,0.3,0.2,0.8,0.3,997606725876738050.0,15,0.16285622537484948,0.00189531815173324,0.00142505829184797,3,3,0.6000000000000001,0.0
bipolarization,heterogeneous,1,3,3,0.3,0.2,0.8,0.3,6872698498072871900.0,15,0.0462874203992479,0.03295363720413323,0.03129281207114896,2,3,0.6000000000000001,0.0
bipolarization,heterogeneous,1,3,3,0.3,0.2,0.8,0.3,4200730711560847400.0,15,0.0933964014717495,0.01721114949065606,0.01380238806615133,3,3,0.6000000000000001,0.0
bipolarization,heterogeneous,1,3,3,0.3,0.2,0.8,0.3,256029315321952256.0,15,0.1130981026876941,0.00947596030596522,0.00944513184569765,3,3,0.6000000000000001,0.0
bipolarization,heterogeneous,1,3,3,0.3,0.2,0.8,0.3,1285926408638267390.0,15,0.1459571665403067,0.00480449233519478,0.00460326409891877,2,3,0.6000000000000001,0.0
bipolarization,heterogeneous,1,3,3,0.3,0.2,0.8,0.3,22746047218290688.0,15,0.0479710830037762,0.0306793964337098,0.02909956678958461,2,3,0.6000000000000001,0.0
bipolarization,heterogeneous,1,3,3,0.3,0.2,0.8,0.3,115109577693645824.0,15,0.04509039179876013,0.03429433961853699,0.03255612256074604,2,3,0.6000000000000001,0.0
bipolarization,heterogeneous,1,3,3,0.3,0.2,0.8,0.3,1831297316135118850.0,15,0.09409489458556615,0.01356880602576381,0.01005695542523114,2,3,0.6000000000000001,0.0
bipolarization,heterogeneous,42,2,2,0.5,0.4,0.5,0.2,7139002048363152400.0,15,0.19027000511284273,0.00000000014212019,0.00000000009725879,1,4,0.09999999999999998,0.0
bipolarization,heterogeneous,1,3,3,0.3,0.2,0.8,0.3,2787618399357031400.0,15,0.04621886641899623,0.03332495228814803,0.0317537173745959,2,3,0.6000000000000001,0.0
bipolarization,heterogeneous,42,2,2,0.5,0.4,0.5,0.2,7043372089166577700.0,15,0.20501573419372654,0.00000000000183558,0.00000000000090634,1,4,0.09999999999999998,0.0
bipolarization,heterogeneous,42,2,2,0.5,0.4,0.5,0.2,7240713591891685400.0,15,0.20991826471884167,0.00000000080819072,0.00000000058198278,1,4,0.09999999999999998,0.0
bipolarization,heterogeneous,1,3,3,0.3,0.2,0.8,0.3,360045816003429380.0,15,0.0453533286431397,0.03429127550119631,0.03272074336883192,2,3,0.6000000000000001,0.0
bipolarization,heterogeneous,42,2,2,0.5,0.4,0.5,0.2,6905470370856337400.0,15,0.29207302322320594,0.18741391553703524,0.24965553013241149,2,4,0.09999999999999998,0.25
bipolarization,heterogeneous,42,2,2,0.5,0.4,0.5,0.2,4477927936947039200.0,15,0.23811803796550612,0.00000000899667379,0.000000005472274,1,4,0.09999999999999998,0.0
bipolarization,heterogeneous,42,2,2,0.5,0.4,0.5,0.2,8636175130330607600.0,15,0.20932291426360577,0.00000000004695283,0.00000000003038286,1,4,0.09999999999999998,0.0
bipolarization,heterogeneous,42,2,2,0.5,0.4,0.5,0.2,4398895106259038200.0,15,0.20649909716494785,0.00000000010897789,0.00000000006384239,1,4,0.09999999999999998,0.0
bipolarization,heterogeneous,42,2,2,0.5,0.4,0.5,0.2,8803618445054126100.0,15,0.20944912107539818,0.0000000006918393,0.00000000046104183,1,4,0.09999999999999998,0.0
bipolarization,heterogeneous,42,2,2,0.5,0.4,0.5,0.2,109591146466576384.0,15,0.17716933447280997,0.00000000047208795,0.00000000030772101,1,4,0.09999999999999998,0.0
bipolarization,heterogeneous,42,2,2,0.5,0.4,0.5,0.2,4692690466958798800.0,15,0.2880257201880292,0.18544359125181342,0.24169522968431453,2,4,0.09999999999999998,0.5
bipolarization,heterogeneous,42,2,2,0.5,0.4,0.5,0.2,1841142524168585220.0,15,0.1949460838762309,0.00000000008098857,0.00000000005148896,1,4,0.09999999999999998,0.0
bipolarization,heterogeneous,42,2,2,0.5,0.4,0.5,0.2,7924300342041792500.0,15,0.17431655495936585,0.00000000034501895,0.00000000021262536,1,4,0.09999999999999998,0.0
bipolarization,heterogeneous,42,2,2,0.5,0.4,0.5,0.2,22746047218290688.0,15,0.2024949584766697,0.00000000003014706,0.00000000003768809,1,4,0.09999999999999998,0.0
bipolarization,heterogeneous,42,2,2,0.5,0.4,0.5,0.2,4342572612484808700.0,15,0.18319893287304737,0.00000000002503983,0.0000000000119711,1,4,0.09999999999999998,0.0
bipolarization,heterogeneous,42,2,2,0.5,0.4,0.5,0.2,7128893484183252000.0,15,0.250592165070655,0.17796036273912605,0.11879692297788991,3,4,0.09999999999999998,0.5
bipolarization,heterogeneous,42,2,2,0.5,0.4,0.5,0.2,4286360386944651300.0,15,0.1964055206596351,0.00000000003490734,0.00000000001858014,1,4,0.09999999999999998,0.0
bipolarization,heterogeneous,42,2,2,0.5,0.4,0.5,0.2,5702577027890589700.0,15,0.2103426884287165,0.00000000000525851,0.00000000000589161,1,4,0.09999999999999998,0.0
bipolarization,heterogeneous,42,2,2,0.5,0.4,0.5,0.2,3407647030800275500.0,15,0.19694546502399635,0.00000000001314425,0.00000000000598865,1,4,0.09999999999999998,0.0
bipolarization,heterogeneous,42,2,2,0.5,0.4,0.5,0.2,6872698498072871900.0,15,0.1908604783172744,0.00000000256530455,0.00000000175515481,1,4,0.09999999999999998,0.0
bipolarization,heterogeneous,42,2,2,0.5,0.4,0.5,0.2,1285926408638267390.0,15,0.2833365358143446,0.18312669023762104,0.23771559604927886,2,4,0.09999999999999998,0.5
bipolarization,heterogeneous,42,2,2,0.5,0.4,0.5,0.2,4490502852978390000.0,15,0.2108954430680021,0.00000000227383619,0.00000000186380656,1,4,0.09999999999999998,0.0
bipolarization,heterogeneous,42,2,2,0.5,0.4,0.5,0.2,2787618399357031400.0,15,0.29184772913086476,0.1873012571841839,0.2496055780858857,2,4,0.09999999999999998,0.25
bipolarization,heterogeneous,42,2,2,0.5,0.4,0.5,0.2,4910962305337055200.0,15,0.14409044402141627,0.0000000000546213,0.00000000002628973,1,4,0.09999999999999998,0.0
bipolarization,heterogeneous,42,2,2,0.5,0.4,0.5,0.2,997606725876738050.0,15,0.2847698624599947,0.18378087435800952,0.2450189285195092,2,4,0.09999999999999998,0.5
bipolarization,heterogeneous,42,2,2,0.5,0.4,0.5,0.2,2595646474777646100.0,15,0.1960863110280173,0.000000000441854,0.00000000029629429,1,4,0.09999999999999998,0.0
bipolarization,heterogeneous,42,2,2,0.5,0.4,0.5,0.2,1831297316135118850.0,15,0.18751856386215127,0.07090443568604685,0.09440063132778372,2,4,0.09999999999999998,0.25
bipolarization,heterogeneous,42,2,2,0.5,0.4,0.5,0.2,256029315321952256.0,15,0.18361692550477055,0.0000000011203183,0.00000000104159039,1,4,0.09999999999999998,0.0
bipolarization,heterogeneous,42,2,2,0.5,0.4,0.5,0.2,115109577693645824.0,15,0.21296854208763807,0.00000000818407058,0.00000000825245427,1,4,0.09999999999999998,0.0
bipolarization,heterogeneous,42,2,2,0.5,0.4,0.5,0.2,4200730711560847400.0,15,0.29224537037037024,0.1875,0.25,2,4,0.09999999999999998,0.75
bipolarization,heterogeneous,7,3,3,0.1,0.5,0.5,0.3,7139002048363152400.0,15,0.09429280497319448,0.00095058793383565,0.00055341738335963,2,4,0.0,0.0
bipolarization,heterogeneous,42,2,2,0.5,0.4,0.5,0.2,360045816003429380.0,15,0.1996284590496339,0.00000000061557552,0.00000000055028398,1,4,0.09999999999999998,0.0
bipolarization,heterogeneous,7,3,3,0.1,0.5,0.5,0.3,4692690466958798800.0,15,0.10102203704742059,0.00087168413774245,0.00072528470244098,2,4,0.0,0.0
bipolarization,heterogeneous,7,3,3,0.1,0.5,0.5,0.3,5702577027890589700.0,15,0.09505207876893491,0.0012554500703309,0.00101681719461623,2,4,0.0,0.0
bipolarization,heterogeneous,7,3,3,0.1,0.5,0.5,0.3,7240713591891685400.0,15,0.10359307634706565,0.00131835350938662,0.00116709881326344,2,4,0.0,0.0
bipolarization,heterogeneous,7,3,3,0.1,0.5,0.5,0.3,8636175130330607600.0,15,0.271411165479473,0.14515805120589897,0.1328647704167609,4,4,0.0,0.3333333333333333
bipolarization,heterogeneous,7,3,3,0.1,0.5,0.5,0.3,7043372089166577700.0,15,0.3195937211050321,0.20059249853054803,0.18219675612055533,3,4,0.0,0.16666666666666666
bipolarization,heterogeneous,7,3,3,0.1,0.5,0.5,0.3,8803618445054126100.0,15,0.11836297164672627,0.00088101286867313,0.00066820415873834,2,4,0.0,0.0
bipolarization,heterogeneous,7,3,3,0.1,0.5,0.5,0.3,4342572612484808700.0,15,0.09537690817826854,0.00126291785903688,0.00084501422702652,2,4,0.0,0.0
bipolarization,heterogeneous,7,3,3,0.1,0.5,0.5,0.3,1841142524168585220.0,15,0.11622500650145022,0.00247663660296429,0.00200622283112586,2,4,0.0,0.0
bipolarization,heterogeneous,7,3,3,0.1,0.5,0.5,0.3,4398895106259038200.0,15,0.1118573898120964,0.00085002847349805,0.00060138757837995,2,4,0.0,0.0
bipolarization,heterogeneous,7,3,3,0.1,0.5,0.5,0.3,6905470370856337400.0,15,0.10641384487509616,0.0009854888193184,0.00088943332601697,2,4,0.0,0.0
bipolarization,heterogeneous,7,3,3,0.1,0.5,0.5,0.3,4477927936947039200.0,15,0.11217130862460951,0.00073755128245112,0.00044812218012821,2,4,0.0,0.0
bipolarization,heterogeneous,7,3,3,0.1,0.5,0.5,0.3,6872698498072871900.0,15,0.10896715760282433,0.00084157889313671,0.0005034193153752,2,4,0.0,0.0
bipolarization,heterogeneous,7,3,3,0.1,0.5,0.5,0.3,4286360386944651300.0,15,0.09942024302011239,0.00101583883641166,0.00073546689628681,2,4,0.0,0.0
bipolarization,heterogeneous,7,3,3,0.1,0.5,0.5,0.3,109591146466576384.0,15,0.09830690616037108,0.00172285243432804,0.00125163392180681,3,4,0.0,0.0
bipolarization,heterogeneous,7,3,3,0.1,0.5,0.5,0.3,997606725876738050.0,15,0.09790267072982418,0.00118242821680598,0.00078395589778128,2,4,0.0,0.0
bipolarization,heterogeneous,7,3,3,0.1,0.5,0.5,0.3,4490502852978390000.0,15,0.10115193633840298,0.00109452648710112,0.00108053231378641,2,4,0.0,0.0
bipolarization,heterogeneous,7,3,3,0.1,0.5,0.5,0.3,7128893484183252000.0,15,0.09607558959234735,0.00100411255668191,0.00063550899402314,2,4,0.0,0.0
bipolarization,heterogeneous,7,3,3,0.1,0.5,0.5,0.3,2787618399357031400.0,15,0.10381471904621954,0.00096085118462624,0.00078615727113292,2,4,0.0,0.0
bipolarization,heterogeneous,7,3,3,0.1,0.5,0.5,0.3,115109577693645824.0,15,0.10572561257011624,0.00129424527660149,0.0017163123100083,2,4,0.0,0.0
bipolarization,heterogeneous,7,3,3,0.1,0.5,0.5,0.3,22746047218290688.0,15,0.10199464395628632,0.00128975418446788,0.0010986013873812,2,4,0.0,0.0
bipolarization,heterogeneous,7,3,3,0.1,0.5,0.5,0.3,3407647030800275500.0,15,0.09125082202501834,0.00130672697110004,0.00098424626155346,2,4,0.0,0.0
bipolarization,heterogeneous,7,3,3,0.1,0.5,0.5,0.3,4910962305337055200.0,15,0.09573229931288559,0.00148303246760942,0.00090512209797302,2,4,0.0,0.0
bipolarization,heterogeneous,7,3,3,0.1,0.5,0.5,0.3,1285926408638267390.0,15,0.11776495390050988,0.00067732638238695,0.00044011210930615,2,4,0.0,0.0
bipolarization,heterogeneous,7,3,3,0.1,0.5,0.5,0.3,2595646474777646100.0,15,0.09578466943851004,0.00114050007654905,0.0006740993094386,2,4,0.0,0.0
bipolarization,heterogeneous,7,3,3,0.1,0.5,0.5,0.3,7924300342041792500.0,15,0.17423692404310812,0.01835297858083121,0.01416598023552205,4,4,0.0,0.0
bipolarization,heterogeneous,7,3,3,0.1,0.5,0.5,0.3,4200730711560847400.0,15,0.24237090210585524,0.08625300226617431,0.07858950081536055,5,4,0.0,0.16666666666666666
bipolarization,heterogeneous,7,3,3,0.1,0.5,0.5,0.3,1831297316135118850.0,15,0.09531438187342867,0.00097787494063452,0.0005742038724635,2,4,0.0,0.0
bipolarization,heterogeneous,7,3,3,0.1,0.5,0.5,0.3,256029315321952256.0,15,0.24100028985289215,0.10278946660973687,0.0771870986046328,5,4,0.0,0.16666666666666666
bipolarization,heterogeneous,7,3,3,0.1,0.5,0.5,0.3,360045816003429380.0,15,0.09835167835698704,0.00114948627199819,0.0007726289237659,2,4,0.0,0.0
bipolarization,heterogeneous,21,3,3,0.1,0.3,0.8,0.3,4692690466958798800.0,15,0.09607588826719848,0.00336268571349164,0.00385975325763276,2,4,0.5,0.0
bipolarization,heterogeneous,21,3,3,0.1,0.3,0.8,0.3,7240713591891685400.0,15,0.09571182091417142,0.00306090891648778,0.00414287900391448,2,4,0.5,0.0
bipolarization,heterogeneous,21,3,3,0.1,0.3,0.8,0.3,7139002048363152400.0,15,0.09793438009297246,0.00314382572976373,0.00412026537137574,2,4,0.5,0.0
bipolarization,heterogeneous,21,3,3,0.1,0.3,0.8,0.3,4398895106259038200.0,15,0.08986027734875653,0.00366049312346081,0.00446413747605545,3,4,0.5,0.0
bipolarization,heterogeneous,21,3,3,0.1,0.3,0.8,0.3,4342572612484808700.0,15,0.08630541539914811,0.00382339391582102,0.00514346136487555,2,4,0.5,0.0
bipolarization,heterogeneous,21,3,3,0.1,0.3,0.8,0.3,6905470370856337400.0,15,0.0984106703128883,0.00326798408672277,0.00361737510473489,2,4,0.5,0.0
bipolarization,heterogeneous,21,3,3,0.1,0.3,0.8,0.3,1841142524168585220.0,15,0.09502152996646966,0.00371196632533557,0.00377369417271771,3,4,0.5,0.0
bipolarization,heterogeneous,21,3,3,0.1,0.3,0.8,0.3,8636175130330607600.0,15,0.09262403724471176,0.00332577719133842,0.00410569673056439,2,4,0.5,0.0
bipolarization,heterogeneous,21,3,3,0.1,0.3,0.8,0.3,5702577027890589700.0,15,0.09474508401808117,0.00316996964332421,0.0037739581067086,2,4,0.5,0.0
bipolarization,heterogeneous,21,3,3,0.1,0.3,0.8,0.3,4477927936947039200.0,15,0.09563944592736116,0.00347617790719172,0.00378670261432641,2,4,0.5,0.0
bipolarization,heterogeneous,21,3,3,0.1,0.3,0.8,0.3,7128893484183252000.0,15,0.08347140983859247,0.0041937631397655,0.00528300794342766,3,4,0.5,0.0
bipolarization,heterogeneous,21,3,3,0.1,0.3,0.8,0.3,109591146466576384.0,15,0.07919138940509725,0.00425451802586394,0.00522248416880753,3,4,0.5,0.0
bipolarization,heterogeneous,21,3,3,0.1,0.3,0.8,0.3,8803618445054126100.0,15,0.09311275340997817,0.00346930429879121,0.00423048055108914,2,4,0.5,0.0
bipolarization,heterogeneous,21,3,3,0.1,0.3,0.8,0.3,7043372089166577700.0,15,0.09716463067091548,0.00331160592471801,0.00359971477076776,2,4,0.5,0.0
bipolarization,heterogeneous,21,3,3,0.1,0.3,0.8,0.3,4910962305337055200.0,15,0.09779203314080953,0.00304856698183352,0.0038410679539093,2,4,0.5,0.0
bipolarization,heterogeneous,21,3,3,0.1,0.3,0.8,0.3,4490502852978390000.0,15,0.09876270167884027,0.00309073385908795,0.00375598717498142,2,4,0.5,0.0
bipolarization,heterogeneous,21,3,3,0.1,0.3,0.8,0.3,997606725876738050.0,15,0.08763177328088888,0.0033799977322354,0.00412037579328718,3,4,0.5,0.0
bipolarization,heterogeneous,21,3,3,0.1,0.3,0.8,0.3,4286360386944651300.0,15,0.08502260792999457,0.00387871480660028,0.00494379449334904,3,4,0.5,0.0
bipolarization,heterogeneous,21,3,3,0.1,0.3,0.8,0.3,22746047218290688.0,15,0.09499060104445085,0.0029401856850749,0.00415432042968245,2,4,0.5,0.0
bipolarization,heterogeneous,21,3,3,0.1,0.3,0.8,0.3,6872698498072871900.0,15,0.08370373871546956,0.00388088490330678,0.00531108127494054,3,4,0.5,0.0
bipolarization,heterogeneous,21,3,3,0.1,0.3,0.8,0.3,1285926408638267390.0,15,0.0978407224771209,0.00383931635801921,0.00338465522420311,3,4,0.5,0.0
bipolarization,heterogeneous,21,3,3,0.1,0.3,0.8,0.3,3407647030800275500.0,15,0.09815044250944238,0.00346428679082187,0.00372679028107732,3,4,0.5,0.0
bipolarization,heterogeneous,21,3,3,0.1,0.3,0.8,0.3,1831297316135118850.0,15,0.09833229313310382,0.00342426570188686,0.00367320533087372,2,4,0.5,0.0
bipolarization,heterogeneous,21,3,3,0.1,0.3,0.8,0.3,2787618399357031400.0,15,0.09701539035077215,0.00341534767305573,0.0037941449216845,2,4,0.5,0.0
bipolarization,heterogeneous,21,3,3,0.1,0.3,0.8,0.3,2595646474777646100.0,15,0.09463988041062354,0.00327816672032274,0.00406048359768912,2,4,0.5,0.0
bipolarization,heterogeneous,21,3,3,0.1,0.3,0.8,0.3,7924300342041792500.0,15,0.1047838587914048,0.00253171197307471,0.00305261008092151,2,4,0.5,0.0
bipolarization,heterogeneous,21,3,3,0.1,0.3,0.8,0.3,256029315321952256.0,15,0.09556454686643319,0.00339408131927033,0.00401169220283944,2,4,0.5,0.0
bipolarization,heterogeneous,21,3,3,0.1,0.3,0.8,0.3,115109577693645824.0,15,0.10110322370860253,0.00287682507029417,0.00377195610301338,2,4,0.5,0.0
bipolarization,heterogeneous,25,2,2,0.1,0.4,0.4,0.2,7240713591891685400.0,15,0.2798032407407406,0.25,0.22222222222222224,2,3,0.0,0.5
bipolarization,heterogeneous,21,3,3,0.1,0.3,0.8,0.3,360045816003429380.0,15,0.09447272742632902,0.00347550166987566,0.00428054658620057,3,4,0.5,0.0
bipolarization,heterogeneous,25,2,2,0.1,0.4,0.4,0.2,4692690466958798800.0,15,0.2798032407407406,0.25,0.22222222222222224,2,3,0.0,0.75
bipolarization,heterogeneous,25,2,2,0.1,0.4,0.4,0.2,6905470370856337400.0,15,0.2798032407407406,0.25,0.22222222222222224,2,3,0.0,1.0
bipolarization,heterogeneous,21,3,3,0.1,0.3,0.8,0.3,4200730711560847400.0,15,0.09516289961758832,0.00353927547845166,0.00370699886673009,3,4,0.5,0.0
bipolarization,heterogeneous,25,2,2,0.1,0.4,0.4,0.2,7139002048363152400.0,15,0.27538016627349643,0.24563561629598424,0.21450679249895588,2,3,0.0,1.0
bipolarization,heterogeneous,25,2,2,0.1,0.4,0.4,0.2,5702577027890589700.0,15,0.2926755714325895,0.03138735277064036,0.03064359348656255,3,3,0.0,0.25
bipolarization,heterogeneous,25,2,2,0.1,0.4,0.4,0.2,4398895106259038200.0,15,0.2607484133999656,0.04034413799807917,0.03503480138539136,3,3,0.0,0.25
bipolarization,heterogeneous,25,2,2,0.1,0.4,0.4,0.2,109591146466576384.0,15,0.18456976551924795,0.0024277181779248,0.00167029757845963,2,3,0.0,0.0
bipolarization,heterogeneous,25,2,2,0.1,0.4,0.4,0.2,8803618445054126100.0,15,0.19192235437048286,0.00237352118958369,0.00156267963411462,2,3,0.0,0.0
bipolarization,heterogeneous,25,2,2,0.1,0.4,0.4,0.2,8636175130330607600.0,15,0.17849252443341146,0.0036595825556051,0.00235053621285521,3,3,0.0,0.0
bipolarization,heterogeneous,25,2,2,0.1,0.4,0.4,0.2,1841142524168585220.0,15,0.2798032407407406,0.25,0.22222222222222224,2,3,0.0,0.25
bipolarization,heterogeneous,25,2,2,0.1,0.4,0.4,0.2,4910962305337055200.0,15,0.2360226702232595,0.17945543222703497,0.1234968450881929,3,3,0.0,0.5
bipolarization,heterogeneous,25,2,2,0.1,0.4,0.4,0.2,4342572612484808700.0,15,0.2798032407407406,0.25,0.22222222222222224,2,3,0.0,0.5
bipolarization,heterogeneous,25,2,2,0.1,0.4,0.4,0.2,7043372089166577700.0,15,0.2798032407407406,0.25,0.22222222222222224,2,3,0.0,1.0
bipolarization,heterogeneous,25,2,2,0.1,0.4,0.4,0.2,4477927936947039200.0,15,0.2798032407407406,0.25,0.22222222222222224,2,3,0.0,0.75
bipolarization,heterogeneous,25,2,2,0.1,0.4,0.4,0.2,3407647030800275500.0,15,0.2798032407407406,0.25,0.22222222222222224,2,3,0.0,0.25
bipolarization,heterogeneous,25,2,2,0.1,0.4,0.4,0.2,4286360386944651300.0,15,0.2798032407407406,0.25,0.22222222222222224,2,3,0.0,1.0
bipolarization,heterogeneous,25,2,2,0.1,0.4,0.4,0.2,1285926408638267390.0,15,0.2118114087861818,0.00227555347670838,0.00129056605927872,2,3,0.0,0.0
bipolarization,heterogeneous,25,2,2,0.1,0.4,0.4,0.2,6872698498072871900.0,15,0.2798032407407406,0.25,0.22222222222222224,2,3,0.0,0.5
bipolarization,heterogeneous,25,2,2,0.1,0.4,0.4,0.2,22746047218290688.0,15,0.2798032407407406,0.25,0.22222222222222224,2,3,0.0,0.75
bipolarization,heterogeneous,25,2,2,0.1,0.4,0.4,0.2,7128893484183252000.0,15,0.30361552567138606,0.02967915099080446,0.02735591630129032,3,3,0.0,0.25
bipolarization,heterogeneous,25,2,2,0.1,0.4,0.4,0.2,4490502852978390000.0,15,0.1580288180149102,0.00557042945327222,0.00372640439820999,3,3,0.0,0.0
bipolarization,heterogeneous,25,2,2,0.1,0.4,0.4,0.2,2595646474777646100.0,15,0.2798032407407406,0.25,0.22222222222222224,2,3,0.0,0.0
bipolarization,heterogeneous,25,2,2,0.1,0.4,0.4,0.2,256029315321952256.0,15,0.2798032407407406,0.25,0.22222222222222224,2,3,0.0,0.5
bipolarization,heterogeneous,25,2,2,0.1,0.4,0.4,0.2,7924300342041792500.0,15,0.1844739414711167,0.00312527554443802,0.00187325790027594,3,3,0.0,0.0
bipolarization,heterogeneous,25,2,2,0.1,0.4,0.4,0.2,115109577693645824.0,15,0.26808831990323606,0.23858391012171606,0.2045232443675845,2,3,0.0,0.5
bipolarization,heterogeneous,25,2,2,0.1,0.4,0.4,0.2,1831297316135118850.0,15,0.2798032407407406,0.25,0.22222222222222224,2,3,0.0,0.5
bipolarization,heterogeneous,25,2,2,0.1,0.4,0.4,0.2,997606725876738050.0,15,0.2798032407407406,0.25,0.22222222222222224,2,3,0.0,0.5
bipolarization,heterogeneous,25,2,2,0.1,0.4,0.4,0.2,2787618399357031400.0,15,0.26904038759883053,0.23939209787634014,0.2090075715661002,2,3,0.0,0.75
bipolarization,heterogeneous,25,2,2,0.1,0.4,0.4,0.2,360045816003429380.0,15,0.285948486276788,0.03436089847571727,0.02892428359819023,3,3,0.0,0.25
bipolarization,heterogeneous,25,2,2,0.1,0.4,0.4,0.2,4200730711560847400.0,15,0.2798032407407406,0.25,0.22222222222222224,2,3,0.0,1.0
bipolarization,homogeneous,6,0,6,0.5,0.4,0.5,0.3,7139002048363152400.0,15,0.11074346087238492,0.00000001353608298,0.00000000855074013,1,4,0.09999999999999998,0.0
bipolarization,homogeneous,6,0,6,0.5,0.4,0.5,0.3,8636175130330607600.0,15,0.12383712389327384,0.00000000332621398,0.00000000241183897,1,4,0.09999999999999998,0.0
bipolarization,homogeneous,6,0,6,0.5,0.4,0.5,0.3,6905470370856337400.0,15,0.12570991252616007,0.00000000301378307,0.0000000042525882,1,4,0.09999999999999998,0.0
bipolarization,homogeneous,6,0,6,0.5,0.4,0.5,0.3,4692690466958798800.0,15,0.10371507377840143,0.00000000023404165,0.00000000016852888,1,4,0.09999999999999998,0.0
bipolarization,homogeneous,6,0,6,0.5,0.4,0.5,0.3,5702577027890589700.0,15,0.1248065657191139,0.00000000216838533,0.00000000160341272,1,4,0.09999999999999998,0.0
bipolarization,homogeneous,6,0,6,0.5,0.4,0.5,0.3,1841142524168585220.0,15,0.12105828504742983,0.00000006665910532,0.00000004321599644,1,4,0.09999999999999998,0.0
bipolarization,homogeneous,6,0,6,0.5,0.4,0.5,0.3,7240713591891685400.0,15,0.12255286141159605,0.00000000158292679,0.00000000104540242,1,4,0.09999999999999998,0.0
bipolarization,homogeneous,6,0,6,0.5,0.4,0.5,0.3,4398895106259038200.0,15,0.11004606698497843,0.00000000003039353,0.00000000001954893,1,4,0.09999999999999998,0.0
bipolarization,homogeneous,6,0,6,0.5,0.4,0.5,0.3,4286360386944651300.0,15,0.13993082957909106,0.00000006765480307,0.0000001028347772,1,4,0.09999999999999998,0.0
bipolarization,homogeneous,6,0,6,0.5,0.4,0.5,0.3,7128893484183252000.0,15,0.10453092181631414,0.0000000005447565,0.00000000057606071,1,4,0.09999999999999998,0.0
bipolarization,homogeneous,6,0,6,0.5,0.4,0.5,0.3,4342572612484808700.0,15,0.12987065371757678,0.00000000125768051,0.00000000099197687,1,4,0.09999999999999998,0.0
bipolarization,homogeneous,6,0,6,0.5,0.4,0.5,0.3,4490502852978390000.0,15,0.11887534393444382,0.00000000035688807,0.00000000027912897,1,4,0.09999999999999998,0.0
bipolarization,homogeneous,6,0,6,0.5,0.4,0.5,0.3,8803618445054126100.0,15,0.12086205951150632,0.00000000034985801,0.00000000020921861,1,4,0.09999999999999998,0.0
bipolarization,homogeneous,6,0,6,0.5,0.4,0.5,0.3,109591146466576384.0,15,0.11425644847800127,0.00000000019058774,0.00000000013334578,1,4,0.09999999999999998,0.0
bipolarization,homogeneous,6,0,6,0.5,0.4,0.5,0.3,997606725876738050.0,15,0.1343819351108039,0.00000000446572491,0.00000000286224886,1,4,0.09999999999999998,0.0
bipolarization,homogeneous,6,0,6,0.5,0.4,0.5,0.3,4477927936947039200.0,15,0.12060927204977667,0.0000000001126412,0.00000000007161365,1,4,0.09999999999999998,0.0
bipolarization,homogeneous,6,0,6,0.5,0.4,0.5,0.3,3407647030800275500.0,15,0.13539507024490957,0.00000000105515056,0.00000000060756019,1,4,0.09999999999999998,0.0
bipolarization,homogeneous,6,0,6,0.5,0.4,0.5,0.3,4910962305337055200.0,15,0.1359840113478676,0.00000000060165885,0.00000000061082083,1,4,0.09999999999999998,0.0
bipolarization,homogeneous,6,0,6,0.5,0.4,0.5,0.3,7043372089166577700.0,15,0.11104061215817485,0.00000000292854904,0.00000000227700771,1,4,0.09999999999999998,0.0
bipolarization,homogeneous,6,0,6,0.5,0.4,0.5,0.3,6872698498072871900.0,15,0.10474024980933365,0.00000000305560636,0.00000000206801537,1,4,0.09999999999999998,0.0
bipolarization,homogeneous,6,0,6,0.5,0.4,0.5,0.3,22746047218290688.0,15,0.1479982577329535,0.00000000006352186,0.00000000003780809,1,4,0.09999999999999998,0.0
bipolarization,homogeneous,6,0,6,0.5,0.4,0.5,0.3,115109577693645824.0,15,0.1493655997025439,0.00000000016961498,0.0000000000979908,1,4,0.09999999999999998,0.0
bipolarization,homogeneous,6,0,6,0.5,0.4,0.5,0.3,4200730711560847400.0,15,0.10444949824885212,0.00000002913488986,0.00000002462315825,1,4,0.09999999999999998,0.0
bipolarization,homogeneous,6,0,6,0.5,0.4,0.5,0.3,2595646474777646100.0,15,0.10664490825656771,0.00000000193562469,0.00000000117582978,1,4,0.09999999999999998,0.0
bipolarization,homogeneous,6,0,6,0.5,0.4,0.5,0.3,1285926408638267390.0,15,0.10638391952564046,0.00000000074016391,0.00000000044418901,1,4,0.09999999999999998,0.0
bipolarization,homogeneous,54,0,4,0.1,0.3,0.6,0.2,8636175130330607600.0,15,0.03704034995420813,0.00001460648740861,0.0000097905886896,1,1,0.3,0.0
bipolarization,homogeneous,6,0,6,0.5,0.4,0.5,0.3,1831297316135118850.0,15,0.09983289402106237,0.00000000137290376,0.00000000096091519,1,4,0.09999999999999998,0.0
bipolarization,homogeneous,6,0,6,0.5,0.4,0.5,0.3,7924300342041792500.0,15,0.13948077407603002,0.00000000987527956,0.00000000856296836,1,4,0.09999999999999998,0.0
bipolarization,homogeneous,6,0,6,0.5,0.4,0.5,0.3,360045816003429380.0,15,0.11773446907622602,0.00000000605317849,0.0000000044403773,1,4,0.09999999999999998,0.0
bipolarization,homogeneous,54,0,4,0.1,0.3,0.6,0.2,7139002048363152400.0,15,0.03806933730827385,0.00001476704621229,0.00000719841825014,1,1,0.3,0.0
bipolarization,homogeneous,54,0,4,0.1,0.3,0.6,0.2,6905470370856337400.0,15,0.03722383662748897,0.00003076562978021,0.00001440556527665,1,1,0.3,0.0
bipolarization,homogeneous,6,0,6,0.5,0.4,0.5,0.3,2787618399357031400.0,15,0.142864736335276,0.00000000896597151,0.0000000067901199,1,4,0.09999999999999998,0.0
bipolarization,homogeneous,54,0,4,0.1,0.3,0.6,0.2,109591146466576384.0,15,0.03595394597102576,0.00002063447937922,0.00001279359030479,1,1,0.3,0.0
bipolarization,homogeneous,54,0,4,0.1,0.3,0.6,0.2,7240713591891685400.0,15,0.03817916256452537,0.00002193150748139,0.00001467374164869,1,1,0.3,0.0
bipolarization,homogeneous,54,0,4,0.1,0.3,0.6,0.2,4342572612484808700.0,15,0.03652713589113799,0.00002148517707476,0.00001254504212064,1,1,0.3,0.0
bipolarization,homogeneous,6,0,6,0.5,0.4,0.5,0.3,256029315321952256.0,15,0.10571629625555064,0.00000000269439143,0.00000000216328779,1,4,0.09999999999999998,0.0
bipolarization,homogeneous,54,0,4,0.1,0.3,0.6,0.2,7043372089166577700.0,15,0.03649207009560408,0.00001961193438726,0.00001313533951766,1,1,0.3,0.0
bipolarization,homogeneous,54,0,4,0.1,0.3,0.6,0.2,4692690466958798800.0,15,0.0366140632851405,0.00002623317067342,0.00001634689537252,1,1,0.3,0.0
bipolarization,homogeneous,54,0,4,0.1,0.3,0.6,0.2,7128893484183252000.0,15,0.03877567735798659,0.00002767444235844,0.00002186188097142,1,1,0.3,0.0
bipolarization,homogeneous,54,0,4,0.1,0.3,0.6,0.2,8803618445054126100.0,15,0.03489331800895849,0.00002275178471874,0.00001294814684641,1,1,0.3,0.0
bipolarization,homogeneous,54,0,4,0.1,0.3,0.6,0.2,5702577027890589700.0,15,0.03762783609577947,0.00001747669840632,0.00001050753435421,1,1,0.3,0.0
bipolarization,homogeneous,54,0,4,0.1,0.3,0.6,0.2,1841142524168585220.0,15,0.0392718051931341,0.00003423048561344,0.00001961116619658,1,1,0.3,0.0
bipolarization,homogeneous,54,0,4,0.1,0.3,0.6,0.2,4286360386944651300.0,15,0.03819494940620478,0.00002108408885268,0.0000227920369715,1,1,0.3,0.0
bipolarization,homogeneous,54,0,4,0.1,0.3,0.6,0.2,6872698498072871900.0,15,0.03396751612984088,0.0000203101561848,0.0000109767573622,1,1,0.3,0.0
bipolarization,homogeneous,54,0,4,0.1,0.3,0.6,0.2,4477927936947039200.0,15,0.03671870774658059,0.00002548267955103,0.00002143267153114,1,1,0.3,0.0
bipolarization,homogeneous,54,0,4,0.1,0.3,0.6,0.2,4490502852978390000.0,15,0.03976393093698696,0.00001875688578865,0.00001324202299411,1,1,0.3,0.0
bipolarization,homogeneous,54,0,4,0.1,0.3,0.6,0.2,4398895106259038200.0,15,0.03540723279036731,0.00001696698305343,0.00000819209725296,1,1,0.3,0.0
bipolarization,homogeneous,54,0,4,0.1,0.3,0.6,0.2,4200730711560847400.0,15,0.04228668018017927,0.00002028499560031,0.00000940126093708,1,1,0.3,0.0
bipolarization,homogeneous,54,0,4,0.1,0.3,0.6,0.2,997606725876738050.0,15,0.04199438855473196,0.00002506730558542,0.00001872516077392,1,1,0.3,0.0
bipolarization,homogeneous,54,0,4,0.1,0.3,0.6,0.2,1285926408638267390.0,15,0.03596524406691531,0.00002310253918643,0.00001291393852659,1,1,0.3,0.0
bipolarization,homogeneous,54,0,4,0.1,0.3,0.6,0.2,22746047218290688.0,15,0.03887805221072897,0.00001706687937066,0.0000081466634392,1,1,0.3,0.0
bipolarization,homogeneous,54,0,4,0.1,0.3,0.6,0.2,3407647030800275500.0,15,0.03580156317252442,0.00002028952208044,0.00000910743021035,1,1,0.3,0.0
bipolarization,homogeneous,54,0,4,0.1,0.3,0.6,0.2,7924300342041792500.0,15,0.0405467403592656,0.00001587569123276,0.00001307273784332,1,1,0.3,0.0
bipolarization,homogeneous,54,0,4,0.1,0.3,0.6,0.2,4910962305337055200.0,15,0.03921908290160411,0.00001697013208144,0.00000955359753022,1,1,0.3,0.0
bipolarization,homogeneous,54,0,4,0.1,0.3,0.6,0.2,2595646474777646100.0,15,0.03612081031078131,0.00001502847667168,0.00001311586762077,1,1,0.3,0.0
bipolarization,homogeneous,54,0,4,0.1,0.3,0.6,0.2,2787618399357031400.0,15,0.03858754593257523,0.00002168662034128,0.000013828687809,1,1,0.3,0.0
bipolarization,homogeneous,54,0,4,0.1,0.3,0.6,0.2,1831297316135118850.0,15,0.03835447167287961,0.00002148710677201,0.00002478283934204,1,1,0.3,0.0
bipolarization,homogeneous,54,0,4,0.1,0.3,0.6,0.2,360045816003429380.0,15,0.03468338647896417,0.00001937815532665,0.00001209736270852,1,1,0.3,0.0
bipolarization,heterogeneous,37,3,3,0.1,0.5,0.5,0.3,7240713591891685400.0,15,0.07184893933570669,0.00189494682571863,0.00174544867455707,2,3,0.0,0.0
bipolarization,homogeneous,54,0,4,0.1,0.3,0.6,0.2,115109577693645824.0,15,0.04341981217815485,0.00002307203812615,0.00001378461954696,1,1,0.3,0.0
bipolarization,heterogeneous,37,3,3,0.1,0.5,0.5,0.3,4692690466958798800.0,15,0.06734615268630546,0.00210385253885205,0.00200406492204659,2,3,0.0,0.0
bipolarization,heterogeneous,37,3,3,0.1,0.5,0.5,0.3,8803618445054126100.0,15,0.07793531142929155,0.00161010839948679,0.00161037668151013,2,3,0.0,0.0
bipolarization,heterogeneous,37,3,3,0.1,0.5,0.5,0.3,7139002048363152400.0,15,0.07185506348750821,0.00222589270372173,0.00231570520480726,2,3,0.0,0.0
bipolarization,homogeneous,54,0,4,0.1,0.3,0.6,0.2,256029315321952256.0,15,0.03690643062930349,0.00002276817931109,0.00001209568001352,1,1,0.3,0.0
bipolarization,heterogeneous,37,3,3,0.1,0.5,0.5,0.3,5702577027890589700.0,15,0.06696576265055067,0.00202839500454199,0.00146978354491053,2,3,0.0,0.0
bipolarization,heterogeneous,37,3,3,0.1,0.5,0.5,0.3,109591146466576384.0,15,0.06929672729916747,0.00241128049331208,0.00243141589896662,2,3,0.0,0.0
bipolarization,heterogeneous,37,3,3,0.1,0.5,0.5,0.3,6905470370856337400.0,15,0.06545978275991683,0.00208467862202462,0.00183702211089712,2,3,0.0,0.0
bipolarization,heterogeneous,37,3,3,0.1,0.5,0.5,0.3,8636175130330607600.0,15,0.07156008543333812,0.0018850694476582,0.00164739506620156,2,3,0.0,0.0
bipolarization,heterogeneous,37,3,3,0.1,0.5,0.5,0.3,2595646474777646100.0,15,0.07269690520176099,0.00233465582252026,0.0017749683614281,2,3,0.0,0.0
bipolarization,heterogeneous,37,3,3,0.1,0.5,0.5,0.3,4398895106259038200.0,15,0.07396637261752008,0.00163136858912597,0.00158278278936464,2,3,0.0,0.0
bipolarization,heterogeneous,37,3,3,0.1,0.5,0.5,0.3,1841142524168585220.0,15,0.07795580846994062,0.0017338332869601,0.00159601094105321,2,3,0.0,0.0
bipolarization,heterogeneous,37,3,3,0.1,0.5,0.5,0.3,7043372089166577700.0,15,0.0734547235410613,0.00191650494803609,0.00183573079766721,2,3,0.0,0.0
bipolarization,heterogeneous,37,3,3,0.1,0.5,0.5,0.3,6872698498072871900.0,15,0.07741504348683355,0.00163873741632113,0.00127299754010931,2,3,0.0,0.0
bipolarization,heterogeneous,37,3,3,0.1,0.5,0.5,0.3,4490502852978390000.0,15,0.07826474006999956,0.0014974029057693,0.00135202823498952,2,3,0.0,0.0
bipolarization,heterogeneous,37,3,3,0.1,0.5,0.5,0.3,4477927936947039200.0,15,0.07855867947047473,0.00159312864616577,0.00153772747659475,2,3,0.0,0.0
bipolarization,heterogeneous,37,3,3,0.1,0.5,0.5,0.3,4342572612484808700.0,15,0.06668917016699522,0.00234171451739271,0.00219292730991552,2,3,0.0,0.0
bipolarization,heterogeneous,37,3,3,0.1,0.5,0.5,0.3,7128893484183252000.0,15,0.07002611648071727,0.00221713700207232,0.00180265098585347,2,3,0.0,0.0
bipolarization,heterogeneous,37,3,3,0.1,0.5,0.5,0.3,4286360386944651300.0,15,0.06648965081965387,0.00236806215740732,0.00198987841517356,2,3,0.0,0.0
bipolarization,heterogeneous,37,3,3,0.1,0.5,0.5,0.3,3407647030800275500.0,15,0.07725379702687975,0.00172667054504406,0.00180624895773082,2,3,0.0,0.0
bipolarization,heterogeneous,37,3,3,0.1,0.5,0.5,0.3,4910962305337055200.0,15,0.06587393584587285,0.00222387433697987,0.00172043986267411,2,3,0.0,0.0
bipolarization,heterogeneous,37,3,3,0.1,0.5,0.5,0.3,7924300342041792500.0,15,0.07214722175282702,0.00181529323901155,0.00140085644023015,2,3,0.0,0.0
bipolarization,heterogeneous,37,3,3,0.1,0.5,0.5,0.3,1831297316135118850.0,15,0.06550955468872148,0.0021157980905473,0.00164610766171613,2,3,0.0,0.0
bipolarization,heterogeneous,37,3,3,0.1,0.5,0.5,0.3,22746047218290688.0,15,0.0694330161967558,0.00198589930452175,0.00167240010676867,2,3,0.0,0.0
bipolarization,heterogeneous,37,3,3,0.1,0.5,0.5,0.3,997606725876738050.0,15,0.07456944941352174,0.00226518166271722,0.00173462966011543,2,3,0.0,0.0
bipolarization,heterogeneous,37,3,3,0.1,0.5,0.5,0.3,1285926408638267390.0,15,0.08302445086442843,0.0018883403295252,0.00129873144712818,2,3,0.0,0.0
bipolarization,heterogeneous,37,3,3,0.1,0.5,0.5,0.3,115109577693645824.0,15,0.06910027257467084,0.00201855774207894,0.00175136867137512,2,3,0.0,0.0
bipolarization,heterogeneous,37,3,3,0.1,0.5,0.5,0.3,4200730711560847400.0,15,0.07207475424136882,0.0019853098771948,0.00167664511370788,2,3,0.0,0.0
bipolarization,heterogeneous,37,3,3,0.1,0.5,0.5,0.3,360045816003429380.0,15,0.06434422990149163,0.00250265001380589,0.00191793189888896,2,3,0.0,0.0
bipolarization,heterogeneous,37,3,3,0.1,0.5,0.5,0.3,2787618399357031400.0,15,0.06666401636005863,0.00213171177901248,0.00191359933596094,2,3,0.0,0.0
bipolarization,heterogeneous,37,3,3,0.1,0.5,0.5,0.3,256029315321952256.0,15,0.0755592448528417,0.0015921471429899,0.00132856942376472,2,3,0.0,0.0
bipolarization,heterogeneous,25,2,2,0.3,0.5,0.4,0.1,7139002048363152400.0,15,0.21994318115821054,0.00002836726056543,0.0000219139148691,1,3,-0.09999999999999998,0.0
bipolarization,heterogeneous,25,2,2,0.3,0.5,0.4,0.1,4692690466958798800.0,15,0.21432669128332324,0.00011193562264857,0.00013824384760963,2,3,-0.09999999999999998,0.0
bipolarization,heterogeneous,25,2,2,0.3,0.5,0.4,0.1,6905470370856337400.0,15,0.2139416403182131,0.000122360131088,0.00015710979990637,2,3,-0.09999999999999998,0.0
bipolarization,heterogeneous,25,2,2,0.3,0.5,0.4,0.1,5702577027890589700.0,15,0.21538079354580147,0.00012559861137419,0.00012544752881428,2,3,-0.09999999999999998,0.0
bipolarization,heterogeneous,25,2,2,0.3,0.5,0.4,0.1,1841142524168585220.0,15,0.2135329403575752,0.00009109807702118,0.00008677912321647,2,3,-0.09999999999999998,0.0
bipolarization,heterogeneous,25,2,2,0.3,0.5,0.4,0.1,7240713591891685400.0,15,0.21952020998627053,0.0001261596701882,0.00006053339330269,2,3,-0.09999999999999998,0.0
bipolarization,heterogeneous,25,2,2,0.3,0.5,0.4,0.1,4342572612484808700.0,15,0.21386526108946535,0.00016232794322512,0.00017850340589245,2,3,-0.09999999999999998,0.0
bipolarization,heterogeneous,25,2,2,0.3,0.5,0.4,0.1,109591146466576384.0,15,0.2221289878648464,0.00003473641555017,0.00003144419291562,1,3,-0.09999999999999998,0.0
bipolarization,heterogeneous,25,2,2,0.3,0.5,0.4,0.1,6872698498072871900.0,15,0.22594665456083105,0.00002247420577647,0.00001193809933397,1,3,-0.09999999999999998,0.0
bipolarization,heterogeneous,25,2,2,0.3,0.5,0.4,0.1,7128893484183252000.0,15,0.21164519500430268,0.00039557824834095,0.00034606364046815,2,3,-0.09999999999999998,0.0
bipolarization,heterogeneous,25,2,2,0.3,0.5,0.4,0.1,8636175130330607600.0,15,0.21824073791226242,0.00006530153110394,0.00004553320483004,1,3,-0.09999999999999998,0.0
bipolarization,heterogeneous,25,2,2,0.3,0.5,0.4,0.1,8803618445054126100.0,15,0.2214106409511648,0.00004413841928259,0.00002741168314603,1,3,-0.09999999999999998,0.0
bipolarization,heterogeneous,25,2,2,0.3,0.5,0.4,0.1,4490502852978390000.0,15,0.20307183823241776,0.0004698776700581,0.00027945763362105,2,3,-0.09999999999999998,0.0
bipolarization,heterogeneous,25,2,2,0.3,0.5,0.4,0.1,4477927936947039200.0,15,0.20966134010690549,0.00019250894050466,0.0001584012382479,2,3,-0.09999999999999998,0.0
bipolarization,heterogeneous,25,2,2,0.3,0.5,0.4,0.1,4286360386944651300.0,15,0.21352461472222595,0.00009687142306939,0.00008374162166621,2,3,-0.09999999999999998,0.0
bipolarization,heterogeneous,25,2,2,0.3,0.5,0.4,0.1,4398895106259038200.0,15,0.2314699243539978,0.00002039457005276,0.00001993754637962,1,3,-0.09999999999999998,0.0
bipolarization,heterogeneous,25,2,2,0.3,0.5,0.4,0.1,7043372089166577700.0,15,0.21703213882500472,0.00006547829683385,0.0000616545115799,2,3,-0.09999999999999998,0.0
bipolarization,heterogeneous,25,2,2,0.3,0.5,0.4,0.1,3407647030800275500.0,15,0.2211362802698939,0.00003608935655441,0.00002671635564949,1,3,-0.09999999999999998,0.0
bipolarization,heterogeneous,25,2,2,0.3,0.5,0.4,0.1,22746047218290688.0,15,0.21214792482686404,0.00021230854473382,0.00024464245165831,2,3,-0.09999999999999998,0.0
bipolarization,heterogeneous,25,2,2,0.3,0.5,0.4,0.1,4910962305337055200.0,15,0.2167519929099445,0.00008078851587602,0.00006969327645761,2,3,-0.09999999999999998,0.0
bipolarization,heterogeneous,25,2,2,0.3,0.5,0.4,0.1,115109577693645824.0,15,0.2150804394776319,0.00009261892896559,0.00009670948315186,2,3,-0.09999999999999998,0.0
bipolarization,heterogeneous,25,2,2,0.3,0.5,0.4,0.1,997606725876738050.0,15,0.21614815677478022,0.00023020925617064,0.00012891917832479,1,3,-0.09999999999999998,0.0
bipolarization,heterogeneous,25,2,2,0.3,0.5,0.4,0.1,7924300342041792500.0,15,0.22060919085042924,0.00010683805835343,0.00006318039972916,2,3,-0.09999999999999998,0.0
bipolarization,heterogeneous,25,2,2,0.3,0.5,0.4,0.1,2595646474777646100.0,15,0.22085036478119746,0.00004497102439576,0.00002191100237612,1,3,-0.09999999999999998,0.0
bipolarization,heterogeneous,25,2,2,0.3,0.5,0.4,0.1,2787618399357031400.0,15,0.20766369465928847,0.00028382303058347,0.0002714747818488,2,3,-0.09999999999999998,0.0
bipolarization,heterogeneous,25,2,2,0.3,0.5,0.4,0.1,256029315321952256.0,15,0.21092132879973793,0.0002158610141548,0.00025286430345108,2,3,-0.09999999999999998,0.0
bipolarization,heterogeneous,25,2,2,0.3,0.5,0.4,0.1,1285926408638267390.0,15,0.21626318224859942,0.00004817976444615,0.00005578163547267,1,3,-0.09999999999999998,0.0
bipolarization,heterogeneous,25,2,2,0.3,0.5,0.4,0.1,4200730711560847400.0,15,0.21126444275309322,0.00025962748864627,0.0002627122054552,1,3,-0.09999999999999998,0.0
bipolarization,heterogeneous,25,2,2,0.3,0.5,0.4,0.1,1831297316135118850.0,15,0.2143893296875643,0.00020131391172114,0.00013221916342536,2,3,-0.09999999999999998,0.0
bipolarization,heterogeneous,25,2,2,0.5,0.3,0.7,0.3,5702577027890589700.0,15,0.22015275206979798,0.00000000953613113,0.0000000099902051,1,3,0.39999999999999997,0.0
bipolarization,heterogeneous,25,2,2,0.3,0.5,0.4,0.1,360045816003429380.0,15,0.2160781824408055,0.00011428532006152,0.00008940793132003,1,3,-0.09999999999999998,0.0
bipolarization,heterogeneous,25,2,2,0.5,0.3,0.7,0.3,7139002048363152400.0,15,0.2201962528822582,0.00000000000028501,0.00000000000014323,1,3,0.39999999999999997,0.0
bipolarization,heterogeneous,25,2,2,0.5,0.3,0.7,0.3,4910962305337055200.0,15,0.03037645206367928,0.04467368262273824,0.03967921035931048,2,3,0.39999999999999997,0.0
bipolarization,heterogeneous,25,2,2,0.5,0.3,0.7,0.3,4342572612484808700.0,15,0.02627490108757929,0.04879579040829265,0.04331934404182126,2,3,0.39999999999999997,0.0
bipolarization,heterogeneous,25,2,2,0.5,0.3,0.7,0.3,4692690466958798800.0,15,0.02810073962584496,0.04606631990644576,0.04082544821762014,2,3,0.39999999999999997,0.0
bipolarization,heterogeneous,25,2,2,0.5,0.3,0.7,0.3,1841142524168585220.0,15,0.22017454558281274,0.00000000054777293,0.00000000030958162,1,3,0.39999999999999997,0.0
bipolarization,heterogeneous,25,2,2,0.5,0.3,0.7,0.3,6905470370856337400.0,15,0.22002623143796424,0.00000007873005163,0.0000000966310547,1,3,0.39999999999999997,0.0
bipolarization,heterogeneous,25,2,2,0.5,0.3,0.7,0.3,8636175130330607600.0,15,0.2201762141475007,0.00000000098765712,0.00000000057211205,1,3,0.39999999999999997,0.0
bipolarization,heterogeneous,25,2,2,0.5,0.3,0.7,0.3,2595646474777646100.0,15,0.02693903440438465,0.04607389236649172,0.04059466849486638,2,3,0.39999999999999997,0.0
bipolarization,heterogeneous,25,2,2,0.5,0.3,0.7,0.3,4398895106259038200.0,15,0.02700306167722792,0.04600131277502769,0.04086614435447217,2,3,0.39999999999999997,0.0
bipolarization,heterogeneous,25,2,2,0.5,0.3,0.7,0.3,8803618445054126100.0,15,0.2201927211947936,0.00000000056025776,0.00000000038191596,1,3,0.39999999999999997,0.0
bipolarization,heterogeneous,25,2,2,0.5,0.3,0.7,0.3,7043372089166577700.0,15,0.22018932365521676,0.00000000018663447,0.00000000010340566,1,3,0.39999999999999997,0.0
bipolarization,heterogeneous,25,2,2,0.5,0.3,0.7,0.3,4477927936947039200.0,15,0.02620387538947089,0.03998895565988121,0.03528379110318355,2,3,0.39999999999999997,0.0
bipolarization,heterogeneous,25,2,2,0.5,0.3,0.7,0.3,7240713591891685400.0,15,0.2202111718783299,0.00000001423228877,0.00000001025829672,1,3,0.39999999999999997,0.0
bipolarization,heterogeneous,25,2,2,0.5,0.3,0.7,0.3,6872698498072871900.0,15,0.02816863920873351,0.04963689771790655,0.04390152951942931,2,3,0.39999999999999997,0.0
bipolarization,heterogeneous,25,2,2,0.5,0.3,0.7,0.3,3407647030800275500.0,15,0.22008529856440676,0.000000053311186,0.00000005175883686,1,3,0.39999999999999997,0.0
bipolarization,heterogeneous,25,2,2,0.5,0.3,0.7,0.3,997606725876738050.0,15,0.1947288427648306,0.00111669445425534,0.00071234501237456,2,3,0.39999999999999997,0.0
bipolarization,heterogeneous,25,2,2,0.5,0.3,0.7,0.3,4490502852978390000.0,15,0.22005258201585148,0.00000003949986442,0.00000003249557347,1,3,0.39999999999999997,0.0
bipolarization,heterogeneous,25,2,2,0.5,0.3,0.7,0.3,109591146466576384.0,15,0.22017467310863437,0.00000000586489752,0.00000000344264464,1,3,0.39999999999999997,0.0
bipolarization,heterogeneous,25,2,2,0.5,0.3,0.7,0.3,7128893484183252000.0,15,0.2200737876782698,0.00000007584126235,0.00000006825061554,1,3,0.39999999999999997,0.0
bipolarization,heterogeneous,25,2,2,0.5,0.3,0.7,0.3,1285926408638267390.0,15,0.22018390964947993,0.00000000024307847,0.00000000017730578,1,3,0.39999999999999997,0.0
bipolarization,heterogeneous,25,2,2,0.5,0.3,0.7,0.3,115109577693645824.0,15,0.22020659209424237,0.00000000032700555,0.00000000032824715,1,3,0.39999999999999997,0.0
bipolarization,heterogeneous,25,2,2,0.5,0.3,0.7,0.3,4286360386944651300.0,15,0.2201310496808923,0.00000000526099519,0.00000000266010974,1,3,0.39999999999999997,0.0
bipolarization,heterogeneous,25,2,2,0.5,0.3,0.7,0.3,2787618399357031400.0,15,0.21710659584068936,0.0000117189023348,0.00000802930589346,1,3,0.39999999999999997,0.0
bipolarization,heterogeneous,25,2,2,0.5,0.3,0.7,0.3,7924300342041792500.0,15,0.22021027183551622,0.00000000716326982,0.00000000465714165,1,3,0.39999999999999997,0.0
bipolarization,heterogeneous,25,2,2,0.5,0.3,0.7,0.3,4200730711560847400.0,15,0.03514585506301202,0.04694467726092705,0.04168673661591163,2,3,0.39999999999999997,0.0
bipolarization,heterogeneous,42,2,2,0.2,0.4,0.7,0.3,7240713591891685400.0,15,0.18514278757298144,0.00001400695063201,0.0000065826259444,1,4,0.29999999999999993,0.0
bipolarization,heterogeneous,25,2,2,0.5,0.3,0.7,0.3,1831297316135118850.0,15,0.22003523961626748,0.00000018744625867,0.00000009981587921,1,3,0.39999999999999997,0.0
bipolarization,heterogeneous,25,2,2,0.5,0.3,0.7,0.3,256029315321952256.0,15,0.2199938410776313,0.0000000851032742,0.0000000800020398,1,3,0.39999999999999997,0.0
bipolarization,heterogeneous,25,2,2,0.5,0.3,0.7,0.3,22746047218290688.0,15,0.22013827078541265,0.00000000947219736,0.00000001180004958,1,3,0.39999999999999997,0.0
bipolarization,heterogeneous,42,2,2,0.2,0.4,0.7,0.3,4692690466958798800.0,15,0.1775451347025692,0.0000200051343195,0.00002049810011741,1,4,0.29999999999999993,0.0
bipolarization,heterogeneous,42,2,2,0.2,0.4,0.7,0.3,7139002048363152400.0,15,0.168971139541141,0.000026033280474,0.00001433671464817,1,4,0.29999999999999993,0.0
bipolarization,heterogeneous,42,2,2,0.2,0.4,0.7,0.3,5702577027890589700.0,15,0.1792200835293558,0.00004137004845778,0.00002186031302696,1,4,0.29999999999999993,0.0
bipolarization,heterogeneous,25,2,2,0.5,0.3,0.7,0.3,360045816003429380.0,15,0.02577119270339411,0.0439327204604886,0.03889241951605258,2,3,0.39999999999999997,0.0
bipolarization,heterogeneous,42,2,2,0.2,0.4,0.7,0.3,6905470370856337400.0,15,0.18340066577631872,0.00002514396487792,0.00001382349057223,1,4,0.29999999999999993,0.0
bipolarization,heterogeneous,42,2,2,0.2,0.4,0.7,0.3,7043372089166577700.0,15,0.16635039923040848,0.00001975077323877,0.00001000077624493,1,4,0.29999999999999993,0.0
bipolarization,heterogeneous,42,2,2,0.2,0.4,0.7,0.3,4286360386944651300.0,15,0.18203191115513956,0.00009158141006118,0.000045507259839,1,4,0.29999999999999993,0.0
bipolarization,heterogeneous,42,2,2,0.2,0.4,0.7,0.3,4490502852978390000.0,15,0.17904630456994447,0.00003757115977002,0.00002050279939078,1,4,0.29999999999999993,0.0
bipolarization,heterogeneous,42,2,2,0.2,0.4,0.7,0.3,4398895106259038200.0,15,0.19076037367625512,0.00003326122046294,0.00001985258508784,1,4,0.29999999999999993,0.0
bipolarization,heterogeneous,42,2,2,0.2,0.4,0.7,0.3,3407647030800275500.0,15,0.1759457389121189,0.00002939993380165,0.00001799148987037,1,4,0.29999999999999993,0.0
bipolarization,heterogeneous,42,2,2,0.2,0.4,0.7,0.3,8636175130330607600.0,15,0.1842149430639169,0.00005591948918685,0.00004624530069883,1,4,0.29999999999999993,0.0
bipolarization,heterogeneous,42,2,2,0.2,0.4,0.7,0.3,4477927936947039200.0,15,0.19001563758416884,0.00002655808662097,0.00001826046317156,1,4,0.29999999999999993,0.0
bipolarization,heterogeneous,42,2,2,0.2,0.4,0.7,0.3,4910962305337055200.0,15,0.1645761215785645,0.00005589775726501,0.00003724536857359,1,4,0.29999999999999993,0.0
bipolarization,heterogeneous,42,2,2,0.2,0.4,0.7,0.3,7924300342041792500.0,15,0.18009729555474852,0.00009161334998576,0.00005676137532503,1,4,0.29999999999999993,0.0
bipolarization,heterogeneous,42,2,2,0.2,0.4,0.7,0.3,109591146466576384.0,15,0.17598017408585925,0.00002080579301773,0.00001636685070504,1,4,0.29999999999999993,0.0
bipolarization,heterogeneous,42,2,2,0.2,0.4,0.7,0.3,8803618445054126100.0,15,0.18527525212985294,0.00001350473890162,0.00000956803963716,1,4,0.29999999999999993,0.0
bipolarization,heterogeneous,42,2,2,0.2,0.4,0.7,0.3,1841142524168585220.0,15,0.18939796238727913,0.00000934365784519,0.00000624076530292,1,4,0.29999999999999993,0.0
bipolarization,heterogeneous,42,2,2,0.2,0.4,0.7,0.3,4342572612484808700.0,15,0.18571613768982043,0.00001970394590615,0.00001094407334839,1,4,0.29999999999999993,0.0
bipolarization,heterogeneous,42,2,2,0.2,0.4,0.7,0.3,997606725876738050.0,15,0.16756119918904108,0.00023765567623804,0.00017599715200072,1,4,0.29999999999999993,0.0
bipolarization,heterogeneous,42,2,2,0.2,0.4,0.7,0.3,115109577693645824.0,15,0.15577846317632246,0.00007214724004077,0.00005735239717712,2,4,0.29999999999999993,0.0
bipolarization,heterogeneous,42,2,2,0.2,0.4,0.7,0.3,6872698498072871900.0,15,0.18825294953244032,0.00001116880069518,0.00001060545318232,1,4,0.29999999999999993,0.0
bipolarization,heterogeneous,42,2,2,0.2,0.4,0.7,0.3,4200730711560847400.0,15,0.16262569465374088,0.0001105342126342,0.00007220476825478,1,4,0.29999999999999993,0.0
bipolarization,heterogeneous,42,2,2,0.2,0.4,0.7,0.3,2595646474777646100.0,15,0.18269763642439424,0.00000584434332186,0.00000281889046736,1,4,0.29999999999999993,0.0
bipolarization,heterogeneous,10,2,2,0.5,0.4,0.4,0.2,7139002048363152400.0,15,0.10879693014754202,0.0000000000012152,0.00000000000077057,1,3,0.0,0.0
bipolarization,heterogeneous,42,2,2,0.2,0.4,0.7,0.3,2787618399357031400.0,15,0.18786527404883394,0.00001601505568954,0.00001065090433876,1,4,0.29999999999999993,0.0
bipolarization,heterogeneous,42,2,2,0.2,0.4,0.7,0.3,7128893484183252000.0,15,0.1719143752102496,0.00002730059449871,0.00001424221036243,1,4,0.29999999999999993,0.0
bipolarization,heterogeneous,42,2,2,0.2,0.4,0.7,0.3,22746047218290688.0,15,0.17886945776131766,0.0000718319092067,0.00004279617592387,1,4,0.29999999999999993,0.0
bipolarization,heterogeneous,42,2,2,0.2,0.4,0.7,0.3,1285926408638267390.0,15,0.1860832604262477,0.00004136831864808,0.00002712782078693,1,4,0.29999999999999993,0.0
bipolarization,heterogeneous,42,2,2,0.2,0.4,0.7,0.3,360045816003429380.0,15,0.19461512276142676,0.00000846425351228,0.00000383348569377,1,4,0.29999999999999993,0.0
bipolarization,heterogeneous,42,2,2,0.2,0.4,0.7,0.3,1831297316135118850.0,15,0.18346557774670963,0.00001508600312591,0.00001882902290852,1,4,0.29999999999999993,0.0
bipolarization,heterogeneous,10,2,2,0.5,0.4,0.4,0.2,7240713591891685400.0,15,0.10934414431081954,0.00000000000002793,0.0000000000000167,1,3,0.0,0.0
bipolarization,heterogeneous,42,2,2,0.2,0.4,0.7,0.3,256029315321952256.0,15,0.18450795058064862,0.00003944700015194,0.00001827082024784,1,4,0.29999999999999993,0.0
bipolarization,heterogeneous,10,2,2,0.5,0.4,0.4,0.2,6905470370856337400.0,15,0.10879587318642611,0.00000000000036459,0.000000000000326,1,3,0.0,0.0
bipolarization,heterogeneous,10,2,2,0.5,0.4,0.4,0.2,8636175130330607600.0,15,0.11715991522025981,0.00000000000093046,0.00000000000050734,1,3,0.0,0.0
bipolarization,heterogeneous,10,2,2,0.5,0.4,0.4,0.2,4692690466958798800.0,15,0.10879624103351199,0.00000000000005473,0.00000000000003111,1,3,0.0,0.0
bipolarization,heterogeneous,10,2,2,0.5,0.4,0.4,0.2,4398895106259038200.0,15,0.144165826111189,0.00000000000176992,0.00000000000114782,1,3,0.0,0.0
bipolarization,heterogeneous,10,2,2,0.5,0.4,0.4,0.2,4477927936947039200.0,15,0.10879786340956357,0.00000000000248398,0.00000000000178176,1,3,0.0,0.0
bipolarization,heterogeneous,10,2,2,0.5,0.4,0.4,0.2,5702577027890589700.0,15,0.1087967494084432,0.00000000000499655,0.00000000000281008,1,3,0.0,0.0
bipolarization,heterogeneous,10,2,2,0.5,0.4,0.4,0.2,1841142524168585220.0,15,0.11112863087543748,0.00000000000069236,0.00000000000033987,1,3,0.0,0.0
bipolarization,heterogeneous,10,2,2,0.5,0.4,0.4,0.2,109591146466576384.0,15,0.12446749774325236,0.00000000000005747,0.0000000000000285,1,3,0.0,0.0
bipolarization,heterogeneous,10,2,2,0.5,0.4,0.4,0.2,3407647030800275500.0,15,0.10895169804307114,0.00000000000086746,0.00000000000041538,1,3,0.0,0.0
bipolarization,heterogeneous,10,2,2,0.5,0.4,0.4,0.2,8803618445054126100.0,15,0.12241206289682957,0.00000000000008903,0.00000000000006767,1,3,0.0,0.0
bipolarization,heterogeneous,10,2,2,0.5,0.4,0.4,0.2,4286360386944651300.0,15,0.10879555824040277,0.00000000000061421,0.00000000000033229,1,3,0.0,0.0
bipolarization,heterogeneous,10,2,2,0.5,0.4,0.4,0.2,4910962305337055200.0,15,0.1087960767314751,0.00000000000006986,0.0000000000000429,1,3,0.0,0.0
bipolarization,heterogeneous,10,2,2,0.5,0.4,0.4,0.2,4342572612484808700.0,15,0.1087964856533628,0.00000000000007595,0.00000000000005214,1,3,0.0,0.0
bipolarization,heterogeneous,10,2,2,0.5,0.4,0.4,0.2,997606725876738050.0,15,0.10879610590981678,0.00000000000171666,0.00000000000085371,1,3,0.0,0.0
bipolarization,heterogeneous,10,2,2,0.5,0.4,0.4,0.2,7043372089166577700.0,15,0.10879600644370344,0.00000000000044917,0.00000000000038889,1,3,0.0,0.0
bipolarization,heterogeneous,10,2,2,0.5,0.4,0.4,0.2,6872698498072871900.0,15,0.12381837965114295,0.00000000000002008,0.00000000000001027,1,3,0.0,0.0
bipolarization,heterogeneous,10,2,2,0.5,0.4,0.4,0.2,4490502852978390000.0,15,0.12168128299580785,0.00000000000041614,0.00000000000026509,1,3,0.0,0.0
bipolarization,heterogeneous,10,2,2,0.5,0.4,0.4,0.2,7924300342041792500.0,15,0.10879421819387344,0.00000000001250755,0.00000000000667498,1,3,0.0,0.0
bipolarization,heterogeneous,10,2,2,0.5,0.4,0.4,0.2,2595646474777646100.0,15,0.10902599710701655,0.00000000000006339,0.00000000000003132,1,3,0.0,0.0
bipolarization,heterogeneous,10,2,2,0.5,0.4,0.4,0.2,7128893484183252000.0,15,0.10879624952320716,0.00000000000010245,0.0000000000000698,1,3,0.0,0.0
bipolarization,heterogeneous,10,2,2,0.5,0.4,0.4,0.2,22746047218290688.0,15,0.10879640539699023,0.00000000000190994,0.00000000000128902,1,3,0.0,0.0
bipolarization,heterogeneous,10,2,2,0.5,0.4,0.4,0.2,115109577693645824.0,15,0.12341893961032244,0.00000000000140007,0.00000000000124444,1,3,0.0,0.0
bipolarization,heterogeneous,10,2,2,0.5,0.4,0.4,0.2,1285926408638267390.0,15,0.10879730866980514,0.00000000000103153,0.00000000000077925,1,3,0.0,0.0
bipolarization,heterogeneous,10,2,2,0.5,0.4,0.4,0.2,1831297316135118850.0,15,0.10879603372800556,0.00000000000061602,0.00000000000046378,1,3,0.0,0.0
bipolarization,heterogeneous,10,2,2,0.5,0.4,0.4,0.2,2787618399357031400.0,15,0.10879456599367499,0.00000000000325663,0.00000000000174205,1,3,0.0,0.0
bipolarization,heterogeneous,10,2,2,0.5,0.4,0.4,0.2,256029315321952256.0,15,0.10879599572918217,0.00000000000011528,0.00000000000005339,1,3,0.0,0.0
bipolarization,heterogeneous,10,2,2,0.5,0.4,0.4,0.2,360045816003429380.0,15,0.11094814115602764,0.00000000000035166,0.00000000000024146,1,3,0.0,0.0
bipolarization,homogeneous,50,0,6,0.1,0.4,0.6,0.1,7240713591891685400.0,15,0.08106081018844365,0.00025620525361637,0.00028137980463136,1,3,0.19999999999999996,0.0
bipolarization,homogeneous,50,0,6,0.1,0.4,0.6,0.1,8636175130330607600.0,15,0.0812446559401932,0.00029833468025508,0.00039111982623004,1,3,0.19999999999999996,0.0
bipolarization,heterogeneous,10,2,2,0.5,0.4,0.4,0.2,4200730711560847400.0,15,0.10879629951280867,0.00000000000054852,0.00000000000025063,1,3,0.0,0.0
bipolarization,homogeneous,50,0,6,0.1,0.4,0.6,0.1,7139002048363152400.0,15,0.08078225049427715,0.00027667538292782,0.00032815970030092,1,3,0.19999999999999996,0.0
bipolarization,homogeneous,50,0,6,0.1,0.4,0.6,0.1,4398895106259038200.0,15,0.08060109178266804,0.00023628891768478,0.00025208484465931,1,3,0.19999999999999996,0.0
bipolarization,homogeneous,50,0,6,0.1,0.4,0.6,0.1,8803618445054126100.0,15,0.07610848113261576,0.00023902901081802,0.00015857653492446,1,3,0.19999999999999996,0.0
bipolarization,homogeneous,50,0,6,0.1,0.4,0.6,0.1,4692690466958798800.0,15,0.08036535532332098,0.00027600725168,0.00029305967801169,1,3,0.19999999999999996,0.0
bipolarization,homogeneous,50,0,6,0.1,0.4,0.6,0.1,4342572612484808700.0,15,0.08303083178811285,0.00026184241574783,0.00032155293542635,1,3,0.19999999999999996,0.0
bipolarization,homogeneous,50,0,6,0.1,0.4,0.6,0.1,1841142524168585220.0,15,0.08218968038565307,0.00026051531169203,0.00031756045712102,1,3,0.19999999999999996,0.0
bipolarization,homogeneous,50,0,6,0.1,0.4,0.6,0.1,6905470370856337400.0,15,0.08069099127008567,0.00023763775133648,0.00026816068779648,1,3,0.19999999999999996,0.0
bipolarization,homogeneous,50,0,6,0.1,0.4,0.6,0.1,7043372089166577700.0,15,0.07946392455484602,0.00030566667302907,0.00035500001422222,1,3,0.19999999999999996,0.0
bipolarization,homogeneous,50,0,6,0.1,0.4,0.6,0.1,4477927936947039200.0,15,0.08073265368244971,0.00023881061650225,0.00026769563958319,1,3,0.19999999999999996,0.0
bipolarization,homogeneous,50,0,6,0.1,0.4,0.6,0.1,1285926408638267390.0,15,0.07437201166105499,0.00033077225752924,0.0001916316179902,1,3,0.19999999999999996,0.0
bipolarization,homogeneous,50,0,6,0.1,0.4,0.6,0.1,5702577027890589700.0,15,0.07778882391109394,0.00028698341690519,0.00025336116842805,1,3,0.19999999999999996,0.0
bipolarization,homogeneous,50,0,6,0.1,0.4,0.6,0.1,4490502852978390000.0,15,0.07802628960589676,0.0002915299012771,0.00021062274982269,1,3,0.19999999999999996,0.0
bipolarization,homogeneous,50,0,6,0.1,0.4,0.6,0.1,997606725876738050.0,15,0.08309735810846205,0.00025019695050444,0.00035261353353804,1,3,0.19999999999999996,0.0
bipolarization,homogeneous,50,0,6,0.1,0.4,0.6,0.1,109591146466576384.0,15,0.08261487244099962,0.00033912150098877,0.00039154298968818,2,3,0.19999999999999996,0.0
bipolarization,homogeneous,50,0,6,0.1,0.4,0.6,0.1,22746047218290688.0,15,0.08145143835991113,0.00025798801736057,0.00033470840556711,1,3,0.19999999999999996,0.0
bipolarization,homogeneous,50,0,6,0.1,0.4,0.6,0.1,6872698498072871900.0,15,0.0812068641605599,0.00022228078476409,0.00026269298578582,1,3,0.19999999999999996,0.0
bipolarization,homogeneous,50,0,6,0.1,0.4,0.6,0.1,4910962305337055200.0,15,0.08175093840307086,0.00023974049533559,0.00032073301587957,1,3,0.19999999999999996,0.0
bipolarization,homogeneous,50,0,6,0.1,0.4,0.6,0.1,2595646474777646100.0,15,0.07652851085557044,0.00031856202510197,0.00028710323970266,1,3,0.19999999999999996,0.0
bipolarization,homogeneous,50,0,6,0.1,0.4,0.6,0.1,7128893484183252000.0,15,0.08212041313019189,0.00025484054020385,0.00035110514165963,1,3,0.19999999999999996,0.0
bipolarization,homogeneous,50,0,6,0.1,0.4,0.6,0.1,7924300342041792500.0,15,0.07719723667317291,0.0002798516557264,0.00021402707609581,1,3,0.19999999999999996,0.0
bipolarization,homogeneous,50,0,6,0.1,0.4,0.6,0.1,4286360386944651300.0,15,0.08281900445029543,0.00037615810090067,0.00045784543168577,2,3,0.19999999999999996,0.0
bipolarization,homogeneous,50,0,6,0.1,0.4,0.6,0.1,3407647030800275500.0,15,0.08325264613541493,0.00029090383494033,0.00041032671674505,1,3,0.19999999999999996,0.0
bipolarization,homogeneous,50,0,6,0.1,0.4,0.6,0.1,115109577693645824.0,15,0.07964258635435324,0.00025015367968458,0.00026934533179754,1,3,0.19999999999999996,0.0
bipolarization,homogeneous,50,0,6,0.1,0.4,0.6,0.1,2787618399357031400.0,15,0.08026487561107942,0.0003096380135399,0.0003066936372564,2,3,0.19999999999999996,0.0
bipolarization,homogeneous,50,0,6,0.1,0.4,0.6,0.1,1831297316135118850.0,15,0.07788338622212818,0.00028787043655186,0.0002487679219099,1,3,0.19999999999999996,0.0
bipolarization,heterogeneous,37,3,3,0.5,0.2,0.8,0.2,7139002048363152400.0,15,0.07966621861336932,0.02085109694351374,0.02169436184354727,2,3,0.6000000000000001,0.0
bipolarization,homogeneous,50,0,6,0.1,0.4,0.6,0.1,256029315321952256.0,15,0.08135383497587038,0.00025010527440597,0.00032194923691223,1,3,0.19999999999999996,0.0
bipolarization,homogeneous,50,0,6,0.1,0.4,0.6,0.1,4200730711560847400.0,15,0.07813051655383661,0.00030678603859493,0.00025032411442704,1,3,0.19999999999999996,0.0
bipolarization,heterogeneous,37,3,3,0.5,0.2,0.8,0.2,4692690466958798800.0,15,0.1006939494025762,0.00062506363801804,0.00055112091762179,2,3,0.6000000000000001,0.0
bipolarization,heterogeneous,37,3,3,0.5,0.2,0.8,0.2,6905470370856337400.0,15,0.1217141869556625,0.0000617068867605,0.00008680070941544,1,3,0.6000000000000001,0.0
bipolarization,homogeneous,50,0,6,0.1,0.4,0.6,0.1,360045816003429380.0,15,0.0762222718142574,0.00031112097062642,0.00020665062898335,2,3,0.19999999999999996,0.0
bipolarization,heterogeneous,37,3,3,0.5,0.2,0.8,0.2,7240713591891685400.0,15,0.08374876299815061,0.01292344149834274,0.01920926581942852,2,3,0.6000000000000001,0.0
bipolarization,heterogeneous,37,3,3,0.5,0.2,0.8,0.2,8636175130330607600.0,15,0.08013235405311969,0.01242034232552033,0.01873508609365855,2,3,0.6000000000000001,0.0
bipolarization,heterogeneous,37,3,3,0.5,0.2,0.8,0.2,8803618445054126100.0,15,0.09116335024330484,0.01361931738723399,0.02104238005843838,2,3,0.6000000000000001,0.0
bipolarization,heterogeneous,37,3,3,0.5,0.2,0.8,0.2,4398895106259038200.0,15,0.08459659522188484,0.01302688491587716,0.01965750379059815,2,3,0.6000000000000001,0.0
bipolarization,heterogeneous,37,3,3,0.5,0.2,0.8,0.2,1841142524168585220.0,15,0.07612301061407738,0.00325048919682077,0.00469333785582742,2,3,0.6000000000000001,0.0
bipolarization,heterogeneous,37,3,3,0.5,0.2,0.8,0.2,5702577027890589700.0,15,0.10986831559849151,0.00041805885799655,0.00027144920685854,1,3,0.6000000000000001,0.0
bipolarization,heterogeneous,37,3,3,0.5,0.2,0.8,0.2,109591146466576384.0,15,0.06252239090250462,0.01035083075236055,0.01382979667762736,2,3,0.6000000000000001,0.0
bipolarization,heterogeneous,37,3,3,0.5,0.2,0.8,0.2,7043372089166577700.0,15,0.07201545714042586,0.01866490034458919,0.01933213324400598,2,3,0.6000000000000001,0.0
bipolarization,heterogeneous,37,3,3,0.5,0.2,0.8,0.2,4477927936947039200.0,15,0.06818641040106423,0.01748554469113836,0.01808269759443493,2,3,0.6000000000000001,0.0
bipolarization,heterogeneous,37,3,3,0.5,0.2,0.8,0.2,4342572612484808700.0,15,0.07438106112849739,0.00627808239964618,0.0099982741882794,2,3,0.6000000000000001,0.0
bipolarization,heterogeneous,37,3,3,0.5,0.2,0.8,0.2,4286360386944651300.0,15,0.08377770179985904,0.0014120900651256,0.00225033742608215,2,3,0.6000000000000001,0.0
bipolarization,heterogeneous,37,3,3,0.5,0.2,0.8,0.2,7128893484183252000.0,15,0.07641281048464232,0.01207102901809051,0.01804666032629565,2,3,0.6000000000000001,0.0
bipolarization,heterogeneous,37,3,3,0.5,0.2,0.8,0.2,4910962305337055200.0,15,0.08546249637589809,0.01290113557669127,0.01980172012213484,2,3,0.6000000000000001,0.0
bipolarization,heterogeneous,37,3,3,0.5,0.2,0.8,0.2,997606725876738050.0,15,0.1228974207532648,0.00006422350397753,0.00006402709622812,1,3,0.6000000000000001,0.0
bipolarization,heterogeneous,37,3,3,0.5,0.2,0.8,0.2,4490502852978390000.0,15,0.08523524636829453,0.01315842311466985,0.01940856106473474,2,3,0.6000000000000001,0.0
bipolarization,heterogeneous,37,3,3,0.5,0.2,0.8,0.2,1285926408638267390.0,15,0.087257256337047,0.01313387478440899,0.01982281867524009,2,3,0.6000000000000001,0.0
bipolarization,heterogeneous,37,3,3,0.5,0.2,0.8,0.2,6872698498072871900.0,15,0.08648679216180193,0.01321972265122054,0.0199125304726197,2,3,0.6000000000000001,0.0
bipolarization,heterogeneous,37,3,3,0.5,0.2,0.8,0.2,1831297316135118850.0,15,0.12623696350090172,0.00003508101788021,0.00004219946794913,1,3,0.6000000000000001,0.0
bipolarization,heterogeneous,37,3,3,0.5,0.2,0.8,0.2,3407647030800275500.0,15,0.07648936212474368,0.01204429525950735,0.01737131344624232,2,3,0.6000000000000001,0.0
bipolarization,heterogeneous,37,3,3,0.5,0.2,0.8,0.2,22746047218290688.0,15,0.07815564391789452,0.01221136084386488,0.01781181561610832,2,3,0.6000000000000001,0.0
bipolarization,heterogeneous,37,3,3,0.5,0.2,0.8,0.2,2595646474777646100.0,15,0.07944128086027842,0.006973347522531,0.01084186354292129,2,3,0.6000000000000001,0.0
bipolarization,heterogeneous,37,3,3,0.5,0.2,0.8,0.2,115109577693645824.0,15,0.10093672567997743,0.00033326535004753,0.00035541036538721,1,3,0.6000000000000001,0.0
bipolarization,heterogeneous,37,3,3,0.5,0.2,0.8,0.2,7924300342041792500.0,15,0.08099328471816057,0.02071642934545832,0.02249565648043594,2,3,0.6000000000000001,0.0
bipolarization,heterogeneous,37,3,3,0.5,0.2,0.8,0.2,2787618399357031400.0,15,0.09843016717041202,0.00045150389824912,0.00047513233085372,2,3,0.6000000000000001,0.0
bipolarization,heterogeneous,37,3,3,0.5,0.2,0.8,0.2,256029315321952256.0,15,0.08671009406120357,0.01321654991842337,0.02031687655785755,2,3,0.6000000000000001,0.0
bipolarization,heterogeneous,37,3,3,0.5,0.2,0.8,0.2,4200730711560847400.0,15,0.0685824599371614,0.01088271905330255,0.01480603637309171,2,3,0.6000000000000001,0.0
bipolarization,heterogeneous,37,3,3,0.5,0.2,0.8,0.2,360045816003429380.0,15,0.06387189173231944,0.0142552960210932,0.01533638635390405,2,3,0.6000000000000001,0.0
